StartDate,EndDate,Status,Progress,Duration (in seconds),Finished,RecordedDate,ResponseId,RecipientLastName,RecipientFirstName,RecipientEmail,ExternalReference,LocationLatitude,LocationLongitude,DistributionChannel,UserLanguage,screener1,screener2,screener2_7_TEXT,valuesTreatment,valuesOpenTreatment_3,timer_First Click,timer_Last Click,timer_Page Submit,timer_Click Count,ypTreatment1,timer_First Click,timer_Last Click,timer_Page Submit,timer_Click Count,timer_First Click,timer_Last Click,timer_Page Submit,timer_Click Count,ypTreatment2,timer_First Click,timer_Last Click,timer_Page Submit,timer_Click Count,timer_First Click,timer_Last Click,timer_Page Submit,timer_Click Count,ypTreatment3a,timer_First Click,timer_Last Click,timer_Page Submit,timer_Click Count,ypTreatment3b,timer_First Click,timer_Last Click,timer_Page Submit,timer_Click Count,timer_First Click,timer_Last Click,timer_Page Submit,timer_Click Count,ypTreatment4,timer_First Click,timer_Last Click,timer_Page Submit,timer_Click Count,manipCheckOpen_T,sayingTreatment,timer_First Click,timer_Last Click,timer_Page Submit,timer_Click Count,valuesControl,valuesOpenControl_1,timer_First Click,timer_Last Click,timer_Page Submit,timer_Click Count,ypControl1,timer_First Click,timer_Last Click,timer_Page Submit,timer_Click Count,timer_First Click,timer_Last Click,timer_Page Submit,timer_Click Count,ypControl2a,timer_First Click,timer_Last Click,timer_Page Submit,timer_Click Count,ypControl2b,timer_First Click,timer_Last Click,timer_Page Submit,timer_Click Count,ypControl3,timer_First Click,timer_Last Click,timer_Page Submit,timer_Click Count,timer_First Click,timer_Last Click,timer_Page Submit,timer_Click Count,ypControl4,timer_First Click,timer_Last Click,timer_Page Submit,timer_Click Count,manipCheckOpen_C,sayingControl,timer_First Click,timer_Last Click,timer_Page Submit,timer_Click Count,dayDetail_1,dayDetail_4,dayDetail_5,dayDetail_6,dayDetail_7,dayDetail_8,dayDetail_9,dayDetail_10,dayDetail_11,dayDetail_12,dayDetail_14,dayDetail_15,dayDetail_16,dayDetail_18,dayDetail_19,dayDetail_20,dayDetail_21,dayDetail_22,dayDetail_23,dayDetail_24,dayDetail_25,dayDetail_26,dayDetail_27,dayDetail_28,manipCheck2,manipCheck1,Q5_First Click,Q5_Last Click,Q5_Page Submit,Q5_Click Count,timer_First Click,timer_Last Click,timer_Page Submit,timer_Click Count,timer_First Click,timer_Last Click,timer_Page Submit,timer_Click Count,severe,treatment_1,treatmentDose_1_1,timer_First Click,timer_Last Click,timer_Page Submit,timer_Click Count,frustrating_1,initiative_1,honest_1,exaggerate_1,deserve_1,difficult_1,givingUp_1,lazy_1,motivated_1,healthImproves_1,intelligent_1,attributions_1,treatment_2,treatmentDose_2_1,notes_1,timer_First Click,timer_Last Click,timer_Page Submit,timer_Click Count,frustrating_2,initiative_2,honest_2,exaggerate_2,deserve_2,difficult_2,givingUp_2,lazy_2,motivated_2,healthImproves_2,intelligent_2,attributions_2,moveForwardOpen,notes_2,ladder_Patient,insurance_Patient,income_Patient,ed_Patient,manipCheckName,sdoh1,sdoh2,culturalCompetancy1,culturalCompetancy2,PFI1_1,PFI1_2,PFI1_3,PFI1_4,PFI1_5,PFI1_6,PFI2_1,PFI2_2,PFI2_3,PFI2_4,PFI3_1,PFI3_2,PFI3_3,PFI3_4,PFI3_5,PFI3_6,petition1,petition2,donation_1,donation_2,yearsWork_1,specialty,jobTitle,yearsWorkCurrent_1,workWhere,workInsurancePercent_1,edOwn,trainingDegree,trainingWhere,trainingWhere_US,trainingWhere_notUS,age,gender,gender_5_TEXT,race,race_6_TEXT,race_7_TEXT,ladder,politics,income,edFather,edMother,Condition,aid
Start Date,End Date,Response Type,Progress,Duration (in seconds),Finished,Recorded Date,Response ID,Recipient Last Name,Recipient First Name,Recipient Email,External Data Reference,Location Latitude,Location Longitude,Distribution Channel,User Language,Do you currently work in the healthcare / medical industry?,Which of the following best describes your current role? - Selected Choice,Which of the following best describes your current role? - Other (Please list) - Text,"You & Your Values
 

Please read carefully over this list of personal values and think about each of the values. Then, choose 2 or 3 values that are MOST important to you by clicking on them.","In a few sentences, describe why one of the values you chose is important to you. Focus on your thoughts and feelings, and don’t worry about spelling, grammar, or how well-written it is.",Timing - First Click,Timing - Last Click,Timing - Page Submit,Timing - Click Count,"Your Perspective 
 

In your experience, why is it critical to understand patients’ perspectives, their reasons for doing the things they do?",Timing - First Click,Timing - Last Click,Timing - Page Submit,Timing - Click Count,Timing - First Click,Timing - Last Click,Timing - Page Submit,Timing - Click Count,"Your Perspective
 

In your experience, what are some reasons why patients would be anxious or hesitate to ask questions?",Timing - First Click,Timing - Last Click,Timing - Page Submit,Timing - Click Count,Timing - First Click,Timing - Last Click,Timing - Page Submit,Timing - Click Count,"Your Perspective
 

How might understanding a patients’ perspectives have a positive influence on you and your recommendations?",Timing - First Click,Timing - Last Click,Timing - Page Submit,Timing - Click Count,"Your Perspective
 

How might understanding a patients’ perspective have a positive influence on the patient and their recovery?",Timing - First Click,Timing - Last Click,Timing - Page Submit,Timing - Click Count,Timing - First Click,Timing - Last Click,Timing - Page Submit,Timing - Click Count,"Your Perspective
 

In your experience, how has it been beneficial to help patients see that your goals are aligned with their goals?",Timing - First Click,Timing - Last Click,Timing - Page Submit,Timing - Click Count,"To assure that you are not a bot, in one sentence, please describe what you read about today.","Lifting Your Voice


Being a healthcare professional is hard, especially if you don’t know what to expect. We think hearing from you will help give medical students and new healthcare providers a better idea of what to expect. We’d like you to write a letter to a new healthcare provider who will begin working at a medical facility like yours.



In your letter, please describe what you have shared today about providing healthcare in a way that prioritizes patients’ perspectives and meets them where they are. Try to use examples from your own experiences or examples of things you’ve seen.   



Feel free to draw from these themes discussed today:



	Research suggests that finding concordance in patient and physician goals promotes patient self-efficacy –patients believe that they have the capacity to execute behaviors necessary to improve their health. 
	Small changes in a physician’s practice can vastly improve patient trust in medical care – such as adopting a patient-centered approach in healthcare visits. 
	Sensitivity toward the circumstances that might get in a patient’s way along their journey toward maximized health allows the patient to be active in their healthcare, increasing compliance and long-term well-being.


Don't worry about spelling or grammar; Just try to describe your experiences. We think it will help new healthcare professionals a lot. Please respond with at least three meaningful sentences to share. 

 

 


 

Dear New Healthcare Provider,",Timing - First Click,Timing - Last Click,Timing - Page Submit,Timing - Click Count,"Your Personal Technology Use


Please read carefully over this list of reading hardware and software and think about each of them. Then, choose 2 or 3 types of technology that you use MOST often in your personal life.","In a few sentences, describe how you use one of these types of technology in your personal life. Focus on what you hoped to accomplish and how you did it, and don’t worry about spelling, grammar, or how well-written it is.",Timing - First Click,Timing - Last Click,Timing - Page Submit,Timing - Click Count,"Your Perspective 


How do you use technology for personal use every day?",Timing - First Click,Timing - Last Click,Timing - Page Submit,Timing - Click Count,Timing - First Click,Timing - Last Click,Timing - Page Submit,Timing - Click Count,"Your Perspective
 

Tell us about a time when technology allowed you to connect with others when less advanced modes of communication would have fallen short?",Timing - First Click,Timing - Last Click,Timing - Page Submit,Timing - Click Count,"Your Perspective
 

How have you used these devices to improve communication in your everyday life? Please be as detailed as possible about that experience. What was your goal? What did you do? How did technology help?",Timing - First Click,Timing - Last Click,Timing - Page Submit,Timing - Click Count,"Your Perspective
 

What are some of the ways that you use technology in your personal life for entertainment? Try to think of at 2-3 ways that you tend to use technology for personal entertainment.",Timing - First Click,Timing - Last Click,Timing - Page Submit,Timing - Click Count,Timing - First Click,Timing - Last Click,Timing - Page Submit,Timing - Click Count,"Your Perspective


What are some of the ways in one day that you use technology in your personal life for entertainment purposes?",Timing - First Click,Timing - Last Click,Timing - Page Submit,Timing - Click Count,"To assure that you are not a bot, in one sentence, please describe what you read about today.","Lifting Your Voice


Because there are so many kinds of technology out there, many people feel overwhelmed by it and never discover new forms of technology. We think that hearing from you will help someone realize new ways that they can use technology in their lives. We’d like you to write a letter to someone who is your age but lives across the country.



Please tell this person some of the things you just learned. In your letter, please describe what you have read today about using technology. Try to use examples from your own experiences or examples of things you’ve seen. Feel free to draw from topics discussed today:



Use at least one of the following examples of things to talk about:

	Research shows technology can be used to communicate with others who are near and far.
	When managing a personal project, technology can support productivity.
	Entertainment with technology has increased rapidly, especially since the COVID-19 pandemic.



Don't worry about spelling or grammar; just try to describe your feelings and experiences. Please respond with at least three meaningful sentences to share. 

 

 

Dear New Tech User,",Timing - First Click,Timing - Last Click,Timing - Page Submit,Timing - Click Count,"We would like to know more about your typical day so that we can better understand the reality of being a healthcare provider from an HCP's perspective. 

Please take a moment to think about the last shift that you had at work, hour-by-hour. Then, please detail what your day was like for each hour of your last shift below. - 7:00 AM","We would like to know more about your typical day so that we can better understand the reality of being a healthcare provider from an HCP's perspective. 

Please take a moment to think about the last shift that you had at work, hour-by-hour. Then, please detail what your day was like for each hour of your last shift below. - 8:00 AM","We would like to know more about your typical day so that we can better understand the reality of being a healthcare provider from an HCP's perspective. 

Please take a moment to think about the last shift that you had at work, hour-by-hour. Then, please detail what your day was like for each hour of your last shift below. - 9:00 AM","We would like to know more about your typical day so that we can better understand the reality of being a healthcare provider from an HCP's perspective. 

Please take a moment to think about the last shift that you had at work, hour-by-hour. Then, please detail what your day was like for each hour of your last shift below. - 10:00 AM","We would like to know more about your typical day so that we can better understand the reality of being a healthcare provider from an HCP's perspective. 

Please take a moment to think about the last shift that you had at work, hour-by-hour. Then, please detail what your day was like for each hour of your last shift below. - 11:00 AM","We would like to know more about your typical day so that we can better understand the reality of being a healthcare provider from an HCP's perspective. 

Please take a moment to think about the last shift that you had at work, hour-by-hour. Then, please detail what your day was like for each hour of your last shift below. - 12:00 PM","We would like to know more about your typical day so that we can better understand the reality of being a healthcare provider from an HCP's perspective. 

Please take a moment to think about the last shift that you had at work, hour-by-hour. Then, please detail what your day was like for each hour of your last shift below. - 1:00 PM","We would like to know more about your typical day so that we can better understand the reality of being a healthcare provider from an HCP's perspective. 

Please take a moment to think about the last shift that you had at work, hour-by-hour. Then, please detail what your day was like for each hour of your last shift below. - 2:00 PM","We would like to know more about your typical day so that we can better understand the reality of being a healthcare provider from an HCP's perspective. 

Please take a moment to think about the last shift that you had at work, hour-by-hour. Then, please detail what your day was like for each hour of your last shift below. - 3:00 PM","We would like to know more about your typical day so that we can better understand the reality of being a healthcare provider from an HCP's perspective. 

Please take a moment to think about the last shift that you had at work, hour-by-hour. Then, please detail what your day was like for each hour of your last shift below. - 4:00 PM","We would like to know more about your typical day so that we can better understand the reality of being a healthcare provider from an HCP's perspective. 

Please take a moment to think about the last shift that you had at work, hour-by-hour. Then, please detail what your day was like for each hour of your last shift below. - 5:00 PM","We would like to know more about your typical day so that we can better understand the reality of being a healthcare provider from an HCP's perspective. 

Please take a moment to think about the last shift that you had at work, hour-by-hour. Then, please detail what your day was like for each hour of your last shift below. - 6:00 PM","We would like to know more about your typical day so that we can better understand the reality of being a healthcare provider from an HCP's perspective. 

Please take a moment to think about the last shift that you had at work, hour-by-hour. Then, please detail what your day was like for each hour of your last shift below. - 7:00 PM","We would like to know more about your typical day so that we can better understand the reality of being a healthcare provider from an HCP's perspective. 

Please take a moment to think about the last shift that you had at work, hour-by-hour. Then, please detail what your day was like for each hour of your last shift below. - 8:00 PM","We would like to know more about your typical day so that we can better understand the reality of being a healthcare provider from an HCP's perspective. 

Please take a moment to think about the last shift that you had at work, hour-by-hour. Then, please detail what your day was like for each hour of your last shift below. - 9:00 PM","We would like to know more about your typical day so that we can better understand the reality of being a healthcare provider from an HCP's perspective. 

Please take a moment to think about the last shift that you had at work, hour-by-hour. Then, please detail what your day was like for each hour of your last shift below. - 10:00 PM","We would like to know more about your typical day so that we can better understand the reality of being a healthcare provider from an HCP's perspective. 

Please take a moment to think about the last shift that you had at work, hour-by-hour. Then, please detail what your day was like for each hour of your last shift below. - 11:00 PM","We would like to know more about your typical day so that we can better understand the reality of being a healthcare provider from an HCP's perspective. 

Please take a moment to think about the last shift that you had at work, hour-by-hour. Then, please detail what your day was like for each hour of your last shift below. - 12:00 AM","We would like to know more about your typical day so that we can better understand the reality of being a healthcare provider from an HCP's perspective. 

Please take a moment to think about the last shift that you had at work, hour-by-hour. Then, please detail what your day was like for each hour of your last shift below. - 1:00 AM","We would like to know more about your typical day so that we can better understand the reality of being a healthcare provider from an HCP's perspective. 

Please take a moment to think about the last shift that you had at work, hour-by-hour. Then, please detail what your day was like for each hour of your last shift below. - 2:00 AM","We would like to know more about your typical day so that we can better understand the reality of being a healthcare provider from an HCP's perspective. 

Please take a moment to think about the last shift that you had at work, hour-by-hour. Then, please detail what your day was like for each hour of your last shift below. - 3:00 AM","We would like to know more about your typical day so that we can better understand the reality of being a healthcare provider from an HCP's perspective. 

Please take a moment to think about the last shift that you had at work, hour-by-hour. Then, please detail what your day was like for each hour of your last shift below. - 4:00 AM","We would like to know more about your typical day so that we can better understand the reality of being a healthcare provider from an HCP's perspective. 

Please take a moment to think about the last shift that you had at work, hour-by-hour. Then, please detail what your day was like for each hour of your last shift below. - 5:00 AM","We would like to know more about your typical day so that we can better understand the reality of being a healthcare provider from an HCP's perspective. 

Please take a moment to think about the last shift that you had at work, hour-by-hour. Then, please detail what your day was like for each hour of your last shift below. - 6:00 AM",Patients will take advantage of you if you ask for their input too often.,"Given all of the pressures that healthcare professionals face, it is not possible to prioritize making a significant effort to maintain a high-quality relationship with every single patient.",Timing - First Click,Timing - Last Click,Timing - Page Submit,Timing - Click Count,Timing - First Click,Timing - Last Click,Timing - Page Submit,Timing - Click Count,Timing - First Click,Timing - Last Click,Timing - Page Submit,Timing - Click Count,How severe is Dave's pain?,"Using Tele-Med's Pain Relief Ladder, how would you treat Dave's pain?

Assume that each of the following treatment options is the same cost to Dave. Do not think about cost when making your choices.   
 


 

Please choose two of the following:",How large a dose would you recommend for your treatment? Please use the slider below to indicate dosage. - [QID1717768273-ChoiceGroup-SelectedChoices],Timing - First Click,Timing - Last Click,Timing - Page Submit,Timing - Click Count,"After the time and effort spent creating a treatment plan and explaining it, this is frustrating.",Dave is not taking initiative with their own health.,Dave is honest.,Dave is exaggerating their pain.,Dave deserves help.,Dave is difficult.,I feel like giving up on Dave.,Dave is lazy.,Dave is motivated.,It is important to me that Dave's health improves.,Dave is intelligent.,Please indicate which statement you most agree with:,"Using Tele-Med's Pain Relief Ladder, how would you treat Dave's pain? Assume that each of the following treatment options is the same cost to Dave. Do not worry about cost. 
 


 

Please choose two of the following:",How large a dose would you recommend for your treatment? Please use the slider below to indicate dosage. - [QID1717768273-ChoiceGroup-SelectedChoices],"Below, write notes about Dave and his follow-up visit to be added to their Tele-Med profile. Dave's next Tele-Med doctor will be able to view these notes while treating Dave in the future. 

Please write at least 3 notes. Your notes can be either full sentences or bullet points.",Timing - First Click,Timing - Last Click,Timing - Page Submit,Timing - Click Count,"After the time and effort spent creating a treatment plan and explaining it, this is frustrating.",Dave is not taking initiative with their own health.,Dave is honest.,Dave is exaggerating their pain.,Dave deserves help.,Dave is difficult.,I feel like giving up on Dave.,Dave is lazy.,Dave is motivated.,It is important to me that Dave's health improves.,Dave is intelligent.,Please indicate which statement you most agree with:,How would you move forward with treating Dave?,"Below, write updated notes about Dave and his follow-up visit to be added to their Tele-Med profile. Dave's next Tele-Med doctor will be able to view these notes while treating Dave in the future. 

Please write at least 3 notes. Your notes can be either full sentences or bullet points.","Think of this ladder as representing where people stand in the United States. 



At the top of the ladder are the people who are the best off – those who have the most money, the most education, and the most respected jobs. At the bottom are the people who are the worst off – those who have the least money, least education, the least respected jobs, or no job. The higher up you are on this ladder, the closer you are to the people at the very top; the lower you are, the closer you are to the people at the very bottom.



Where would you place Dave on this ladder?",How likely is Dave to have health insurance?,What do you expect is Dave's total household income?,What level of educational attainment do you expect that Dave has?,What is the name of the patient that you have been treating?,How interested are you in learning more about Social Determinants of Health?,To what extent would you be interested in committing to a 10-hour training on Social Determinants of Health next month?,How interested are you in learning more about cultural competency?,To what extent would you be interested in committing to a 10-hour training on cultural competency next month?,How true do you feel the following statements will be about you at work during the next two weeks? - I will feel happy at work.,How true do you feel the following statements will be about you at work during the next two weeks? - I will feel worthwhile at work.,How true do you feel the following statements will be about you at work during the next two weeks? - My work will be satisfying to me.,How true do you feel the following statements will be about you at work during the next two weeks? - I will feel in control when dealing with difficult problems at work.,How true do you feel the following statements will be about you at work during the next two weeks? - My work will be meaningful to me.,"How true do you feel the following statements will be about you at work during the next two weeks? - I will be contributing professionally (e.g., patient care, teaching, research, and leadership) in the ways I value most.","During the next two weeks, I will feel… - A sense of dread when I think about work I have to do.","During the next two weeks, I will feel… - Physically exhausted at work.","During the next two weeks, I will feel… - Lacking in enthusiasm at work.","During the next two weeks, I will feel… - Emotionally exhausted at work.","During the next two weeks, my job will contribute to me feeling… - Less empathetic with my patients.","During the next two weeks, my job will contribute to me feeling… - Less empathetic with my colleagues.","During the next two weeks, my job will contribute to me feeling… - Less sensitive to others’ feelings/emotions.","During the next two weeks, my job will contribute to me feeling… - Less interested in talking with my patients.","During the next two weeks, my job will contribute to me feeling… - Less connected with my patients.","During the next two weeks, my job will contribute to me feeling… - Less connected with my colleagues.",Urge congressional members to mandate cultural sensitivity training for all U.S. doctors.,Urge congressional members to mandate the teaching of patient-centered care in all U.S. medical programs.,"In an effort to give back to some of the communities who have reported experiences challenges within the U.S. healthcare system, we have received a small grant that allows us to distribute some money to these groups. We're giving each of our participants the opportunity to decide where this money should be distributed. Please indicate below what percent of the money you would like distributed to each of the projects in the U.S. -- we will then base our contributions on participants' recommendations. Please make sure that the choices add up to 100%! - The National Association of Free and Charitable Clinics, which works to ensure access to cost-effective, accessible, and affordable healthcare services to the working poor, uninsured, and underinsured in the U.S.","In an effort to give back to some of the communities who have reported experiences challenges within the U.S. healthcare system, we have received a small grant that allows us to distribute some money to these groups. We're giving each of our participants the opportunity to decide where this money should be distributed. Please indicate below what percent of the money you would like distributed to each of the projects in the U.S. -- we will then base our contributions on participants' recommendations. Please make sure that the choices add up to 100%! - The ‘Ask a Nurse’ program which features a team of Cleveland Clinic nurse experts who offer a range of helpful services to community nonprofit and government organizations related to COVID-19 safety.",For how many years have you worked as a healthcare professional?,What is your specialty / sub-specialty?,What is your current job title?,For how many years have you worked in your current position?,In which state are you currently employed?,"Approximately what percentage of the patients have health insurance at the medical facility where you work?
Please adjust the slider below to indicate the percentage.",Which of the following best describes your own current level of education?,What is the highest educational degree that you have obtained?,Where did you receive the majority of training for your healthcare occupation?,"50 States, D.C. and Puerto Rico",Please write below the country where you received the the majority of training for your healthcare occupation:,What is your age (in years)?,What is your gender? - Selected Choice,What is your gender? - Other (please specify) - Text,What is your race/ethnicity? - Selected Choice,What is your race/ethnicity? - Multiracial - Text,What is your race/ethnicity? - Other (please specify) - Text,"Think of this ladder as representing where people stand in the United States. 



At the top of the ladder are the people who are the best off – those who have the most money, the most education, and the most respected jobs. At the bottom are the people who are the worst off – those who have the least money, least education, the least respected jobs, or no job. The higher up you are on this ladder, the closer you are to the people at the very top; the lower you are, the closer you are to the people at the very bottom.


Where would you place yourself on this ladder?",How politically conservative-liberal are you?,What is your current total household income?,Which of the following best describes your father's level of education?,Which of the following best describes your mother's level of education?,Condition,aid
"{""ImportId"":""startDate"",""timeZone"":""America/Denver""}","{""ImportId"":""endDate"",""timeZone"":""America/Denver""}","{""ImportId"":""status""}","{""ImportId"":""progress""}","{""ImportId"":""duration""}","{""ImportId"":""finished""}","{""ImportId"":""recordedDate"",""timeZone"":""America/Denver""}","{""ImportId"":""_recordId""}","{""ImportId"":""recipientLastName""}","{""ImportId"":""recipientFirstName""}","{""ImportId"":""recipientEmail""}","{""ImportId"":""externalDataReference""}","{""ImportId"":""locationLatitude""}","{""ImportId"":""locationLongitude""}","{""ImportId"":""distributionChannel""}","{""ImportId"":""userLanguage""}","{""ImportId"":""QID323""}","{""ImportId"":""QID324""}","{""ImportId"":""QID324_7_TEXT""}","{""ImportId"":""QID5""}","{""ImportId"":""QID8_3""}","{""ImportId"":""QID325_FIRST_CLICK""}","{""ImportId"":""QID325_LAST_CLICK""}","{""ImportId"":""QID325_PAGE_SUBMIT""}","{""ImportId"":""QID325_CLICK_COUNT""}","{""ImportId"":""QID23_TEXT""}","{""ImportId"":""QID333_FIRST_CLICK""}","{""ImportId"":""QID333_LAST_CLICK""}","{""ImportId"":""QID333_PAGE_SUBMIT""}","{""ImportId"":""QID333_CLICK_COUNT""}","{""ImportId"":""QID326_FIRST_CLICK""}","{""ImportId"":""QID326_LAST_CLICK""}","{""ImportId"":""QID326_PAGE_SUBMIT""}","{""ImportId"":""QID326_CLICK_COUNT""}","{""ImportId"":""QID31_TEXT""}","{""ImportId"":""QID334_FIRST_CLICK""}","{""ImportId"":""QID334_LAST_CLICK""}","{""ImportId"":""QID334_PAGE_SUBMIT""}","{""ImportId"":""QID334_CLICK_COUNT""}","{""ImportId"":""QID327_FIRST_CLICK""}","{""ImportId"":""QID327_LAST_CLICK""}","{""ImportId"":""QID327_PAGE_SUBMIT""}","{""ImportId"":""QID327_CLICK_COUNT""}","{""ImportId"":""QID48_TEXT""}","{""ImportId"":""QID335_FIRST_CLICK""}","{""ImportId"":""QID335_LAST_CLICK""}","{""ImportId"":""QID335_PAGE_SUBMIT""}","{""ImportId"":""QID335_CLICK_COUNT""}","{""ImportId"":""QID202_TEXT""}","{""ImportId"":""QID336_FIRST_CLICK""}","{""ImportId"":""QID336_LAST_CLICK""}","{""ImportId"":""QID336_PAGE_SUBMIT""}","{""ImportId"":""QID336_CLICK_COUNT""}","{""ImportId"":""QID328_FIRST_CLICK""}","{""ImportId"":""QID328_LAST_CLICK""}","{""ImportId"":""QID328_PAGE_SUBMIT""}","{""ImportId"":""QID328_CLICK_COUNT""}","{""ImportId"":""QID130_TEXT""}","{""ImportId"":""QID337_FIRST_CLICK""}","{""ImportId"":""QID337_LAST_CLICK""}","{""ImportId"":""QID337_PAGE_SUBMIT""}","{""ImportId"":""QID337_CLICK_COUNT""}","{""ImportId"":""QID311_TEXT""}","{""ImportId"":""QID71_TEXT""}","{""ImportId"":""QID338_FIRST_CLICK""}","{""ImportId"":""QID338_LAST_CLICK""}","{""ImportId"":""QID338_PAGE_SUBMIT""}","{""ImportId"":""QID338_CLICK_COUNT""}","{""ImportId"":""QID11""}","{""ImportId"":""QID14_1""}","{""ImportId"":""QID329_FIRST_CLICK""}","{""ImportId"":""QID329_LAST_CLICK""}","{""ImportId"":""QID329_PAGE_SUBMIT""}","{""ImportId"":""QID329_CLICK_COUNT""}","{""ImportId"":""QID28_TEXT""}","{""ImportId"":""QID343_FIRST_CLICK""}","{""ImportId"":""QID343_LAST_CLICK""}","{""ImportId"":""QID343_PAGE_SUBMIT""}","{""ImportId"":""QID343_CLICK_COUNT""}","{""ImportId"":""QID330_FIRST_CLICK""}","{""ImportId"":""QID330_LAST_CLICK""}","{""ImportId"":""QID330_PAGE_SUBMIT""}","{""ImportId"":""QID330_CLICK_COUNT""}","{""ImportId"":""QID37_TEXT""}","{""ImportId"":""QID342_FIRST_CLICK""}","{""ImportId"":""QID342_LAST_CLICK""}","{""ImportId"":""QID342_PAGE_SUBMIT""}","{""ImportId"":""QID342_CLICK_COUNT""}","{""ImportId"":""QID293_TEXT""}","{""ImportId"":""QID331_FIRST_CLICK""}","{""ImportId"":""QID331_LAST_CLICK""}","{""ImportId"":""QID331_PAGE_SUBMIT""}","{""ImportId"":""QID331_CLICK_COUNT""}","{""ImportId"":""QID139_TEXT""}","{""ImportId"":""QID341_FIRST_CLICK""}","{""ImportId"":""QID341_LAST_CLICK""}","{""ImportId"":""QID341_PAGE_SUBMIT""}","{""ImportId"":""QID341_CLICK_COUNT""}","{""ImportId"":""QID332_FIRST_CLICK""}","{""ImportId"":""QID332_LAST_CLICK""}","{""ImportId"":""QID332_PAGE_SUBMIT""}","{""ImportId"":""QID332_CLICK_COUNT""}","{""ImportId"":""QID50_TEXT""}","{""ImportId"":""QID340_FIRST_CLICK""}","{""ImportId"":""QID340_LAST_CLICK""}","{""ImportId"":""QID340_PAGE_SUBMIT""}","{""ImportId"":""QID340_CLICK_COUNT""}","{""ImportId"":""QID310_TEXT""}","{""ImportId"":""QID70_TEXT""}","{""ImportId"":""QID339_FIRST_CLICK""}","{""ImportId"":""QID339_LAST_CLICK""}","{""ImportId"":""QID339_PAGE_SUBMIT""}","{""ImportId"":""QID339_CLICK_COUNT""}","{""ImportId"":""QID315_1""}","{""ImportId"":""QID315_4""}","{""ImportId"":""QID315_5""}","{""ImportId"":""QID315_6""}","{""ImportId"":""QID315_7""}","{""ImportId"":""QID315_8""}","{""ImportId"":""QID315_9""}","{""ImportId"":""QID315_10""}","{""ImportId"":""QID315_11""}","{""ImportId"":""QID315_12""}","{""ImportId"":""QID315_14""}","{""ImportId"":""QID315_15""}","{""ImportId"":""QID315_16""}","{""ImportId"":""QID315_18""}","{""ImportId"":""QID315_19""}","{""ImportId"":""QID315_20""}","{""ImportId"":""QID315_21""}","{""ImportId"":""QID315_22""}","{""ImportId"":""QID315_23""}","{""ImportId"":""QID315_24""}","{""ImportId"":""QID315_25""}","{""ImportId"":""QID315_26""}","{""ImportId"":""QID315_27""}","{""ImportId"":""QID315_28""}","{""ImportId"":""QID314""}","{""ImportId"":""QID204""}","{""ImportId"":""QID1717767496_FIRST_CLICK""}","{""ImportId"":""QID1717767496_LAST_CLICK""}","{""ImportId"":""QID1717767496_PAGE_SUBMIT""}","{""ImportId"":""QID1717767496_CLICK_COUNT""}","{""ImportId"":""QID1717767806_FIRST_CLICK""}","{""ImportId"":""QID1717767806_LAST_CLICK""}","{""ImportId"":""QID1717767806_PAGE_SUBMIT""}","{""ImportId"":""QID1717767806_CLICK_COUNT""}","{""ImportId"":""QID1717768246_FIRST_CLICK""}","{""ImportId"":""QID1717768246_LAST_CLICK""}","{""ImportId"":""QID1717768246_PAGE_SUBMIT""}","{""ImportId"":""QID1717768246_CLICK_COUNT""}","{""ImportId"":""QID1717768271""}","{""ImportId"":""QID1717768273""}","{""ImportId"":""QID228_1""}","{""ImportId"":""QID1717768303_FIRST_CLICK""}","{""ImportId"":""QID1717768303_LAST_CLICK""}","{""ImportId"":""QID1717768303_PAGE_SUBMIT""}","{""ImportId"":""QID1717768303_CLICK_COUNT""}","{""ImportId"":""QID318""}","{""ImportId"":""QID1717768305""}","{""ImportId"":""QID1717768306""}","{""ImportId"":""QID1717768308""}","{""ImportId"":""QID1717768309""}","{""ImportId"":""QID1717768310""}","{""ImportId"":""QID1717768312""}","{""ImportId"":""QID1717768313""}","{""ImportId"":""QID1717768314""}","{""ImportId"":""QID1717768315""}","{""ImportId"":""QID1717768316""}","{""ImportId"":""QID1717768317""}","{""ImportId"":""QID1717768318""}","{""ImportId"":""QID251_1""}","{""ImportId"":""QID1717768320_TEXT""}","{""ImportId"":""QID1717768358_FIRST_CLICK""}","{""ImportId"":""QID1717768358_LAST_CLICK""}","{""ImportId"":""QID1717768358_PAGE_SUBMIT""}","{""ImportId"":""QID1717768358_CLICK_COUNT""}","{""ImportId"":""QID319""}","{""ImportId"":""QID1717768360""}","{""ImportId"":""QID1717768361""}","{""ImportId"":""QID1717768363""}","{""ImportId"":""QID1717768364""}","{""ImportId"":""QID1717768365""}","{""ImportId"":""QID1717768367""}","{""ImportId"":""QID1717768368""}","{""ImportId"":""QID1717768369""}","{""ImportId"":""QID1717768370""}","{""ImportId"":""QID1717768371""}","{""ImportId"":""QID1717768372""}","{""ImportId"":""QID1717768373_TEXT""}","{""ImportId"":""QID1717768374_TEXT""}","{""ImportId"":""QID1717768426""}","{""ImportId"":""QID1717768427""}","{""ImportId"":""QID1717768428""}","{""ImportId"":""QID1717768429""}","{""ImportId"":""QID1717768430""}","{""ImportId"":""QID141""}","{""ImportId"":""QID142""}","{""ImportId"":""QID144""}","{""ImportId"":""QID145""}","{""ImportId"":""QID146_1""}","{""ImportId"":""QID146_2""}","{""ImportId"":""QID146_3""}","{""ImportId"":""QID146_4""}","{""ImportId"":""QID146_5""}","{""ImportId"":""QID146_6""}","{""ImportId"":""QID147_1""}","{""ImportId"":""QID147_2""}","{""ImportId"":""QID147_3""}","{""ImportId"":""QID147_4""}","{""ImportId"":""QID149_1""}","{""ImportId"":""QID149_2""}","{""ImportId"":""QID149_3""}","{""ImportId"":""QID149_4""}","{""ImportId"":""QID149_7""}","{""ImportId"":""QID149_8""}","{""ImportId"":""QID151""}","{""ImportId"":""QID152""}","{""ImportId"":""QID154_1""}","{""ImportId"":""QID154_2""}","{""ImportId"":""QID1717768829_1""}","{""ImportId"":""QID1717768830_TEXT""}","{""ImportId"":""QID1717768831_TEXT""}","{""ImportId"":""QID1717768832_1""}","{""ImportId"":""QID1717768833""}","{""ImportId"":""QID1717768834_1""}","{""ImportId"":""QID177""}","{""ImportId"":""QID1717768835_TEXT""}","{""ImportId"":""QID1717768836""}","{""ImportId"":""QID1717768837""}","{""ImportId"":""QID1717768838_TEXT""}","{""ImportId"":""QID171_TEXT""}","{""ImportId"":""QID172""}","{""ImportId"":""QID172_5_TEXT""}","{""ImportId"":""QID173""}","{""ImportId"":""QID173_6_TEXT""}","{""ImportId"":""QID173_7_TEXT""}","{""ImportId"":""QID155""}","{""ImportId"":""QID156""}","{""ImportId"":""QID175""}","{""ImportId"":""QID178""}","{""ImportId"":""QID179""}","{""ImportId"":""Condition""}","{""ImportId"":""aid""}"
2024-04-29 15:01:57,2024-04-29 15:02:15,0,100,18,1,2024-04-29 15:02:16,R_2C7KQZevuSqwGa1,,,,,37.8043,-122.2156,anonymous,EN,2,,,,,,,,,,,,,,,,,,,,,,,,,,,,,,,,,,,,,,,,,,,,,,,,,,,,,,,,,,,,,,,,,,,,,,,,,,,,,,,,,,,,,,,,,,,,,,,,,,,,,,,,,,,,,,,,,,,,,,,,,,,,,,,,,,,,,,,,,,,,,,,,,,,,,,,,,,,,,,,,,,,,,,,,,,,,,,,,,,,,,,,,,,,,,,,,,,,,,,,,,,,,,,,,,,,,,,,,,,,,,,,,,,,
2024-04-29 15:02:19,2024-04-29 15:14:26,0,100,726,1,2024-04-29 15:14:27,R_1ER0CcKIfie0HEg,,,,,37.8043,-122.2156,anonymous,EN,1,5,,"3,4",,,,,,,,,,,,,,,,,,,,,,,,,,,,,,,,,,,,,,,,,,,Sierra test,,,,,,,,,,,,,,,,,,,,,,,,,,,,,,,,,,,,,,,,,,,,,,,,,,,,,,,,,,,,,,,,,,,,,,,,,,,,,0,0,4.111,0,0,0,30.113,0,5.071,5.071,15.012,1,,,,0,0,15.018,0,,,,,,,,,,,,,,,,0,0,15.014,0,,,,,,,,,,,,,,,,,,,,,,,,,,,,,,,,,,,,,,,,,,0,100,,,,,,,,,,,,,,,,,,,,,,,Treatment,
2024-04-30 07:44:41,2024-04-30 07:45:08,0,100,27,1,2024-04-30 07:45:09,R_2hAYrxNjnfRiaFq,,,,,35.4471,-97.5595,anonymous,EN,2,,,,,,,,,,,,,,,,,,,,,,,,,,,,,,,,,,,,,,,,,,,,,,,,,,,,,,,,,,,,,,,,,,,,,,,,,,,,,,,,,,,,,,,,,,,,,,,,,,,,,,,,,,,,,,,,,,,,,,,,,,,,,,,,,,,,,,,,,,,,,,,,,,,,,,,,,,,,,,,,,,,,,,,,,,,,,,,,,,,,,,,,,,,,,,,,,,,,,,,,,,,,,,,,,,,,,,,,,,,,,,,,,,,test
2024-04-30 07:45:13,2024-04-30 07:45:39,0,100,25,1,2024-04-30 07:45:39,R_22K18AWBki3jTbz,,,,,35.4471,-97.5595,anonymous,EN,1,2,,,,,,,,,,,,,,,,,,,,,,,,,,,,,,,,,,,,,,,,,,,,,,,,,,,,,,,,,,,,,,,,,,,,,,,,,,,,,,,,,,,,,,,,,,,,,,,,,,,,,,,,,,,,,,,,,,,,,,,,,,,,,,,,,,,,,,,,,,,,,,,,,,,,,,,,,,,,,,,,,,,,,,,,,,,,,,,,,,,,,,,,,,,,,,,,,,,,,,,,,,,,,,,,,,,,,,,,,,,,,,,,,,test
2024-04-30 07:45:42,2024-04-30 07:52:15,0,100,392,1,2024-04-30 07:52:16,R_7R1IVT0xyRCGzcO,,,,,35.4471,-97.5595,anonymous,EN,1,4,,,,,,,,,,,,,,,,,,,,,,,,,,,,,,,,,,,,,,,,,,,,,,,,,,,,,1.015,5.586,16.059,5,Test,0.803,5.3,5.9,4,0,0,19.209,0,Test,1.022,4.862,5.974,2,,0,0,16.002,0,Test,1.045,4.633,5.84,4,0,0,15.949,0,,1.372,6.221,6.605,4,Test,Test,0.852,17.224,17.75,11,,,,,,,,,,,,,,,,,,,,,,,,,,,0.469,1.992,4.049,3,1.143,18.123,30.273,10,1.026,14.82,15.032,7,,,,0.536,0.536,15.051,1,,,,,,,,,,,,,,,,0,0,15.069,0,,,,,,,,,,,,,,,,,,,,,,,,,,,,,,,,,,,,,,,,,,80,20,,,,,,,,,,,,,,,,,,,,,,,Control,test
2024-05-01 14:21:44,2024-05-01 15:25:25,0,100,3820,1,2024-05-01 15:25:26,R_7komjDtb8qr0Zts,,,,,41.6325,-81.4034,anonymous,EN,1,3,,"7,3,5",It is imperative to know the differences in medicine and how it can be treated across different cultures. Even the way in which someone from a different culture will perceive and react to certain criteria and protocols taken to protect the patient. ,21.47,21.47,121.113,1,"It’s important because my way may not be the patient’s way. What I mean by that is my way of care can be different than the quality or type of care a patient expects or is accustomed to. It’s important to know how comfortable a patient is with touch, with eye contact, with a direct approach or a more soft approach. We all take in and process information differently, and we all need to be respectful of our patient’s needs. ",2.036,2.036,190.136,1,2.631,123.37,124.514,2,"In my experience some patients feel less than when they don’t have insurance or have Medicare. It’s important for a patient to have agency. To feel like they are the ones making the decisions, and the healthcare providers are the ones making the recommendations. Patients with a lack of insurance ask the least amount of questions. It’s crucial to know when this happens and make every patient, regardless of their ability to pay, feel they are going to be taken care of and just as important as the next patient. ",0.801,3.542,208.058,2,1.781,104.191,105.16,2,"Taking a perspective from the previous model I just read I would like to say that understanding and having knowledge of your patient’s lifestyle, work and home life is so important. When a patient feels understood, they are more open and more receptive to recommendations. ",0.747,3.049,113.002,2,Understanding a patient’s perspective has a positive influence on the patient because they feel heard and seen. They may feel as if the health care provider is a friend and feel safer with any recommendations given. ,1.486,1.486,111.019,1,1.695,126.84,219.512,4,"I find when I can give goals that are simple and easy to comprehend, the patient feels as if it’s the first step in taking control over their health. It’s always important to find out what the patient wants to happen or what actionable goal they desire and then set up ways for them to do that. In order to get to step C, we must do A and B first. ",0.775,164.997,239.777,13,Today I read about the patient’s perspective when it comes to their health care provider. ,"It is of the utmost importance that you look at and treat your patient as a family member or as someone looking into the mirror. Yes, YOU. Treat your patients how you expect and want to be treated. 

Learn who they are, not just their diseases or maladies. Learn about what makes them happy and what kind of lifestyle they have. Learn about help they have or may not have. Keep in mind that you are not just a number to your patient, and your patient should never be just a number to you. 

Some patients are easy and malleable. However, there will be times when your patience is tested. Good! How you treat the patient in these trying times speaks to who you are as a medical professional. You’ll notice that I didn’t say what you are as a medical professional. That’s because you are a human being; not a what, but a who. Treat every patient with that in mind and it will make all the difference. ",4.41,473.67,604.617,12,,,,,,,,,,,,,,,,,,,,,,,,,,,,,,,,,,,,,,,,,,,,,,Receive reports on patients ,Met patients and did head to toe body assessments ,Check blood sugar for diabetic patients ,"Administer medications, charting, follow Dr. Orders ","Draw ordered labs, call dr’s with patient issues, charting ",Discharge patients ,Admit new patie,Do the same from 7 am to end of day,,,,,,,,,,,,,,,,,6,5,0,0,4.019,0,3.603,3.619,30.16,2,5.597,6.947,15.036,2,9,"5,6",86,0,0,15.038,0,5,4,5,1,5,2,1,1,5,5,5,5,"5,6",98,"Dave is in a high level of pain after 3 weeks
Dave did not follow Dr’s suggestions
Dave’s schedule makes it difficult for him to follow the prescribed treatment plan",0,0,15.133,0,4,4,3,3,5,3,1,3,3,5,3,5,I would ask him to come in for continuing care and get a more detailed profile of what is happening in his life and how we can better assist his health. ,"After 6 weeks, Dave is still in the same amount of pain
Dave did not follow a treatment plan as referenced 
Dave needs additional follow up",5,3,3,3,1,5,5,5,5,4,5,4,4,5,5,2,3,2,2,1,1,1,1,1,1,1,1,80,20,13,RN,RN,10,,60,3,Bachelor of Science,1,22,,33,2,,1,,,8,4,5,4,4,Treatment,6632a2ca-51f2-44db-f437-077ac2e62b90
2024-05-01 15:58:24,2024-05-01 16:46:49,0,100,2905,1,2024-05-01 16:46:50,R_2nT0XyfkRiFb0hH,,,,,37.7759,-90.4071,anonymous,EN,1,3,,,,,,,,,,,,,,,,,,,,,,,,,,,,,,,,,,,,,,,,,,,,,,,,,,,"1,7,8",I use my laptop for lots of daily activities like my shopping and my banking and for personal apps like facebook,45.389,45.389,48.953,1,to complete banking transactions or to get on face book to pass time,6.388,6.388,50.597,1,44.712,44.712,47.588,1,I was shopping on line at walmart and it showed me all previous things I have ordered what my favorites are then I got to see other peoples comments on the same product,11.573,39.457,164.246,2,getting to chat with friends and family everyday ,16.089,16.089,23.24,1,helps me keep a record of my daily eating habbits how many calories ,3.119,3.119,56.942,1,5.778,17.841,19.919,2,to watch the news,8.477,8.477,24.993,1,different ways that I use technology in my daily life,technology keeps me entertained on a daily basis,40.929,87.132,90.902,4,passing morning meds,helping patients get dressed for breakfast,helping patients eat breakfast,helping give residents showes,helping patients get laid down for naps,passing afternoon meds,helping patients eat lunch,charting daily patient activities,visiting residents,,,,,,,,,,,,,,,,4,2,0,0,4.016,0,0,0,30.028,0,0,0,15.021,0,3,"5,6",15,0,0,15.128,0,4,4,4,2,4,4,2,2,2,4,4,3,"5,6",40,take medication as prescribed per doctors orders,0,0,15.026,0,4,4,4,2,4,4,2,4,2,4,2,2,tell him again if he wants results he needs to take medication as perscribed,do not need to keep seeing you if your not gonna take the meds,6,2,3,2,1,4,4,4,4,4,4,4,4,4,4,2,2,2,2,1,1,1,1,1,1,1,1,50,50,8,oncology,charge nurse,4,,100,3,associate degree,1,26,,53,2,,1,,,7,5,3,3,3,Control,6632b978-418c-c800-da62-38a1ef69d781
2024-05-01 16:23:39,2024-05-01 17:01:58,0,100,2298,1,2024-05-01 17:01:58,R_3q2hl6xJgwXbTYZ,,,,,32.0563,-81.05,anonymous,EN,1,1,,"7,9,5",I value my patients very well and they deserve patience. It's absolutely okay to listen to your patients concerns.,7.655,7.655,24.001,1,You should understand your patients perspective because you will understand what they are going through. What feelings that go through their head.,3.161,3.161,55.201,1,1.701,284.592,285.197,2,Some patients may be scared that their doctors won't listen to their concerns. Or they might brush them off.,4.087,4.087,42.601,1,1.789,1.789,15.801,1,Understanding a patients perspective might help the patient be more comfortable with their doctor. ,4.442,51.345,63.778,2,It might make them less stressed and it may help them come to more appointments.,3.138,3.138,31.301,1,4.749,4.749,16,1,It helps patients be more comfortable with me and open up more about their symptoms. It helps them see that someone is actually listening.,1.565,67.362,68.201,2,When patients have someone listening to them they will feel less stressed.,I am listening to your problems. I hear you and want to be there for you. I am a doctor that truly cares and will do everything in my power to help you.,2.547,75.509,76.501,17,,,,,,,,,,,,,,,,,,,,,,,,,,,,,,,,,,,,,,,,,,,,,,It was very calm,I got to see the other fellow doctors,I was called in for a code blue,The hospital had another code blue,It was time for a surgery.,It was lunch time for me and I went to the cafeteria to eat.,There was a code red,There was another code red.,I took care of my last patients for the day,I went home,N/a,N/a,N/a,N/a,N/a,N/a,N/a,N/a,N/a,N/a,N/a,N/a,N/a,N/a,6,6,0,0,4.08,0,4.5,12.401,30.066,4,4.926,11.863,15.156,3,11,"1,2",68,0,0,15.064,0,3,5,4,1,5,1,1,1,2,5,4,5,"3,4",73,"Get lots of rest
Please take your meds
When better schedule a physical therapist.",0,0,15.053,0,5,5,2,1,5,5,1,1,2,5,4,2,Get him surgery ,"Scheduling surgery
Prescribing methadone
Prescribing fentanyl ",8,3,3,2,1,5,5,5,5,5,4,4,5,5,4,1,2,1,2,1,1,1,1,1,1,0,0,50,50,11,Doctor,Doctor,11,,58,4,Doctorate,1,11,,35,2,,3,,,8,2,5,4,3,Treatment,6632bf4a-6f4a-37f8-036a-93ab321dbf50
2024-05-01 16:40:22,2024-05-01 17:56:37,0,100,4575,1,2024-05-01 17:56:39,R_2RwFXHsFuvWNSyt,,,,,42.6896,-72.4488,anonymous,EN,1,3,,,,,,,,,,,,,,,,,,,,,,,,,,,,,,,,,,,,,,,,,,,,,,,,,,,"1,6,7","My laptop is to research and use internet, Zoom is for communication with friends and family,  and email is for more in depth and formal communication.  ",2.01,69.7,70.647,13,"Technology has worked it's way into most of my life.  My alarm on my phone wakes me up. I then have Alexa turn off thr white noise that helps me sleep.  I then ask Alexa what the weather will be so I know what to wear.  When I go to new places, I rely on Google Maps to keep me from getting lost.  All my communication is done electronically either by call on my cell,  text, email or video.  I research any vacations that I take online looking for the best price and the book it all on line.  Who needs a travel agent anymore.   My music is a streamed or on satellite radio.   I order food delivery from my phone on an app, and if I'm in the city, another app calls me a ride.  Then I monitor my steps, activity,  heart rate,  oxygen saturation,  and sleep patterns on my smart watch.  I'm sure there is more,  but that is enough for now.  ",4.985,625.976,629.525,9,3.062,188.049,188.752,17,"I was able to arrange a family reunion through Facebook and communicate with all involved people at the same time.   It went very well, by the way.  ",2.019,109.542,111.051,7,"I have been able to improve communication with my PCP by means of the electronic portal.  When I used to wait for a phone call for a message that was passed on, I now get to communicate with the provider directly. ",1.861,77.296,78.322,7,All of my music is streamed or on satellite radio.   My TV is a smart TV and I can now use only streaming services to watch whatever I want.  I plan and book all my vacations on line.   I can find and purchase concert and event tickets right from my phone.  ,7.093,167.569,170.446,5,1.389,64.706,65.571,7,My greatest entertainment is reading.   All the books I want are now held in my hand and don't end up taking up boxes of space in my attic. ,2.512,203.599,205.218,4,I read about how technology is very much an integral part of our life. ,"Technology is not really scary. It opens up new worlds and makes the current world easier to maneuver in.  Imagine playing a computer game in real time with people from around the world.  My son has good friends that he has been playing with for years.   Now that he is grown, he is able to travel and meet these friends.  I can meet face to face with my doctor and never leave my house.   When you are really sick, the last thing you want to do is go to the doctors.  So, technology is definitely worth looking into. ",25.538,540.17,541.272,23,Not at work ,"Arrive, check email, check calendar,  return emails, message team about plans for the day ",Message my supervisor for additional tasks.  ,Interview in person ,Interview in person ,Email a facility re: new admission.  Complete admissions ,Set up on call schedules and communications that are starting next week.   ,Communicate with client's pcp via TigerConnect to get new orders.  ,Set up OWL camera/microphone for staff meeting so staff can attend from home.  Held staff meeting ,Met in person with team for rounds,,,,,,,,,,,,,,,6,6,0,0,4.11,0,25.595,26.804,30.022,2,0,0,15.121,0,9,"7,8",24,0,0,15.023,0,5,4,4,3,5,3,1,1,3,5,3,5,"6,8",49,Circumstances preventing David from complying with meds. Will continue lidocaine and add tramadol which can be dosed less frequently.  Dave may also use Tylenol in conjunction with this change.  ,3.702,8.006,15.022,5,5,4,4,3,5,3,4,3,3,5,3,2,Continue with previous plan with sooner follow up.   Talk to Dave about ideas to help him manage his med compliance.  Try to determine if there are underlying reasons that he might not want to take the medication.   ,Dave continues with medication noncompliance.   Discussing with Dave if he had reasons for not wanting to take medications to alleviate his pain.  Dave states that his sister has opioid use disorder and it started after treatment for a fractured ankle.   Dave is fearful that he will become addicted also. ,5,3,4,2,1,4,2,4,2,3,3,4,3,4,4,2,2,3,3,2,3,2,2,2,3,0,0,50,50,35,Behavioral Health ,Nurse Manager ,4,,83,3,Associates ,1,22,,54,2,,1,,,6,5,5,2,2,Control,6632c340-c299-8122-23df-ebd23cbe3c43
2024-05-01 18:00:00,2024-05-01 18:00:28,0,100,28,1,2024-05-01 18:00:29,R_2z1rYrO381zcHf3,,,,,25.7277,-80.3716,anonymous,EN,2,,,,,,,,,,,,,,,,,,,,,,,,,,,,,,,,,,,,,,,,,,,,,,,,,,,,,,,,,,,,,,,,,,,,,,,,,,,,,,,,,,,,,,,,,,,,,,,,,,,,,,,,,,,,,,,,,,,,,,,,,,,,,,,,,,,,,,,,,,,,,,,,,,,,,,,,,,,,,,,,,,,,,,,,,,,,,,,,,,,,,,,,,,,,,,,,,,,,,,,,,,,,,,,,,,,,,,,,,,,,,,,,,,,6632d6a1-3c37-a683-df09-c5b887bf82c6
2024-05-01 18:19:11,2024-05-01 18:19:54,0,100,43,1,2024-05-01 18:19:55,R_7TY6mRNLMezjWr2,,,,,36.5102,-84.5421,anonymous,EN,1,7,Licensed Practical Nurse,,,,,,,,,,,,,,,,,,,,,,,,,,,,,,,,,,,,,,,,,,,,,,,,,,,,,,,,,,,,,,,,,,,,,,,,,,,,,,,,,,,,,,,,,,,,,,,,,,,,,,,,,,,,,,,,,,,,,,,,,,,,,,,,,,,,,,,,,,,,,,,,,,,,,,,,,,,,,,,,,,,,,,,,,,,,,,,,,,,,,,,,,,,,,,,,,,,,,,,,,,,,,,,,,,,,,,,,,,,,,,,,,6632da6f-d6a6-9a54-dec2-9fc223e917dc
2024-05-01 18:14:58,2024-05-01 18:46:55,0,100,1917,1,2024-05-01 18:46:56,R_72Ra29qtafFXO8Q,,,,,25.8119,-80.2318,anonymous,EN,1,3,,"9,4,5",I like to try to understand how I might feel if I were in the patients role.   Calm fears and provide reassurance ,5.126,5.126,18.576,1,Because we are all human and have things going on in our life ,35.177,35.177,136.268,1,9.444,9.444,17.501,1,"Language barrier, age, disabilities ",4.47,4.47,24.974,1,17.463,17.463,19.279,1,The patient may feel more comfortable and agreeable to treatment.  ,9.637,9.637,47.412,1,The patient will have less recovery time and effort when they feel safe and heard by their healthcare providers ,4.956,4.956,47.159,1,0,0,19.204,0,By explaining to the patient in terms they understand ,23.622,23.622,124.056,1,I read about patient perspective ,I have been a nurse for over 20 years and things are always changing.   You can either embrace the changes and learn and grow with them or stay stuck and struggle to grow as a nurse,5.815,124.348,125.449,3,,,,,,,,,,,,,,,,,,,,,,,,,,,,,,,,,,,,,,,,,,,,,,,,,,,,,,,,,,Start assume charge ,Triage patients ,Triage patients ,Triage patients ,Triage patients ,Triage patients ,Triage patients ,Triage patients ,Triage patients ,Triage patients ,Emergency cesarean section ,Recover patients give shift report ,4,5,0,0,4.113,0,2.676,29.707,30.043,5,0,0,15.02,0,9,"5,7",,0,0,15.02,0,3,4,4,2,4,3,1,1,4,4,4,3,"1,3",,"Dave has had worsening pain 
Dave was recommended a treatment plan, but has not fully completed recommended treatment.
Dave will be recommended to try a new medication and treatment ",0,0,15.019,0,4,4,4,3,4,2,1,2,2,5,3,3,Recommend that he follow with the treatment ,"Dave has not had any improvement with his pain, due to not following suggested treatment. 
Advised Dave to try to follow treatment plan.  
Will follow up to see how Dave is doing with his treatment and explore why he may not be following treatment plan. ",6,2,5,3,1,3,3,4,4,3,4,4,3,4,4,3,4,3,4,3,3,3,3,3,3,0,0,75,25,31,RN,RNC OB charge ,15,,21,3,BSN,1,36,,52,2,,1,,,7,6,6,1,1,Treatment,6632da21-53fc-06bf-3751-9246c3dbe037
2024-05-01 18:37:33,2024-05-01 18:54:04,0,100,991,1,2024-05-01 18:54:04,R_2waYfAJ0A5qNNM0,,,,,42.101,-72.5737,anonymous,EN,1,5,,"9,3,5",Its important to gain patients trust to be able to treat them effectively,0,0,17.974,0,Because it offers insight into their experience,3.006,3.006,13.624,1,0,0,22.791,0,Embarassment or pride,9.093,9.093,17.264,1,0,0,15.958,0,I can provide tailored recommendstions to fit their lofestly,1.541,1.541,16.685,1,Because the med regimen would work for them,0.791,0.791,56.64,1,0,0,15.603,0,They typicaly adhere better to their regimen,23.978,23.978,35.696,1,How to better tailor regimens to patients,Its important to understand where patients come from. Background and access play an important role. By building trust we can better outcomes,2.998,65.766,66.562,12,,,,,,,,,,,,,,,,,,,,,,,,,,,,,,,,,,,,,,,,,,,,,,Driving to work,Start seeing first patient,Third patient,Fourth patient,Fifth patient,Lunch,First patient atfer lunch,See patient,See patient,See patient,Leave work,Drive home,Dinner,Decompress,Watch tv,Sleep,Sleep,Sleep,Sleep,Sleep,Sleep,Sleep,Wake up,Drive to work,3,4,0,0,4.113,0,2.796,3.297,30.023,2,0,0,15.022,0,5,"7,8",58,0,0,15.022,0,3,4,4,2,4,4,2,2,3,4,2,2,"1,7",60,"Acute pain is now not improving
Has tried other pain meds
Not motivated",0,0,15.121,0,4,5,5,2,4,4,2,2,2,4,2,2,Encourage compliance by addressing barriers,"Non compliant
Unmotivated
Not taking recommendations",4,4,3,2,1,3,2,3,2,2,2,2,2,3,2,2,3,3,2,1,1,1,1,1,1,0,0,0,100,8,Endocrine,Nurse,8,,82,4,Masters,1,11,,32,2,,2,,,7,3,6,4,3,Treatment,6632dfdb-2147-d564-7c30-c624dc4b9022
2024-05-01 19:12:21,2024-05-01 19:14:53,0,100,152,1,2024-05-01 19:14:54,R_13rs1c0l5wdHbh0,,,,,27.8407,-82.7155,anonymous,EN,1,7,,,,,,,,,,,,,,,,,,,,,,,,,,,,,,,,,,,,,,,,,,,,,,,,,,,,,,,,,,,,,,,,,,,,,,,,,,,,,,,,,,,,,,,,,,,,,,,,,,,,,,,,,,,,,,,,,,,,,,,,,,,,,,,,,,,,,,,,,,,,,,,,,,,,,,,,,,,,,,,,,,,,,,,,,,,,,,,,,,,,,,,,,,,,,,,,,,,,,,,,,,,,,,,,,,,,,,,,,,,,,,,,,,6632e749-5dd0-5b78-7b64-7011e4f7b011
2024-05-01 19:15:10,2024-05-01 19:15:41,0,100,31,1,2024-05-01 19:15:42,R_2o7lMJuYf4NSYGw,,,,,27.8407,-82.7155,anonymous,EN,1,7,,,,,,,,,,,,,,,,,,,,,,,,,,,,,,,,,,,,,,,,,,,,,,,,,,,,,,,,,,,,,,,,,,,,,,,,,,,,,,,,,,,,,,,,,,,,,,,,,,,,,,,,,,,,,,,,,,,,,,,,,,,,,,,,,,,,,,,,,,,,,,,,,,,,,,,,,,,,,,,,,,,,,,,,,,,,,,,,,,,,,,,,,,,,,,,,,,,,,,,,,,,,,,,,,,,,,,,,,,,,,,,,,,6632e749-5dd0-5b78-7b64-7011e4f7b011
2024-05-01 19:00:22,2024-05-01 19:33:49,0,100,2007,1,2024-05-01 19:33:50,R_7nGXCXSWDaNxKOB,,,,,38.5317,-89.9988,anonymous,EN,1,3,,"7,9,5",The values are important to me everyday. I treat everyone the same way.,20.149,27.925,28.971,8,I don't know why patients do what they do. I just treat everyone the same,7.126,52.318,52.801,3,12.024,34.467,35.001,8,That they will be judged,5.057,22.621,23.239,5,7.227,7.227,35.901,1,Cause you understand more on how they feel and can treat them accordingly ,6.65,32.73,34.494,2,Cause they feel heard,5.701,5.701,14.677,1,8.061,8.061,44.388,1,It's been a great experience ,8.123,8.123,22.501,1,About patient perspective on how they are treated ,"To whom it may concern,
      I have found that if you try to get to know the patient and find out they're concerns makes it a more pleasant experience for both you and they patient. They feel like they have been heard. ",1.993,152.488,154.8,19,,,,,,,,,,,,,,,,,,,,,,,,,,,,,,,,,,,,,,,,,,,,,,Got report,Get my meds ready to pass out ,Pass meds,Pass meds,Do discharges,Send patients to procures they might have scheduled ,Try to eat lunch,More paperwork ,Afternoon meds,Paperwork,Evening meds,Paperwork ,To evening report ,,,,,,,,,,,,6,5,0,0,4.06,0,12.783,28.585,30.087,10,11.569,13.676,15.094,2,9,"5,6",90,0,0,15.082,0,4,4,5,3,4,4,2,4,2,4,3,3,"5,7",63,"Dave doesn't seem motivated to help himself
If Dave doesn't help then I won't prescribe anything else",0,0,15.194,0,5,5,4,3,3,5,5,5,1,3,3,3,Tell him to go to the er and get an X-ray ,"The patient isn't motivated in helping himself. 
My recommendation is to send him for an X-ray ",3,3,3,2,1,3,3,3,2,3,4,4,4,5,5,1,2,2,2,2,2,2,1,1,2,0,0,50,50,5,Register nursing ,Register nurse,4,,76,3,LPN license ,1,26,,29,2,,3,,,3,4,4,2,2,Treatment,6632e495-12c2-48c5-b5f2-328911990722
2024-05-01 19:44:46,2024-05-01 20:03:14,0,100,1107,1,2024-05-01 20:03:14,R_5rOBXJ9kjU1C0I8,,,,,47.1443,-122.2545,anonymous,EN,1,3,,"9,3,6",Concern for others,0,0,46.842,0,To personalize care,8.681,24.546,26.876,2,0,0,61.232,0,Embarrassed,2.535,15.5,18.587,2,0,0,77.146,0,Honest information,1.969,1.969,21.601,1,Piece of mind,1.348,1.348,17.147,1,0,0,31.532,0,Mentally puts patients at ease,2.673,2.673,38.771,1,I forgot,I learned more useful information,21.05,21.05,41.979,1,,,,,,,,,,,,,,,,,,,,,,,,,,,,,,,,,,,,,,,,,,,,,,,,,,,,,,,,,,,,,,,,,,,,,,2,3,0,0,4.122,0,0,0,30.127,0,6.508,12.37,15.024,3,7,"5,7",72,0,0,15.119,0,3,5,5,3,5,1,1,1,1,5,5,4,"6,7",64,check at home care orders,0,0,15.02,0,5,5,5,1,3,4,5,3,1,3,3,2,Inform him of the risks involved with not listening,Patient needs motivation,6,3,3,3,1,3,3,5,5,5,5,4,5,5,5,5,5,5,5,5,5,5,5,5,5,1,1,0,100,16,LPN,NURSE,24,,39,3,Assiciates,1,49,,53,1,,1,,,6,1,4,3,3,Treatment,6632ef93-2034-f812-eaf6-f137390455b6
2024-05-01 20:19:42,2024-05-01 21:04:06,0,100,2664,1,2024-05-01 21:04:07,R_1dIMyCma4MApAXL,,,,,40.112,-88.2365,anonymous,EN,1,1,,,,,,,,,,,,,,,,,,,,,,,,,,,,,,,,,,,,,,,,,,,,,,,,,,,"1,8","I could start a session, and openly communicate with helpful beings, that are currently accessible.",27.64,27.64,28.1,1,"I add the equipment that gives, me the best success actuation, with my, open investments.",2,58.001,81.299,2,11.711,181.585,194.202,6,"I have been able to send finances with the computer formalities, openly.",1.001,49.394,52.872,2,"Have had the abilities to control and design, great models, openly, with the computer.",24.845,180.904,206.569,7,"I watch the media that, is openly displayed, on my screens, about success.",36.743,81.544,85.444,3,25.697,103.769,104.3,4,"I want to create, an openly profitable, financial portfolio.",1.901,59.801,65.984,4,"Computers, and open communications.","N/A, ",2.216,23.372,29.17,22,"N/A,",Openness ,Openness ,Openness ,Openness ,Openness ,Openness ,Openness ,Openness ,Openness,"N/A,","N/A,","N/A,","N/A,","N/A,","N/A,","N/A,","N/A,","N/A,","N/A,","N/A,","N/A,","N/A,","N/A,",6,6,2.873,2.873,4.062,1,1.204,26.797,30.077,6,0,0,15.072,0,5,"5,8",68,0,0,15.155,0,1,1,4,3,4,2,1,1,5,5,4,1,"5,8",83,"The inquirer is openly, needing real, medical help, for returning to normal health.",0,0,15.187,0,3,3,2,2,5,2,2,1,5,5,4,3,"I would add a few prescriptions, that are for openly, the inquirer.","We should see the inquirer, openly return to their natural health, in a timely manner.",6,1,5,3,1,4,4,5,5,4,5,4,4,5,4,1,1,1,1,1,2,2,1,2,1,1,1,16,84,7,Dermatology,Business Director,7,,87,4,MD,1,14,,30,1,,1,,,10,2,5,4,4,Control,6632f6ef-585e-7d0e-2c20-e5c6e9ed3791
2024-05-01 20:41:25,2024-05-01 21:07:08,0,100,1543,1,2024-05-01 21:07:08,R_1mDfzNILuefsINE,,,,,41.4136,-81.9031,anonymous,EN,1,3,,"7,9,5","Empathy, because i treat them the way i would want to be treated or how a loved one would be treated. ",20.527,20.527,21.772,1,"You have to understand their perspective,  put yourself in their shoes,  because then you'll see what they want for their health. Everything we do is for them,  even if they decline a treatment or a medication. ",2.841,10.293,91.683,2,20.633,20.633,24.431,1,"They probably think that we'll think they are stupid. At least my residents are all elderly and back in their day,  you didn't question what the doctor gave you. ",19.754,19.754,72.401,1,0,0,16.937,0,"If they tell me what they want,  and I follow that,  then their trust in me strengthens and we end up working well together. ",5.344,43.082,87.011,2,"If you do what they ask,  then they'll most likely have a positive attitude toward you. ",18.8,18.8,79.377,1,21.185,21.185,21.561,1,They see that I'm their advocate. It's an amazing relationship. ,7.2,7.2,25.882,1,Working in Healthcare. ,"My only advice is to trust your education and yourself,  develop trusting relationships with your residents or patients.",1.157,63.098,63.632,17,,,,,,,,,,,,,,,,,,,,,,,,,,,,,,,,,,,,,,,,,,,,,,None,None,None,None,None,None,None,None,Day starts by passing pre- dinner meds.,Meds,Dinner for residents,Dinner,Passing bedtime meds,Passing meds,Charting ,Charting,Day over,None,None,None,None,None,None,None,3,6,0,0,4.117,0,9.856,21.756,30.02,5,7.176,14.283,15.018,2,7,"6,8",49,0,0,15.026,0,5,5,5,2,4,5,2,4,1,5,2,2,"7,8",73,"Pt did not do recommended exercises,  pt reports pain is still severe,  will explain to pt that pain medication will not be refilled and that he must do recommended exercises. ",0,0,15.126,0,5,5,5,2,5,5,4,4,1,5,4,1,"Recommend ibuprofen for any swelling or pain,  review exercises with pt ","Pt did not do recommended exercises,  I recommend no refills on pain meds,  pt has been advised to do recommended exercises for pain relief. ",3,4,2,2,1,2,2,1,1,5,5,5,5,5,5,1,1,1,1,1,1,1,1,1,1,0,1,50,50,16,Hospice/dementia,Registered Nurse,16,,100,3,Bachelor's ,1,39,,47,2,,1,,,7,6,7,2,2,Treatment,6632fc82-381c-95e6-d370-e4a006c15815
2024-05-01 21:41:47,2024-05-01 21:43:18,0,100,91,1,2024-05-01 21:43:18,R_2hnmfTqlgp7Njot,,,,,36.1988,-86.7881,anonymous,EN,2,,,,,,,,,,,,,,,,,,,,,,,,,,,,,,,,,,,,,,,,,,,,,,,,,,,,,,,,,,,,,,,,,,,,,,,,,,,,,,,,,,,,,,,,,,,,,,,,,,,,,,,,,,,,,,,,,,,,,,,,,,,,,,,,,,,,,,,,,,,,,,,,,,,,,,,,,,,,,,,,,,,,,,,,,,,,,,,,,,,,,,,,,,,,,,,,,,,,,,,,,,,,,,,,,,,,,,,,,,,,,,,,,,,66330a86-70c5-3c96-33b8-b8a3d9bb937d
2024-05-01 21:18:12,2024-05-01 21:47:55,0,100,1782,1,2024-05-01 21:47:55,R_3jmisd33q9h6L8l,,,,,41.4139,-75.6827,anonymous,EN,1,3,,,,,,,,,,,,,,,,,,,,,,,,,,,,,,,,,,,,,,,,,,,,,,,,,,,"1,2,6,7,8",I play games ,16.671,16.671,20.329,1,I play games ,6.75,6.75,20.945,1,1.537,20.123,22.002,10,I contacted people during a fire ,1.521,37.693,60.832,4,Makes life better ,1.806,17.273,18.383,8,I play games ,7.115,7.115,20.654,1,7.008,15.46,16.436,2,I play games ,6.772,6.772,20.068,1,Yankees game ,Don’t be afraid. It’s great ,4.338,32.343,36.193,7,Go home ,,,,,,,,,,,,Get to work ,Do rounds ,Med pass,,,,,,,,Get ups,,3,3,0,0,4.013,0,4.805,9.085,30.026,2,0,0,15.126,0,5,"5,8",53,0,0,15.125,0,4,3,3,4,4,3,2,2,4,4,3,2,"6,7",26,He’s an ass. Cut him off ,0,0,15.024,0,4,4,4,2,4,4,3,4,3,4,4,4,Kill him. ,Death to Dave. ,5,2,4,3,1,4,4,3,4,4,3,3,4,3,4,4,3,2,2,2,2,2,2,2,2,0,0,50,50,25,Icu ,Rn,24,,42,3,Masters ,1,33,,44,1,,3,,,3,4,5,2,2,Control,6633050f-3598-d238-14a9-15bc272daf89
2024-05-01 21:53:29,2024-05-01 22:18:47,0,100,1518,1,2024-05-01 22:18:48,R_7r0XMzb9WWAChsG,,,,,40.1444,-89.3648,anonymous,EN,1,3,,"7,9,2,6",It is imperative to understand various backgrounds of persons that you are caring for being empathetic and taking their perspective to how they're feeling into consideration also helps to assist them and improving their health a holistic approach includes considering various aspects of their lives that pertain to their health and the most important thing is making everything better and healthier for all parties involved,9.627,10.465,18.302,4,Every individual is different and has different histories and experiences therefore that impacts decisions they make on their own health keeping patients informed and helping them understand what their role is in their own health care helps them to make better decisions,3.702,44.445,46.117,7,2.024,4.99,16.896,3,Is important to establish a relationship with patience which helps them gain trust,3.287,62.115,64.987,9,0,0,16.501,0,Have a good relationship with your patients helps them to trust the things you tell them more,1.487,26.366,27.62,3,Patients have various experiences in history also their cultures matter in making important health Care decisions,2.701,21.924,23.123,2,0,0,20.889,0,It is important to establish those goals and make sure that patients doctors and nurses are all on the same page in order to achieve those goals,1.787,26.187,27.36,2,This is the first survey I've had that pertains directly to me as I am a registered nurse and I work in the healthcare fee,I appreciate you establishing me as a new patient I hope that you and I can build a trusting relationship together I hope that you can interpret for me some of the healthcare jargon and help me understand so that I can make better healthcare decisions for myself,1.762,55.52,57.119,14,,,,,,,,,,,,,,,,,,,,,,,,,,,,,,,,,,,,,,,,,,,,,,Get report and begin passing medication,Passing medications,P passing medication,Charting and checking charts faxing physicians making phone calls to physicians and,P preparing for lunchtime medic,Passing medications and sharing residents are enjoying their meals,Sitting talking with residents making sure everyone's eating their lunch,Charting faxing speaking with doctors and families,Enjoying time with residence speaking with doctors and families charting faxing,Preparing for dinner time medications,Meal Time dinner time medication,Preparing for oncoming nurse,,,,,,,,,,,,,3,6,0,0,6.313,1,4.221,29.823,30.002,11,13.185,13.575,15.046,2,9,"6,7",44,0,0,15.155,0,2,2,3,3,5,3,1,1,3,5,3,3,"5,6",47,"Is it still complains of pain 
Dates paying his unapproved x-ray area
",0,0,15.091,0,3,4,4,3,5,,1,3,3,5,3,3,Remind Dave to follow the recommendations initially given,"Increase pain medication 
Remind Dave to implement recommendations 
Follow up with Dave

",7,3,3,3,1,4,4,4,4,3,3,2,2,5,5,3,4,4,3,3,3,3,2,2,2,1,1,50,50,12,Registered nurse ,Registered nurse ,12,,94,4,Master's ,1,14,,55,2,,3,,,7,4,4,3,4,Treatment,66330d98-c3e5-a8ff-e74b-793aa28c7dd9
2024-05-01 22:17:15,2024-05-01 22:21:08,0,100,233,1,2024-05-01 22:21:09,R_1aFg35WXEOw3xry,,,,,30.4509,-91.1563,anonymous,EN,1,7,,,,,,,,,,,,,,,,,,,,,,,,,,,,,,,,,,,,,,,,,,,,,,,,,,,,,,,,,,,,,,,,,,,,,,,,,,,,,,,,,,,,,,,,,,,,,,,,,,,,,,,,,,,,,,,,,,,,,,,,,,,,,,,,,,,,,,,,,,,,,,,,,,,,,,,,,,,,,,,,,,,,,,,,,,,,,,,,,,,,,,,,,,,,,,,,,,,,,,,,,,,,,,,,,,,,,,,,,,,,,,,,,,663311e7-e550-19ea-2d5f-e56cf9a9bdda
2024-05-01 21:22:09,2024-05-01 22:21:45,0,100,3576,1,2024-05-01 22:21:46,R_1xV25XqDo3iM2K9,,,,,42.6193,-82.961,anonymous,EN,1,3,,"7,9,5","Empathy is essential in my nursing practice. This helps me to build a connection which fosters trust and understanding. Patients are often terrified, alone, and overwhelmed. I treat all patients as I would want those whom I love the most to be treated.",2.94,2.998,50.924,2,"It is critical to understand patient's perspectives as this will allow the healthcare team to tailor the plan of care. It takes all aspects of the patient's life in consideration. There are many and sundry reasons why patients develop unhealthy habits, do not seek care, and/or are non-compliant. It is essential to tap into what has caused a patient to do things a certain way. ",4.422,4.422,171.653,1,0,0,53.227,0,Many times I feel that providers are dismissive and/or outright judgemental. They can be short with patients or give the impression that they are hurrying them along. Many patients are intimidated by medical professionals and they do not feel confident asking questions or requesting clarification.,2.257,2.257,107.291,1,0,0,57.789,0,It enhances patient care when a provider can verbalize the sentiments of the patient. It assists in repore. This allows the patient to feel as though they are on the 'same page' as the provider. ,1.687,1.687,103.888,1,The patient will feel heard. Care will be individualized allowing the patient to feel involved and as if the provider actually cares about their outcome.,5.907,5.907,51.903,1,0,0,39.901,0,It has been very beneficial. Working with patients on a tailored plan that takes in consideration their views and daily life allows them to be confident. ,4.158,4.158,66.598,1,I read about the importance in having empathy with patients and considering them as individuals.,"Welcome to the rewarding and often complicated world of medicine. 

You will see a myriad of patients with varying levels of medical knowledge. This is where you will deliver possibly the most important service you can provide, in teaching. Learn about your patients, this will help immensely in creating a comprehensive care plan that they will adhere to. Talk to them, not at them. Hear what they have to say. You will be their advocate. Ask yourself daily, how would I treat the person I love the most, what would my plan of care look like? Then execute it as if the person, who you love was seated in front of you.

Invite questions 
Teach, do not lecture
Do not judge
Listen 
Involve family
Offer viable options and small measurable goals
Be encouraging 
Share a personal story, which will help humanize, in a time where patients are scared and/or intimated
Most of all, be empathetic. 

You will see patients from all walks of life. Please treat them with the utmost respect, devoid of judgement. Their very life depends on you. 

Good luck and God speed.",8.441,819.899,841.401,58,,,,,,,,,,,,,,,,,,,,,,,,,,,,,,,,,,,,,,,,,,,,,,"Arrival, report, and rounds",Begin administering medications,Continue meds/assessments,Conclude med admin,Meet with families,Review labs/make contact with physicians as needed,Medication admin/rounds,Continue with tasks/wound care/etc,"Wind down, document, report",N/A,N/A,N/A,N/A,N/A,N/A,N/A,N/A,N/A,N/A,N/A,N/A,N/A,N/A,N/A,6,5,0,0,4.022,0,0,0,30.029,0,0,0,15.033,0,3,"7,8",35,0,0,15.028,0,4,4,5,1,5,1,1,1,3,5,3,5,"6,8",63,"Patient returns. Non-compliant with directives. Ordered tramadol for intractable pain, higher dose lidocaine patch. Patient to return in 1 month or before if pain worsens. Provided teaching.",0,0,15.135,0,4,5,5,1,5,3,1,1,3,5,3,1,Conversation regarding barriers to self care,Patient returns 3 weeks later. No improvement in pain. Non-compliant. Teaching provided.,3,4,3,2,1,5,5,5,5,4,4,4,4,4,5,2,3,2,2,1,1,1,1,1,1,0,1,100,0,21,Med surg telemetry ,Registered Nurse,21,,60,3,ADN,1,23,,49,2,,1,,,6,5,5,3,3,Treatment,66330532-b265-6a2b-6331-fd31d8738454
2024-05-01 22:05:35,2024-05-01 22:26:10,0,100,1235,1,2024-05-01 22:26:11,R_5DcnW6RGBNTvDdD,,,,,37.386,-79.2191,anonymous,EN,1,3,,,,,,,,,,,,,,,,,,,,,,,,,,,,,,,,,,,,,,,,,,,,,,,,,,,"1,6",I use this at work to have proof of my residents vitals,4.26,7.325,15.821,4,Getting on survey apps and applying for more jobs ,2.206,2.206,20.201,1,0,0,15.761,0,I connect on zoom it’s an easier way to contact your employees ,5.604,5.604,25.659,1,Yes it improved my work a lot ,0,0,15.873,0,I use it to find more jobs in my area and use it to do my surveys for more money ,5.058,5.058,24.277,1,0,0,15.987,0,To do surveys and play games ,4.092,4.092,14.601,1,I read about technology and how to use it ,Covid-19 has really increased since people hasn’t been wearing there mask and babies are getting sick easily,0.842,57.026,58.011,6,Fed the residents ,Got there food up,Changed them ,Have them lunch ,Cleaned up there tray ,Bathe them,Play activities ,Take them to there room ,Clock out,,,,,,,,,,,,,,,,1,4,0,0,4.014,0,7.042,7.042,30.026,1,10.304,10.304,15.022,1,11,"5,7",61,0,0,15.024,0,4,3,2,5,5,3,1,1,2,5,5,5,"2,5",99,Nothing just reward me already ,0,0,15.022,0,3,5,1,4,3,5,3,1,3,4,1,4,Ask him is there anything else you can help him with and try to send him on ,It’s really no follow up he doesn’t want to go to the doctor or be seen ,6,3,2,1,1,2,5,1,2,2,3,1,2,4,1,3,1,5,3,1,4,5,1,4,2,0,1,50,50,3,Certified nurse,Nurse,41,,25,3,Finished college ,1,48,,19,2,,3,,,9,7,6,3,2,Control,66331070-4a64-82c6-1073-78cc6f0f47b1
2024-05-01 22:31:58,2024-05-01 22:32:29,0,100,30,1,2024-05-01 22:32:29,R_3Qv0ezDGuUTrmDY,,,,,35.2296,-80.843,anonymous,EN,1,7,Cna,,,,,,,,,,,,,,,,,,,,,,,,,,,,,,,,,,,,,,,,,,,,,,,,,,,,,,,,,,,,,,,,,,,,,,,,,,,,,,,,,,,,,,,,,,,,,,,,,,,,,,,,,,,,,,,,,,,,,,,,,,,,,,,,,,,,,,,,,,,,,,,,,,,,,,,,,,,,,,,,,,,,,,,,,,,,,,,,,,,,,,,,,,,,,,,,,,,,,,,,,,,,,,,,,,,,,,,,,,,,,,,,,6633163c-16a2-e666-4d8e-fe907cec0a13
2024-05-01 23:08:25,2024-05-01 23:08:40,0,100,15,1,2024-05-01 23:08:41,R_7lRcuMYVMdUrvZ2,,,,,30.0955,-81.7198,anonymous,EN,2,,,,,,,,,,,,,,,,,,,,,,,,,,,,,,,,,,,,,,,,,,,,,,,,,,,,,,,,,,,,,,,,,,,,,,,,,,,,,,,,,,,,,,,,,,,,,,,,,,,,,,,,,,,,,,,,,,,,,,,,,,,,,,,,,,,,,,,,,,,,,,,,,,,,,,,,,,,,,,,,,,,,,,,,,,,,,,,,,,,,,,,,,,,,,,,,,,,,,,,,,,,,,,,,,,,,,,,,,,,,,,,,,,,66331f08-1c15-3f0b-b37f-73d65ffd952f
2024-05-01 22:57:36,2024-05-01 23:24:21,0,100,1604,1,2024-05-01 23:24:21,R_73UcAqURhR9YZXO,,,,,43.0584,-71.4578,anonymous,EN,1,3,,,,,,,,,,,,,,,,,,,,,,,,,,,,,,,,,,,,,,,,,,,,,,,,,,,"1,2,3,4,5,6,7,8",I use it for many things streamign tv social media and takking with family,11.702,17.872,20.926,5,"I use it to watch TV streaming videos,music listening and I use it for scoal media and also with family and friends on zoom live chats",1.789,59.082,59.761,6,1.226,16.067,17.029,7,When covid hit the world shut down and I am in medical field so I had to rely on technology with my kids and husband because we had to be apart because I was exposed everyday to covid and worked on covid units.So we would do video chats and talk and even fall asleep togeathwr with video ,1.898,123.288,124.081,10,It helped me stay I. Contact and keep my relationships strong through the roughest times.,2.57,9.873,16.373,3,I use it for streaming services such as Netflix hulu amazon.I also use it to.watch movies,1.327,67.093,67.724,9,12.495,16.447,17.438,2,I watch movies I stream music and I also use it for Facebook ,1.206,27.486,28.119,9,I read about technology and what I use it for in my personal life.,Technology has helped me in so many parts of my life.Like Covid times especially I am Nurse and my normal floor I worked on became a covid floor this took me away from my family because I spent longer hours longer shifts so I was exposed to covid for lomg periods of time.So I had to separate from husband and children so I wouldn't get them sick or expose them.Technolodgy my computer my phone my tablet that was my form of communication with them we would talk and do live video and even fall asleep with eachtother on the computer this kept our marriage strong and our kids happy just to see and hear my voice and see my face.I am so great ful with Technology we have because I wouldn't of made it without it.,1.54,305.219,306.035,3,,,,,,,,,,,,,,,,,,,,,,,,,1,5,0,0,4.023,0,10.121,28.147,30.136,7,0,0,15.034,0,5,"1,6",,0,0,15.033,0,4,5,4,4,5,2,2,5,1,5,3,5,"7,8",,Dave needs to do treatment plan as directed and taken over the counter medications,0,0,15.033,0,5,5,5,5,5,5,5,5,1,5,1,2,I would tell Dave until he follows treatment plan and he has refused to do so that there is nomore we can do for him until he follows orders.,Dave has refused to do his treatment plan we gave him all the medications and reduced them after so many weeks and he keeps coming back saying he did not do his treatment as directed and he keeps medication seeking this seems more like another issue that needs addressing.,8,1,4,3,1,4,4,4,4,5,5,5,5,5,5,2,3,1,2,2,2,2,1,1,,0,0,50,50,8,Registered Nurse,Registered Nurse ,8,,79,4,Bachelor ,1,22,,34,2,,4,,,10,4,6,4,3,Control,66331bd2-9314-e088-096a-0a10c156c95d
2024-05-01 23:07:29,2024-05-01 23:54:22,0,100,2812,1,2024-05-01 23:54:23,R_59d5rQwsvDAvpRv,,,,,47.2573,-122.4921,anonymous,EN,1,1,,,,,,,,,,,,,,,,,,,,,,,,,,,,,,,,,,,,,,,,,,,,,,,,,,,"1,5,8",sent an email uising my laptop,26.91,27.103,29.247,2,doing work tasks and for communicating,1.793,1.793,42.847,1,19.753,21.617,22.574,4,through socia media,13.487,18.145,38.69,2,"by reaching out to people about health and environmental conservation
",3.677,4.736,137.326,3,by searching for new shows and gamings,1.268,1.268,30.402,1,10.404,10.765,87.903,3,listening to music,5.094,26.256,27.52,2,the war in middle east an ukraine,"Science, Technology & Society (STS) is an interdisciplinary field of study that seeks to explore and understand the many ways that modern science and technology shape modern culture, values, and institutions, and how modern values shape science and technology.",2.325,115.057,116.208,6,departing to work,get to my officee,day to day work,tea break,atttending to atients,lunch break,lunch break,back to my officee,attending to patients,close the office,drive home,arrive home,take a nap,take a nap,have my dinner,take my night tea,sleep,sleep,slepp,sleep,sleep,sleep,wake up,prepare,6,6,0,0,4.013,0,6.541,16.791,30.025,2,12.301,14.352,15.021,3,9,"2,3",100,0,0,15.026,0,1,1,5,1,5,1,1,1,5,5,5,5,"2,4",61,"visit aftrer one week
get screened for his injuries
visiot a gaion after one week",0,0,15.027,0,1,1,5,1,5,1,5,1,5,5,5,5,giving hi a weekly appointment,"checking how his injury is
whether he is taking his medication",9,1,5,3,1,5,5,5,5,5,5,5,5,5,5,1,1,1,1,1,1,1,1,1,1,1,1,50,50,16,general care,owner,11,,82,3,bachelor,1,1,,49,1,,3,,,10,1,6,3,3,Control,66331eea-3a8b-1ca9-44a1-306899696427
2024-05-01 22:31:52,2024-05-02 00:11:26,0,100,5974,1,2024-05-02 00:11:27,R_2ah2UnlPXsnuggx,,,,,41.6997,-70.9087,anonymous,EN,1,3,,"9,2,6","Empathy is an important value to have as a Registered Nurse because we see patients at some of the worst times in their lives when they are vulnerable, scared, and hurting in some way whether physically/psychologically or often times both.  It is important to remember as humans we all experience suffering and often times need validation of our experiences, education on the unknown, and knowing someone is there with us through this time and that's the role of the nurse, to say I see you are suffering, and I am here to help you through that, whatever that means to you. ",0,0,59.829,0,"By taking the time to listen to our patients perspectives we can provide patient-centered care that focuses on what the patient sees as a priority.  By focusing our care on the highest needs of our patient we start to establish trust and can engage in shared-decision making.  When decisions are shared and prioritized with patient's needs in mind, patients tend to increase adherence to the plan of care and patient outcomes and satisfaction improves. ",3.774,1085.166,1101.695,48,0,0,68.301,0,"In my experience, some reasons patients or families may be anxious or hesitate to ask questions is because 1. they don't speak the same language and this creates a barrier to communication effectively and efficiently at times, especially depending on communication services available. 2. Another reason is due to time constraints, provider has limited time and patient feels rushed, they may not be made to feel like a priority. 3.The patient or family member may not know what to ask because they do not know what is important or 4. they are unfamiliar with the US healthcare system and or the 5. unfamiliar with diagnosis, limited understanding of medical terminology or use of medical facilities. 5. Sometimes patients and family members are in shock depending on the medical situation and they may not be cognitively able to even process what is happening never-mind know what questions to ask, they may feel overwhelmed and have sensory and information overload.",2.008,485.142,486.686,19,0,0,49.767,0,Understanding a patient's perspective will have a positive effect on patient adherence to plan of care. ,3.389,3.389,75.913,1,"When the patient feels heard and respected which helps them trust their provider, the patient will increasingly adhering to a plan of care which is likely designed to improve patients health and get patient back to whichever goal they originally set together. It's a win-win for both. ",1.229,118.746,127.371,6,0,0,25.121,0,"It has been beneficial to engage the patient in shared-decision making when it comes to their goals as it builds trust between the provider and patient and sometimes we have limited time to build that trust.  Patients are much more likely to engage in behaviors that will complete the goals if they are driven by their own wants and needs and they feel they have support and are not alone.  A nurses role is much of the time educating, supporting, and guiding our patients to the best course of action based  on their wishes, values, and needs. increased patient satisfaction is also likely when the patient provider relationship is based on trust, utilizes active communication, and shared decision making. 
",1.708,607.983,611.577,35,I read about ways that providers and patients can establish better relationships which with improve patient outcomes and make the patient feel heard. ,"It is important you understand as healthcare providers we provide care to our patient and it's up to them to decide if they want to use it.  Please listen to your patients, from day one.  Listen to their story, it will give you the answers to what they value most, what is most important to them, and it will establish trust in your relationship. Take the time to listen to your patients and ask them personal questions about themselves and their families and who they are.  In listening to their story you will identify key details to their health journey and what they value the most which can help us as healthcare providers guide our patients to the best avenue for them to receive the care that is in alignment with their needs and wants.  It is not our job to make decisions for our patients, it is our job to provide them with the knowledge, support, and the resources they need to make the best decision for themselves.
",76.482,495.098,520.141,16,,,,,,,,,,,,,,,,,,,,,,,,,,,,,,,,,,,,,,,,,,,,,,Receive report from RN for one patient/introduce myself to patient and her husband/establish goals for the evening and plan for the night and ways to reach me when husband leaves and addressed all questions/ provided ice packs for headache/stopped IV antibiotic/Flushed PICC/IV lines/answered other roomate call light and provided medication administration,"Neuro exam, full physical assessment, EKG, I&O, medications administered, turned/repositioned/reassess pain, provided eye drops/ointment","reassess pain, patient received bed on another unit, packed patient up, called pt's husband and let him know patient was transferring to another unit, communicated with physcian to place transfer orders and give md to md report and let me know when that was completed, then found a strether, collaborated with PCA to transfer pt over to stretcher, drew and sent timed labs prior to transfer so there would not be delay in results, called report and transferred patient  myself to unit above ours, made our front desk aware patient was being transferred and grabbed written chart to hand off to next unit, signed transfer note, noted belongings","helped settle patient to new unit, cleaned stretcher and brought back down to unit. did a round on the unit to see if any one needed assistance with adls, labs, IV placement, turns. ","was able to eat, got told I was getting an adminission from the ed. did chart check on patient of provdier notes, labs taken, medications ghivn, and reviwed current neuro exam and plan of care, recieved report from ed nurse, paged pca about incoming patient needs and assisted her with getting room set up for patient arrival","patient arrived to our unit, neuro exam qhr, labs assessed, reversal of anticoagulation continued, ivf bolus given, set pt up on heart monitor, ekg, temp, weight, bp cycles every 30 minutes, spot continuous monitoring on, full physical assessment, additional iv access placed, belongings went through, hcp verfied,","MD at bedside for neuro exam, clarifying medications and plan of care, collaborate with PCA to set pt up for Head CT, need travel monitor at bedside, reposition patient",Travel to CT department with ICU bed and back,pt sleep,"neuro exam, turn, reposition, i&O, pain assessment, ","assessing orders, communicating with physician about need for wound rn consult and social sevices consult and case management referalls. also, asking for updates on head ct-which was stable","Neuro surgery department assess performing neuro exam with rn at bedside, discuss nonsurgical plan of care due to stability of scan and exam, pt no longer need to be npo, neuro icu md paged to change order , diet order placed and pt given ensure per request, turn, mouth care provided, all needs met and questions answered",in between this night also had moments I was able to help nurses with repositions and baths. helped with a code situation and admitting another patient. gave report to oncoming nurse. ,drive home 1 hr,get home,shower,replay day in my head,do school work,go to bed,sleep,sleep,sleep,sleep,sleep,3,6,0,0,4.012,0,0,0,30.016,0,7.535,14.584,15.113,3,5,"6,7",46,10.474,15.023,15.115,2,4,4,5,1,5,3,1,1,3,5,3,1,"6,7",,"'-After further assessment, pt unable to obtain medications from pharmacy.
-Pt was introduced to a pharmacy service where they can deliver the medication to him,.
-Plan to follow up in one week, continue to use ice packs and elevate as needed, 
-Orthopedic consult placed ",5.24,13.99,15.116,4,5,4,5,1,5,,1,1,3,5,3,1,"Assess thoughts he has about pain management, history of pain medication usage, pt/ot consult, orthopedic consult for more recocommendations, psychological assessment to find if depression could have anything to do with lack of motivation, are their other issues hindering him from being compliant that i can help with? I think there is more assessment I would want to do. ","Upon futher assessment, Dave is unable to get his prescriptions due to his pharmacies hours and therefore he was assisted to set up delivery service and now will have the medication delivered to him. He states he is nervous about using pain medication therefore he was educated on tramadol and acetaminophen and also alternative therpay such as ice and using a brace. orthopedic consult was placed. follow up in one week to assess for usage of medication, pain relief. Depression screening. PT/OT consult. ",5,3,4,2,1,5,5,4,4,2,4,4,2,4,5,4,4,4,4,1,3,1,3,3,4,1,1,50,50,14,Neuro ICU,Staff Nurse,6,,60,3,"BSN, currently in Master's Degree Program for Psychiatric Mental Health Nurse Practitioner",1,22,,34,2,,1,,,6,2,5,2,3,Treatment,663314d8-2136-9232-ead7-bfa8f74fb572
2024-05-01 21:36:29,2024-05-02 00:17:58,0,100,9688,1,2024-05-02 00:17:59,R_2hLLg0gIB9eybFc,,,,,38.8015,-90.2062,anonymous,EN,1,3,,"9,3,5",I feel like it's showing empathy to your patience is very important if you don't show them everything how would your patient think that you care and why would I trust you to put they like to put you in a life in advance,7.71,327.893,328.581,7,Video Livermore I need to be taken a little bit more spirit because this is more important than anything,0.725,2.645,21.275,2,17.234,17.234,35.71,1,Because they're not doctors they don't know anything about position some people might know but a lot of people don't know and who wouldn't ask questions about their health and isn't somebody else's hands,4.497,4.497,21.502,1,18.372,18.372,40.7,1,Understanding of patience perspective on thing will most definitely make it a much smoother appointment for them and them and us just been on the same page,1.574,1.574,24.591,1,Listening in the patients perspective in a positive influence can most definitely helpful patient be very confident in their disease and having you been confident as well,11.335,20.196,39.752,3,20.366,20.366,28.976,1,Being able to see my patients' perspective and side of things about their healthy most definitely help us to have a better relationship when it comes to certain things,5.321,5.321,22.4,1,I just read about how patients feel about the Healthcare System,Dear new healthcare provider please do not get offended by the questions asked about your patients please take your job seriously and please care a lot because the wrong mistake can cost you your whole career,26.504,57.889,58.673,8,,,,,,,,,,,,,,,,,,,,,,,,,,,,,,,,,,,,,,,,,,,,,,,,,,,,,This was a very busy day for me I was very tired and exhausted when I came in,Around this time I was doing my rounds and I was checking on,I giving out medications giving people new RV bags,Around this time I go outside for a quick smoke break,Then I go around to make sure that all the patients are happy with their their dinner that they're having,Around helping everybody making sure that everybody shift is clean and just making sure that the,Helping everybody making sure that everybody shift is clean and just making sure that the patients doesn't this is when I take my hour break and I decide to have my lunch eat at the cafeteria, this is when I take my hour break and I decide to have my lunch eat at the cafeteria I,Sometimes I stayed over to help everybody,,,,,,,,,6,2,0,0,4.15,0,2.949,28.671,30.065,6,2.947,4.862,15.153,3,10,"2,4",100,9.648,12.466,15.191,2,3,5,5,1,5,3,1,4,1,5,1,1,"2,3",100,Dave is still complaining about the pain and he said that he has not been doing with I have prescribed for him to do for the pain,9.917,9.917,15.067,1,1,5,5,1,5,5,1,5,1,5,2,2,I will give Dave a few options I will let him know he will have to do this or if not only brother we just going to have to do surgery,Dave is still talking about he having pain and he's not following the doctor's orders,5,1,3,3,1,5,4,5,4,4,5,5,4,4,5,1,2,1,1,1,1,1,1,2,2,1,1,45,55,7,Regristed nurse ,Regristed r,5,,72,3,6,1,26,,24,2,,3,,,5,1,3,2,3,Treatment,66330986-d966-6c23-7a2d-5adc3daa3eb8
2024-05-02 00:25:59,2024-05-02 00:27:44,0,100,105,1,2024-05-02 00:27:45,R_19lSoDlRMSxwVnY,,,,,30.3608,-91.0917,anonymous,EN,2,,,,,,,,,,,,,,,,,,,,,,,,,,,,,,,,,,,,,,,,,,,,,,,,,,,,,,,,,,,,,,,,,,,,,,,,,,,,,,,,,,,,,,,,,,,,,,,,,,,,,,,,,,,,,,,,,,,,,,,,,,,,,,,,,,,,,,,,,,,,,,,,,,,,,,,,,,,,,,,,,,,,,,,,,,,,,,,,,,,,,,,,,,,,,,,,,,,,,,,,,,,,,,,,,,,,,,,,,,,,,,,,,,,663330b6-c2e0-da48-a918-ac7c8a4b79f8
2024-05-02 01:16:35,2024-05-02 01:17:15,0,100,40,1,2024-05-02 01:17:16,R_5bZXimj3YIz0ctZ,,,,,30.1212,-95.2678,anonymous,EN,1,7,Medical assistant ,,,,,,,,,,,,,,,,,,,,,,,,,,,,,,,,,,,,,,,,,,,,,,,,,,,,,,,,,,,,,,,,,,,,,,,,,,,,,,,,,,,,,,,,,,,,,,,,,,,,,,,,,,,,,,,,,,,,,,,,,,,,,,,,,,,,,,,,,,,,,,,,,,,,,,,,,,,,,,,,,,,,,,,,,,,,,,,,,,,,,,,,,,,,,,,,,,,,,,,,,,,,,,,,,,,,,,,,,,,,,,,,,66333ca8-5f50-b716-f58a-ebd5bde659da
2024-05-02 02:00:48,2024-05-02 02:03:06,0,100,138,1,2024-05-02 02:03:07,R_33DthsSlx0esxhv,,,,,36.2489,-82.835,anonymous,EN,1,7,Licensed practical nurse ,,,,,,,,,,,,,,,,,,,,,,,,,,,,,,,,,,,,,,,,,,,,,,,,,,,,,,,,,,,,,,,,,,,,,,,,,,,,,,,,,,,,,,,,,,,,,,,,,,,,,,,,,,,,,,,,,,,,,,,,,,,,,,,,,,,,,,,,,,,,,,,,,,,,,,,,,,,,,,,,,,,,,,,,,,,,,,,,,,,,,,,,,,,,,,,,,,,,,,,,,,,,,,,,,,,,,,,,,,,,,,,,,663345e9-a37a-0c11-6ced-d13d54ebfa5c
2024-05-02 05:34:34,2024-05-02 05:35:43,0,100,68,1,2024-05-02 05:35:44,R_1LT0pzHhN0J6FXP,,,,,43.4282,-83.9764,anonymous,EN,2,,,,,,,,,,,,,,,,,,,,,,,,,,,,,,,,,,,,,,,,,,,,,,,,,,,,,,,,,,,,,,,,,,,,,,,,,,,,,,,,,,,,,,,,,,,,,,,,,,,,,,,,,,,,,,,,,,,,,,,,,,,,,,,,,,,,,,,,,,,,,,,,,,,,,,,,,,,,,,,,,,,,,,,,,,,,,,,,,,,,,,,,,,,,,,,,,,,,,,,,,,,,,,,,,,,,,,,,,,,,,,,,,,,663377a8-444d-7697-9714-1539bcf4cfe2
2024-05-02 05:38:11,2024-05-02 05:38:26,0,100,14,1,2024-05-02 05:38:27,R_2DzHu2CEYDByMP8,,,,,39.489,-104.8298,anonymous,EN,2,,,,,,,,,,,,,,,,,,,,,,,,,,,,,,,,,,,,,,,,,,,,,,,,,,,,,,,,,,,,,,,,,,,,,,,,,,,,,,,,,,,,,,,,,,,,,,,,,,,,,,,,,,,,,,,,,,,,,,,,,,,,,,,,,,,,,,,,,,,,,,,,,,,,,,,,,,,,,,,,,,,,,,,,,,,,,,,,,,,,,,,,,,,,,,,,,,,,,,,,,,,,,,,,,,,,,,,,,,,,,,,,,,,66337a96-4999-8c4e-b313-f45913166da1
2024-05-02 13:25:37,2024-05-02 13:26:17,0,100,40,1,2024-05-02 13:26:18,R_5RB5bBDHM8D2kOR,,,,,35.9825,-78.5376,anonymous,EN,1,7,nurse anesthetist ,,,,,,,,,,,,,,,,,,,,,,,,,,,,,,,,,,,,,,,,,,,,,,,,,,,,,,,,,,,,,,,,,,,,,,,,,,,,,,,,,,,,,,,,,,,,,,,,,,,,,,,,,,,,,,,,,,,,,,,,,,,,,,,,,,,,,,,,,,,,,,,,,,,,,,,,,,,,,,,,,,,,,,,,,,,,,,,,,,,,,,,,,,,,,,,,,,,,,,,,,,,,,,,,,,,,,,,,,,,,,,,,,6633e7f5-a1dc-b4d9-55c0-e09aa2e37117
2024-05-02 13:53:10,2024-05-02 14:16:13,0,100,1383,1,2024-05-02 14:16:14,R_15NERubxk6kidjH,,,,,39.1091,-84.6082,anonymous,EN,1,3,,,,,,,,,,,,,,,,,,,,,,,,,,,,,,,,,,,,,,,,,,,,,,,,,,,"5,6,7,8",None. ,0,0,31.532,0,Communication health ,2.038,2.038,12.328,1,0,0,19.305,0,During COVID best communication was through social media platforms ,5.17,27.453,27.849,3,None,0,0,86.741,0,None,1.684,9.485,24.578,4,0,0,15.875,0,Nonetheless ,1.445,1.445,5.541,1,I read about the effectiveness of technology ,Technology can be useful in many different ways.   To check on family to check in at your home when not there and to simply check the weather.  ,1.3,84.887,85.945,8,Good,Good,Good,Smooth,,,,,,,,Good,,,,,,,,,,,,,3,2,0,0,4.111,0,1.526,20.708,30.084,11,2.901,4.319,15.025,5,8,"3,4",63,11.565,12.063,15.024,2,1,5,5,3,5,1,1,2,3,5,4,3,"1,3",58,None,0,0,15.026,0,4,5,5,5,5,4,2,4,2,5,3,3,Pain meds,None,5,2,3,2,1,5,3,5,3,5,5,5,5,4,3,1,1,4,1,3,3,1,2,2,3,1,1,50,50,10,None,Rn,5,,88,2,B,1,36,,36,2,,3,,,7,7,5,2,2,Control,6633ee23-9261-0781-def6-c0934f7ea80e
2024-05-02 14:28:41,2024-05-02 14:29:26,0,100,45,1,2024-05-02 14:29:27,R_2NDQ4Y4vjzGfVwf,,,,,26.2422,-81.8062,anonymous,EN,2,,,,,,,,,,,,,,,,,,,,,,,,,,,,,,,,,,,,,,,,,,,,,,,,,,,,,,,,,,,,,,,,,,,,,,,,,,,,,,,,,,,,,,,,,,,,,,,,,,,,,,,,,,,,,,,,,,,,,,,,,,,,,,,,,,,,,,,,,,,,,,,,,,,,,,,,,,,,,,,,,,,,,,,,,,,,,,,,,,,,,,,,,,,,,,,,,,,,,,,,,,,,,,,,,,,,,,,,,,,,,,,,,,,6633f73f-16d6-b39c-7a9a-d0664f4052e5
2024-05-02 15:30:33,2024-05-02 15:34:11,0,100,218,1,2024-05-02 15:34:12,R_2d4Ql4m6UsX7b1v,,,,,39.9152,-75.0739,anonymous,EN,2,,,,,,,,,,,,,,,,,,,,,,,,,,,,,,,,,,,,,,,,,,,,,,,,,,,,,,,,,,,,,,,,,,,,,,,,,,,,,,,,,,,,,,,,,,,,,,,,,,,,,,,,,,,,,,,,,,,,,,,,,,,,,,,,,,,,,,,,,,,,,,,,,,,,,,,,,,,,,,,,,,,,,,,,,,,,,,,,,,,,,,,,,,,,,,,,,,,,,,,,,,,,,,,,,,,,,,,,,,,,,,,,,,,663404ef-47f0-f3ee-94df-ad44b02c5886
2024-05-02 16:24:13,2024-05-02 16:24:49,0,100,36,1,2024-05-02 16:24:50,R_7JDCz3JVOsuq6yy,,,,,42.4257,-83.1522,anonymous,EN,2,,,,,,,,,,,,,,,,,,,,,,,,,,,,,,,,,,,,,,,,,,,,,,,,,,,,,,,,,,,,,,,,,,,,,,,,,,,,,,,,,,,,,,,,,,,,,,,,,,,,,,,,,,,,,,,,,,,,,,,,,,,,,,,,,,,,,,,,,,,,,,,,,,,,,,,,,,,,,,,,,,,,,,,,,,,,,,,,,,,,,,,,,,,,,,,,,,,,,,,,,,,,,,,,,,,,,,,,,,,,,,,,,,,663411ec-9e74-4f0e-3829-ad0226d24979
2024-05-02 18:09:29,2024-05-02 18:10:25,0,100,56,1,2024-05-02 18:10:26,R_5X0TENrYaSBqDa8,,,,,42.8167,-73.9256,anonymous,EN,1,7,Pharmacy Tech ,,,,,,,,,,,,,,,,,,,,,,,,,,,,,,,,,,,,,,,,,,,,,,,,,,,,,,,,,,,,,,,,,,,,,,,,,,,,,,,,,,,,,,,,,,,,,,,,,,,,,,,,,,,,,,,,,,,,,,,,,,,,,,,,,,,,,,,,,,,,,,,,,,,,,,,,,,,,,,,,,,,,,,,,,,,,,,,,,,,,,,,,,,,,,,,,,,,,,,,,,,,,,,,,,,,,,,,,,,,,,,,,,66342a6f-27fb-75d3-816d-77a36c1c488c
2024-05-02 18:34:01,2024-05-02 19:14:53,0,100,2451,1,2024-05-02 19:14:54,R_1EBLe6srS5wArEB,,,,,42.4248,-83.1951,anonymous,EN,1,3,,"9,3,5",Because I care about my patients ,7.942,16.169,16.998,9,Because some of my patients are very sick and fragile and need me the most ,22.155,22.8,84.726,2,3.49,15.23,15.805,6,Some patients do like to hear the truth ,8.601,8.601,37.959,1,1.31,14.756,18.89,12,I want my patients to be honest with me so I can give them the best recommendations ,13.4,13.4,63.127,1,By doing what they are supposed to do and take their medication ,10.872,10.872,48.158,1,1.824,13.304,16.421,6,It has been my pleasure to assist them and being honest with them ,22.817,30.195,76.778,2,My patients and caring for them ,"I am very happy with my job and would continue to assist with my patients 
",7.657,104.482,108.2,15,,,,,,,,,,,,,,,,,,,,,,,,,,,,,,,,,,,,,,,,,,,,,,Got ready for work ,Started my shift ,Did my rounds,Gave them their medicine ,They're vitals,Did paper work ,Had lunch ,Gave them more medicine ,Did more paper work ,Clocked out,,,,,,,,,,,,,,,3,3,0,0,4.126,0,11.912,11.923,30.031,2,13,14.828,15.015,3,5,"3,5",29,0,0,15.028,0,3,3,5,3,5,1,1,1,4,5,4,2,"3,5",41,Dave pain is no improvement ,0,0,15.032,0,3,3,5,2,5,1,1,1,5,1,5,2,Up the doses ,Dave pain haven't gotten better ,5,3,2,3,1,3,3,4,4,4,3,4,3,3,3,3,2,1,1,1,1,1,1,1,1,0,0,50,50,16,Manger ,Manger ,10,,68,4,High school graduate ,1,23,,46,2,,3,,,8,6,2,2,2,Treatment,66342fe6-c86d-5b3d-b5c7-799c023576e6
2024-05-02 19:25:08,2024-05-02 19:27:59,0,100,170,1,2024-05-02 19:27:59,R_2E0IJHxwrdzgJwB,,,,,32.7797,-96.8022,anonymous,EN,1,7,Cna,,,,,,,,,,,,,,,,,,,,,,,,,,,,,,,,,,,,,,,,,,,,,,,,,,,,,,,,,,,,,,,,,,,,,,,,,,,,,,,,,,,,,,,,,,,,,,,,,,,,,,,,,,,,,,,,,,,,,,,,,,,,,,,,,,,,,,,,,,,,,,,,,,,,,,,,,,,,,,,,,,,,,,,,,,,,,,,,,,,,,,,,,,,,,,,,,,,,,,,,,,,,,,,,,,,,,,,,,,,,,,,,,66343c2f-a1bd-7705-2b01-3eee6604b41b
2024-05-02 18:52:47,2024-05-02 19:46:39,0,100,3231,1,2024-05-02 19:46:39,R_5g6eXfGMgqZ9PUM,,,,,33.6563,-112.1706,anonymous,EN,1,3,,,,,,,,,,,,,,,,,,,,,,,,,,,,,,,,,,,,,,,,,,,,,,,,,,,"1,5,7","I use spotify to listen to music in my free time. It provides all my favorite music, including contemporary hawaiian music which is nice because i no longer live in Hawaii ",6.601,15.249,16.141,7,"Text my family, check weather,  check email ",1.995,66.439,67.565,5,6.635,9.315,24.025,3,Zoom meetings for work during the pandemic helped us to keep in touch with each other when our schools closed down ,22.245,192.162,193.144,4,I don't really utilize zoom for meetings since we are back to in-person learning,20.848,64.809,98.693,7,"I stream movies and shows on Netflix, Hulu and Max. I also watch videos on YouTube ",10.084,114.839,139.62,3,21.55,47.403,65.676,2,After work i sometimes watch my favorite shows like Seinfeld on netflixnif there's nothing good on TV. If i miss the local news I watch it on the app.,11.863,65.113,84.401,5,Technology has improved access to communication and entertainment ,Did you know that you can use your smartphone to do a video call with a loved one from lives far away? You can also order groceries online and have it delivered to your door- you can go shopping without leaving your home. You can watch movies that you love whenever you want from the comfort of your home. You can order your medications online and have it delivered to your door. Technology makes it easier to access many necessary things.  ,48.234,673.478,678.58,39,Open up office at 730a. Prep meds for the day.,School starts.  Administer meds as ordered. See injured/ill students,See injured/ill students,See injured/ill students,Administer meds as ordered. See injured/ill students,Daily meds. See injured/ill students. ,See injured/ill students,See injured/ill students. Complete charting,"Finish charting,  any reports. School ends. Work done at 330.",,,,,,,,,,,,,,,,4,3,0,0,4.039,0,9.901,23.647,30.063,9,0,0,15.039,0,6,"6,8",21,0,0,15.166,0,3,2,4,2,5,2,1,3,3,5,5,5,"5,8",44,Not responding to low dose of tramadol and lidocaine.  Recommend slightly higher dose but encourage follow up with recommendations ,0,0,15.161,0,4,4,4,4,4,3,3,3,2,4,4,3,"I would recommend following up with therapy, no more prescription pain meds , he needs to follow up with recommendations ","Has been given low and moderate doses of pain meds, reports no pain improvement but has not been compliant with treatment recommendations ",5,2,3,2,1,4,3,4,4,3,3,4,3,4,3,2,3,2,3,2,2,2,2,2,2,1,1,90,10,28,Community health/school nursing ,School Nurse RN,6,,75,3,BSN,1,3,,53,2,,2,,,6,4,6,2,2,Control,66343453-41ff-a096-a324-f176b80097ee
2024-05-02 19:48:47,2024-05-02 19:49:27,0,100,40,1,2024-05-02 19:49:28,R_15dxHAkZUNxWhQ5,,,,,29.4698,-98.5357,anonymous,EN,1,7,Lvn ,,,,,,,,,,,,,,,,,,,,,,,,,,,,,,,,,,,,,,,,,,,,,,,,,,,,,,,,,,,,,,,,,,,,,,,,,,,,,,,,,,,,,,,,,,,,,,,,,,,,,,,,,,,,,,,,,,,,,,,,,,,,,,,,,,,,,,,,,,,,,,,,,,,,,,,,,,,,,,,,,,,,,,,,,,,,,,,,,,,,,,,,,,,,,,,,,,,,,,,,,,,,,,,,,,,,,,,,,,,,,,,,,66344177-4e8d-b139-c1f2-2bee3689f42b
2024-05-02 19:23:39,2024-05-02 20:34:50,0,100,4270,1,2024-05-02 20:34:51,R_2pYitnVvKlIpr33,,,,,42.3291,-71.1815,anonymous,EN,1,1,,"7,9,3",I believe and each motivational interviewing and ways to address psychosocial issues dealing with chronic illnesses,6.337,49.614,51.075,7,"Lots of medical problems involve patient compliance. However, this must be balanced with learning issues, sufficient time from the medical team to interact with patients in a positive, empowered, motivational interviewing style to share informaton about their illness, share their key role as a family member or as the patient and to help them understand their own needs, barriers and address how these can work together to make them healthier, take the appropriate decisions about their lifestyle, take medications corretly and improe their own outcomes. un",3.547,3.547,143.863,1,1.841,63.914,64.55,6,"Too little time from HCP with patients. HCP always in a rush to see next patient, order tests, write prescriptions and too little time to use empowerment and motivational interviewing available to engage with the patient in an age-appropriate, social and family-friendly manner. To little contact with fathers or other family care-givers (grandparents, older siblings). Too little attention to providing knowledge in a less frightening and less burdensome manner.  Too little attention to open discussions about such issues to ease tensions, help understand what needs to be done by the patient/family and help assist the steps to make progress. ",6.05,6.05,212.727,1,2.035,41.671,43.604,4,"Have done self-efficacy studies with adolescent diabetes patients and lectured about these as well as published. Have lectured about empowerment and motivational interviewing with chronic pediatric, adolescent and young adult diabetes and endocrinology disorders and taught these topics in 65 countries to date. Have used group teaching, individual teaching and multidisciplinary team approaches successfully to improve care, understanding, compliance as well as improve lab outcomes as well as decreased hospitalization/emergency room visits as well as improved long term health outcomes. Also have taught this in low-resource and middle-resource systems with excellent response and results.",4.9,4.9,234.969,1,"Helps to have HCPs understand learning needs, how to motivate and encourage open discussions and not just ""giving orders"" which then aren't often followed, improves understanding and then adherence/compliance also improves even with difficult tasks with both acute and chronic conditions.  Better for patient and family. Better for HCP because goals are easier to achieve so more satisfaction and less stress on both sides.   ",3.621,3.621,110.485,1,3.279,54.083,55.031,6,"Open-ended questions and not rapid orders are key.  Discussing psychosocial factors, financial factors and opening up discussions means having a unified multidisciplinary team approach that is internally consistent, utilizes the same empowering style of interactions and allows patients/family members to feel safe and more open about problem discussions, questions or worries while learning in a style that works for them. 
 Needs more time than most HCPs in USA and around the world typically have available to them so needs a different style approach from the healthcare system.  Can be done individually, with whole family, as well as with patient group teaching or even several family-group teaching especially applied to weekend or evening support sessions using the same useful empowerment and motivational interviewing and sharing style. ",5.129,5.129,251.026,1,"Intriguing presentations about what my entire healthcare life has focused on:  patient/family/HCP interactions that promote improved knowledge sharing, compliance, adherence, short and long term healthier outcomes.  ","The best health care providers use empowerment and motivational techniques to help share information that is often complicated, scary and hard to follow because of learning difficulties, reading or math difficulties or other psychosocial issues. Too often patients and their families are too scared or unsure that they can express their questions or concerns and they often end up with compliance and adherence issues because the HCP is stuck with old-style autocratic sharing of information in too little time to promote open discussions about such issues.  By not simply telling people what you as a HCP have learned they should do but empowering the patient and family participation in the process, outcomes improve, compliance and adherence issues can be better addressed openly and without anger or frustration by HCPs to solve many of the short and long term issues of delivering medical information and having fewer problems n the process. ",17.089,353.036,362.553,13,,,,,,,,,,,,,,,,,,,,,,,,,,,,,,,,,,,,,,,,,,,,,,,Chart review for tomorrow's patient's lab orders,Two followup patients: one adolescent with IDDM; one acquired hypothyroid young adult,Two followup patients: one preschooler with IDDM with only mom not dad present;  one patient with Turner Syndrome treated with growth hormone and here to discuss timing of starting estrogen to maximize final height,Two followup diabetes patients; one elementary school child embarrassed to have to go to nurse for BG testing every day and being teased; second IDDM patient struggling with obesity as well as T1DM and higher BG levels as a result of the food issues,Lunchbreak and some phone calls and chart review/letters to PCPs,First half hour ongoing letter dictations; another teen patient with thyroid and GH deficiency following bicycle vs automobile accident and being treated with thyroxine and GH very successfully. Discussions about adding oxandrolone to delay epiphyseal closure and maximize GH height response. ,"Two followup patients with diabetes. First a preteen witih obesity and insulin resistance, hypercholesterolemia, borderline hypertension and positive family history of same with empowerment discussions about exercise, food choices, possible medication needs. Second patient with congenital adrenal hyperplasia diagnosed on newborn screening tests with excellent results on hydrocortisone treatment twice-a-day, no emergency room visits and excellent growth. ","Two college patients, longstanding with excellent compiance and being treated with insulin pumps, hybrid closed loop continuous glucose monitoring and excellent results vis-a-vis tie-in-range, minimized hypoglycemia and minimized hyperglyemia.","Two more adolescent diabetes patients one with multidose-insulin regimen and considering insulin pump as well as CGMS integrated monitoring because of higher than optimal A1c levels.  Second adolescent patient with hypoglycemia unawareness syndrome and too frequent hypoglycemia as well as intermittent severe hypoglycemia because of not utilizing own BG  monitoring results in a consistent manner. Discussions about optimizing pump and CSII systems that would allow computer algorithms to help with management issues, making deciisons easier and more automatically and ease the fears by being able to eliminate most if not all hypoglycemic events.","Return phone calls to patients, parents and referring HCPs",Chart review from previous day's patients and letter writing,Home for dinner,Journal reading,,,,,,,,,,,6,6,0,0,4.015,0,16.83,29.672,30.025,2,5.855,13.857,15.024,9,5,"7,8",63,9.375,13.894,15.018,3,4,4,5,2,5,2,1,1,4,5,5,5,"5,6",72,Important to have Dave call if pain persists and not just wait for followup session. Likely needs xrays done to make sure no fracture that might need orthopedic followup and/or cast or other support.  Increase pain medication and reinforce using such support and avoiding weight bearing as much as possible to promote healing.  ,11.439,14.046,15.022,3,4,4,4,2,5,4,1,1,3,5,5,3,"Open ended questions to try to build a relationship, involve Dave in discussions about what he would like to do, what has been some of the barriers towards taking the pain meds, wearing the ankle support and whether or not he is able to avoid long hours t work standng which interferes with healing. Don't give ""orders"" but encourage his participation with nonjudgemental open-ended queries to empower his taking, participating and figuring out together what might be a next step.","Followup of ankle injury continuing pain. Empowerment discussions re: severity of pain, ability to utilize ankle support, whether or not there were worries about medication prescribed but not taken. Dave seemed more calm and less worried after this open-ended approach to our conversation and I suggested that we talk on the telephone in 2 days to see how things were going. Might consider a face-to-face session next if the tele-health sessions still not showing some improvement.",4,4,2,2,1,5,1,5,1,5,5,5,5,5,5,1,1,1,1,1,1,1,1,1,1,1,1,80,20,42,"Pediatric, adolescent and young adult endocrinology and diabetes",Senior Endocrinologist at NEDEC,39,,100,4,MD and Honorary PhD for international education in Romania ,1,5,,76,1,,1,,,9,2,7,1,2,Treatment,66343b58-9ff1-51d7-ea84-f1208ee42cd0
2024-05-02 21:10:17,2024-05-02 21:11:59,0,100,101,1,2024-05-02 21:11:59,R_6ENgaxHZkjzgN7r,,,,,41.3722,-82.1087,anonymous,EN,1,7,Licensed Practical Nurse ,,,,,,,,,,,,,,,,,,,,,,,,,,,,,,,,,,,,,,,,,,,,,,,,,,,,,,,,,,,,,,,,,,,,,,,,,,,,,,,,,,,,,,,,,,,,,,,,,,,,,,,,,,,,,,,,,,,,,,,,,,,,,,,,,,,,,,,,,,,,,,,,,,,,,,,,,,,,,,,,,,,,,,,,,,,,,,,,,,,,,,,,,,,,,,,,,,,,,,,,,,,,,,,,,,,,,,,,,,,,,,,,,66345222-0d39-9609-d9c7-04b47635d053
2024-05-02 20:51:08,2024-05-02 21:12:06,0,100,1257,1,2024-05-02 21:12:07,R_29N4yK5M1d28Xp7,,,,,39.6663,-104.8343,anonymous,EN,1,3,,,,,,,,,,,,,,,,,,,,,,,,,,,,,,,,,,,,,,,,,,,,,,,,,,,"1,3,8",I use a kindle to read while decompressing from my shift. I also use a computer to check my emails and work on any job applications. ,0.161,14.682,15.846,9,I use it to check social media and to also talk to my family that lives out of state. I use it to communicate with work and my husband as well. ,2.408,2.408,27.566,1,0,0,17.38,0,I have long distance friends that I can talk to from the tip of my fingers instead of writing letters and waiting days,4.227,4.227,23.051,1,"I can check in on my friends whenever I want to using texts, or any form of social media. I can talk to someone essentially whenever I want. ",0,0,18.14,0,"I use it to watch netflix, to watch tiktok, and to watch youtube",18.486,18.486,35.107,1,0,0,16.109,0,I use it to play games on my phone and to watch videos whether they are educational or just entertainment ,8.918,8.918,28.627,1,I read about the use of remdisivir in treating covid patients in the ICU,"Internet access and technology can seem so intimidating with the world at your fingertips, but you can use it in any way you need. For entertainment, for educational purposes, or to communicate with your friends and family any time you want. It can be a harsh place, but you can choose to consume whatever media you want. ",1.323,98.651,100.163,9,setting up room,getting first case back,morning break & turnovers,more cases & turnovers,lunch break,more cases,turning down the room,helping other rooms,leaving,home,dinner,watch tv,watch tv,sit on phone,sleep,sleep,sleep,sleep,sleep,sleep,sleep,sleep,sleep ,wake up,6,5,0,0,4.018,0,1.851,28.86,30.02,3,0,0,15.12,0,5,"5,6",,0,0,15.02,0,4,4,5,1,5,1,1,2,3,5,5,2,"3,4",,"• pain not being relieved
• pt stated he “has had no time to do the recommendations provided”
• prescribed a stronger opioid to help relieve pain and will continue to follow up with pt. ",0,0,15.019,0,5,5,2,3,5,3,2,5,1,5,5,2,"I would not change medications, and would further ask him questions about his pain and give other methods of pain relief. ","•pt stating pain has not improved at all with higher dose of medication. 
• pt stated the recommendations given to him “slipped his mind.”
• pt went home with other non-medicinal pain control recommendations. ",6,4,3,2,1,5,5,5,5,3,2,4,3,5,5,2,3,2,3,1,3,1,1,1,2,1,1,50,50,5,OR,OR RN,4,,82,3,bachelors,1,6,,25,2,,1,,,7,2,5,2,2,Control,6634500c-ae52-7f31-cdc9-bcdd62e9e90e
2024-05-02 21:21:02,2024-05-02 22:18:29,0,100,3447,1,2024-05-02 22:18:30,R_5e36ZotYmpm8Acm,,,,,44.9618,-93.2638,anonymous,EN,1,3,,"4,5",Charting accurately and following through with provider orders are essential in making sure our patients get the care they are here for. Accurate and thorough assessments and charting helps plan the patients care while here. Owning up to mistakes or being off schedule can help explain variances in patient condition . ,3.633,22.107,22.89,8,"A persons experiences and beliefs shape the way they currently and will continue tk live their life, including what they’ll do after care. Taking this into account allows for planning to health adherence, as well as trying to understand why they might do things in certain ways",2.124,2.124,68.347,1,2.181,14.639,18.34,12,"They get various advice from professionals and other sources that they believe to be accurate (family, Facebook, etc)… Heakthcare providers sometimes shoot down patient thoughts or opinions, and can make them feel unworthy of asking or like they’re taking up time of someone in hurry ",2.004,2.004,105.263,1,2.112,11.55,22.231,13,"You can better anticipate what to educate a patient on while in care, which can make you feel like you’re making a positive difference.",1.975,2.717,37.401,2,Better planning and focus on individual needs can prevent further hospitalizations ,2.187,2.187,19.491,1,1.806,9.341,16.084,8,Just having the conversation about what is realistic and obtainable with the patient can help identify barriers and create mini goals ,3.104,72.888,221.446,8,Ways to enhance patient provider relationship.,Your patient has a voice - encourage them to use it and listen to what they have to say. Evaluates their health literacy and what they express as their own goals and obstacles are essential for creating patient centered care. Remember that this is a stressful situation for them to navigate. One good experience can help foster future health compliance.,1.121,259.28,260.474,28,,,,,,,,,,,,,,,,,,,,,,,,,,,,,,,,,,,,,,,,,,,,,,,,,,,,,,Report,"Assessing, vitals, meds","Assessing, vitals, meds",Meds,Charting,"Vitals, meds","Mess, glucose",Charting,Handoff,,,,,,,,4,3,0,0,4.017,0,5.014,21.545,30.024,6,1.749,13.679,15.023,9,7,"5,6",61,0,0,15.018,0,3,2,4,2,4,4,1,1,4,4,3,3,"5,6",92,"Patient fell and cracked ankle. Reporting high levels of pain. Oxy and tramadol prescribed, plans to follow up with in person care",6.122,14.794,15.011,7,5,,2,4,5,,2,4,2,4,2,3,"Ask Dave how he has been managing pain besides medicine, what limitations this is causing, for in person cray and followup","Dave reporting continued pain, care regimen in notes has not been followed. Would recommend follow up in person to investigate cause of pain further. Recommendations for medication as well as lifestyle adjustment",3,4,2,2,1,5,5,5,5,3,2,2,2,2,4,,4,3,4,3,3,3,3,3,3,1,1,65,35,4,Med surg,RN PHN,2,,66,3,BSN,1,24,,37,2,,1,,,7,2,7,2,2,Treatment,6634570f-662b-18b7-84cc-3e937ccb0924
2024-05-02 22:27:46,2024-05-02 23:25:19,0,100,3452,1,2024-05-02 23:25:20,R_3CKbR8XkWyDz7jH,,,,,35.7614,-78.6015,anonymous,EN,1,3,,,,,,,,,,,,,,,,,,,,,,,,,,,,,,,,,,,,,,,,,,,,,,,,,,,"3,7",I went to google books to find books on  binge overeating and ways to control it it was very regimented and not what i am willing to do at present,54.284,54.284,55.143,1,"Smart phone to wake up,make appts with clients,resource family input and constantly asking google questions about definitions of words and terms also go to utube for videos for entertainment and make me feel a certain way when I hear different genres of music",3.302,3.302,188.496,1,0,0,102.096,0,ZOOM has let me communicate with my mental health nurse practices and occas talk to my grandson,7.643,7.643,92.544,1,As previous have been able to have update appts with my mental health NP,0,0,84.647,0,"Transfer funds through CASH APP, USING DOOR DASH OCCASIONALLY FOR MORE VARIETY AT MEALTIME,LISTEN TO COMEDY CHARACTERS ON UTUBE ON MY PHONE AND TV,USE RELAXATION MUSIC TO FALL ASLEEP TO",7.607,7.607,145.101,1,0,0,91.801,0,I do world's of wanders word games and connect 2024 word games because I read so much about it stimulating aging brains and memory,5.422,5.422,107.968,1,Read Axios for daily updates on many subjects on my gmail site,"I have been reluctant to use new tech I get very flustered when I can't access ordering sites and continually get message about wrong passwords,I have to go to my children for help I do not have a PC only my cell.i can't remember how to respond to emails cause I don't do much in that area my daughter tells me I must try to upgrade my skills ",48.058,312.139,313.201,5,,,Woke up,Forgot my cell at home and without Google maps I had to go back home and get phone,"Arrived at client home ,interacted with wife about my client her husband",Returned to office and did discharges on clients that have expired or changed care providers,This was it for today I cam only work a few shifts a week due to receiving SSDI PAYMENTS MONTHLY,,,,,,,,,,,,,,,,,,5,6,0,0,4.047,0,0,0,30.255,0,9.295,10.976,15.059,2,7,"6,7",56,0,0,15.058,0,4,4,4,3,4,3,1,3,,4,3,3,"6,7",71,"X-rays of foot,application of cold and hot ,use NSAIDS reinforce med usage,and gradual weight bearing through P.T.",0,0,15.056,0,5,4,3,3,5,4,1,3,1,4,3,5,"Xrays,hot and cold applications,NSAIDS,P.T.","Not being compliant with care,possibly drug seeking,and needs more explanation of his plan of care",4,4,1,2,1,4,4,4,4,2,2,2,2,2,3,3,2,3,2,2,2,3,2,3,3,1,0,70,30,41,"Geriatrics,cardiac,mental health",RN doing supervisory visits on clients every 3 months,11,,90,,ADN,1,34,,64,2,,1,,,4,2,3,2,1,Control,663465a1-e39f-c635-0e90-4436acaeb7c1
2024-05-03 00:42:59,2024-05-03 00:43:28,0,100,28,1,2024-05-03 00:43:28,R_3Hy5kVN1LkcVOsV,,,,,35.2426,-80.741,anonymous,EN,1,7,LPN NURSE,,,,,,,,,,,,,,,,,,,,,,,,,,,,,,,,,,,,,,,,,,,,,,,,,,,,,,,,,,,,,,,,,,,,,,,,,,,,,,,,,,,,,,,,,,,,,,,,,,,,,,,,,,,,,,,,,,,,,,,,,,,,,,,,,,,,,,,,,,,,,,,,,,,,,,,,,,,,,,,,,,,,,,,,,,,,,,,,,,,,,,,,,,,,,,,,,,,,,,,,,,,,,,,,,,,,,,,,,,,,,,,,,66348511-3fd4-2ff3-2914-efff9edd61d8
2024-05-03 00:37:03,2024-05-03 00:56:03,0,100,1139,1,2024-05-03 00:56:03,R_61a8u3WUBoH17ah,,,,,41.0909,-85.1605,anonymous,EN,1,3,,"3,4",knowledge and experience is such a big part of being able to handle unique situations as a nurse,14.025,18.792,19.402,4,because this is their life. you have to see things thru their perspective to find the best way to treat them,2.45,2.45,28.078,1,1.372,15.562,15.8,18,for fear of getting in trouble or judged,0.996,0.996,14.659,1,7.539,12.758,16.368,4,"if you put things in a way they understand, they are more likely to follow your professional advice",19.743,19.743,64.581,1,they will trust your advice and understand it,2.645,2.645,29.752,1,1.032,6.93,17.046,2,yes,0.225,3.484,5.972,3,patient doctor relationships,"Hi, Doctor____

I read articles today on the importance of doctor patient relationships. I think the most important and simple thing about it, is how important it is to see everything and relay everything thru the patients perspective. if they feel understood and understand what you're saying, the outcomes are better for everyone.",21.698,34.031,96.328,3,,,,,,,,,,,,,,,,,,,,,,,,,,,,,,,,,,,,,,,,,,,,,,looking at my residents schedules for the day,"checking BS, breakfast",morning meds,morning meds,charting,treatments,afternoon meds,charting,off,off,off,off,off,off,off,off,off,off,off,off,off,off,off,off,4,4,0,0,4.018,0,8.516,8.516,30.025,1,6.682,12.752,15.028,4,7,"5,7",63,0,0,15.147,0,3,2,5,3,5,4,1,1,4,4,4,2,"5,6",100,"increased pain medication dose due to no improved pain.
recomended walking boot 
follow up in 2 weeks",0,0,15.139,0,4,4,4,3,5,3,1,1,3,5,3,2,refer to ortho,"referred patient to ortho
nwb on ankle
follow up in one month",5,1,4,2,1,5,5,5,5,5,5,5,5,5,5,2,3,2,2,1,1,1,1,1,1,1,1,50,50,10,"geriatrics, neuro",registered nurse,3,,79,3,asn,1,15,,31,2,,1,,,6,4,5,2,2,Treatment,663485a2-3dbe-8ed6-6f7d-a3f377497f2d
2024-05-03 01:15:19,2024-05-03 01:16:14,0,100,55,1,2024-05-03 01:16:15,R_4iX4laZjbjxrnwA,,,,,41.3722,-82.1087,anonymous,EN,1,7,Licensed Practical Nurse,,,,,,,,,,,,,,,,,,,,,,,,,,,,,,,,,,,,,,,,,,,,,,,,,,,,,,,,,,,,,,,,,,,,,,,,,,,,,,,,,,,,,,,,,,,,,,,,,,,,,,,,,,,,,,,,,,,,,,,,,,,,,,,,,,,,,,,,,,,,,,,,,,,,,,,,,,,,,,,,,,,,,,,,,,,,,,,,,,,,,,,,,,,,,,,,,,,,,,,,,,,,,,,,,,,,,,,,,,,,,,,,,66348b48-78d3-572a-f196-92933d1fd718
2024-05-03 06:19:04,2024-05-03 06:33:54,0,100,889,1,2024-05-03 06:33:55,R_2RjClkOdCq9slum,,,,,40.7641,-74.1654,anonymous,EN,1,1,,,,,,,,,,,,,,,,,,,,,,,,,,,,,,,,,,,,,,,,,,,,,,,,,,,7,none,5.84,5.84,16.012,1,look up information ,1.712,1.712,30.257,1,0,0,26.455,0,none,6.828,7.448,10.197,2,none,0,0,59.361,0,none,1.23,1.23,13.146,1,2.845,2.845,17.507,1,none,1.496,1.496,13.596,1,isreal vd hamas war,none at this time,0.887,27.965,29.755,6,none ,,,,,,,,,,,,,,,,,,,,,,,,2,3,0,0,4.011,0,1.223,4.818,30.024,2,0,0,15.121,0,9,"2,4",69,0,0,15.019,0,5,5,3,4,3,5,4,4,3,5,3,2,"3,5",61,none,0,0,15.019,0,3,,3,3,4,3,2,4,3,3,4,2,none,none,7,3,3,2,1,4,3,3,3,3,3,3,3,3,3,3,4,4,3,3,4,3,3,3,2,1,1,50,50,4,,case manager ,4,,69,2,,1,31,,34,2,,3,,,4,5,3,2,,Control,6634d572-4379-fb44-4916-86e7bba3636d
2024-05-03 06:54:16,2024-05-03 06:54:42,0,100,26,1,2024-05-03 06:54:43,R_35c5Sp8s4j08Qyl,,,,,41.1928,-73.2389,anonymous,EN,2,,,,,,,,,,,,,,,,,,,,,,,,,,,,,,,,,,,,,,,,,,,,,,,,,,,,,,,,,,,,,,,,,,,,,,,,,,,,,,,,,,,,,,,,,,,,,,,,,,,,,,,,,,,,,,,,,,,,,,,,,,,,,,,,,,,,,,,,,,,,,,,,,,,,,,,,,,,,,,,,,,,,,,,,,,,,,,,,,,,,,,,,,,,,,,,,,,,,,,,,,,,,,,,,,,,,,,,,,,,,,,,,,,,6634ddd1-435a-baff-2352-47d3ae466d7d
2024-05-03 06:36:51,2024-05-03 06:56:33,0,100,1181,1,2024-05-03 06:56:34,R_3i4AVD0RUhsoobn,,,,,29.4231,-98.5705,anonymous,EN,1,3,,,,,,,,,,,,,,,,,,,,,,,,,,,,,,,,,,,,,,,,,,,,,,,,,,,"1,2,4",Apple ,1.197,10.988,19.524,5,Technology is user every day in many ways from home to work ,1.239,1.239,28.44,1,11.614,14.856,15.887,5,Communication is key in todays world ,0.872,0.872,13.07,1,I have used these devices for so many different things from making my job easier to keeping in contact ,0,0,16.349,0,I use technology in my personal life to watch tv and to keep in touch with friends and family among other things ,2.1,2.1,37.192,1,0,0,15.993,0,I use technology in my personal life to keep in touch by phone and I use personal technologies for social media ,1.91,38.436,39.735,2,I read about technology today ,This is a great way to keep in touch with people I know and to make my days much easier and much more productive ,0.731,44.554,45.452,12,My day begins ,Breakfast ,Work ,Work ,Work ,Lunch ,Work ,Work ,Work ,Work ,Work ,Work ,Work ,Dinner ,Bedtime ,Sleep ,Sleep ,Sleep ,Sleep ,Sleep ,Sleep ,Sleep ,Wake up ,Get ready to start my day ,6,2,0,0,4.115,0,1.368,26.672,30.15,10,5.147,14.05,15.022,9,7,"5,7",36,10.06,10.06,15.02,1,5,5,5,3,4,1,1,1,1,5,5,1,"5,7",27,Dave didn’t follow instructions so he’s still in a lot of pain ,0,0,15.019,0,5,5,5,1,5,1,1,1,1,5,5,3,I would tell him to do the same thing he did before and examine him to make sure he didn’t get worse ,In the future Dave should follow the orders of his dr ,5,3,4,2,1,5,5,5,5,5,5,5,5,5,4,5,4,5,5,1,1,1,1,1,1,1,1,50,50,16,Nursing ,Registered nurse ,16,,49,3,16,1,37,,44,2,,1,,,7,5,4,3,3,Control,6634d9d1-19fc-e7ea-69ce-e44564b06685
2024-05-03 06:52:36,2024-05-03 07:16:23,0,100,1426,1,2024-05-03 07:16:23,R_1rkpYamncAkNura,,,,,35.5144,-97.5865,anonymous,EN,1,1,,"2,3,5",I am a DO and this is the osteopathic approach to medicine. ,3.72,40.137,41.089,51,This is crucial to developing repport and trust with the patient. It is also a way to relate to them on a different level. ,4.025,4.025,42.958,1,0,0,19.147,0,They might be intimidated by the physician or be unsure as to what to ask. ,4.075,4.075,27.496,1,23.515,24.825,28.129,2,This human connection between a patient and the provider is always a good feeling and therefore always has a positive influence. ,13.916,13.916,42.935,1,This level of positivity related to understanding a patient's perspective is from our innately social nature. ,6.343,6.343,52.988,1,0,0,19.48,0,It means you care and have put in an effort to treat the patient. ,11.012,11.012,24.548,1,I read a peer reviewed medical journal today. ,"It has come to my attention that relating on a level with a patient is crucial to their longterm welfare and recovery. I ask that you engage with your patients with every bit of your interpersonal skills and work hard to engage appropriately and seek knowledge of their interests. This sparks positivity and will foster a good working relationship with you, the provider, as well as the patient. 

Thanks, 

Physician",18.808,40.354,148.079,12,,,,,,,,,,,,,,,,,,,,,,,,,,,,,,,,,,,,,,,,,,,,,,Slow,On call,Will go in,Eventually,Arrived,Busy,Epidural administered,Lunch,Back,To,Work,Busy,Busy,Leaving work,At home,Asleep,Asleep,Asleep,Asleep,Asleep,Asleep,Asleep,Asleep,Awake,6,4,0,0,4.168,0,10.578,26.746,30.16,27,12.224,12.224,15.026,1,5,"3,5",28,0,0,15.034,0,4,3,5,2,4,4,2,2,2,4,4,5,"5,7",55,Dave has been a patient that has not been following his treatment plan. He has been prescribed narcotics and tylenol and is in the process of recovery. ,0,0,15.17,0,5,5,4,5,2,5,4,4,2,3,2,4,Firing the patient,"Not following treatment plan

Difficult

Drug seeking",2,2,2,2,1,4,5,4,4,5,5,5,4,5,5,1,1,1,1,1,1,2,1,1,1,0,0,35,65,6,Nephrology,Physician,6,,86,4,Doctor of Osteopathic Medicine,1,37,,37,1,,1,,,8,3,7,3,3,Treatment,6634dd60-8162-460f-cf78-9bc9ffcb8f92
2024-05-03 06:51:07,2024-05-03 07:31:16,0,100,2408,1,2024-05-03 07:31:16,R_3RR3kDK0IvKTwSp,,,,,44.7258,-68.7831,anonymous,EN,1,3,,"9,3,5",Empathy is the hallmark of nursing. If you are unable to have empathy for your fellow man your in the wrong profession.,27.363,30.619,31.413,4,"I work in Oncology and it is totally the main part of my job as a healthcare provider to understand my patients perspective. If they are scared, afraid or unsure how to proceed with treatment it is my job my place to help them in any way I can.",4.446,125.288,127.284,2,6.098,27.879,29.22,2,What is really unfortunate is that the new nurses coming out today do not have this skill.  It causes fear and anxiety frequently and they are there for the paycheck and this is especially true with traveling nurses. They are not vested in the community and causes much distrust from patients.,1.257,1.257,109.726,1,31.484,31.484,32.506,1,"Patient confidence is paramount to a good outcome. If you cannot make a good ""connection"" with a patient its time to hand of to someone who they can relate to immediately.",1.465,82.763,84.831,5,"Well, not all patents have the same educational abilities, Know your patient and each to th correct level of understanding.",6.816,71.344,73.271,2,2.183,19.095,20.065,2,"Well, it is going to be a long day if you do not connect with the patient. They need you to make eye contact with them and the human touch works wonders. Nurses and doctors do not touch there patients much anymore.",3.808,111.215,113.894,13,How important is it to make compassion and empathy part of your practice as a health care provider.,"Good Morning,

         I have been a Registerred Nurse for over 40 years. The changes in healthcare are enormous in all aspects. I went in to nursing to provide care for living breathing humans. People that I love. That is missing in most health care providers now. Empathy does not exist as it did in the past. 
         Traveling nurses have destroyed compassion and empathy. They are not vested in the community they are working in and the quality of there care is proof. People need compassion to get well, to recover, to fight the good fight and to believe they will survive. You can ask any nurse in America today and they will tell you that traveling nurses are not a boon for any hospital.",17.59,418.617,425.491,30,,,,,,,,,,,,,,,,,,,,,,,,,,,,,,,,,,,,,,,,,,,,,,open clinic,set up infusions,"bring in patients one at a time for treatment ( make a connection to each person, first name bases if allowed","access ports, make eye contact talk and reassure","order drugs, talk and reassure.","infuse drugs, comfort measures","infuse drugs, watch for reactions, taking constant VS","infuse drugs, watch for reactions, taking constant VS","infuse drugs, watch for reactions, taking constant VS","infuse drugs, watch for reactions, taking constant VS","infuse drugs, watch for reactions, taking constant VS/ Discharge instructions ect",close clinic,,,,,,,,,,,,,6,6,0,0,4.018,0,0,0,30.019,0,5.198,14.898,15.02,7,7,"6,7",,9.298,9.298,15.021,1,4,4,4,2,5,3,1,1,3,5,4,5,"6,7",50,"Patient unable to RICE ( rest, elevate compress elevate) ankle do to lifestlye and work constraints. Will contine with treatment plan but will order Bunny Boot support for ambulation.",6.394,6.394,15.022,1,4,5,2,4,5,,1,3,3,5,3,3,Repeat Xray and Physical therapy evaluation. ,"Patient continues to have discomfort in ankle, but unable to comply with prescribed instructions for treatment. Will repeat Xray to rule out fracture and proceed with bunny boot and physical therapy. Meds as previously ordered.",5,3,2,2,1,5,4,3,3,4,4,4,4,4,5,1,1,1,1,1,1,1,1,1,1,0,0,100,0,42,oncology,Infusion nurse,12,,81,4,masters in nursing,1,20,,65,2,,1,,,6,7,7,3,3,Treatment,6634dcc5-f130-6028-c0f3-d4827b4eef2e
2024-05-03 07:17:16,2024-05-03 07:43:54,0,100,1598,1,2024-05-03 07:43:55,R_7xOYVmowVXMtzqJ,,,,,40.7653,-73.9589,anonymous,EN,1,1,,,,,,,,,,,,,,,,,,,,,,,,,,,,,,,,,,,,,,,,,,,,,,,,,,,"1,7","This is used for gathering information about news, medical information, practice information and all aspects of my lufe",3.186,16.02,16.042,14,"I use it for communication, data gathering, and information",2.786,2.786,31.061,1,2.125,14.364,16.35,16,I communicated with ill patients who were home bound and needed treatmentt,10.742,10.742,53.858,1,My goal was good communication in order to treat the patient,1.868,4.039,16.831,5,"I use technology to gather local , national and international news. I use it to research entertainment options",1.831,4.465,47.924,2,0,0,22.484,0,I check my email. I research events of interest in my vicinity,5.593,5.593,41.494,1,I read about student protests at Ivy League schools about the war in gaza,I have learned that Israel is under attack from many groups who believe Israel is causing destruction. Demonstrations by students in Ivy League universities have needed police intervention,8.852,191.165,192.106,7,Arrive and see patients,See patients,See patuents,15 minute break and continue to see oatients,See patients,See patients,Lunch,See patients,See patients,Go home,Dinner,Housework,Housework,Watch TV,Watch TV,Exercise and shiwer,Goo to hed,,,,,,,,5,6,0,0,4.014,0,1.778,28.066,30.021,8,8.639,14.52,15.02,4,10,"7,8",100,10.839,14.487,15.02,4,5,5,5,4,5,4,1,3,2,5,3,1,"7,8",99,Dave continues to complain of pain. No improvement of symptoms. Poor compliance to kefication,0,0,15.02,0,5,5,5,4,5,5,1,3,1,5,3,1,I would continue to counsel him,Patient is non complaint to treatment despite no improvement in pain. He does keep his appointments,1,5,2,2,1,5,5,5,5,4,4,4,4,4,4,1,1,1,1,1,1,1,1,1,1,1,1,100,0,31,Primary carw,MD,31,,72,4,MD,1,33,,66,2,,1,,,7,4,2,4,2,Control,6634e2e2-46d8-ccec-5d88-9792d4a311c8
2024-05-03 07:02:29,2024-05-03 08:09:36,0,100,4026,1,2024-05-03 08:09:37,R_4OJO0Ui9lXx9H34,,,,,29.4553,-98.5677,anonymous,EN,1,1,,,,,,,,,,,,,,,,,,,,,,,,,,,,,,,,,,,,,,,,,,,,,,,,,,,"1,7","My personal pc is my information hub.  Email is my preferred tool to communicate with patients/peers.  I am very careful with the amount of my ""social"" accessibililty.  ",0,0,36.676,0,"I have made a very purposeful decision to remain relatively low tech.  I do have a personal pc that I use for most of my communication.  I had a cell phone when it was required for work, but got rid of it the moment I felt I could.  Constant access is problematic, in my view, I know many will disagree, but I find access all the time to be detrimental to my mental health.  In rare cases of true emergencies, people know how to reach me.  I have owned a tablet and a laptop as well.  Both have come in handy when I am unable to access my pc, but neither can fully replace the pc's utility.  Otherwise, the most up-to-date piece of technology I have is a firestick to stream a movie during down time.  ",1.442,258.696,315.421,6,0,0,58.459,0,"I have used messenger when e-mail proves to be too cumbersome to communicate with friends/colleagues that are far away.  Otherwise, I prefer to meet face to face.",2.139,4.437,81.181,2,"I don't feel they do improve communication in everyday life.  Messenger is problematic because you can't see body/facial reactions.  Phone communication shares the same problem.  Email is problematic because you can't have a flow of conversation.  Video calls are problematic because they require both parties to have the same technological know-how/savvy and access to required hardware.  Every sort of replacement tech meaning to ""improve"" upon face to face interaction is inferior; necessary at times, but still inferior.",0,0,53.61,0,"I use my personal pc for both work and for personal entertainment.  Access to the internet allows for video gaming or viewing videos at any time, or contacting a friend for a meet up.  As previously mentioned, I also have the firestick to provide streaming entertainment whenever I desire.  That has proven to be pretty convenient.    ",2.112,120.102,131.439,4,0,0,43.389,0,"I use technology to stream movies for entertainment, and I spend time reading articles to stay informed/entertained on what is happening in the ""real"" world.  I also have a steam account that provides gaming entertainment whenever I desire.",1.662,78.589,101.736,3,Information was provided about how technology has influenced/changed our lives professionally and personally and how technology usage has greatly increased with time.,"While many of the advancements regarding technology can be viewed as detrimental, occasionally it has its uses.  I am probably the last person that should be trying to convince you of the benefits of technology, but being aware of that fact may make the point a little more valid.  There are going to be times when a face-to-face meeting will simply be impossible to achieve.  Perhaps that's due to temporal differences, perhaps that's due to physical distances, or perhaps there are physical limitations that cannot be overcome.  Regardless what the reason may be, technology can serve to overcome situations in which communication may otherwise be an impossibility.  It does have its uses.  As a side-benefit, if you update your technological abilities a little bit you open up a whole new world of entertainment to access......not that we have the time necessary to really benefit from such an overwhelming library, but regardless.  Keep your mind open about the possibilities.  Yes, there are many drawbacks to constant communication/internet access, but at times, it serves its purpose as well.  ",73.581,578.793,625.179,10,Depending on how full my schedule is I'll start reading up on first patients to be better mentally prepared.,See first patients and write notes until a brief break around noon.,,,,,Force a brief break.,,,,,,Work until the last patient is seen and notes completed.,Prep dinner and wind down for rest of night.,,,,,,,,,Get up and do it again.  Throw something together for breakfast if there is time after a quick shower.,,6,6,0,0,4.039,0,0,0,30.14,0,0,0,15.037,0,5,"7,8",54,0,0,15.039,0,2,1,5,1,5,3,1,1,3,5,3,5,"7,8",49,"Dave has expressed difficulty in finding time to properly treat his sprained ankle, therefore, an assessment regarding whether this pain management is sufficient is not currently possible.  More information needs to be gathered on what difficulties Dave is facing in his day-to-day life that is hindering his ability to get better.  I have no idea and no excuses as to why I didn't ascertain this information myself.  Maybe I'm a bad doctor.",0,0,15.038,0,3,3,3,3,5,4,1,2,3,5,3,5,More aggressive communication and fact-finding.  Is Dave depressed?  Is Dave to preoccupied to care for himself?  What is going on in Dave's life?  All you have to do as his doctor is care about Dave...............,"Dave has been unable to adhere to his recommended treatment plan.  He has stated that ""it slipped his mind.""  Why aren't follow-up questions being asked of Dave as to what is going on in his life?  Can we please talk to Dave and actually show him that we care? Let's collectively be better professionals.",3,3,2,2,1,5,5,5,5,3,5,5,2,5,5,3,3,2,4,1,3,1,1,1,3,1,1,90,10,6,family/psych,Doctor,3,,10,4,md,1,45,,44,1,,6,,,6,1,1,1,2,Control,6634df28-30c4-3932-8cf9-2fe3b20a4d5b
2024-05-02 14:22:09,2024-05-03 08:26:38,0,100,65069,1,2024-05-03 08:26:39,R_5FaF6Y67bqziKK5,,,,,43.0034,-73.842,anonymous,EN,1,1,,"9,3,5","i just saw a patient who is going through a very trumatic experience. I have to know when to use meds, when not to, to make sure she has support, to advise her on how to handle things, she does not exist in a vacuum",10.142,24.756,26.574,13,"not all things are as simple as if a then b; sometimes there are a lot of issues to unpack. For example the diabetic may never have learned to read a label, how to cook, how to afford better foods. It is too easy to say go see a nutritionist, but they and we have to identify barriers to care. this works for many conditions, mental as well as physical",3.11,3.11,117.816,1,20.383,20.383,23.577,1,partly because they dont even know what questions to ask. some were taught you dont question a doctor. some cannot read. some dont have english as a first language. some are anxious at the visit and forget what they wanted to ask,2.817,2.817,68.312,1,11.973,14.079,17.212,4,it is no longer and has not been for some time appropriate for a paternalistic viewpoint. there has to be a give and take,3.062,3.062,44.135,1,they feel like they are being understood makes it more likely that they will give to the relationship and buy in. if they feel like they are involved and consulted that helps,3.123,3.123,53.073,1,10.037,10.037,16.699,1,"i always offer my patients options if possible. i always remind them that they dont have to make a decision in that moment, especially if i gave them a lot of information and it wont affect them to wait a short amount of time. patients feel like they are helping to decide and figuring out what would work best for them",4.14,4.14,88.456,1,the patient doctor relationship and how to be sensitive to issues,"I know right now it is overwhelming. You have drunk from the firehose of knowledge and ran and ran to meet your goal. What you now have to realize is that the sprint was just the first stage. Now comes developing your skills: physical, mental and interpersonal. I have been doing this for 25 years and look back and am amazed.

You can do it too. One day at a time. One patient at a time. I know we are all busy and thinking of other things but the best thing I can tell you is to focus on the person in front of you. Believe me, they can tell if you aren't paying attention. Put down the computer, ignore the scribe, forget the few minutes you are allotted. Talk to them.",11.312,256.319,262.62,3,,,,,,,,,,,,,,,,,,,,,,,,,,,,,,,,,,,,,,,,,,,,,,,,,"my day officially starts. my own office, my hours. but i am usually here a little early to take care of leftovers from last night and start my day",patients,lunch,patients,patients,patients,patients,patients,technically closed but lots of work to do,maybe still at office,finally home,,,,,,,,,,,3,4,0,0,4.021,0,16.436,17.471,30.021,5,0,0,15.117,0,7,"2,5",,0,0,15.121,0,4,4,5,2,4,2,3,2,3,3,3,5,"2,5",,"make patient is referred to ortho
make sure patient has time off from work
make sure patient has transport",0,0,15.125,0,4,4,4,3,3,3,4,3,2,3,3,2,get another xray and see if ankle is healing. ask what is stopping him from getting it taken care of since it cant feel good to be up and about on a fracture,"followup on why it ""slipped his mind""
check on work status
recheck pain level",5,2,2,2,1,2,2,2,2,2,2,2,2,2,2,3,3,3,3,2,2,2,2,2,2,0,0,100,0,26,Family Medicine,Physician,26,,92,4,MD,1,14,,51,2,,1,,,9,4,5,3,2,Treatment,6633f4fb-b13b-b4ef-7fee-1095b60c513e
2024-05-03 08:29:34,2024-05-03 08:52:03,0,100,1348,1,2024-05-03 08:52:04,R_1JKtz4UHdEKmfiH,,,,,38.3015,-85.7469,anonymous,EN,1,4,,,,,,,,,,,,,,,,,,,,,,,,,,,,,,,,,,,,,,,,,,,,,,,,,,,"1,4,6",Where we put all the patients record is on the compute and we use zoom when we have telephone visit ,5.453,5.453,22.69,1,I watch tv and scroll through social media I make sure my family is healthy and good,3.979,3.979,29.355,1,18.093,18.093,21.697,1,We used it when we were trying to reach family members ,6.765,6.765,27.4,1,To communicate in a good and healthy way to make sure everyone is where they need to be ,0,0,42.686,0,To watch shows. look at social media. To see what’s going on in the world,4.539,122.239,124.298,23,0,0,20.671,0,To watch television ,7.255,7.255,17.873,1,I read about all the things that we use technology for and how it impacts and effects people’s day,It’s okay if you don’t understand it right now.  Just keep trying and you will then understand. It make take a few times to get it and that’s okay. In the end you will be satisfied with using it and can find that it will be easier to connect with family in friends via call text or FaceTime. You will find that it will be easier to look things up that interest you or if you don’t know what something is that it’s one click away ,0.964,169.219,170.428,6,Wake up,Drive to work,Check patient in,Check patient ,Put information in chart,Give shots,Go in break,Help doctor,Have meeting with doctor,Check patient in,Put in all patients info in chart ,Head jome,,,,,,,,,,,,,2,2,0,0,4.016,0,6.496,26.721,30.079,12,5.252,13.151,15.022,4,5,"5,6",51,7.113,13.64,15.02,2,4,4,3,3,3,4,3,4,2,4,2,2,"5,6",,Didn’t have time to follow the instructions ,9.426,9.426,15.02,1,3,5,3,2,4,3,4,3,3,4,4,4,If it keeps slipping his mind give him some in house medicine ,Probably didn’t do it,7,4,1,2,1,4,4,4,4,4,3,3,3,3,3,2,3,4,4,3,4,3,3,3,3,0,0,50,50,3,Medical assistance ,Medical assistance ,2,,86,3,Bachelor ,1,15,,20,2,,1,,,4,5,2,3,3,Control,6634f30d-948b-0355-fed6-81861250c932
2024-05-03 08:52:44,2024-05-03 09:07:56,0,100,911,1,2024-05-03 09:07:56,R_3s4MDQwE6eKJHDH,,,,,28.6344,-81.6221,anonymous,EN,1,4,,,,,,,,,,,,,,,,,,,,,,,,,,,,,,,,,,,,,,,,,,,,,,,,,,,"2,7",Easy-to-use ,0,0,20.851,0,To stay informed ,1.698,1.698,12.024,1,0,0,24.38,0,Safety measures are not always good. ,5.593,5.593,37.546,1,Nothing ,0,0,27.494,0,Relaxing room to watch tv,5.698,5.698,19.501,1,0,0,17.301,0,Good for the future ,1.947,9.475,10.015,2,Technology ,Technology is the future of the world. ,2.119,19.489,35.516,13,,,,,,,,,,,,,,,,,,,,,,,,,2,2,0,0,4.019,0,2.32,2.32,30.024,1,0,0,15.022,0,3,"5,6",30,0,0,15.019,0,4,4,4,1,4,1,1,1,4,4,4,3,"5,6",36,Patient needs assistance in pain in his ankle. ,0,0,15.022,0,4,4,4,3,3,4,4,4,1,4,3,3,Tell him what you suggested and it is upto him.,Patient condition is not better. Didn't follow my plan.,4,3,6,3,1,3,3,4,4,4,4,4,1,4,3,1,2,1,1,1,1,1,1,1,1,0,0,0,100,21,Physicians assistant in cardiology ,Physicians assistant ,21,,89,3,Bachelor's ,1,39,,52,2,,1,,,8,7,6,2,2,Control,6634f9ab-a93d-ad86-4621-087386b9d10e
2024-05-03 08:49:26,2024-05-03 09:10:06,0,100,1240,1,2024-05-03 09:10:07,R_2AHzCoNVjl2rBol,,,,,42.2284,-87.9722,anonymous,EN,1,5,,"7,9,2,3,4,5,6","Ambitious, kind, caring, funny, understanding",6.272,12.987,16.1,6,Having empathy,3.44,19.275,21.945,2,16.935,17.951,18.781,2,Past negative experiences ,7.233,7.233,18.736,1,0,0,70.545,0,To be able to provide excellent patient care,6.928,6.928,44.919,1,Speed up the patients process of healing,16.77,16.77,36.842,1,0,0,19.17,0,Provides the patents with a sense of purpose and vaue,3.491,12.193,53.054,2,I read about medical practices and patient care,To be able to provide effective care with patients is to understand them. Is to demonstrate empathy and an effective bedside manner. To give them a sense of purpose and value,5.95,57.887,136.306,10,,,,,,,,,,,,,,,,,,,,,,,,,,,,,,,,,,,,,,,,,,,,,,Shift work,Clinical,Shift work,Shift work,Clinical ,Clinical,Supervison,N/A,N/A,N/A,Shift work,Shift work,Clinical,Off,Clinical ,Off,Off,Off,Off,Off,Off,Off,Off,Off,4,4,0,0,4.113,0,1.871,9.189,30.03,4,0,0,15.021,0,6,"3,6",62,0,0,15.12,0,3,4,3,4,5,3,4,5,4,3,4,3,"1,4",66,Provide David with meds. Follow up. Give Dave a pyshical,0,0,15.021,0,4,3,5,3,4,5,4,5,4,5,4,1,Refer him to another professional ,"Bill insuranse company, meet with Dave, discharge him from care",6,2,4,2,1,4,4,4,4,3,4,3,4,3,4,2,2,2,2,2,2,2,2,2,2,0,0,50,50,11,Therapy,APN,11,,83,4,APN,1,14,,37,1,,1,,,8,3,7,4,4,Treatment,6634f90e-4049-0145-0366-b3e43b44e40f
2024-05-03 09:27:10,2024-05-03 09:27:42,0,100,31,1,2024-05-03 09:27:42,R_6sawmqBlosjKExY,,,,,40.476,-79.7355,anonymous,EN,1,7,Pediatrician ,,,,,,,,,,,,,,,,,,,,,,,,,,,,,,,,,,,,,,,,,,,,,,,,,,,,,,,,,,,,,,,,,,,,,,,,,,,,,,,,,,,,,,,,,,,,,,,,,,,,,,,,,,,,,,,,,,,,,,,,,,,,,,,,,,,,,,,,,,,,,,,,,,,,,,,,,,,,,,,,,,,,,,,,,,,,,,,,,,,,,,,,,,,,,,,,,,,,,,,,,,,,,,,,,,,,,,,,,,,,,,,,,663501bf-09a3-6504-ac41-cf5d31dde855
2024-05-03 09:04:59,2024-05-03 09:38:17,0,100,1998,1,2024-05-03 09:38:17,R_7h0b2yusPGqBvpg,,,,,38.2254,-82.4369,anonymous,EN,1,3,,"9,3,4",It’s important to empathize with my patient because understanding how they may feel I’m able to provide the best care for them ,2.923,51.1,52.829,20,It’s critical to understand a patients perspective for doing what they do because everyone has different beliefs and grew up in areas where certain things were a way of life. Some things I believe is the way of life may not be the same way another person was raised ,2.698,2.698,102.35,1,3.36,72.955,73.631,42,Some patients are anxious and hesitate to ask questions because they feel embarrassed about their way of life and the doctor or nurse has not talked to fhem on their level making them feel comfortable to discuss certain things ,1.594,6.237,86.773,3,2.953,98.697,99.404,50,Understanding a patients perspectives has a positive influence on my recommendations because I can t then make a care plan for treatment that the patient is more likely to follow making the quality of care outcome better for the patient ,3.355,3.355,186.708,1,Understanding a patients perspective has a positive influence on their recovery because they are more likely to follow through with the proper treatment needed ,6.859,27.337,77.28,4,2.796,96.878,97.789,49,It’s beneficial to help patients see that your goals are aligned with their goals because it makes the patient feel more comfortable to talk to the doctor about their healthcare needs in return the patient is inclined to follow through with proper treatment ,6.174,6.174,69.602,1,I read about how important patient relationship with their provider is for the patient to have the best outcome of their care ,It’s important to have a personal relationship with your patient because it makes the patient feel more comfortable to talk to you and to adhere to proper treatments needed for their care ,14.609,32.077,80.218,9,,,,,,,,,,,,,,,,,,,,,,,,,,,,,,,,,,,,,,,,,,,,,,Start of shift receive report from night nurse ,Count narcotics ,Begin passing meds ,Passing meds,Passing meds ,Begin wound care treatments ,Wound care ,Pass meds ,Pass meds ,Meet with doctor ,Receive new orders for patients ,Vital signs and assessments ,Charting and report to new nurse ,,,,,,,,,,,,5,5,0,0,4.018,0,7.688,27.623,30.031,14,3.214,8.371,15.033,4,7,"6,7",86,0,0,15.032,0,3,4,3,2,5,3,2,2,3,5,4,4,"5,6",90,Dave has continued  with increase in pain . Patient states he has had no time to adhere to request from last visit ,0,0,15.113,0,4,4,3,3,4,4,2,2,3,4,4,1,I would send Dave for more X-rays of the ankle,Patient has continued with pain to his ankle. Dave has a new order to receive another X-ray for follow up,3,4,3,2,1,3,4,4,4,2,2,2,2,2,2,2,3,2,3,2,2,2,2,2,2,1,1,75,25,16,Long term care,Lpn ,3,,80,3,Associate ,1,50,,44,2,,1,,,5,4,5,1,2,Treatment,6634fc98-7a45-dc93-57e9-1ddf3a51e2e0
2024-05-03 09:40:53,2024-05-03 09:42:44,0,100,110,1,2024-05-03 09:42:44,R_1aDoqaxqlYtpWea,,,,,39.78,-75.9856,anonymous,EN,1,7,Nurse ,,,,,,,,,,,,,,,,,,,,,,,,,,,,,,,,,,,,,,,,,,,,,,,,,,,,,,,,,,,,,,,,,,,,,,,,,,,,,,,,,,,,,,,,,,,,,,,,,,,,,,,,,,,,,,,,,,,,,,,,,,,,,,,,,,,,,,,,,,,,,,,,,,,,,,,,,,,,,,,,,,,,,,,,,,,,,,,,,,,,,,,,,,,,,,,,,,,,,,,,,,,,,,,,,,,,,,,,,,,,,,,,,6634ff1e-838e-0a54-3413-e472e4a0d560
2024-05-03 10:07:44,2024-05-03 10:29:34,0,100,1310,1,2024-05-03 10:29:35,R_2dihnevP9iawqZ2,,,,,30.236,-92.0075,anonymous,EN,1,5,,,,,,,,,,,,,,,,,,,,,,,,,,,,,,,,,,,,,,,,,,,,,,,,,,,"1,2,5",I feel that this is very good to use ,5.877,14.311,16.682,9,I use technology to better my education in life ,1.469,1.469,10.789,1,20.567,20.567,21.388,1,The technology that allowed me to connect with others were google and my cellular device ,2.157,3.657,33.166,3,Yes I used to this to better my technique ,0,0,15.988,0,In 2-3 ways this helps my environment,25.886,26.77,40.189,2,0,0,18.649,0,Some ways are developed technologies ,2.02,2.02,25.995,1,I read about technology in entertainment and etc,I would like the tech to be more useful. The environment has trouble using the technology ,0.785,32.928,37.132,4,Clock in ,Logging in patients ,Working medicine ,Taking care of patients ,Cleaning floors ,Picking up trash ,Clock out ,Move ,Move ,Go home ,Get dinner ,Cook ,Shower ,Feed pets ,Make bed,Clean house ,Go to sleep ,Sleep ,Sleep ,Sleep ,Sleep ,Sleep ,Wake up,Get ready ,1,1,0,0,4.018,0,3.075,26.762,30.022,3,0,0,15.02,0,11,"1,2",77,0,0,15.019,0,5,5,5,5,5,5,1,1,5,5,5,5,"7,8",73,"Check Medicaid
Get medicine 
Involve smile ",0,0,15.119,0,5,5,5,5,5,5,5,5,5,5,5,5,Get treatment ,Not sure ,6,1,2,4,1,5,5,5,5,5,5,4,4,4,4,5,5,5,5,5,5,5,5,5,5,1,1,50,50,8, Nurse,Nurse ,4,,66,3,Associate ,1,19,,40,2,,3,,,10,7,5,3,3,Control,66350b97-54be-ec9a-bcdd-3ea6235dbcca
2024-05-03 10:34:35,2024-05-03 11:51:02,0,100,4587,1,2024-05-03 11:51:03,R_7R8PGkx3ci2nk4u,,,,,42.143,-77.0457,anonymous,EN,1,3,,,,,,,,,,,,,,,,,,,,,,,,,,,,,,,,,,,,,,,,,,,,,,,,,,,"1,7","I use my laptop and email to communicate, research, learn and accomplish my goals.",3.147,28.264,30.236,6,"I use my cellphone alarm to wake me up, I use my cellphone to keep me connected to important events, emails, messages I need to respond to or review. My laptop is used to respond to emails, stay up-to-date with local/national and world news every morning. I use the video conferencing capabilities on my cellphone and laptop to stay connected and have meetings for my work (and personal). I also use my cellphone and laptop to stream music that helps me be more productive or energize/calm me down.",2.393,2.393,203.275,1,2.712,2.712,54.555,1,"Using SKYPE on my laptop has allowed to stay in touch with family and friends that are working in remote areas overseas, as well as during the COVID-19 pandemic when getting together with others was not recommended.",7.306,7.306,110.799,1,"I have used my cellphone and laptop to improve communication in my everyday life by taking advantage of features that I previously did not utilize-like Facetime. SKYPE, Zoom. Not that I have embraced the technology and feel significantly more comfortable using them, I am able to stay in closer contact with family/friends and also have more successful outcomes in my professional interactions. My goal was to learn, grow and become proficient using this technology. I did it by watching You Tube videos, asking friends and coworkers to teach me and then by just practicing and using the technology until I got comfortable and proficient! It worked! I now feel very confident holding meetings/taking calls/interacting on video calls.",3.924,46.446,47.861,3,"In my personal life, I use technology in ways such as: using my laptop or cellphone to search the internet for information, directions, look up product information, recipes, business addresses. I also use them to stay informed about the weather, news, find recipes, engage in researching, and write/ journal. Music is also important to me and I can utilize m cellphone and laptop to stream a variety of music (and podcasts) for entertainment and relaxation.",3.388,3.388,201.736,1,10.682,61.769,63.726,4,"Ways I use technology in my personal life for entertainment purposes include viewing social media apps (Instagram, Facebook), streaming music or podcasts, taking photos, looking at the internet (news, weather, topics of interest). Both my laptop and cellphone are utilized in these manners.",2.363,171.564,181.067,5,I read about technology and it's personal impact.,"Being able to stay in touch with loved ones, family and friends has been shown to be very important-being connected to those we care about is crucial for our physical and mental health. Research has proven this. Technology has made achieving this very easy-so easy my 81 year Mom has mastered using video calling technology to see and talk to her children and grandchildren on a regular basis!

There are a number of applications that are easy to download to your cellphone or computer that will enable you to see and talk live with others-for free! They are easy to use and can be used in any setting! Learning to use this type of exciting technology will enhance your life and relationships with others! Try it and see-you won't regret it!",175.422,669.416,675.817,17,Drive to Work,Respond to emails. Prepare for 9AM ZOOM meeting,Weekly Epidemiology State-Wide Update via ZOOM,Weekly Epidemiology State-Wide Update via ZOOM,Administer vaccines at clinic,Lunch,Staff Meeting,State Grant Work,State Grant Work,Work on TB Policy Updates for presentation next week,Drive Home.,-,-,-,-,Go to Sleep,-,-,-,-,-,-,-,Wake Up,4,6,0,0,4.133,0,0,0,30.129,0,0,0,15.021,0,5,"6,7",1,10.254,10.254,15.03,1,5,5,5,2,5,3,1,2,1,5,4,3,"6,7",4,Pt reports unimproved ankle pain but admits to non-compliance with recommended treatment regimen.Treatment plan/recommendations reviewed with pt again and importance of compiance to plan emphasized to pt. Pt verbalized understanding and had no questions for me.,0,0,15.035,0,5,5,5,3,5,3,2,3,1,5,4,3,I would ask him what would be most helpful to him to ensure successful treatment of his injury..,"Pt continues to report unresolved pain. He reports continued non-compliance with recommended treatment plan, stating ""it slipped my mind"". Pt encouraged to verbalize factors that would self-motivate him to be compliant with treatment paln. ",5,3,3,2,1,5,5,5,5,4,4,3,3,4,4,3,2,2,2,2,2,2,2,2,2,0,0,80,20,26,ER/Public Health,Supervisor,3,,30,3,BSN,1,39,,54,2,,1,,,7,4,5,4,4,Control,663510a2-b197-1c02-fdaa-b0725f049529
2024-05-03 11:31:47,2024-05-03 11:52:07,0,100,1219,1,2024-05-03 11:52:08,R_3IcSR2Fol9AjCR1,,,,,36.102,-115.1447,anonymous,EN,1,3,,"7,4,5",Responsibility is amust,5.897,15.664,17.51,9,Because of what they are suffering ,5.9,5.9,24.472,1,0.884,7.745,19.562,4,Because of fear ,8.79,8.79,18.188,1,0.254,7.056,15.901,3,In help in treatment ,1.22,1.22,18.001,1,Will increase it,4.279,4.279,12.304,1,2.503,14.914,15.912,6,It give you happiness ,4.954,4.954,13.302,1,Addiction ,I can't do that ,0.823,19.183,19.9,7,,,,,,,,,,,,,,,,,,,,,,,,,,,,,,,,,,,,,,,,,,,,,,Goood,Good,Good,Good,Good,Good,Good,Good,Good,Good,Good,Good,Good,Good,Good,Good,Good,Good,Good,Good,Good,Good,Good,Good,2,3,3.07,3.07,4.033,1,2.575,3.027,30.072,2,11.521,11.521,15.064,1,6,"2,6",,4.788,4.788,15.172,1,3,3,4,4,5,4,4,3,5,3,4,3,"3,4",,What doctor sew os good,0,0,15.166,0,4,3,4,3,3,4,3,3,,,4,3,May be surgery ,What doctor see is good,4,3,3,2,1,4,1,3,3,2,2,3,2,2,3,3,2,2,3,4,2,1,1,1,,0,1,23,77,5,Rn,Rn,5,,40,3,,1,45,,,1,,6,No,,6,4,4,3,3,Treatment,66351db8-9e0f-275f-8e9d-c4a5719dfffc
2024-05-03 12:00:01,2024-05-03 12:00:47,0,100,45,1,2024-05-03 12:00:48,R_1PjTh3ExAoVQ331,,,,,27.9081,-82.7552,anonymous,EN,1,7,DDS remote consultant to medical Dr. practice patients ,,,,,,,,,,,,,,,,,,,,,,,,,,,,,,,,,,,,,,,,,,,,,,,,,,,,,,,,,,,,,,,,,,,,,,,,,,,,,,,,,,,,,,,,,,,,,,,,,,,,,,,,,,,,,,,,,,,,,,,,,,,,,,,,,,,,,,,,,,,,,,,,,,,,,,,,,,,,,,,,,,,,,,,,,,,,,,,,,,,,,,,,,,,,,,,,,,,,,,,,,,,,,,,,,,,,,,,,,,,,,,,,,66352436-779b-10ac-a0f3-571986792d1e
2024-05-03 12:25:33,2024-05-03 13:24:05,0,100,3511,1,2024-05-03 13:24:06,R_2WIr3T7WmOMEODe,,,,,41.6435,-91.5685,anonymous,EN,1,5,,,,,,,,,,,,,,,,,,,,,,,,,,,,,,,,,,,,,,,,,,,,,,,,,,,1,personal calendar,0,0,47.1,0,"the phone, the laptop, the phone as a clock for alarms, the calander",1.154,1.154,21.527,1,0,0,325.822,0,texting after a tornado when there is no electric and days without power but the cell phone has reception as long as its charged. ,233.046,233.046,264.871,1,"daily texting, easy calls, sending photos",0,0,18.601,0,streaming is less expensive than  cable and more entertaining. ,1.575,19.726,21.477,2,0,0,32.273,0,"streaming, youtube",1.605,7.15,7.6,2,use of technology. ,"as technology continues to advance, it is important to see the great possibility that awaits the every day person in daily life. both daily life and daily work will be positively impacted and AI will make each day easier. we will continue to be able to communicate but in a more global fashion. ",310.668,385.888,389.331,2,taking informal then formal report,first round of medications and complete physical assessments,still physical assessments. ,"medications, transfer one to surgery, talk to pharmacy","again talk to pharmacy, send another to dialysis. ","patient is in pacu, prepare for their return",get 2 admission.,"still admitting,", surgery patient is back,get another admission. 1600 medications.,still 1600 medications.,"take pt to the morgue, called funeral home, called coroner, called gift of life","catch up charting, start informal report, complete formal report. ",,,,,,,,,,,,3,1,0,0,4.122,0,0,0,30.128,0,5.974,5.974,15.025,1,4,"7,8",36,0,0,15.123,0,3,3,3,3,4,4,3,3,3,4,3,3,"6,7",32,"Patient present today with Ortho issue, pain in lower ext joint, negative for fall, accident or injury; no application of ice or heat; ordered x-ray and PT and low dose tramadol, sxs that warrant ER reviewed. ",5.335,5.335,15.049,1,4,4,4,3,3,3,3,3,3,3,3,3,start over. ,"patient returns, same as prior, ankle pain, by his own admission he is not following prior plan of care. ",5,3,3,3,1,3,3,3,3,3,3,3,2,2,3,3,3,4,4,3,3,3,3,2,2,0,0,0,100,26,"GI, INT MED, GERIATRIC",ARNP,7,,29,4,DNP,1,26,,47,2,,7,,NATIVE,6,2,6,4,4,Control,66352a95-f743-4391-781f-64be61ba940d
2024-05-03 13:29:00,2024-05-03 13:29:25,0,100,24,1,2024-05-03 13:29:25,R_3eiP76nEXORBVcd,,,,,33.6871,-84.151,anonymous,EN,2,,,,,,,,,,,,,,,,,,,,,,,,,,,,,,,,,,,,,,,,,,,,,,,,,,,,,,,,,,,,,,,,,,,,,,,,,,,,,,,,,,,,,,,,,,,,,,,,,,,,,,,,,,,,,,,,,,,,,,,,,,,,,,,,,,,,,,,,,,,,,,,,,,,,,,,,,,,,,,,,,,,,,,,,,,,,,,,,,,,,,,,,,,,,,,,,,,,,,,,,,,,,,,,,,,,,,,,,,,,,,,,,,,,663539bb-faf4-b67f-2565-6d70bc1173d0
2024-05-03 14:52:30,2024-05-03 14:52:49,0,100,19,1,2024-05-03 14:52:50,R_72tYvQcyf13bdD0,,,,,42.8899,-85.6148,anonymous,EN,2,,,,,,,,,,,,,,,,,,,,,,,,,,,,,,,,,,,,,,,,,,,,,,,,,,,,,,,,,,,,,,,,,,,,,,,,,,,,,,,,,,,,,,,,,,,,,,,,,,,,,,,,,,,,,,,,,,,,,,,,,,,,,,,,,,,,,,,,,,,,,,,,,,,,,,,,,,,,,,,,,,,,,,,,,,,,,,,,,,,,,,,,,,,,,,,,,,,,,,,,,,,,,,,,,,,,,,,,,,,,,,,,,,,66354e28-b4b1-4349-b8e7-206fd166bab8
2024-05-03 15:19:35,2024-05-03 15:20:18,0,100,43,1,2024-05-03 15:20:19,R_1gziT5cO2pMCUBo,,,,,41.8986,-87.738,anonymous,EN,1,7,Cna,,,,,,,,,,,,,,,,,,,,,,,,,,,,,,,,,,,,,,,,,,,,,,,,,,,,,,,,,,,,,,,,,,,,,,,,,,,,,,,,,,,,,,,,,,,,,,,,,,,,,,,,,,,,,,,,,,,,,,,,,,,,,,,,,,,,,,,,,,,,,,,,,,,,,,,,,,,,,,,,,,,,,,,,,,,,,,,,,,,,,,,,,,,,,,,,,,,,,,,,,,,,,,,,,,,,,,,,,,,,,,,,,66355479-ef68-f21d-0a7f-8c1d2a9338b3
2024-05-03 14:49:07,2024-05-03 15:32:18,0,100,2591,1,2024-05-03 15:32:19,R_1qJPeYoP6wZYvOP,,,,,34.7523,-79.4566,anonymous,EN,1,4,,,,,,,,,,,,,,,,,,,,,,,,,,,,,,,,,,,,,,,,,,,,,,,,,,,"1,2,7",To make contact with family and friends,2.617,12.006,18.203,6,"Make calls, drive, contact clients, purchase items etc",2.701,624.485,625.392,6,5.032,13.735,24.56,11,Via video calling,16.201,23.659,24.3,2,Time management,0,0,17.101,0,"Music, smart speakers, purchasing tickets online,  making calls",10.201,50.686,53.759,4,6.293,6.293,38.308,1,"Parties, intimate gatherings, weddings, game night, movie night",4.201,29.255,30.1,2,I read about a toddler face down in pool after he vanishes from mum,"The new technologies allow us to contact And speak with anyone, anywhere. Video calls, zoom, meet, FaceTime, we use tech to deliver information through emails, telegram, text.  We can fly drones, taking the most breathtaking pictures, we can use headgear to react and move in virtual world. We can see every aspect of our homes away from home. The list goes on",1.555,199.743,218.603,13,Making rounds,Checking on clients,Dog attack,Heart attack,Domestic violence emergency,Rounds,Break,Break,Er duties,||,II,II,II,Rounds,Paperwork,Home,,,,,,,,,6,6,0,0,4.149,0,6.194,20.832,30.11,6,12.601,13.3,15.166,2,4,"7,8",100,0,0,15.052,0,1,3,5,1,5,1,1,1,5,5,5,3,"7,8",98,"Dave should elevate his ankle above his heart and take OTC as directed,  stay off ankle as much as possible and stay hydrated. ",9.366,9.366,15.172,1,1,5,5,1,5,1,1,3,3,5,5,4,Sending reoccurring notes to follow plan given and follow up on two weeks,Encourages following care plan and I will follow up on 14 days,6,1,3,3,1,5,5,5,5,5,5,5,5,5,4,1,3,1,2,1,1,1,1,1,1,1,1,50,50,19,Obstetrics ,P.A.,3,,76,4,Doctorate,1,45,,49,2,,4,,,8,4,7,4,4,Control,66354d00-f6fb-08f1-3549-a1403c4e941b
2024-05-03 16:01:09,2024-05-03 16:01:31,0,100,21,1,2024-05-03 16:01:31,R_2GC9KGgFLFYsbrL,,,,,42.4422,-87.8396,anonymous,EN,1,7,,,,,,,,,,,,,,,,,,,,,,,,,,,,,,,,,,,,,,,,,,,,,,,,,,,,,,,,,,,,,,,,,,,,,,,,,,,,,,,,,,,,,,,,,,,,,,,,,,,,,,,,,,,,,,,,,,,,,,,,,,,,,,,,,,,,,,,,,,,,,,,,,,,,,,,,,,,,,,,,,,,,,,,,,,,,,,,,,,,,,,,,,,,,,,,,,,,,,,,,,,,,,,,,,,,,,,,,,,,,,,,,,,66355e3d-b34a-52cf-4f37-574e76dd247e
2024-05-03 06:44:44,2024-05-03 16:03:37,0,100,33532,1,2024-05-03 16:03:38,R_2nN7fxK5f7QrZMB,,,,,42.8482,-73.7863,anonymous,EN,1,5,,,,,,,,,,,,,,,,,,,,,,,,,,,,,,,,,,,,,,,,,,,,,,,,,,,"1,7","I am able to keep up with distant friends and family. I love being able to keep up with medical news, and to do CME online.",21.671,21.671,23.227,1,"I subscribe to multiple medical online magazines and news sites. I try to read several articles a day, and skim the rest. I often listen to a lecture or read the transcript of a podcast. I do CME weekly.
On a personnel level I can look up gardening info and browse quilting patterns and fabrics.",2.107,150.494,183.758,6,0,0,23.933,0,During the pandemic doing a video visit with my patients improved my care and their satisfaction via phone alone.,4.586,4.586,60.501,1,I use a smart phone daily to read my medical articles. I send texts and pictures with my sisters in Florida. I was recently injured and the smart phone and email helped me to stay in contact with my grandchildren. Being able to send pictures to my medical team helped in my care.,0,0,17.856,0,"I do have a smart TV with hulu, netflix, etc. I am able to watch different shows, do yoga, and exercise when I want. On my phone I do play bookworm and wordle when waiting at a doctors office. My husband and I will play wordle will waiting together.",3.166,3.166,130.612,1,0,0,24.242,0,"I do not read ebooks as I much prefer a real book. But I will read the news and medical articles online. I do several games-bookworm, suduko, solitare and wordle",2.826,2.826,81.122,1,"Today I read about the tornados in the west, and the floods in texas. I did watch one interview of a family  and how his whole family was saved by hiding in the basement.","I know tech can be overwhelming, but I beg you to try it out. Repeated tries will make you more proficient and will be easier each time. Always ask for help, my grandsons and children often help me. I have gone to the mobile phone store numerous times for help, and feel proud when I can do it on my own.
Zoom calls can be a lot of fun, I even had a zoom baby shower in the midst of covid for my daughter in law.
Using the calender on my phone has made all the difference in organizing my life.
A friend suggested using youtube to help with gardening, and now I know how to prune my blueberry and raspberry plants. I follow a specic local yoga teacher on youtube for her free classes on my own time.
I send local pictures and funny pictures to my sisters daily, and we laugh long distance!",24.144,282.306,439.68,4,arrived an hour early to avoid traffic. I review pt charts for the day.,see 1st pt,see 2 follow up pts this hour. Continue to moniter labs on child on depokte,"1 no show, but I spend the entire time reviewing labs, sending messages. I direct my nurse to make some f/u calls, while I also make calls to familes.",2 f/u pts.,"30 minutes of lunch, i eat while trying to chart. I wait 15 min to do prior auth with ins company.","new pt with epilepsy. I start on med, review side effects, discuss safety and write note for school","1 f/u migraine, and 1 no show pt. I chart and also call the no show family to see what is happening.",2 f/u pts.,"1 ER follow up for possible seizures, I order MRI and EEG",charting,charting and more review of messages and labs from today,drive home and eat leftovers with my husband.,walk dog for 20 min,watch tv,go to bed,,,,,,,,,6,2,0,0,4.01,0,0,0,30.011,0,0,0,15.016,0,6,"7,8",94,0,0,15.015,0,5,5,4,3,5,3,2,4,3,4,3,2,"7,8",97,"Still complains of pain.
Admits he has not used the meds prescribed.
Perhaps physical therapy would be helpful.",0,0,15.117,0,5,5,4,3,4,4,3,3,1,4,3,2,have a inperson visit. See what causes pain. Prescribe motrin or ibuprophen. See if PT would help,"Still complains of pain, but states he forgets to take the meds. Concerned if there is something else causing discomfort. Want to do inperson visit and may rec. PT",5,2,3,2,1,4,4,4,4,3,5,4,2,4,5,3,3,2,2,2,1,2,1,1,2,0,0,90,10,42,pediatric neurology,PNP,18,,93,4,MSN,1,33,,68,2,,1,,,7,4,5,3,2,Control,6634db09-8cf3-ef2b-ab76-a67b5a9bf32c
2024-05-03 16:11:34,2024-05-03 16:12:42,0,100,67,1,2024-05-03 16:12:42,R_2GBUBU9IA4XtsEp,,,,,37.751,-97.822,anonymous,EN,1,7,Personal caregiver,,,,,,,,,,,,,,,,,,,,,,,,,,,,,,,,,,,,,,,,,,,,,,,,,,,,,,,,,,,,,,,,,,,,,,,,,,,,,,,,,,,,,,,,,,,,,,,,,,,,,,,,,,,,,,,,,,,,,,,,,,,,,,,,,,,,,,,,,,,,,,,,,,,,,,,,,,,,,,,,,,,,,,,,,,,,,,,,,,,,,,,,,,,,,,,,,,,,,,,,,,,,,,,,,,,,,,,,,,,,,,,,,66355fcb-f84a-2439-1912-be704582c45d
2024-05-03 15:10:08,2024-05-03 16:22:27,0,100,4339,1,2024-05-03 16:22:28,R_7taENQ0ALe3WoM1,,,,,33.1922,-111.5318,anonymous,EN,1,3,,"7,9,4",I want to treat others as I would want to be treated. It is the Golden Rule of Life. I do my best to understand where my patients come from and try to identify and empathize with them. ,7.209,146.065,148.987,16,So I can understand better how to help them and educate them about their current medical condition and how to improve it. ,1.443,7.532,56.469,8,5.286,170.747,173.7,27,The patient is too sick to be able to ask and understand what is being taught or discussed. Other patients are too busy on their cell phones to pay attention to important information. Others feel they may be judged and mistreated for questioning the care they are receiving. ,1.175,13.026,134.353,7,5.382,191.793,194.249,52,Ask the patient what works best for their lifestyle and tailor the plan of care and treatment around their schedule as best as possible ,1.07,11.319,67.442,12,Understanding the patient needs and home environment. ,14.43,14.43,37.48,1,23.248,23.248,69.141,1,By assessing the patient needs and family and social history planning care that is tailored to their schedule and needs. Taking the time to talk to patient about their current situation and understanding of what they think is going on with their health ,6.715,6.715,112.624,1,How to better communicate with patients to provide patient centered care ,Take the time to truly listen to your patients and family. Treat them as if they’re your parents or grandparents or children. Understand that they don’t have a medical background like you and need to have their medical condition explained in simple basic terms. Ask the patient what works best for them and what has not been working and how you can help them to improve their health and wellbeing on their terms.  Encourage family involvement.  Meet your patient on their level not yours. Most of all remember you are human just like your patient. ,14.055,59.014,309.654,6,,,,,,,,,,,,,,,,,,,,,,,,,,,,,,,,,,,,,,,,,,,,,,Not at work ,Not at work ,Not at work ,N/a,Na,N/A,N/A,N/A,N/A,N/A,B/A,Shift change report in ED ,The ED is extremely busy and we are minimally staffed for nurses ,I am doing my best to keep up but the wheels have fallen off the wagon and rolling down the street (it is extremely busy with. A full ED and lobby of people waiting to be seen) ,It is still busy and the ambulances are rolling in and out . I need to go to the bathroom but I just don’t have the time. ,Still busy caring for patients still running around and still have to go to the bathroom but just. can’t.  It gets very frustrating not having adequate staff to care for our patients ,"Oh well , 6 people who were checked in to be seen have left without being seen. I guess it wasn’t an emergency.","Well now things are getting better patients are getting moved to another facility, admitted or discharged so now we can see light at the end of the tunnel. I feel awful that 6 people walked out without being triaged and I am sure our Director of Nursing will be very unhappy about that. But what do you expect when you can’t give us enough staff?",I actually got to go to the bathroom finally and attempt to ea bit to eat. ,Finally everyone except for a few patients are gone we succeeded to survive the craziness of the early evening ,Still calm and chilled . I guess I will go do the housekeeping job and clean rooms because this place is too cheap to pay for a house keeping staff anymore during the night. They didn’t tell me I would be doing housekeepings job in addition to my nursing job when I was hired on last year. ,Still calm only 3-4 patients waiting for transfer.,Oh there goes the calm now an ambulance comes in with a patient with a blood glucose of 25 to 35 not good. But the patient is awake and talking. Nice older gentleman  hard to believe he is so alert with such a low blood sugar.,"Ahhh there is the dayshift coming in.. report given and time for this nurse to go home to sleep.  What a crazy night it has been dealing with belligerent drunks, angry inmates an impatient patients. I love my job as a ED nurse!   ",5,4,0,0,4.015,0,5.773,24.381,30.123,2,0,0,15.123,0,5,"6,8",9,0,0,15.02,0,3,4,5,2,4,3,2,3,3,4,3,5,"5,7",77,"Non compliance with initial treatment recommendations 
Recommend patient have X-ray of affected ankle to assess for fracture
Assess patient needs and develop reasonable plan of care to improve compliance with recommended treatment plan ",12.845,12.845,15.02,1,4,5,5,1,4,4,2,3,1,5,3,5,Refer David to an orthopedic specialist and have X-ray taken of his ankle to add for fractures,Pt is continuing to have pain pt states he has not been following his recommendations for care . Referral given to patient for orthopedic specialist and for X-ray to be obtained to assess for fracture.  Assess patient for his ability to participate in his care and follow up. Assess for barriers for compliance in care.  ,7,3,4,3,1,4,4,4,4,3,2,3,4,4,4,2,3,2,2,2,2,2,2,2,2,1,1,80,20,33,Registered Nurse Pediatrics for 30 years and now ER nurse in small rural community hospital.,Staff Registered Nurse ,2,,80,4,Master Degree in Nursing Education ,1,23,,62,2,,1,,,8,4,6,2,2,Treatment,6635517e-e86a-bb5a-65eb-9c4f081477fc
2024-05-03 15:33:50,2024-05-03 16:37:03,0,100,3792,1,2024-05-03 16:37:04,R_51Am23jfheijhZF,,,,,33.8782,-117.9567,anonymous,EN,1,3,,,,,,,,,,,,,,,,,,,,,,,,,,,,,,,,,,,,,,,,,,,,,,,,,,,"1,4,6,7,8",I use it to communicate with family and friends.,7.954,583.253,587.228,3,"I use it to do online shopping, communicating with family, making appointments, and social media.",3.885,3.885,90.475,1,7.5,410.755,412.647,3,It allowed me to stay connected and feel like I didn't miss out. I was able to attend special events.,3.758,3.758,119.486,1,I have used it to send event invitations for special evnts. I also used it to be involved with chuch.,18.466,18.466,20.658,1,I use it to waych movies. I also used it to date my fiance. ,12.186,12.186,60.601,1,6.36,160.491,162.507,2,I use it to meditate and do my exercises and workout.,8.702,8.702,50.385,1,I read about using technology and it's uses.,Technology is a good source of communication. You will be able to talk with family and friends as well as entertaining. You can also do lots of shopping from home.,21.98,161.733,168.56,3,,,Patient vitals,,,Patient meals,,Personal shopping,,Online studies or surveys,,,,Games,,,,,,,,,,,6,1,0,0,4.039,0,0,0,30.122,0,0,0,15.129,0,4,"5,6",43,0,0,15.029,0,4,5,5,3,5,3,1,3,4,5,3,1,"7,8",82,I have upped Dave's prescription. I also encourage him to exercise.,12.267,12.267,15.028,1,4,1,5,3,3,4,2,5,1,5,3,1,Yes,Dave needs encouragment. I would also suggest physical therapy. ,7,2,2,3,1,2,4,5,5,1,1,1,1,1,1,1,2,1,2,1,1,1,1,1,1,1,1,50,50,16,Home Health Nurse,Nurse,16,,100,3,AA,1,5,,50,2,,3,,,8,4,3,3,3,Control,6635576e-906a-c035-5e9f-0b7a5a800850
2024-05-03 16:52:13,2024-05-03 16:53:18,0,100,64,1,2024-05-03 16:53:18,R_2pmlRQ4TtMMgDnj,,,,,40.0321,-82.9092,anonymous,EN,1,7,LPN,,,,,,,,,,,,,,,,,,,,,,,,,,,,,,,,,,,,,,,,,,,,,,,,,,,,,,,,,,,,,,,,,,,,,,,,,,,,,,,,,,,,,,,,,,,,,,,,,,,,,,,,,,,,,,,,,,,,,,,,,,,,,,,,,,,,,,,,,,,,,,,,,,,,,,,,,,,,,,,,,,,,,,,,,,,,,,,,,,,,,,,,,,,,,,,,,,,,,,,,,,,,,,,,,,,,,,,,,,,,,,,,,6635691a-f264-65a1-43a5-0bad38a83427
2024-05-03 16:45:27,2024-05-03 16:54:13,0,100,526,1,2024-05-03 16:54:14,R_3lDq1aT6J7xeBVn,,,,,40.8123,-73.9682,anonymous,EN,1,1,,"7,2,4",I don’t know ,0,0,15.778,0,I don’t know if I can get a hold of you ,0.822,3.791,5.948,2,10.607,15.894,15.908,2,I don’t know if I can ,1.337,1.337,5.877,1,0,0,18.328,0,I don’t know if I can ,0.921,5.029,5.7,5,I don’t know if I can get a hold ,0.665,0.665,5.758,1,10.579,10.579,15.734,1,I don’t know if I have ,0.598,0.598,5.76,1,,I don’t know if I ,0.675,10.641,11.187,6,,,,,,,,,,,,,,,,,,,,,,,,,,,,,,,,,,,,,,,,,,,,,,I don’t know ,I don’t know ,I don’t know ,I don’t know ,I don’t know ,I don’t know ,I don’t know ,I don’t know ,I don’t know ,I don’t know ,I don’t know ,I don’t know ,I don’t know ,I don’t know ,I don’t know ,I don’t know ,I don’t know ,I don’t know ,I don’t know ,I don’t know ,I don’t know ,I don’t know ,I don’t know ,I don’t know ,1,1,1.05,1.05,4.111,1,0.692,14.741,30.023,7,2.998,2.998,15.018,1,8,"2,6",,0,0,15.121,0,5,4,3,2,4,3,1,4,4,5,2,1,"1,6",69,I don’t know if I ,0,0,15.022,0,5,4,3,2,4,1,5,4,3,5,2,2,I don’t know ,I don’t know ,10,1,5,4,3,5,4,4,3,4,4,4,2,3,3,5,4,4,2,4,4,3,3,2,3,1,0,50,50,10,I don’t know ,Healthcare ,5,,56,3,),1,1,,22,1,,1,,,10,7,5,4,3,Treatment,663568df-2f60-7a1b-42ba-312d8b6e738f
2024-05-03 17:03:30,2024-05-03 17:58:04,0,100,3273,1,2024-05-03 17:58:05,R_3CZQaIcTGQ9EEsw,,,,,41.4453,-81.6991,anonymous,EN,1,3,,,,,,,,,,,,,,,,,,,,,,,,,,,,,,,,,,,,,,,,,,,,,,,,,,,"1,7",I completed my bills with online banking. ,3.195,10.419,31.04,5,Contacting loved ones without having to speak to anyone at all times of the day. Looking up information without picking up a book. Complete my banking & postal needs from my own home. ,3.44,3.44,113.7,1,0,0,16.957,0,Teams meetings or Zoom with multiple people keeps me connected 24/7.,7.404,7.404,61.939,1,We have a Zoom call after church every weekend with the whole family. Everyone lives so far away from each other. It keeps us updated and allows my grand children to see what I look like between in-person visits. I think it’s important to stay connected. ,0,0,17.124,0,Download movies. Banking at your fingertips. Cashing a check by just taking a picture. Sharing important life events with friends & family. ,5,5,106.473,1,0,0,22.444,0,E-books. Daily devotional. Texts with my children & grandchildren. ,5.113,59.998,61.028,2,Listening in the dark; tuning into your own thoughts,Today I watched a video about taking pictures with my phone. It was amazing how there are so many different ways to change things. IA can put you in areas that you would never have imagined. I took a picture of the cat & made it look like she went to Disney with us. ,5.201,71.73,228.52,14,Report. Doctors rounding,Assessments. Medications,"New admission, baths",Down to CT,Before lunch blood sugars,Assist patients with eating. Pass more medication’s,go to the bathroom and grab a granola bar,Rehang new IV bags.update doctor about labs. Start CRRT. ,Transfer patient to pulmonary Floor,New patient from ER. Pass more medication,Call the doctors with assessment. Residence two rooms.,Assist patients with meals. Prepare patient for next shift,Give report,One hour drive home. ,"Eat something, shower ",Bedtime ,"Lay in bed, awake thinking about how I could’ve done it better",Sleep ,Sleep,Sleep,Sleep,Up at 430,"Shower, eat & leave for work",One hour drive to work,2,2,0,0,4.117,0,0,0,30.12,0,11.217,11.217,15.121,1,5,"7,8",66,0,0,15.018,0,4,5,5,3,5,3,2,3,3,5,3,4,"6,8",73,"Pain continued 
Continues to seek treatment 
Did not follow recommendations 
",0,0,15.118,0,4,5,2,4,5,3,3,3,2,4,3,2,Order X-rays. ,"Pt c/o continued discomfort, but not taking OTC meds d/t it has “slipped his mind”. No self treatment. Non-compliant with recommendations. Obtain X-ray to look for acute reasons for discomfort. Suspect contusion. Consider Ortho consult. 
",3,4,2,2,1,4,1,2,1,2,3,3,4,4,4,3,3,3,4,3,3,3,3,3,3,1,0,60,40,27,Float pool,RN Clinical Manager ,5,,45,4,Masters,1,39,,57,2,,1,,,6,5,7,2,2,Control,66356c1a-851a-0f27-8e15-9541e705e0a5
2024-05-03 17:57:37,2024-05-03 18:10:25,0,100,768,1,2024-05-03 18:10:26,R_2oF4NNRQkluGqPP,,,,,41.8883,-87.7613,anonymous,EN,1,3,,"3,4",Having more control over your life ,6.293,15.087,15.801,2,Because we need more sympathy and more advisors around ,5.779,5.779,29.801,1,0,0,16.161,0,No particular reason except annoying them,3.206,3.206,17.701,1,0,0,16.199,0,Having a better understanding in medicine and critical care ,2.101,2.101,22.77,1,Having the time and patience ,1.052,1.052,9.7,1,0,0,16.2,0,They have a better understanding of setting up their life goals and accomplishments ,1.365,1.365,17.093,1,Medical ,"Hello,

I'm hoping and wishing a great success. Having the time, energy and effort in my medical background, training and knowledge.  

Sincerely, 

Medical student.",1.279,93.058,93.54,14,,,,,,,,,,,,,,,,,,,,,,,,,,,,,,,,,,,,,,,,,,,,,,,,,,,,,,,,,,,,,,,Great ,Great ,Fun,Peace,Quiet,Nice,Observations ,4,1,0,0,4.142,0,6.318,28.032,30.144,11,3.193,12.542,15.044,8,7,"5,6",67,0,0,15.047,0,3,5,5,1,4,,3,1,5,4,4,1,"1,5",100,"High medicine, low dosages, follow ups",0,0,15.039,0,4,4,3,4,3,4,3,2,1,3,2,3,Should continue with basic follow ups,"Fast, easy, convenient ",7,1,4,3,1,5,5,5,4,5,5,5,5,5,4,3,5,3,5,4,3,3,3,3,3,1,1,40,60,7,Registered nurse,Registered nurse,7,,87,3,Bachelor's degree,1,14,,27,2,,1,,,10,1,5,3,3,Treatment,66357923-778f-96e4-b98b-95ef6f0a0ae4
2024-05-03 18:04:48,2024-05-03 18:22:14,0,100,1046,1,2024-05-03 18:22:15,R_70vgkMedTT7gAoR,,,,,36.7943,-119.8856,anonymous,EN,1,3,,,,,,,,,,,,,,,,,,,,,,,,,,,,,,,,,,,,,,,,,,,,,,,,,,,"1,8","Are use my laptop to access TikTok, Facebook, Instagram Snapchat all kinds of different things that way I don’t have to have my phone on me all the time",0,0,21.919,0,"Well, mostly I use my technology to keep in touch with family and I also use it to browse social media and that would include Facebook Instagram Instagram Snapchat. I also use my camera nearly daily because I’m a picture taker. I love to capture memories.",2.248,2.248,21.774,1,0,0,40.986,0,"I’m a content creator, so I use TikTok to connect with people who are going through some more things that I am and there’ll be no way for me to do that with something other than TikTok",67.104,71.401,94.96,2,So my goal with using it was to connect to a bigger audience I felt like I couldn’t get a good one on Instagram or Facebook so it shows TikTok I chose it after I had weight loss surgery surgery and it’s gone pretty well I do need to be more consistent with it if I posted more consistently would probably go,0,0,16.31,0,"Well, I use my Xbox most every day to play video games with my family so I guess I would. I would say that that is how I used it for entertainment but I also watch TV and I watch YouTube on my on my Xbox so that also provides me with entertainment.",3.408,3.408,23.593,1,0,0,17.048,0,"Well, I use it anyways I watch YouTube to watch small videos, TikTok to watch even smaller videos and to also connect with other people I use my Xbox to play video games and to watch things like Netflix Hulu Max, so just taking in content in anyway that I can",3.911,3.911,30.502,1,Today I read about how technology can help us with entertainment and connectivity,"Technology is a In fact, entertainment with technology has increased rapidly since the COVID-19 pandemic I believe that that is because people were trapped inside without much to do and so you turn to the things that you have inside, which is typically TV cell phone Xbox is Found solace in these items since they couldn’t go out and have fun like people have been used to and they also weren’t used to being locked in all the cell phones really helped. Keep the sanity I believe.",2.482,60.973,62.126,9,Start,Working,Working,Shift change,Working,Working,Brief lunch,Working,Working,Working,Report,Working,Working,End,Home,Home,Home,Home,Home,Home,Home,Home,Home,Hime,3,5,0,0,4.015,0,11.838,11.838,30.019,1,9.336,9.336,15.016,1,3,"7,8",15,0,0,15.021,0,2,4,4,1,4,2,1,1,2,5,3,3,"7,8",12,"Previously, I had suggested a treatment plan for Dave. He contact me me back later and said that his pain was still there, but that he had not done the treatment plan. I suggested that he do it again and that if it still was not fixed, we would go from there.",0,0,15.117,0,2,4,3,1,5,4,1,3,2,5,3,3,I would continue to recommend the stream treatment plan until it is taken seriously and completed in full,"Once again saw Dave he indicated that he was still in pain, but had not followed treatment plan that was specified in our last visit. Recommended that he please go through with the treatment plan and follow up.",5,1,4,3,1,5,5,5,5,4,5,4,5,4,5,1,3,1,3,1,1,1,1,1,1,1,1,50,50,6,Nurse,ER Nurse,6,,48,4,Bachelors,1,5,,24,2,,1,,,4,6,6,2,4,Control,66357b2e-6df0-d058-171a-2df50fb02797
2024-05-03 17:45:14,2024-05-03 18:23:46,0,100,2311,1,2024-05-03 18:23:46,R_36x0ETeXOOiTU65,,,,,38.8253,-97.6389,anonymous,EN,1,5,,"9,4,6",Empathic care taking personality whether at work or home I always taking care of someone,7.468,14.216,16.215,3,So you can cater to their emotional needs and help them feel more comfortable with being cared for and hiw,3.401,3.401,28.701,1,0,0,17.701,0,They're afraid of being a burden to ,2.877,19.076,20.702,2,0,0,16.303,0,It will help you see the world thru their eyes. ,1.401,147.801,172.205,2,Empathy is important in patient care. In order to descent the things that make them feel comfortable. ,5.07,62.699,92.401,3,0,0,42.207,0,Yes to let them know your on their side and there for him.,5.278,123.402,138.603,2,Patient care ,Working with people as opposed to objects as a job is difficult because no 2 people are exactly alike yet medical professionals are often held to a by the book standard protocol. The most difficult part is meeting new residents and getting to know them and how to meet their needs. Be accepting trusting and calm when working with new resident. Always try to put yourself in there shoes and look for unspoken questions ad concerns in their eyes and body language.,1.233,178.91,355.017,36,,,,,,,,,,,,,,,,,,,,,,,,,,,,,,,,,,,,,,,,,,,,,,,,,,,,,,,,,,Give baths ,Put residents bed ,Bed ,Bed ,Last rounds ,Side duties ,Rounds ,Pass waters ,Rounds ,Pass towels,Last rounds ,Trash and laundry,4,3,0,0,4.181,0,6.697,29.954,30.001,6,2.254,2.254,15.193,1,7,"5,7",74,0,0,15.179,0,2,4,4,3,5,4,2,4,4,4,4,3,"5,7",,Dave's pain has not decreased with treatment. Surgery is considered by next appt if not better. Dave is cooperative with his treyemr. Plan,0,0,15.085,0,5,5,5,3,5,4,2,4,2,2,4,5,Reiterate that he follow the previous treatment plan,Aae recommendations was last visit. Will see Dave again in 2 wks to check on progress. Dave is lazy about treating his condition,4,4,2,2,1,4,5,5,5,5,,5,5,5,5,1,5,1,3,1,3,2,2,1,2,1,1,50,50,21,Long term care dementia care,Certified Nurses aide,21,,68,2,,1,17,,42,2,,1,,,7,4,4,2,2,Treatment,66357608-0b2e-f0a3-b720-dc5a0f2a2b08
2024-05-03 18:29:22,2024-05-03 18:31:43,0,100,141,1,2024-05-03 18:31:44,R_7IhCs4bWcXoRwjW,,,,,36.5963,-94.7563,anonymous,EN,1,7,"LPN, paramedic",,,,,,,,,,,,,,,,,,,,,,,,,,,,,,,,,,,,,,,,,,,,,,,,,,,,,,,,,,,,,,,,,,,,,,,,,,,,,,,,,,,,,,,,,,,,,,,,,,,,,,,,,,,,,,,,,,,,,,,,,,,,,,,,,,,,,,,,,,,,,,,,,,,,,,,,,,,,,,,,,,,,,,,,,,,,,,,,,,,,,,,,,,,,,,,,,,,,,,,,,,,,,,,,,,,,,,,,,,,,,,,,,66358011-f38b-8895-2c7e-ea7dc01915e9
2024-05-03 18:31:59,2024-05-03 18:34:07,0,100,128,1,2024-05-03 18:34:07,R_2NJlurKt7nA0zDd,,,,,33.5114,-86.8426,anonymous,EN,2,,,,,,,,,,,,,,,,,,,,,,,,,,,,,,,,,,,,,,,,,,,,,,,,,,,,,,,,,,,,,,,,,,,,,,,,,,,,,,,,,,,,,,,,,,,,,,,,,,,,,,,,,,,,,,,,,,,,,,,,,,,,,,,,,,,,,,,,,,,,,,,,,,,,,,,,,,,,,,,,,,,,,,,,,,,,,,,,,,,,,,,,,,,,,,,,,,,,,,,,,,,,,,,,,,,,,,,,,,,,,,,,,,,66358031-03b6-ad89-3ff5-a20f3f02feb9
2024-05-03 18:31:01,2024-05-03 18:52:10,0,100,1268,1,2024-05-03 18:52:11,R_7MxSLCoRmQUhwMr,,,,,44.7717,-69.7058,anonymous,EN,1,5,,"9,3,5",It is great knowing someone cares and can empathize with you instead of putting you,6.787,6.787,22.9,1,We need to put ourselves in their shoes and understand where they are coming from and why they might approach something in a different way,4.801,4.801,46.438,1,12.729,14.528,15.99,3,"They might feel as if their questions are dumb and not valued,or that they don't matter ",3.9,3.9,29.493,1,1.432,15.405,16.172,10,They would then see you are trying to understand them and what you say will matter to them,4.401,31.802,32.687,2,They would try to get and feel better in a quicker fashion knowing they have you in their corner ,3.879,3.879,27.801,1,1.26,14.632,15.831,16,If makes them know we are a team and going forward to the same goals,5.103,5.103,23.252,1,Patients feeling and where they are coming from ,I try to be a team player with each patient and put myself in their shoes so they know we are on the same team ,2.745,60.838,61.401,12,,,,,,,,,,,,,,,,,,,,,,,,,,,,,,,,,,,,,,,,,,,,,,,,,,,I'm lunch time,Medication time ,Activity time ,Tv time ,Rest time ,Supper time ,Relaxing time,Shower time ,Medication time ,Tv time ,Tv,Bed time ,,,,,,,,5,2,0,0,4.053,0,7.915,30.09,30.138,14,10.543,13.282,15.131,3,7,"6,8",47,9.17,10.248,15.084,2,4,5,5,2,3,3,2,3,2,5,4,5,"6,8",65,I gave the same medication a bit stronger dose however Dave has not been following the plan of care,3.962,14.197,15.028,4,5,5,5,2,3,4,4,4,1,5,3,1,I would explain he needs to follow the plan of care or else there will be nothing further we can do until he does ,Dave still is not following plan of care and until he does I informed him there is nothing further we can do ,5,3,2,,1,3,4,3,4,3,4,4,4,3,4,1,3,2,2,1,1,1,1,1,2,0,1,80,20,36,A bit of everything ,Cna,5,,38,2,Ged,1,20,,52,2,,1,,,6,4,2,2,2,Treatment,663580c4-6171-43e3-037f-a3badd87429b
2024-05-03 19:43:27,2024-05-03 19:43:53,0,100,26,1,2024-05-03 19:43:54,R_7NU1nG1nxa0zivu,,,,,41.8139,-73.1123,anonymous,EN,2,,,,,,,,,,,,,,,,,,,,,,,,,,,,,,,,,,,,,,,,,,,,,,,,,,,,,,,,,,,,,,,,,,,,,,,,,,,,,,,,,,,,,,,,,,,,,,,,,,,,,,,,,,,,,,,,,,,,,,,,,,,,,,,,,,,,,,,,,,,,,,,,,,,,,,,,,,,,,,,,,,,,,,,,,,,,,,,,,,,,,,,,,,,,,,,,,,,,,,,,,,,,,,,,,,,,,,,,,,,,,,,,,,,66359211-2cbc-c34a-eca1-0888eb86e44d
2024-05-03 21:21:13,2024-05-03 21:22:27,0,100,73,1,2024-05-03 21:22:28,R_29ncxJgNxdzZK5H,,,,,35.5397,-82.5151,anonymous,EN,1,7,Licensed Practical Nurse,,,,,,,,,,,,,,,,,,,,,,,,,,,,,,,,,,,,,,,,,,,,,,,,,,,,,,,,,,,,,,,,,,,,,,,,,,,,,,,,,,,,,,,,,,,,,,,,,,,,,,,,,,,,,,,,,,,,,,,,,,,,,,,,,,,,,,,,,,,,,,,,,,,,,,,,,,,,,,,,,,,,,,,,,,,,,,,,,,,,,,,,,,,,,,,,,,,,,,,,,,,,,,,,,,,,,,,,,,,,,,,,,6635a75a-99aa-fc7b-6c0d-889be94684ff
2024-05-03 21:22:51,2024-05-03 21:23:30,0,100,38,1,2024-05-03 21:23:31,R_7DFM9QrdHlrNwtP,,,,,33.7585,-84.183,anonymous,EN,1,7,CNA,,,,,,,,,,,,,,,,,,,,,,,,,,,,,,,,,,,,,,,,,,,,,,,,,,,,,,,,,,,,,,,,,,,,,,,,,,,,,,,,,,,,,,,,,,,,,,,,,,,,,,,,,,,,,,,,,,,,,,,,,,,,,,,,,,,,,,,,,,,,,,,,,,,,,,,,,,,,,,,,,,,,,,,,,,,,,,,,,,,,,,,,,,,,,,,,,,,,,,,,,,,,,,,,,,,,,,,,,,,,,,,,,6635a916-1e96-9a51-5e14-12bc7e3c19cb
2024-05-03 22:19:25,2024-05-03 23:22:29,0,100,3783,1,2024-05-03 23:22:29,R_6qmIUlPLmdMCORU,,,,,33.7315,-84.4195,anonymous,EN,1,3,,"7,9",Working with family to make end of life decisions when the patient can not make those decisions ,2.817,97.774,99.181,56,"The Patient is in a situation that is new for them, they are in pain and afraid of what is occurring, important to show concern and understanding.",1.364,24.606,118.385,12,2.098,61.128,69.595,25,"I have found that the psi doesn’t know what to ask , mostly because he did not have a clue of the medical language. That is why a nurse should be available afterwards to answer any questions or clarify ",8.619,139.19,143.266,8,6.388,62.81,63.617,20,If you know your patient.and understand their level of comprehension. You can explain treatment and post hospital care for true understanding. Also try to follow up the conversation ,1.268,16.236,142.344,3,They feel they have understanding which increase being compliant ,6.168,6.168,60.406,1,1.195,45.162,45.964,18,"Understanding the treatment plan, explain effects and side effects. Treating the patient with plans ",22.537,22.537,102.349,1,Better communication and better outcome for our patients ,"When ever my family, friends or church members have an appointment with a physician I encourage the patient to get permission to contact me during the visit so that I can hear what the physician is planning. I ask the question that I feel the patient need and want to know. I clarify anything to make sure he understands. After the physician leave I discuss with the patient what the treatment plan will be ,",7.288,303.156,303.173,16,,,,,,,,,,,,,,,,,,,,,,,,,,,,,,,,,,,,,,,,,,,,,,,"Get assignment, determine what needs to be completed for discharge communication with physician and nurse update ",,To floor to meet patients that is scheduled to leave follow up with family and give discharge instructions ,,Lunch ,"Evaluate new patient, determine if they can make decisions and communicate with family, homeh health and skilled nursing facility ",Determine patient that family has requested end of life decision such as inpatient vs outpatient hospice ,,"Discuss with physician, nurses, therapists post hospital plan",Complete information for pending discharges for next day,,,,,,,,,,,,,,6,6,0,0,4.113,0,12.075,29.692,30.008,9,3.773,14.583,15.121,8,7,"5,8",80,1.084,8.452,15.021,2,4,4,5,3,5,1,1,1,1,5,3,2,"5,8",31,"Dave has very noncompliance with treatment pla
Discussed with Dave the importance of following the treatment. That is the only way we can determine if the plan is working.
Continue the same treatment , will go up to determine go treatment ",5.32,5.37,15.023,2,4,5,3,3,4,3,1,1,1,5,2,5,"I would not increase pain meds , because he is not following pain , can not determine degree of pain , can’t determine if meds is working. I would decrease pain meds . Especially since he is not taking it!","Noncompliance with treatment, can not determine if treatment is working 
Continue communication to take medication will decrease pain meds to determine if the level of complaint of pain increase or remain the same ",5,1,4,3,1,4,4,5,5,5,4,,4,,5,1,1,1,1,1,1,1,1,1,1,1,1,50,50,42,Case Management ,Registered Nurse Case Manager ,29,,41,3,Diploma in Nursing ,1,11,,69,2,,3,,,9,1,6,1,2,Treatment,6635b678-a15b-05c6-9d3e-36ee729b6133
2024-05-03 23:19:16,2024-05-03 23:38:20,0,100,1144,1,2024-05-03 23:38:21,R_3DT5ik2k7vEiTfP,,,,,39.8079,-86.0949,anonymous,EN,1,4,,,,,,,,,,,,,,,,,,,,,,,,,,,,,,,,,,,,,,,,,,,,,,,,,,,8,Personal time only,6.49,11.681,16.301,2,During charting,6.83,6.83,14.152,1,0,0,15.935,0,Riding on a piece of paper in their file,10.098,10.098,19.035,1,We used to do notes in their file now we chart on an iPad or a laptop,0,0,19.534,0,I use Facebook and messenger,9.177,9.177,18.745,1,13.055,13.055,15.896,1,Facebook to keep all my family and friends updated,7.545,7.545,16.275,1,Nothing,"During Covid, we charted everything on a laptop got our medicine delivered to the Covid unit got their meals delivered to the Covid unit so no one else would be contracted with the disease",2.364,49.566,49.576,4,,,,,,,,Start changing people,,,Feeding people,,,Showers ,,Bed time,End,,,,,,,,2,5,0,0,4.015,0,13.541,25.135,30.034,2,13.3,13.3,15.133,1,9,"5,7",,0,0,15.03,0,4,5,5,4,5,1,1,1,3,5,2,5,"7,8",35,Changing medication sent him for PT sent him home with exercises to do,0,0,15.13,0,3,4,4,3,5,2,1,2,2,5,3,5,Explain easy exercises to him,Needs to go to PT needs to take his medication and needs to do exercises at home,3,3,1,1,1,1,1,1,1,5,1,3,5,5,5,1,3,2,3,2,3,1,1,1,1,1,1,50,50,20,Nursing ,Nirse,15,,100,2,,1,15,,63,2,,1,,,8,4,1,2,2,Control,6635c4f2-1a7c-45fd-ef94-8b9571268cdb
2024-05-04 01:36:56,2024-05-04 01:57:01,0,100,1205,1,2024-05-04 01:57:02,R_5a8LS61Y2RZBjdZ,,,,,41.8874,-87.6318,anonymous,EN,1,3,,,,,,,,,,,,,,,,,,,,,,,,,,,,,,,,,,,,,,,,,,,,,,,,,,,1,How well written  it is,6.688,15.19,16.053,9,Smart way,7.579,7.579,16.928,1,1.67,1.67,17.139,1,Yes,3.495,3.495,7.401,1,Yes,0,0,17.178,0,Yes,1.477,5.731,6.301,3,0,0,17.101,0,Yes,1.323,5.436,6,2,Good stuff,It is good know how to work a computer and it good to have a computer or laptop it is important to get information  from technology ,1.103,169.704,170.643,28,,8 :00am,,,,,,,,,,,,,,,,,,,,,,,1,1,0,0,4.023,0,1.542,24.336,30.028,4,0,0,15.026,0,3,"3,4",91,10.182,10.182,15.023,1,5,5,5,5,5,5,5,5,5,5,5,2,"2,5",100,Hiv,0,0,15.027,0,5,5,5,5,5,5,5,5,5,5,5,2,,,9,1,2,3,1,5,5,5,5,5,5,5,5,5,5,5,5,5,5,5,5,5,5,5,5,1,1,100,0,16,Rn,Rn,,,100,3,Senior ,1,14,,,2,,1,,,10,2,3,3,3,Control,6635e512-d8a9-394c-9d99-40260716d1a3
2024-05-04 01:41:45,2024-05-04 02:10:56,0,100,1750,1,2024-05-04 02:10:57,R_6sSANOG7ABTx5sb,,,,,45.5375,-122.5989,anonymous,EN,1,3,,"9,2,3","Empathy is very important in the medical field. The patients want someone who uses thier clinical skill while employing an empathetic way of doing so. Family and friends of the patient are often just as important and being empathetic to thier needs while grieving (loss of mobility, death, loss of leg, etc.)",2.507,12.69,16.574,7,Definitely because everyone reacts and needs care differently and when you take perspectives into consideration it may open many more doors for utilization,3.936,3.936,42.422,1,0,0,17.582,0,Sometimes they feel like they are a burden and we need to ensure that they know they are not a burden and we are there to help them. Some get anxious over loss of mobility and get worried about how to ask for help,4.174,4.174,57.289,1,0,0,15.928,0,It’s always important to understand perspective and bring information to their level,5.414,22.721,26.747,2,They will be able to express themselves more and it will help when teaching them how to change how they do things for safety and health ,3.524,31.647,33.846,2,0,0,15.87,0,They are more trusting and willing to get to those goals if they feel like you have thier best interests as priority ,4.07,4.07,33.143,1,How healthcare provides provide care and deal with different perspectives ,"When you are just starting out it is very scary. However imagine how scared the patient and their loved ones are that they are in need of care and the changes it brings to their lives. Always try to look at all perspectives and encourage your patient and their loved ones to speak up and ask for help and to ask for explanations if they do not understand. Try to use terms they will understand and don’t make it too complicated. Remember, these are people just like you and me. Treat them as how you want to be treated and/or your loved one. ",1.285,25.531,152.033,4,,,,,,,,,,,,,,,,,,,,,,,,,,,,,,,,,,,,,,,,,,,,,,Report and getting medications started ,Continue medications and check cbgs ,Ensure everyone is safe eating and give insulin ,Break and then make calls to docs as needed,Get cbgs and give lunch meds,"Give insulin and manage patients so they are safe eating, you may need to help feeding ",Get your wound treatments started,Call the docs over anything you need or to report changes ,Continue with wound care. ,Get cbgs and start dinner med pass. ,"Give insulin and ensure they are safe eating, again you may need to feed a couple patients ",More wound care,Continue wound care and take a break,Night time cbgs and medications ,Night time care,Chart. ,Chart,Go home,Home,Home,Home,Home,Home,Home,6,6,0,0,4.015,0,5.136,20.632,30.126,5,8.128,14.468,15.019,4,7,"6,7",41,10.184,10.184,15.017,1,3,5,5,2,5,3,1,1,2,5,5,1,"6,8",,Dave continues to c/o severe dull pain to his ankle. He is not following post care instructions and states he doesn’t have time for them. Completed patient education on importance of following medical advice. Education patient on medications and side effects. Tramadol 50mg 2xday prn pain and lidocaine 5% gel to be applied to painful area on ankle 2-3x daily prn. Patient instructed to follow up in 2 weeks and earlier if worsens or doesn’t get better with treatment plan. Dave demonstrated an understanding of all education.,14.144,14.144,15.018,1,4,5,5,2,5,4,1,1,1,5,5,1,Refer to pt,Dave continues with c/o ankle pain s/p ankle fix 3 weeks ago. Declines using treatment options discussed in 2 previous visits despite education. Referring to PT to help patient further utilize treatment plan with the help of a pt.,5,2,4,2,1,5,5,5,5,5,5,5,3,5,5,3,4,2,3,1,4,1,1,,4,1,1,90,10,21,Skilled,Charge nurse,4,,100,3,Bachelor,1,34,,41,2,,1,,,4,2,5,2,2,Treatment,6635e5d9-e1da-c0d2-1c7c-e04da2bece6d
2024-05-04 02:40:28,2024-05-04 03:04:58,0,100,1469,1,2024-05-04 03:04:58,R_5M5VpKJNrcEIyg0,,,,,24.5615,-81.7818,anonymous,EN,1,1,,,,,,,,,,,,,,,,,,,,,,,,,,,,,,,,,,,,,,,,,,,,,,,,,,,"1,4,8",To communicate with my friends,2.829,17.171,17.8,25,I use it to relax and keep on touch with friends,1.2,12.408,12.8,3,1.56,33.373,34.079,29,I actually don't recall such a time,1.095,12.546,23.013,3,They actually make my life more demanding and complicated,4.384,17.28,17.846,23,I stem movies music and reels. I also chat with friends which is entertaining ,0.908,4.633,34.791,3,3.908,17.542,18.298,20,Watch reels to disconnect,4.301,4.301,12.149,1,Technology changes and how you're impacted,I don't understand. Your surveys is to waste one's time to write a fictions letter?,0.887,61.316,62.074,17,Review labs evaluate critical patients,Assess patients do basic nursing care discuss with case management,Same as 8am,Same as 8am,Assees admit patient ecpliain to the er why this pt should not be here.  Discuss cases with others,Admotvpatients,Code a patient ,Stroke alert,Admit and discharge patients family discussion,Admit patients,Admit and discharge patients,Admit patient ,Admit patient ,Admit patient,Admit patient respi d to choose,Left for home,Answered questions about pt,Showrered and ate dinner,Slept,Slept,Slept,Doing this survey ,Back to work,Breakfast,5,1,0,0,4.027,0,2.143,28.943,30.017,32,1.71,14.545,15.053,17,8,"5,7",40,3.868,10.056,15.035,12,4,3,4,3,5,2,2,2,2,4,3,3,"2,5",42,Dave was given pain medication for acute injury with referral to orthopedics. He did not do follow up with an orthopedist and has returned to pain medication.  Reluctant to provide further rx as no appointment made for surgical repair,1.724,14.671,15.024,17,5,5,3,3,5,3,3,3,3,5,3,5,Unfortunately i wouldn't prescribe more pain medication and refer to ortho again,Pt returns due to continued pain and 2 previous visits for the same.  Referred to ortho x 2 did not follow up.  Referred to ortho again,5,2,5,3,1,5,2,5,1,1,1,1,1,1,3,5,5,5,5,1,2,3,1,3,3,1,1,100,0,16,Family medicine,Hospitalist ,7,,63,4,Md,2,,Dominican Republic ,50,2,,1,,,5,2,7,2,4,Control,6635f3f9-0909-2350-edb3-e2226db60ac0
2024-05-04 02:55:05,2024-05-04 03:08:44,0,100,818,1,2024-05-04 03:08:44,R_3R4WZvcKA3ydvJH,,,,,41.6282,-72.3594,anonymous,EN,1,5,,"7,9,3",Good to understand ,2.043,32.599,33.701,8,Not sure,6.401,10.415,10.8,2,3.116,3.116,15.801,1,Not know where they are,4.368,12.511,13.2,2,0,0,15.601,0,Experience ,3.295,8.779,9.545,2,Advice,4.103,4.103,8.986,1,0,0,16.597,0,Good advice,4.501,4.501,10.4,1,Patients and resources ,Interested ,1.227,14.532,15.27,6,,,,,,,,,,,,,,,,,,,,,,,,,,,,,,,,,,,,,,,,,,,,,,Break fast,,Group,,,Lunch,Nap,,Activity ,,Dinner,,Movie,,,Bef,,,,,,,,,5,5,0,0,4.153,0,1.717,23.801,30.067,4,4.15,13.846,15.031,3,5,"1,2",59,0,0,15.169,0,4,4,2,4,2,4,2,2,3,4,4,2,"1,2",57,Pain frustrated mad,0,0,15.048,0,4,4,4,4,4,4,2,2,3,4,4,1,Hrelp,Frustrated in pain hooked ,6,4,4,2,1,2,2,2,2,3,4,4,4,4,4,2,2,2,2,2,2,2,3,2,1,1,0,0,100,6,Patient care,Nurse,6,,84,3,Balconies ,1,7,,45,2,,1,,,7,4,5,2,3,Treatment,6635f755-9744-2f15-1736-80fce0d6e427
2024-05-04 03:22:16,2024-05-04 04:25:50,0,100,3813,1,2024-05-04 04:25:51,R_5PsICJvz55lMtuI,,,,,47.3236,-122.3187,anonymous,EN,1,3,,"7,9,4","As for patients, we need to consider their capacity for emotional acceptance and tolerance for privacy-related matters, maximizing their sense of well-being during their hospital experience.",0,0,58.303,0,This is because it is possible to better hypothesize the possibility of hidden conditions or even hidden factors that the patient may be concealing that could jeopardize his or her safety,132.672,132.879,141.156,2,0,0,26.673,0,"For example, a patient may choose to pretend to ignore his illness because he judges it to be less important than his current situation due to financial or family reasons.",100.958,104.31,113.29,2,0,0,65.346,0,"To a large extent, it helps me to communicate better for my patients and effectively persuade and communicate with some patients who are not willing to cooperate with the treatment, helping them to make the right choices as necessary",37.973,147.494,157.802,4,More effective in helping them get the right treatment,55.149,55.149,59.332,1,0,0,59.711,0,This is a good way to alleviate possible points of conflict between doctor and patient as well as the patient's willingness to be motivated for treatment,76.227,76.227,82.912,1,I've been reading some articles today about working operational answers for MRI equipment,"I've experienced quite a lot of issues between patients and healthcare providers. Sometimes, our attitudes and moods can be affected when patients don't understand or agree with certain treatment plans. It's very possible that during discussions, we may raise our voices, which can make patients fear our treatment procedures even more. Therefore, we must pay attention to the patients' true feelings and help them understand our intentions and caring attitude towards their illness. We definitely hope to treat every patient here and help them overcome their inner confusion, providing them with strong support and understanding.",67.56,296.43,319.734,3,,,,,,,,,,,,,,,,,,,,,,,,,,,,,,,,,,,,,,,,,,,,,,Check patient status and identity information,Ready to do ward rounds,Still in the inspection phase,Make general appointments to prepare for surgery,Assistance with surgery or a period of rest,Eat lunch,Helping patients with post-operative care,"Helping patients with outdoor activities, etc.",Organize case information,Generally continue to help the patient with daily activities,Maybe I can take a rest,"Prepares for shift change, assists patients with urgent care activities and checks patient status",,,,,,,,,,,,,3,2,0,0,4.01,0,6.071,10.199,30.147,2,10.115,10.115,15.118,1,9,"3,4",38,0,0,15.012,0,4,4,5,4,5,3,2,4,2,5,2,1,"7,8",0,"Dave is possibly lying about the etiology of the situation and is uncooperative with treatment.
General pain relief as well as conservative treatment options are recommended
The patient's etiology will continue to be monitored.",8.314,8.314,15.012,1,5,5,5,3,2,4,4,5,1,4,4,3,Serious counseling and no further management of his condition if he refuses to cooperate with the doctor's treatment,Counseling was recommended and the patient's level of cooperation was poor,2,4,2,1,1,4,4,4,4,3,3,3,4,3,3,3,3,4,4,3,3,3,3,2,3,0,0,50,50,6,Anesthetic care,CRNA,5,,60,4,Postgraduate degree,1,49,,37,2,,1,,,5,6,5,3,3,Treatment,6635fcc1-3792-a365-2cbd-e5378d5caa24
2024-05-04 04:33:53,2024-05-04 04:44:33,0,100,640,1,2024-05-04 04:44:34,R_1EHaqCSWX93PfcS,,,,,25.6062,-80.3452,anonymous,EN,1,3,,,,,,,,,,,,,,,,,,,,,,,,,,,,,,,,,,,,,,,,,,,,,,,,,,,"1,2,4,5,6,7,8",Ios,1.285,9.572,16.974,2,The only way I can get a job is if I get get get paid and I get paid for ,1.019,1.019,16.195,1,1.282,14.876,17.64,5,The only way I can get a job is if you you you know how it feels when I tell you ,0.796,1.463,7.669,2,The only way I can get a job is if my parents have to work ,1.565,15.997,17.271,4,The only thing I can think of is that the first time I saw a guy ,1.181,1.181,5.935,1,1.072,14.453,16.044,9,The only thing I can think of is that the first time I saw a guy ,1.051,1.051,5.658,1,Biggest,The only way I could do that is if I had to go to the bank and pay my mortgage and I ,0.714,14.381,15.97,10,Good ,,,,,,,,,,,,,,,,,,,,,,,,2,2,1.96,1.96,4.113,1,0.121,29.697,30.018,7,2.984,5.766,15.081,2,8,"1,4",69,0,0,15.125,0,3,4,4,3,2,4,3,3,5,5,4,4,"3,6",,The only way I could do that is if I had to go back and look for it and see if it was a good deal ,4.665,14.931,15.024,3,4,5,5,4,5,4,5,4,3,4,4,5,The only thing I ,The only way to get a ,8,5,5,3,1,3,2,2,3,5,5,5,4,4,4,4,4,4,4,4,4,2,3,4,3,0,0,50,50,7,Manger,Manger,7,,,3,The only way I can get ,1,10,,33,1,,3,,,8,4,5,3,3,Control,66360ece-ed76-7ac8-ff0b-06b7cb3c0931
2024-05-04 04:30:07,2024-05-04 05:14:49,0,100,2682,1,2024-05-04 05:14:50,R_554XRywaFcWtLyh,,,,,42.7287,-71.1834,anonymous,EN,1,3,,,,,,,,,,,,,,,,,,,,,,,,,,,,,,,,,,,,,,,,,,,,,,,,,,,"1,7",I use these 2 daily and multiple times to work with doctors. Most orders are on EMR so I must use them to implement the orders,0,0,25.793,0,I use technology the most for communication among my family and friends because it is intant.,2.189,2.189,46.904,1,0,0,30.699,0,We expenience a power outage and the use of my cellphone tomy adult children was a life saver. We had no phone that would work but the cellphone was are only way to reach them and make sure they were ok.,2.166,2.166,111.2,1,Technology helps to keep my family all one the same page. We can plan activities as a family much more quickly than using a home phone and hoping someone is home to answer. With texting everyone responds almost instantly.,0,0,26.823,0,I love getting ideas on my computer for new recipies and house decor. I can shop online and explore different stores for the best deals.,2.481,2.481,100.029,1,0,0,33.571,0,I use on-demand so I can watch shows on my time and not miss my favorite shows.,2.306,2.306,36.493,1,I read about technology today and it's impact on how we live.,"I cannot stress enough how new technology can enhance your life. Since Covid-19, people realize how much they missed seeing and being with their family and friends. That isolation was sometimes overwhelming. But with technology, people could face time and see and converse with friends and family near and far. It is fantastic.
Technology can be done at any time during the day or evening. Computers save you time by being accessable all day and night. You no longer have to wait for stores opening to purchase items. It is a time saver for sure. 
And lastly, entertainment is much easier with technology. It revolves around your time. You can program shows or movies for whenever you want. I sometimes work late shift which would make me not be able to view my favorite show. Putting it in my demand box and programming it to play when I am home allows me to watch my show. It is so good.
 I hope this encourages you to take advantage of all technology has to offer.

Your tech friend,

Mary",32.616,556.528,565.145,7,monitor my patients progress. ,con't to monitor and give medications as ordered.,give my doctors updates on their patients. I dialyze 2 patients at a time,continue to monitor.,start taking patients off the machines. Give reports to their primary nurse and send patients back to the floors.,Clean the machines and finish my notes.,Shut down the suite and return home.,no work,no work,no work,no work,no work,no work,no work,no work,no work,no work,no work,no work,no work,no work,Arrive at my place of work.,Start to turn on my machines and gather my supplies.,Put my patients on the dialysis machines,6,1,0,0,4.121,0,0,0,30.021,0,0,0,15.124,0,7,"6,7",75,0,0,15.02,0,4,5,5,1,5,4,1,1,4,5,5,5,"6,7",81,"Encourage compliance with the medication recommended.
May need surgical intervention.
Follow up X-ray to see if it have has shifted the bone.",0,0,15.021,0,4,5,5,1,5,4,1,1,3,5,4,3,I would try to encourage him to try the medication recommended. ,"No improvement in pain but non compliant with taking his medication. 
Possible physical therapy might help; will write a referral.
Will advise follow up X-ray.",5,1,6,2,1,5,5,5,5,5,5,5,4,5,5,1,1,1,1,1,1,1,1,1,1,1,1,50,50,42,Nephrology,Registerd Nurse,41,,94,2,Certified Nephrology RN,1,22,,69,2,,1,,,8,5,6,1,1,Control,66360d2d-63c9-b2ce-0c97-2362da35968a
2024-05-04 05:13:51,2024-05-04 05:15:50,0,100,118,1,2024-05-04 05:15:50,R_2kFFfhbwLC2QTvv,,,,,32.0162,-102.1515,anonymous,EN,1,7,Certified nurse assistant ,,,,,,,,,,,,,,,,,,,,,,,,,,,,,,,,,,,,,,,,,,,,,,,,,,,,,,,,,,,,,,,,,,,,,,,,,,,,,,,,,,,,,,,,,,,,,,,,,,,,,,,,,,,,,,,,,,,,,,,,,,,,,,,,,,,,,,,,,,,,,,,,,,,,,,,,,,,,,,,,,,,,,,,,,,,,,,,,,,,,,,,,,,,,,,,,,,,,,,,,,,,,,,,,,,,,,,,,,,,,,,,,,66361604-c8ee-25d1-73d1-4621baba8a8c
2024-05-04 07:26:50,2024-05-04 07:44:44,0,100,1074,1,2024-05-04 07:44:45,R_50wsZLeHid4byAz,,,,,41.0272,-80.7518,anonymous,EN,1,3,,,,,,,,,,,,,,,,,,,,,,,,,,,,,,,,,,,,,,,,,,,,,,,,,,,"1,2,7,8",Doing research ,4.97,15.203,16.126,8,Do research for different things ,2.579,2.579,14.501,1,1.842,1.842,17.532,1,Skyped son in the marines ,9.29,9.29,23.048,1,Able to FaceTime with grandkids,17.364,18.465,19.702,2,Stream movie ,5.196,5.196,12.284,1,12.598,16.614,18.252,2,To stream music and movies ,7.423,7.423,17.757,1,Use of technology ,"Use of technology as made the world a lot smaller with ability to connect with people, share ideas ",1.351,80.104,81.116,6,Start shift ,Pass medication ,Go break,Do paper work ,Do medicine ,Go to lunch,Do paperwork ,Do paperwork ,Go home,,,,,,,,,,,,,,,,5,1,1.904,1.904,4.015,1,1.516,21.267,30.021,6,0.026,0.026,15.119,1,7,"6,7",51,11.219,13.819,15.019,2,5,5,5,2,5,4,1,1,3,5,4,2,"5,6",36,Dave is not complying to recommendations.  Refs more encouragement. Slightly higher pain relief ,6.495,6.495,15.021,1,5,5,4,2,4,5,2,5,1,5,4,1,Get family involved ,Nothing ,3,4,1,2,1,4,1,1,1,3,3,2,4,3,3,2,2,1,3,3,3,3,2,2,3,0,0,50,50,31,Geriatrics ,Retired ,31,,100,3,,1,36,,,2,,1,,,,,2,3,3,Control,663636de-0bab-429c-7208-1f2d4e0df9fe
2024-05-04 07:54:51,2024-05-04 07:55:24,0,100,33,1,2024-05-04 07:55:25,R_2huSZRgjg73gGNU,,,,,30.7544,-88.266,anonymous,EN,2,,,,,,,,,,,,,,,,,,,,,,,,,,,,,,,,,,,,,,,,,,,,,,,,,,,,,,,,,,,,,,,,,,,,,,,,,,,,,,,,,,,,,,,,,,,,,,,,,,,,,,,,,,,,,,,,,,,,,,,,,,,,,,,,,,,,,,,,,,,,,,,,,,,,,,,,,,,,,,,,,,,,,,,,,,,,,,,,,,,,,,,,,,,,,,,,,,,,,,,,,,,,,,,,,,,,,,,,,,,,,,,,,,,66363bf9-6cae-b2c2-3a2e-2ffbf7df3819
2024-05-04 07:55:35,2024-05-04 07:56:30,0,100,55,1,2024-05-04 07:56:31,R_2GJ03NqYvbYg1pi,,,,,30.7544,-88.266,anonymous,EN,2,,,,,,,,,,,,,,,,,,,,,,,,,,,,,,,,,,,,,,,,,,,,,,,,,,,,,,,,,,,,,,,,,,,,,,,,,,,,,,,,,,,,,,,,,,,,,,,,,,,,,,,,,,,,,,,,,,,,,,,,,,,,,,,,,,,,,,,,,,,,,,,,,,,,,,,,,,,,,,,,,,,,,,,,,,,,,,,,,,,,,,,,,,,,,,,,,,,,,,,,,,,,,,,,,,,,,,,,,,,,,,,,,,,66363bf9-6cae-b2c2-3a2e-2ffbf7df3819
2024-05-04 08:30:10,2024-05-04 08:30:29,0,100,18,1,2024-05-04 08:30:30,R_21c5P4KpZKqmdFB,,,,,30.2842,-92.0145,anonymous,EN,2,,,,,,,,,,,,,,,,,,,,,,,,,,,,,,,,,,,,,,,,,,,,,,,,,,,,,,,,,,,,,,,,,,,,,,,,,,,,,,,,,,,,,,,,,,,,,,,,,,,,,,,,,,,,,,,,,,,,,,,,,,,,,,,,,,,,,,,,,,,,,,,,,,,,,,,,,,,,,,,,,,,,,,,,,,,,,,,,,,,,,,,,,,,,,,,,,,,,,,,,,,,,,,,,,,,,,,,,,,,,,,,,,,,66364587-6d2d-2988-7e59-b0ef267b7904
2024-05-04 08:57:41,2024-05-04 09:01:26,0,100,224,1,2024-05-04 09:01:27,R_3R1EpdzzmgUzKPg,,,,,34.7315,-86.5654,anonymous,EN,1,7,LPN,,,,,,,,,,,,,,,,,,,,,,,,,,,,,,,,,,,,,,,,,,,,,,,,,,,,,,,,,,,,,,,,,,,,,,,,,,,,,,,,,,,,,,,,,,,,,,,,,,,,,,,,,,,,,,,,,,,,,,,,,,,,,,,,,,,,,,,,,,,,,,,,,,,,,,,,,,,,,,,,,,,,,,,,,,,,,,,,,,,,,,,,,,,,,,,,,,,,,,,,,,,,,,,,,,,,,,,,,,,,,,,,,66364c34-91f7-b5c6-e494-5beb67fc3ac7
2024-05-04 09:12:00,2024-05-04 09:12:57,0,100,57,1,2024-05-04 09:12:58,R_1TKVuUxEJrYIgay,,,,,32.7797,-96.8022,anonymous,EN,1,7,Caregiver ,,,,,,,,,,,,,,,,,,,,,,,,,,,,,,,,,,,,,,,,,,,,,,,,,,,,,,,,,,,,,,,,,,,,,,,,,,,,,,,,,,,,,,,,,,,,,,,,,,,,,,,,,,,,,,,,,,,,,,,,,,,,,,,,,,,,,,,,,,,,,,,,,,,,,,,,,,,,,,,,,,,,,,,,,,,,,,,,,,,,,,,,,,,,,,,,,,,,,,,,,,,,,,,,,,,,,,,,,,,,,,,,,66364f67-da74-4ecf-becd-dae8719009a7
2024-05-04 08:44:35,2024-05-04 09:27:41,0,100,2585,1,2024-05-04 09:27:41,R_1DYLcMC0DrCmYZT,,,,,38.9741,-77.037,anonymous,EN,1,3,,,,,,,,,,,,,,,,,,,,,,,,,,,,,,,,,,,,,,,,,,,,,,,,,,,"1,5,7",I use music streaming apps to listen to music such as Pandora. It also helps me find new artists that are similar to the ones I like to listen to. I wanted to find a wider variety of musicians and introduce myself to new things. ,0,0,32.826,0,"I use my phone to set alarms to wake up to, to know when laundry is done, to text and email friends, family and coworkers, I use music streaming apps like Pandora to listen to music in my car or in my room. I use Alexa on my Amazon Echo to research things, make lists, listen to music or watch short videos. I use my laptop for shopping or connecting to social media.",2.18,145.493,172.264,6,24.45,28.201,47.455,2,"When driving in a car and being connected to blue tooth, I can chat with my friends hands free or answer calls without it holding me up or affecting my driving. I used to not be able to talk when I was driving and now they have the type to text and Bluetooth so that you are able to. ",2.159,2.159,112.899,1,It’s made it easier to communicate with friends and family because with the press of one button my car and phone connect and I can answer a call. The goal was to be able to talk without distracting my driving and technology made that possible. ,0,0,36.121,0,"Some of the ways I use technology in my personal life for entertainment is using streaming apps for my Amazon fire where I can stream videos, movies, series and it works by connecting with my home’s WiFi. I also am able to use music streaming apps like Pandora and learn about new musicians and listen to different kinds of music on a daily basis. ",4.144,4.144,118.803,1,0,0,24.777,0,"I use my fire tv or stream movies and tv, I use Amazin echo to speak to Alexa to ask questions, create lists, watch videos, or listen to music. I can stream music in my car from my phone with a Bluetooth device. ",4.931,4.931,90.454,1,I read about new ways that we have advanced in technology and how we can use that technology today as opposed to the past. ,"Technology is amazing and has come so far. Nowadays you can stream movies, tv shows using one simple device by being connected with WiFi. You can listen to all the music you want with different apps on your phone, even while driving your car. You can always be in touch with family, friends, coworkers through email or by sending a text when we only used to be able to write letters. Technology is innovative and always changing, we are always learning easier ways to do things and now they’ve even come out with new technology for assistance on websites or customer service without talking to an actual person. I can’t wait until you get to experience it. ",9.583,246.537,249.737,13,Woke up ,Got to work and logged in ,Kept logging patients in and admitting them,Performed some clerical duties such as administering vaccines and assessing wounds ,Continued to check patients in ,Assessed a head wound ,Had lunch ,Continued assisting patients ,More clerical duties ,Performed routine prep for physical ,Left the building and went home ,I was at home during this time ,Home,Home ,Home,Home,Home,Home,Home,Home,Home,Home,Home,Home,4,4,0,0,4.015,0,11.224,26.733,30.13,3,11.292,11.292,15.022,1,7,"5,8",64,0,0,15.022,0,4,4,4,3,4,3,2,2,3,4,4,3,"5,7",59,"Patient states that he has moderate ankle pain 
It is recommended that patient use a lidocaine patch and mild pain reliever for the pain. 
Patient states he has not had time to implement the treatment plan. 
We will persist in attending to the patient to follow treatment regimen. ",0,0,15.02,0,4,4,4,3,4,3,4,3,2,4,3,1,"I would make recommendations to take acetaminophen or even just use one patch a day, maybe call it in to a pharmacy so all he has to do is pick it up and won’t need to pay for it. After that, that’s really all you can do. ","Patient still hasn’t gone to get medication and lidocaine patches as recommended 
Patient states it slipped his mind
He is still staying that he has moderate pain but is unable to help himself to receive treatment 
We will persist in following up with patient to note progress ",4,4,3,2,1,4,2,2,2,3,3,3,2,3,3,2,3,2,2,1,1,1,1,1,1,0,0,50,50,4,Occupational medicine,Registered nurse ,2,,61,3,Associates of nursing ,1,39,,38,2,,1,,,6,4,3,3,3,Control,663648cc-8634-ffb8-3f22-de9e0a5d45b1
2024-05-04 09:36:34,2024-05-04 09:47:19,0,100,645,1,2024-05-04 09:47:20,R_5t0DEYrjVyevqzT,,,,,30.2712,-81.7529,anonymous,EN,1,3,,"7,9,3",You one more day and you can come back to me if you want me too I’m ,0.917,15.195,16.583,15,The only reason I’m going back is that I’m gonna have my mom and I come to the house and I have to go to the store and get my mom stuff and then I will come home to you ,0.678,9.867,9.801,2,0,0,15.904,0,The only reason I’m going back in the house is if I get to see him in the next few weeks and he has a lot of stuff to do and I don’t want to go to school ,0.876,0.876,9.763,1,0,0,15.91,0,The only way I could do that was if you wanted me too I could come and pick it out and then I can go pick up it from your place or you could ,0.944,0.944,8.86,1,The only way I could do that was if you wanted me too I could come and pick it ,0.871,0.871,5.701,1,0,0,15.711,0,The only way I could do that was if you wanted me too I could come and pick it out and then ,0.724,0.724,6.042,1,How I communicate with my paseint,The most recent study in the yjournal woww I’m going to be a little late I have to go to the store and then I’m coming to the store I have to go to Walmart so ,0.753,2.353,12.362,3,,,,,,,,,,,,,,,,,,,,,,,,,,,,,,,,,,,,,,,,,,,,,,The ,The ,I’m ,I’m ,I don’t think so ,I ,The ,The only thing I can ,I’m ,I was just ,The ,I ,thinking ,I was just thinking ,I was just thinking ,I was ,I was just ,I was ,I was,I was just ,I was just ,I was just , I ,I ,3,2,0,0,4.016,0,1.867,14.608,30.042,22,2.917,14.257,15.024,18,6,"2,3",75,0.969,1.436,15.086,2,3,3,5,5,5,1,1,1,2,5,3,4,"2,7",88,I was just thinking about about ,0.802,0.802,15.062,1,3,5,2,3,5,3,1,4,2,5,3,,Getting the right medicine for him to heal,Wiwwuuwwywu is a good one for me too and I love it too lol and it’s not a problem ,10,3,4,3,2,3,2,2,4,2,3,2,1,2,2,2,3,1,2,3,4,2,2,3,3,1,0,50,50,5,Birth,Nurse,5,,89,3,Bashilar ,1,10,,27,2,,3,,,10,4,,3,3,Treatment,663655cd-a9bf-108e-2dc3-8f970d19d3f9
2024-05-04 10:19:13,2024-05-04 11:06:16,0,100,2823,1,2024-05-04 11:06:17,R_7tncaKA52tt7t9W,,,,,28.9269,-81.9227,anonymous,EN,1,3,,,,,,,,,,,,,,,,,,,,,,,,,,,,,,,,,,,,,,,,,,,,,,,,,,,"1,6,7,8",I use these mostly for intertainment but some of them I use for communication ,8.449,8.449,33.47,1,"I use it to communicate with others, watch videos, learn about new things",2.136,2.136,22.372,1,17.994,17.994,18.608,1,When house phones where the only phones that we could use,5.972,5.972,22.714,1,I have and it’s to work out or communicate ,12.938,12.938,18.325,1,I use it to eat some of my favorite shows. I also use it to listen to music and learn about new things like drawling,8.872,8.872,44.533,1,0,0,16.274,0,"To watch tv, watch TikTok, listen to music",145.368,145.368,161.034,1,I read about technology ,"Technology is good for multiple things. Some of these things are communicating with people not matter how far they are from u. U can call somebody even if they are on the whole other side of the world. This is good for talking to family who are far away, partners of friend who might be far away, calling and communicating with friend or partners to meet up or just talk.",1,177.385,179.181,10,Getting ready for my shift,Driving to shift and starting the shift,Not to bad just have don’t really have to do too much,Still not to bad just checkin up on patients,More people start to come in ,Starts to get a lil busy with their being more people,Calms down a little bit,Gets busy,Stay busy,Says busy ,Starts to calm down,Still a lil busy but not too much,Shift ends,Shifts over ,Shifts over ,Shifts over,Shifts over,Shifts over,Shifts ovet,Shifts over,Shifts over,Shifts over,Shifts ovet,Shifts over ,2,2,0,0,4.013,0,1.594,23.528,30.123,5,12.947,14.863,15.024,3,5,"5,6",,0,0,15.027,0,4,4,4,3,3,4,2,4,2,4,3,1,"5,6",43,"Dave has not been following the recommendations, he has a moderate pain in his ancle and has been given to low operates",0,0,15.026,0,4,4,4,4,2,5,4,4,1,3,2,2,There isint much I could do but I would change my recommendation to something he can do better,Dave has not had any change in his pain,1,4,3,2,1,4,3,4,3,4,4,3,3,2,4,3,3,3,3,2,3,4,4,3,4,1,1,50,50,4,Surgery ,Registered nurse,4,,80,3,Associate ,1,10,,24,1,,3,,,5,4,7,4,3,Control,66365eea-d6eb-3d6b-c767-e0b68cde89df
2024-05-04 11:33:09,2024-05-04 11:47:28,0,100,859,1,2024-05-04 11:47:29,R_3gFGheRVTJGAhpf,,,,,40.789,-73.7262,anonymous,EN,1,3,,,,,,,,,,,,,,,,,,,,,,,,,,,,,,,,,,,,,,,,,,,,,,,,,,,"1,7,8",i play games on my cell phone,2.246,12.078,16.618,2,i dont except for playing games,1.079,1.079,13.081,1,2.894,2.894,16.449,1,it didnt,1.57,1.57,8.406,1,no,1.917,1.917,16.617,1,i play games,1.644,1.644,8.424,1,2.007,2.007,16.714,1,i only play games,1.088,1.088,9.931,1,the increased use of technology in todays world,I am also very technounsavvy and much prefer old ways of communication,11.845,12.621,37.648,2,take  report,give assignments,huddle,make rounds,relieve workers,start lunches,continue lunches,finish lunches,readjust assignments,serve meals,finish adminssions,distribute meds,sign out,,,,,,,,,,,,2,3,0,0,4.118,0,4.486,4.486,30.023,1,0,0,15.117,0,5,"5,7",82,0,0,15.034,0,4,5,5,1,4,4,2,2,2,4,3,3,"1,2",87,Dave has been noncompliant and has been reinstructed on the importance of following the treatment plan,0,0,15.032,0,5,5,5,1,4,5,4,4,1,4,2,1,reitterate the importance of compliance,"Once again, pt is non compliant. Went over treatment plan again",5,3,4,2,1,1,1,1,1,4,4,4,4,4,4,2,3,3,3,2,2,2,2,2,2,0,0,0,100,42,ob/gyn,RN,42,,96,3,bachelors degree,1,33,,71,2,,1,,,7,4,7,1,2,Control,6636710b-d536-a866-ecfd-6aaa2ab3d14a
2024-05-04 12:12:25,2024-05-04 12:13:52,0,100,86,1,2024-05-04 12:13:53,R_39e5elbzqtZOdnr,,,,,26.0168,-80.1537,anonymous,EN,1,7,LPN/MA,,,,,,,,,,,,,,,,,,,,,,,,,,,,,,,,,,,,,,,,,,,,,,,,,,,,,,,,,,,,,,,,,,,,,,,,,,,,,,,,,,,,,,,,,,,,,,,,,,,,,,,,,,,,,,,,,,,,,,,,,,,,,,,,,,,,,,,,,,,,,,,,,,,,,,,,,,,,,,,,,,,,,,,,,,,,,,,,,,,,,,,,,,,,,,,,,,,,,,,,,,,,,,,,,,,,,,,,,,,,,,,,,6636787b-662c-e64f-d0d1-cbc691b0614f
2024-05-04 07:11:02,2024-05-04 12:56:34,0,100,20731,1,2024-05-04 12:56:34,R_3UYp8m8plYfU2oW,,,,,33.3504,-111.782,anonymous,EN,1,3,,"2,3,5",each builds trust with the patient allowing them to be open and honest so that I can get the most important information to use my expertise to craft their care and communicate with other healthcare professionals on their behalf,0,0,39.766,0,Ultimately change in behavior requires a root cause analysis of the underlying beliefs and values that motivate the patient.  Finding these beliefs and values can drive the care plan to modify those beliefs to improve overall health and well being,6.474,6.474,91.939,1,0,0,32.801,0,"Some patients are looking for the ""silver bullet"" and honestly do not want to change. They want what is wrong fixed and are angry at the prospect that they may be responbile for their current health issues. They do not have an open aspect and its understandable that there is so much disinformation that it is no wonder that the internet becomes the source of truth.  Additionally, patients may intuitively know that there is something wrong and while a part of them wants the answer another part is afraid to know finding out that they are in serious and maybe deadly situations.",3.6,3.6,155.42,1,0,0,7353.576,0,"It gives me a place to start on my care, education, and health promotion activities",5.96,5.96,37.346,1,"The patient will trust and feel confident in the care, education and advice given.  The patient is more likely to choose to act if communication is based on their values, beliefs and within their economic and social (including religion) sphere.",14.221,14.221,97.161,1,0,0,18.189,0,"Doctors most often have just one thing in mind--say as little as possible and hit the road leaving the nurse to explain to the patient what they just said or why they won't come see the patient--this is not just the older doctors but the newer ones that seem over extended and aggrevated when nurses pass on information or need orders for their patients.  Its like they are angry and frustrated that they have the job they do and will do whatever they can to finish their shift.  Sad & it puts the nurse in the middle where the goals of all should be to improve the patient care but without the doctor's cooperation the nurses are left to fend for themselves with patients and families that then become frustrated, angry and its a perfect set up for lawsuits. ",7.729,7.729,193.499,1,"How health care providers can work to ensure patient care, trust and improve care","Nursing is hard work everyday. Nursing is seeing people at their worst and most vulnerable and many of them are so frightened that they will not treat you well.  Many will lash out at out due to their fear, you will initially take this response personally because all you want to do is help.  They are rejecting you and will want to reject them.  But you will find that just as you might comfort a small child, so you will reach out to comfort your patients.  Many times this means just sitting quietly next to them, letting them know that you are there; available.  In your busy work the number of patients that you are assigned will feel overwhelming and it is.  There will not be time to do the kind of job you want to and you will be pulled away from those that need you because there are others that need you too. You will struggle with wanting to do the job you were educated to do and not being able to do it.  The most rewarding parts of nursing are often the same parts that you will not have time to do.  Your job will be filled with required tasks.  As you learn the workflow you will come to find a way to begin to meet these needs but not everyday and not for every patient.  You may want to quit.  But if you do, there will be many less nurses to care for the patients and less time that they will have to meet patients needs.  Do the best you can.  You are a success everyday that you come to work. You are doing the best that you can and will continue to work to improve your skills and help as many patients as you can.  You can reach out to others on the unit and there are also employee assistance persons that can help you to manage the personal stress of the work environment.  Best wishes.",8188.666,8188.666,8807.44,1,,,,,,,,,,,,,,,,,,,,,,,,,,,,,,,,,,,,,,,,,,,,,,report,round on patients,follow up on immediate issues patients shared,Plan day and complete tasks based on each hour,Round with doctors,Plan patients lunch ,set patients up for rest,Follow up on any tasks both completed and not completed; check for any new orders & ensure that hourly charting up to this point is complete.,Repeat from 8 to 7 pm -- hourly tasks,Repeat from 8 to 7 pm -- hourly tasks,Repeat from 8 to 7 pm -- hourly tasks,Repeat from 8 to 7 pm -- hourly tasks,Repeat from 8 to 7 pm -- hourly tasks,Go home,,,,,,,,,,,3,2,0,0,4.014,0,0,0,30.121,0,13.265,13.265,15.019,1,5,"7,8",62,0,0,15.012,0,2,1,4,2,5,1,1,1,5,5,5,3,"5,6",30,Unresolved pain with conservative treatment. Advanced pain medication. Suggest if unresolved continue imaging.,0,0,15.027,0,2,2,4,2,4,2,1,1,4,4,4,4,review pain based on activities; if he is not following through then likely the pain is intermittent or has reduced.  I would suggest asking Dave how he wants to proceed and then determine how to move forward. ,Patient has not followed through with the plan and in discussions the patient has decided to continue with the present treatment until current prescriptions are completed and will go for imaging if this problem continues. No refills for the opioids; the patient is aware. ,7,5,4,2,1,3,1,1,1,2,4,3,3,3,4,2,3,3,4,3,4,4,2,3,4,0,0,0,100,41,critical care,director,9,,72,4,EdD & DNP,1,38,,56,2,,7,,Euro American,8,5,7,1,2,Treatment,6636299b-69d3-6e5c-ae6f-9d9a95875adc
2024-05-04 12:44:21,2024-05-04 13:14:36,0,100,1814,1,2024-05-04 13:14:37,R_1iJeYIvBbbhz0j7,,,,,28.5531,-81.7597,anonymous,EN,1,4,,"3,6",I limit antibiotic use to lessen the impact of resistance in society ,13.047,27.512,28.824,8,Different beliefs and/or knowledge can contribute to why a patient has chosen to seek care prematurely or delayed,5.288,52.826,66.178,2,20.613,20.613,22.22,1,They may hesitate due to a previous experience where a provider did not offer an help or advice and they believe that is always how they will be helped ,5.783,5.783,65.234,1,13,13,16.924,1,You understand what their needs are and why the patient makes certain choices or behaviors ,6.508,6.508,35.63,1,They have belief and trust in the provider because you “know” them,6.355,6.355,33.35,1,13.388,13.388,16.198,1,They trust that you understand them and will abide by your treatment plans ,11.56,11.56,44.301,1,The relationship between patients and healthcare providers ,"The number one thing to do is listen, empathize, and acknowledge what you hear from the patient. You will have some difficulty with certain patients due to mental health or personality. In this group of patients, do not take it personal. Shrug it off and keep on going with the next patient because you are needed. You really do make a difference! Keep your head up and carry on. ",14.746,178.392,182.858,9,,,,,,,,,,,,,,,,,,,,,,,,,,,,,,,,,,,,,,,,,,,,,,Starting by logging into computer ,Call patients with results,See patients ,See patients then take a 15 minute break,See patients ,Lunch break ,See patients ,See patients ,Finish notes and call patients with results ,Log off computer ,Travel home,Eat dinner ,Go to sleep ,Sleep ,Sleep ,Sleep ,Sleep ,Sleep ,Sleep ,Sleep ,Sleep ,Wake up and exercise ,Get ready for work ,Commute to work ,2,2,0,0,4.014,0,12.739,28.366,30.022,2,0,0,15.021,0,8,"6,7",55,0,0,15.021,0,5,5,5,3,4,4,2,3,2,4,3,1,"6,7",44,Noncompliance with treatment plan. Reiterated importance of compliance. Recheck in 2 weeks.,7.639,7.639,15.023,1,5,5,5,3,4,5,5,5,1,3,3,1,Release him from care since it’s been 6 weeks,Noncompliance with treatment. Ankle should be healed. He is advised to follow up as needed ,6,3,2,4,1,1,1,1,1,2,2,2,2,2,2,3,3,3,3,2,2,2,2,2,2,0,0,80,20,19,Urgent care ,Physician Assistant ,15,,31,4,Master ,1,10,,45,2,,1,,,7,4,7,2,2,Treatment,66368137-071a-cc93-d16c-5e9d62e3486d
2024-05-04 14:04:21,2024-05-04 14:05:35,0,100,73,1,2024-05-04 14:05:35,R_4dlHo8zHdEM2BHC,,,,,34.2862,-119.2264,anonymous,EN,1,7,"RN, Director of Nursing",,,,,,,,,,,,,,,,,,,,,,,,,,,,,,,,,,,,,,,,,,,,,,,,,,,,,,,,,,,,,,,,,,,,,,,,,,,,,,,,,,,,,,,,,,,,,,,,,,,,,,,,,,,,,,,,,,,,,,,,,,,,,,,,,,,,,,,,,,,,,,,,,,,,,,,,,,,,,,,,,,,,,,,,,,,,,,,,,,,,,,,,,,,,,,,,,,,,,,,,,,,,,,,,,,,,,,,,,,,,,,,,,6636938b-8e46-0ce2-837f-7b3166d0bbed
2024-05-04 14:46:59,2024-05-04 14:47:52,0,100,53,1,2024-05-04 14:47:53,R_7FcaV9fgSCd5gVb,,,,,41.8764,-87.6133,anonymous,EN,2,,,,,,,,,,,,,,,,,,,,,,,,,,,,,,,,,,,,,,,,,,,,,,,,,,,,,,,,,,,,,,,,,,,,,,,,,,,,,,,,,,,,,,,,,,,,,,,,,,,,,,,,,,,,,,,,,,,,,,,,,,,,,,,,,,,,,,,,,,,,,,,,,,,,,,,,,,,,,,,,,,,,,,,,,,,,,,,,,,,,,,,,,,,,,,,,,,,,,,,,,,,,,,,,,,,,,,,,,,,,,,,,,,,66369d88-3102-4f4d-a10b-0d5c5b2190a3
2024-05-04 14:54:13,2024-05-04 15:14:56,0,100,1243,1,2024-05-04 15:14:57,R_3fYJQMAYJNsiwSW,,,,,30.0843,-81.8629,anonymous,EN,1,3,,,,,,,,,,,,,,,,,,,,,,,,,,,,,,,,,,,,,,,,,,,,,,,,,,,8,I use them to find jobs,2.082,14.119,16.036,10,I use my technology for research and to call and talk to my freinds ,1.198,1.198,19.862,1,0,0,43.544,0,When covid was super bad we had technology to help us communicate with everyone important ,1.234,1.234,30.31,1,I don’t use it to improve no I’m anti social as is,32.029,32.029,32.064,1,"I use it to play games, watch videos and video chat with my friends ",4.213,4.213,20.979,1,0,0,84.291,0,I use it to play a lot of games,9.686,9.686,18.72,1,I read about Technology ,Technology shows that you can communicate with people near and far. You can talk to locals around you even your friends or even people from out of state,0.629,67.467,68.29,19,N/a,N/a,N/a,N/a,N/a,N/a,N/a,N/a,N/a,N/aa,N/a,N/a,N/a,N/a,N/a,N/a,N/a ,N/a,N/a,N/a,N/a,N/a,N/a,N/a,1,1,0,0,4.116,0,0.922,7.29,30.14,4,0,0,15.038,0,6,"5,6",63,0,0,15.036,0,5,5,5,1,3,4,1,4,1,5,,5,"3,4",50,,6.988,13.453,15.037,6,5,4,5,1,5,1,1,1,5,5,5,5,,,7,1,1,2,1,1,1,1,1,4,4,4,4,4,4,1,1,1,1,1,1,1,1,1,1,0,0,50,50,3,CNA,CNA,3,,47,2,,1,10,,22,2,,1,,,10,7,1,2,2,Control,66369fdf-d0a5-d491-dd12-788f3d4f51ad
2024-05-04 15:34:21,2024-05-04 15:52:10,0,100,1069,1,2024-05-04 15:52:11,R_20MGWJqVrYjkeFA,,,,,38.2406,-85.8156,anonymous,EN,1,3,,"4,5",Just tonknownmy pastiont and there needs,5.454,11.802,16.163,5,Just to make.them.feel like they ate my main conser ,5.478,20.722,21.462,4,0,0,16.092,0,Just to make them.feel.like they are safe ,0.696,13.075,13.765,3,20.077,20.077,20.401,1,Nit really to sure ,0.637,5.413,6.042,3,To know that they have someone who has there well.being  in mind,6.39,28.058,28.71,3,0,0,15.889,0,Cause that pushes them to.qanna do different ,4.482,20.02,21.064,3,Medical  condition with docters,Just that helping others or making them.feel.lkke that matter is.what os.most important to me ,1.95,62.464,63.367,41,,,,,,,,,,,,,,,,,,,,,,,,,,,,,,,,,,,,,,,,,,,,,,Breakfast ,Meds,Vitals,Na,Lunch ,Na,Meds,Na,Na,Vitals,Na,Dimmer,Go home,Na,Na,Na,Na, A,,,,,,,4,2,0,0,4.045,0,7.892,21.142,30.066,5,10.61,10.61,15.058,1,7,"5,6",59,0,0,15.153,0,4,5,1,1,3,2,3,2,1,4,3,5,"7,8",24,No.more.paim mess,0,0,15.153,0,2,4,3,2,3,3,3,2,2,4,3,3,Treatment  ,Not.flowing orders ,4,2,1,2,1,5,4,4,3,5,5,5,5,5,4,2,2,2,1,2,1,1,2,2,1,1,1,25,75,5,Baby nurse ,A pediatric nurse,3,,81,3,A bachelor's degree,1,18,,37,2,,1,,,8,4,4,2,2,Treatment,6636a99f-abab-e4bc-5be0-6af29209825a
2024-05-04 15:37:23,2024-05-04 16:13:54,0,100,2190,1,2024-05-04 16:13:54,R_1nVnhLSmygIY4oN,,,,,36.039,-78.878,anonymous,EN,1,3,,"9,3,5",Empathy is the most important. Being able to relate to a patient and their families helps get the job done more efficiently ,11.924,11.924,21.978,1,Being able to understand the patient helps treatment. Especially to build a relationship with the patient and future patients. Having that understanding is crucial in care,3.601,3.601,45.333,1,0,0,47.214,0,Not having insurance and not being financially stable are the main reasons for patients to hesitate ,5.805,5.805,35.775,1,0,0,61.221,0,Being able to provide consistent care to the patient and future patients.,0.978,0.978,69.526,1,Being able to help the patient through recovery is great. Understanding he patient can help make recovery effective and easier.,6.317,6.317,103.458,1,0,0,48.507,0,It makes treatment easier and more effective. It also gives that patient crucial support they need.,2.679,132.026,159.943,4,I read about how important patient understanding is.,"Patient care is vital in providing amazing care. Understanding the patient, being sensitive to their emotions and having an equal understanding of their knowledge of what is going on is crucial. ",26.341,328.627,350.539,24,,,,,,,,,,,,,,,,,,,,,,,,,,,,,,,,,,,,,,,,,,,,,,Start of shift ,Patient appointment ,Patient appointment ,Patient appointment ,Patient appointment ,Patient appointment ,Lunch,Lab,Lab,Off work,,,,,,,,,,,,,,,4,5,0,0,4.013,0,6.092,8.53,30.022,2,6.757,6.757,15.021,1,6,"6,7",38,0,0,15.022,0,4,5,5,3,4,4,1,3,2,4,3,2,"5,6",100,"Foot is in pain
Doesn’t take care seriously 
If he doesn’t do recommendations move on.",0,0,15.021,0,5,5,5,2,1,5,5,5,1,1,3,5,Stop treating Dave due to non compliance ,Stop treating Dave due to non compliance. ,5,3,4,3,1,5,4,5,4,3,5,5,5,5,5,1,1,1,1,1,1,1,1,1,1,0,0,50,50,6,Registered Nurse ,Registered Nurse ,6,,73,3,Bachelor ,1,34,,26,1,,3,,,8,4,7,3,3,Treatment,6636a9ba-9032-0f53-ff1b-058cc4b735f1
2024-05-04 16:16:39,2024-05-04 16:19:40,0,100,180,1,2024-05-04 16:19:40,R_5ncS3o8pnrUC5Gh,,,,,33.9526,-116.968,anonymous,EN,2,,,,,,,,,,,,,,,,,,,,,,,,,,,,,,,,,,,,,,,,,,,,,,,,,,,,,,,,,,,,,,,,,,,,,,,,,,,,,,,,,,,,,,,,,,,,,,,,,,,,,,,,,,,,,,,,,,,,,,,,,,,,,,,,,,,,,,,,,,,,,,,,,,,,,,,,,,,,,,,,,,,,,,,,,,,,,,,,,,,,,,,,,,,,,,,,,,,,,,,,,,,,,,,,,,,,,,,,,,,,,,,,,,,6636b062-eab9-a9de-f03d-b8a583408c35
2024-05-04 15:20:07,2024-05-04 16:45:22,0,100,5114,1,2024-05-04 16:45:22,R_1lueS5Vkgt9JcAP,,,,,36.0115,-115.0438,anonymous,EN,1,3,,,,,,,,,,,,,,,,,,,,,,,,,,,,,,,,,,,,,,,,,,,,,,,,,,,"1,7",I use technology for school and looking up things,5.26,134.193,154.891,5,"Emailing, looking for jobs and schools, researching for school papers",2.601,12.233,35.75,3,3.654,14.249,20.819,4,"During school in October 2022 up until now, I use technology to communicate with staff more easily",8.27,59.305,80.318,4,"I have used these devices to improve communication in my everyday life by being able to communicate LIVE, through emails, WhatsApp, Skype, and Messenger. You can communicate with people easily. My goal is to be able to see people in person online. Technology helped me by see people and family LIVE",4.374,116.521,118.04,2,I stream and use my phone and laptop to watch movies and listen to music.,17.149,73.237,78.059,9,12.718,27.707,29.203,2,"Connecting phone to car to listen to LIVE stream music pm YouTube, Pandora, Iheart, etc",13.906,76.633,78.015,4,I read text that came on my phone.,"Research shows technology can be used to communicate with others who are near and far. During the time we live in now, technology has its benefits due to for example some loved ones can't travel far to see loved ones in person. But, with technology we can communicate with them on facetime, skype, WhatsApp, messenger through video. This is so great for those who aren't able to see their loved ones in person. As well as it is beneficial to those going on interviews that can be conducted LIVE now instead of in person. ",19.034,274.08,275.652,12,NA,NA,NA,'-Start of shift-Care calls checking on post-surgical patients,"Preop patients for surgery-Assess, vital signs, IVs","Preop patients for surgery-Assess, vital signs, IVs","Preop patients for surgery-Assess, vital signs, IVs","Preop patients for surgery-Assess, vital signs, IVs","Preop patients for surgery-Assess, vital signs, IVs","Preop patients for surgery-Assess, vital signs, IVs",End of shift-Care calls checking on post-surgical patients,NA,NA,NA,NA,NA,NA,NA,NA,NA,NA,NA,NA,NA,6,4,0,0,4.12,0,0,0,30.022,0,10.053,10.053,15.016,1,6,"4,5",30,11.488,11.488,15.116,1,1,5,3,5,5,3,3,3,3,5,3,5,"4,5",55,"Patient was prescribed pain meds Hydrocodone and Fentanyl
Patient stated, pain hasn't gone away.
Patient to follow up with doctor to see how patients pain is improving",13.137,13.137,15.121,1,1,5,3,5,5,3,1,3,1,5,3,4,recommending him to pain management,"Patients pain hasn't improved
Patient noncompliant with pain meds
Patient recommended to see a pain management doctor
",2,5,1,1,1,5,4,5,4,3,2,3,3,4,4,2,4,2,4,1,1,1,1,1,1,1,1,50,50,17,med surg,Staff  Preop Registered Nurse,9,,80,3,Associates,1,29,,50,2,,3,,,6,5,4,1,2,Control,6636a4e8-95f5-be3d-2424-0beb6ccbdb9b
2024-05-04 15:58:07,2024-05-04 16:53:34,0,100,3326,1,2024-05-04 16:53:35,R_2ITa9jhIowUSK5m,,,,,39.9508,-82.9329,anonymous,EN,1,3,,,,,,,,,,,,,,,,,,,,,,,,,,,,,,,,,,,,,,,,,,,,,,,,,,,"1,7,8","I use email daily for communication, and Yahoo/Google to get information or buy products.",0,0,18.401,0,"For communication, education, connection, and buying.",6.313,6.313,61.343,1,0,0,18.668,0,I use my iphone and computer to connect with others for various reasons.,16.702,16.702,88.648,1,Both of these devices are fast and easy to use.  I needed to order a specific item and communication helped me find it.,0,0,18.457,0,I enjoy using my laptop to get Amazon Prime and watch the movies available.  I also like Youtube for videos.,11.808,112.275,193.095,6,0,0,19.952,0,I use my laptop to view various types of entertainment,9.803,9.803,69.426,1,Technology and entertainment,Technology can help you reach many locations and people. You can use it to attain knowledge about many subjects without much effort.  This is a rapidly growing tool to assist you in daily life.,49.807,49.807,258.621,1,Arrived at clinical site,"Met with the other instructor, took attendance",Explained to the students what they would be doing-care plans,"Answered student questions, checked work","Answered student questions, checked work",Lunch,"Answered student questions, checked work","Answered student questions, checked work","Prepared to leave for the day, Discussed day's activity with students.",N/A,N/A,N/A,N/A,,,,,,,,,,,,5,5,0,0,4.031,0,0,0,30.074,0,0,0,15.021,0,7,"6,8",86,0,0,15.024,0,4,5,4,3,5,4,3,3,3,5,3,5,"5,6",84,Dave is not following suggestions given for his care.  Dave is not asking questions about what he should do to improve his situation. Dave needs continued monitoring and instruction.,14.202,14.202,15.129,1,5,5,4,3,5,4,3,3,2,4,3,5,Discuss his failure to do what would help his condition.  Stress why doing the actions will greatly benefit him. Answer his questions and see how to assist him further.,Dave is not following the suggested treatment and does not seem interested in doing it. Reviewed treatment and explained why each would help him.  Discussed how staff will assist him and wish to see him improve.,7,2,4,2,1,5,5,5,5,4,4,4,3,4,4,2,2,1,2,1,1,1,1,1,1,1,1,50,50,41,Home Health Care and Skilled/Long term care,Clinical Instructor,2,,86,4,MS,1,36,,53,2,,1,,,8,4,3,3,1,Control,6636ae12-cde8-3203-9b6a-7ec06f4c8eb2
2024-05-04 17:23:57,2024-05-04 17:25:29,0,100,91,1,2024-05-04 17:25:30,R_5X4wAfSrlTlwFI5,,,,,40.6462,-73.9559,anonymous,EN,1,7,Licensed Practical Nurse LPN,,,,,,,,,,,,,,,,,,,,,,,,,,,,,,,,,,,,,,,,,,,,,,,,,,,,,,,,,,,,,,,,,,,,,,,,,,,,,,,,,,,,,,,,,,,,,,,,,,,,,,,,,,,,,,,,,,,,,,,,,,,,,,,,,,,,,,,,,,,,,,,,,,,,,,,,,,,,,,,,,,,,,,,,,,,,,,,,,,,,,,,,,,,,,,,,,,,,,,,,,,,,,,,,,,,,,,,,,,,,,,,,,6636bf52-c223-1775-dbb9-d8a7e72781d7
2024-05-04 17:24:02,2024-05-04 17:33:14,0,100,551,1,2024-05-04 17:33:14,R_7Mp2FPaNUlugcJH,,,,,40.8123,-73.9682,anonymous,EN,1,1,,,,,,,,,,,,,,,,,,,,,,,,,,,,,,,,,,,,,,,,,,,,,,,,,,,"1,2,5,6,8",I don’t know ,1.771,16.671,16.695,2,I don’t know ,0.8,2.98,21.73,2,15.776,15.776,15.8,1,I don’t know ,0.063,22.712,24.204,3,I don’t know ,0.941,16.276,16.305,2,I don’t know ,0.653,8.643,10.023,2,3.91,15.843,15.868,2,I don’t know ,0.844,0.844,5.709,1,I don’t know ,I don’t know ,0.581,6.771,12.278,5,I don’t know ,I don’t know ,I don’t know ,I don’t know ,I don’t know ,I don’t know ,I don’t know ,I don’t know ,I don’t know ,I don’t know ,I don’t know ,I don’t know ,I don’t know ,I don’t know ,I don’t know ,I don’t know ,I don’t know ,I don’t know ,I don’t know ,I don’t know ,I don’t know ,I don’t know ,I don’t know if I can get ,I don’t know if ,1,2,0,0,4.014,0,0.696,19.154,30.026,5,0,0,15.123,0,8,"1,3",72,0,0,15.026,0,5,4,3,5,2,3,1,5,3,4,2,2,"1,4",79,I don’t know ,0,0,15.022,0,5,3,4,4,2,4,3,2,4,5,4,3,I don’t know ,I don’t know ,10,2,5,4,2,3,5,5,3,4,5,3,4,4,3,5,4,4,4,5,4,3,4,4,4,1,1,50,50,7,I don’t know ,Healthcare,7,,57,4,I don’t know ,1,1,,22,1,,1,,,10,1,5,4,3,Control,6636c36f-77d4-bf45-a4bc-886e0ab7bafd
2024-05-04 17:16:24,2024-05-04 17:38:27,0,100,1322,1,2024-05-04 17:38:28,R_7QVZNJMCxV8Ip3z,,,,,40.9476,-73.8624,anonymous,EN,1,3,,,,,,,,,,,,,,,,,,,,,,,,,,,,,,,,,,,,,,,,,,,,,,,,,,,"1,4,5,6,8",I use any laptop to get my work done.,0,0,26.775,0,"I use technology to communicate with family, friends, work, and researching.",2.233,3.299,47.407,2,2.921,15.456,16.334,4,"During Covid 19, I discovered this app called houseparty. Originally I saw my family use it to communicate with one another and that’s when I downloaded it myself. Ever since then, I made four friends that’s I’m still close with till this day.",9.789,59.872,61.231,5,"Since I felt so isolated, I thought of ways that can help and think on a brighter side. Which is why I downloaded apps, for example, houseparty. Which you can communicate with all kinds of people around the world.",13.15,13.15,15.944,1,Finances and social media,4.72,32.92,35.309,3,0,0,17.072,0,"Watching tv, I have a fire stick. So I’m able to watch tv shows and movies, which is great.",3.741,4.973,21.817,2,Technology ,"Technology is useful for us in society today whether that’s a positive or negative affect. Technology has helped me since Covid 19, which was a difficult time for me. Using technology I was able to connect with people because I felt so isolated. I gained a few friends and learned a lot. Technology is great when you use it the right way. Entertainment can definitely be one great use of technology. We have all kinds of sources in order to access technology.",5.262,106.116,108.448,16,Woke up early,Got to work ,Ate breakfast,Started looking through my clients files,Took care of one patient,Lunch break,Meeting,Meeting,Took on a patient ,Took on a patient,Took on a patient ,Took a break to myself ,Took on a patient ,Took on a patient,Left work,Arrived at home,Ate dinner ,Fell asleep,Still asleep,Still asleep,Still asleep,Still asleep,Still asleep,Woke up to get my day started ,4,3,0,0,4.019,0,5.442,8.761,30.088,2,5.376,12.493,15.131,3,9,"3,7",61,3.683,14.893,15.028,2,4,5,5,1,5,1,1,1,3,5,5,1,"6,8",55,"• Medication to help him
• Encourage him to take his medication
• Improvement  ",5.003,14.468,15.13,7,5,5,5,1,5,5,4,5,1,5,5,1,By insisting that he picks up his medication so it can help with his pain. He has to be responsible and pick it up and stop forgetting.,Dave needs to be more responsible to take his medication or else we won’t be able to help him.,4,1,2,2,1,5,5,5,5,5,5,5,5,5,5,2,3,1,2,1,1,1,1,1,1,1,1,50,50,5,Pediatric ,Nurse,5,,81,4,Bachelors,1,33,,23,2,,3,,,10,1,2,4,4,Control,6636c0f3-7aa0-f23d-f61b-90d3c29c3a55
2024-05-04 17:07:03,2024-05-04 17:42:06,0,100,2102,1,2024-05-04 17:42:07,R_2Dnfn7vXw1aMewH,,,,,29.4085,-95.2499,anonymous,EN,1,3,,,,,,,,,,,,,,,,,,,,,,,,,,,,,,,,,,,,,,,,,,,,,,,,,,,"1,5,8",I like to communicate with friends,5.671,7.303,33.061,4,I like to use my laptop and I’m always have to use my phone AirPods to communicate with everyone ,1.395,1.395,20.022,1,24.063,24.063,24.106,1,I think it’s getting a lot better most definitely came a very long way ,0.679,0.679,14.49,1,I don’t think much needs to be changed as far as communication ,0,0,91.281,0,I use my laptop daily for my work and it gets me through so many things ,0.827,67.845,84.002,5,0,0,21.467,0,"I typically will check my email , text my colleagues and get my day started talk with family ",0.814,33.174,35.27,2,I read about technology today ,I learned about the some of todays new technology and how people use it in their daily lives ,0.697,31.098,32.104,6,getting vitals down,Helping with patients ,Getting medicine ,Eating lunch,Helping colleagues ,Getting information ,getting more information ,Making beds,Talking to patients ,Giving medication ,Nothing,Food break,Restroom,Nothing,Nothing,Work,Nothing,Working,Work,Work ,Off,Working ,Work,Work,6,3,0,0,4.034,0,1.093,9.979,39.105,5,3.46,3.46,16.695,1,4,"6,7",38,0,0,15.048,0,1,1,5,1,5,1,1,1,3,5,4,4,"5,7",42,Just take these and you will feel so much better ,6.243,7.926,16.968,3,2,4,5,1,5,3,1,4,2,2,5,3,I would have to tell him again ,I need you to take the medication and be on time ,3,3,2,3,1,5,3,3,5,5,5,3,4,5,3,1,1,1,1,1,1,1,1,1,1,0,0,50,50,4,Nursing ,Registered Nurse ,4,,50,3,Masters ,1,45,,25,2,,3,,,7,7,5,3,3,Control,6636be33-56c0-e3c1-828c-9420ac6974f0
2024-05-04 17:44:27,2024-05-04 17:45:12,0,100,44,1,2024-05-04 17:45:12,R_7gwNMAaRkdrQ1s8,,,,,43.0632,-83.7032,anonymous,EN,1,2,,,,,,,,,,,,,,,,,,,,,,,,,,,,,,,,,,,,,,,,,,,,,,,,,,,,,,,,,,,,,,,,,,,,,,,,,,,,,,,,,,,,,,,,,,,,,,,,,,,,,,,,,,,,,,,,,,,,,,,,,,,,,,,,,,,,,,,,,,,,,,,,,,,,,,,,,,,,,,,,,,,,,,,,,,,,,,,,,,,,,,,,,,,,,,,,,,,,,,,,,,,,,,,,,,,,,,,,,,,,,,,,,,6636c43a-c6ec-9d5c-aa4a-c179a0e7632d
2024-05-04 17:51:04,2024-05-04 17:51:39,0,100,34,1,2024-05-04 17:51:39,R_7Mm0qd0xkNIUKXM,,,,,29.943,-95.2596,anonymous,EN,1,7,Lvn,,,,,,,,,,,,,,,,,,,,,,,,,,,,,,,,,,,,,,,,,,,,,,,,,,,,,,,,,,,,,,,,,,,,,,,,,,,,,,,,,,,,,,,,,,,,,,,,,,,,,,,,,,,,,,,,,,,,,,,,,,,,,,,,,,,,,,,,,,,,,,,,,,,,,,,,,,,,,,,,,,,,,,,,,,,,,,,,,,,,,,,,,,,,,,,,,,,,,,,,,,,,,,,,,,,,,,,,,,,,,,,,,6636c82f-97b5-fa98-488c-447b31161bba
2024-05-04 17:55:05,2024-05-04 17:55:27,0,100,21,1,2024-05-04 17:55:27,R_7PXED31YARXLU09,,,,,37.7308,-120.9382,anonymous,EN,1,7,Cna,,,,,,,,,,,,,,,,,,,,,,,,,,,,,,,,,,,,,,,,,,,,,,,,,,,,,,,,,,,,,,,,,,,,,,,,,,,,,,,,,,,,,,,,,,,,,,,,,,,,,,,,,,,,,,,,,,,,,,,,,,,,,,,,,,,,,,,,,,,,,,,,,,,,,,,,,,,,,,,,,,,,,,,,,,,,,,,,,,,,,,,,,,,,,,,,,,,,,,,,,,,,,,,,,,,,,,,,,,,,,,,,,6636ca92-bef1-d4af-26e2-5d382b630ee1
2024-05-04 16:23:07,2024-05-04 18:27:05,0,100,7438,1,2024-05-04 18:27:06,R_5PH1e2gqxdWVOds,,,,,40.4064,-79.9856,anonymous,EN,1,7,Licensed Practical Nurse,,,,,,,,,,,,,,,,,,,,,,,,,,,,,,,,,,,,,,,,,,,,,,,,,,,,,,,,,,,,,,,,,,,,,,,,,,,,,,,,,,,,,,,,,,,,,,,,,,,,,,,,,,,,,,,,,,,,,,,,,,,,,,,,,,,,,,,,,,,,,,,,,,,,,,,,,,,,,,,,,,,,,,,,,,,,,,,,,,,,,,,,,,,,,,,,,,,,,,,,,,,,,,,,,,,,,,,,,,,,,,,,,6636ae60-41f1-865b-a0d6-75f6aec46efa
2024-05-04 18:24:27,2024-05-04 18:38:53,0,100,866,1,2024-05-04 18:38:53,R_7tA7TQXeQeIArjM,,,,,33.5226,-86.8033,anonymous,EN,1,3,,,,,,,,,,,,,,,,,,,,,,,,,,,,,,,,,,,,,,,,,,,,,,,,,,,"1,2",i use my ipad for my personal needs,3.183,15.25,16.224,11,i for my job and myself ,2.053,2.053,8.992,1,0,0,16.156,0,when i needed to check on my mom in the hospital ,1.281,1.281,14.667,1,to contact my friends who are far ways ,3.27,3.27,15.597,1,to watch tv and keep up with what is going on in the world ,1.968,1.968,20.449,1,0,0,15.904,0,to watch my yv shows ,1.272,1.272,9.528,1,how technology is good for us ,technology is really useful and it is for a very good cause ,0.721,27.781,28.72,12,slow,slow,kinda busy,busy,busy,very busy,very busy,busy ,busy ,slow,slow,slow,busy,busy,busy,very busy,very busy,busy,busy,slow,slow,slow,slow,slow,1,2,0,0,4.041,0,12.373,28.791,30.046,11,14.647,14.647,15.038,1,7,"5,8",67,1.06,14.023,15.043,9,5,5,4,3,4,4,1,2,2,5,5,5,"3,4",,"ankle still hurts 
pain is still present",0,0,15.048,0,5,5,4,4,3,5,4,5,2,3,3,2,he has to start doing what is told,ankle hurts ,5,3,2,2,1,3,3,2,2,4,3,4,5,5,5,3,2,1,1,2,1,1,1,2,1,0,0,50,50,2,nurse,registered nurse,2,,52,3,bachelors,1,19,,21,2,,3,,,5,4,4,2,2,Control,6636d140-e76e-5164-0b41-10fa23cdef9f
2024-05-04 18:40:07,2024-05-04 18:40:45,0,100,37,1,2024-05-04 18:40:45,R_3OZgduMEco7ItRD,,,,,42.4509,-73.2495,anonymous,EN,1,7,Nurse,,,,,,,,,,,,,,,,,,,,,,,,,,,,,,,,,,,,,,,,,,,,,,,,,,,,,,,,,,,,,,,,,,,,,,,,,,,,,,,,,,,,,,,,,,,,,,,,,,,,,,,,,,,,,,,,,,,,,,,,,,,,,,,,,,,,,,,,,,,,,,,,,,,,,,,,,,,,,,,,,,,,,,,,,,,,,,,,,,,,,,,,,,,,,,,,,,,,,,,,,,,,,,,,,,,,,,,,,,,,,,,,,6636d4b9-9c04-06fa-189e-52613bffa565
2024-05-04 17:51:22,2024-05-04 18:50:47,0,100,3564,1,2024-05-04 18:50:48,R_8GK3aQq8rH8Q1si,,,,,40.8188,-75.6059,anonymous,EN,1,3,,,,,,,,,,,,,,,,,,,,,,,,,,,,,,,,,,,,,,,,,,,,,,,,,,,"4,7,8",I use Facebook to see what my family & friends are up to & to connect with them. Occasionally I will share or post something. ,16.506,16.511,17.102,2,Mostly texts to communicate with family and friends. ,3.401,3.401,25.9,1,9.608,25.538,27.857,6,Being able to send pics of something. In the past you would have to show a picture in person or the actual item. ,17.582,17.582,115.554,1,Texting allow me to check on people without having to call so they can respond when it's convenient for them. ,0,0,77.149,0,I use my smartphone to play games & take surveys. It's just a fun way to pass time. ,16.481,161.76,231.286,2,0,0,19.772,0,I like to play mobile games like Candy Crush ,4.8,4.8,26.06,1,How I use technology in my daily life ,I recommend getting a smartphone. You can do so many things with it. It allows you to text & call people to stay in touch. Also you can download games through apps to play & pass time. It's also a perfect replacement of a camera. Lastly it replaces a bulky computer because you can search anything online. ,6.259,313.436,320.711,8,Commute to work ,"Arrived at work, do opening tasks & room the first patients",Rooming patients & cleaning rooms. ,Rooming patients & cleaning rooms ,Rooming patients & cleaning rooms ,Ate lunch at my desk between rooming patients ,Rooming patients & cleaning rooms ,Ate a snack between rooming patients ,Did tasks on my phone when less patients came in,Rooming patients and cleaning rooms ,Ate quick snack between patients ,Had dinner at my desk between patients ,Preparing to close clinic of the night between patients ,Commute home,Arrived at home,Did chores before bed,Got in bed,Sleeping ,Sleeping ,Sleeping ,Sleeping ,Sleeping ,Sleeping ,Sleeping ,4,2,0,0,4.037,0,14.646,28.912,30.043,4,0,0,15.058,0,5,"6,7",44,0,0,15.159,0,4,5,5,3,3,2,3,4,1,4,3,2,"7,8",48,Dave was seeking medical attention for ankle pain he described as constant and dull. The provider prescribed Tramadol & told to follow up. During the follow up Dave stated he still had pain & didn't not have time to take the meds. The provider then prescribed Acetaminophen & topical pain relief. ,0,0,15.149,0,5,5,5,4,3,2,4,4,1,3,2,1,Explain that I can't help him pain until he takes the prescribed meds,Dave said he still has pain because taking him prescription slipped his mind. I told Dave we won't be able to help with until he takes what was prescribed for him ,6,3,3,2,1,4,1,3,1,2,3,3,3,3,3,2,2,2,1,3,2,1,1,1,2,0,0,50,50,21,Pediatrics,Registered Nurse ,2,,95,3,Bachelor of Biology ,1,39,,50,2,,3,,,8,4,3,3,2,Control,6636c6e0-06b9-0e85-446c-2327a9a25630
2024-05-04 18:58:32,2024-05-04 18:59:56,0,100,84,1,2024-05-04 18:59:57,R_1wiQHLv2y2nwHLL,,,,,32.9103,-96.7283,anonymous,EN,1,7,LPN,,,,,,,,,,,,,,,,,,,,,,,,,,,,,,,,,,,,,,,,,,,,,,,,,,,,,,,,,,,,,,,,,,,,,,,,,,,,,,,,,,,,,,,,,,,,,,,,,,,,,,,,,,,,,,,,,,,,,,,,,,,,,,,,,,,,,,,,,,,,,,,,,,,,,,,,,,,,,,,,,,,,,,,,,,,,,,,,,,,,,,,,,,,,,,,,,,,,,,,,,,,,,,,,,,,,,,,,,,,,,,,,,6636d87b-bf46-767c-d11b-916462c2e2ac
2024-05-04 19:10:44,2024-05-04 19:11:46,0,100,62,1,2024-05-04 19:11:47,R_2pKx8hxBlmQSZEc,,,,,41.6244,-93.6694,anonymous,EN,1,7,LPN,,,,,,,,,,,,,,,,,,,,,,,,,,,,,,,,,,,,,,,,,,,,,,,,,,,,,,,,,,,,,,,,,,,,,,,,,,,,,,,,,,,,,,,,,,,,,,,,,,,,,,,,,,,,,,,,,,,,,,,,,,,,,,,,,,,,,,,,,,,,,,,,,,,,,,,,,,,,,,,,,,,,,,,,,,,,,,,,,,,,,,,,,,,,,,,,,,,,,,,,,,,,,,,,,,,,,,,,,,,,,,,,,6636dbee-f287-f9b4-f1dc-8547ce6c19c3
2024-05-04 19:24:16,2024-05-04 19:24:44,0,100,27,1,2024-05-04 19:24:44,R_19rrFPOC4kP45EJ,,,,,40.7507,-80.1034,anonymous,EN,1,7,Respiratory therapist ,,,,,,,,,,,,,,,,,,,,,,,,,,,,,,,,,,,,,,,,,,,,,,,,,,,,,,,,,,,,,,,,,,,,,,,,,,,,,,,,,,,,,,,,,,,,,,,,,,,,,,,,,,,,,,,,,,,,,,,,,,,,,,,,,,,,,,,,,,,,,,,,,,,,,,,,,,,,,,,,,,,,,,,,,,,,,,,,,,,,,,,,,,,,,,,,,,,,,,,,,,,,,,,,,,,,,,,,,,,,,,,,,6636df3a-0fe6-a498-4591-e74cd90ea45f
2024-05-04 19:35:27,2024-05-04 19:52:28,0,100,1021,1,2024-05-04 19:52:29,R_2lFagNOLkOvLw53,,,,,40.7003,-80.0351,anonymous,EN,1,3,,"9,3,5",Empathy is important to facilitate communication with the patient ,0,0,18.178,0,To better communicate with the patients ,1.019,13.685,14.282,3,13.683,13.683,17.266,1,Fear of looking foolish or being looked down on,1.653,19.572,20.177,2,0,0,18.386,0,To help the patient cope with treatment in real life situations ,1.967,22.711,23.332,2,They can better adhere to treatment plans,1.846,15.113,15.761,2,0,0,16.352,0,To gain trust so the patient will provide information ,2.359,20.204,21.446,2,The Healthcare provider and patient relationship,Empathy is critically important to improve patient outcomes. Understanding the patient situation helps when creating treatment plans. Empathy helps the patient to communicate more readily.,2.264,85.072,86.556,18,,,,,,,,,,,,,,,,,,,,,,,,,,,,,,,,,,,,,,,,,,,,,,Review patient charts,See patient #1,Administer catheter,See patient #2,Draw blood,Lunch,Update charts,See patients again,Discuss with Dr,Update charts,Finish patient visits,Clock out,,,,,,,,,,,,,6,2,0,0,4.122,0,1.616,29.676,30.121,7,14.533,14.533,15.02,1,5,"5,6",28,0,0,15.129,0,4,4,5,2,5,3,2,2,2,4,3,3,"5,6",34,"Dave is not following treatment plan
Continue on current meds
Follow up in 3 weeks",0,0,15.029,0,4,5,5,2,4,4,3,3,2,4,3,2,Continue follow ups,"Dave still isn't following plan
Meds remain unchanged 
Follow up in 3 weeks",5,2,4,2,1,4,3,3,3,3,4,4,3,3,3,2,3,3,2,2,2,1,1,1,1,0,1,90,10,9,Acute care,DON,3,,76,3,Bachelors,1,39,,30,2,,4,,,7,6,6,4,3,Treatment,6636e1e5-f775-c692-f631-8115e5ca7a12
2024-05-04 19:59:24,2024-05-04 19:59:51,0,100,26,1,2024-05-04 19:59:51,R_7SvM39txyk08GNL,,,,,29.6968,-95.5446,anonymous,EN,1,7,LPN,,,,,,,,,,,,,,,,,,,,,,,,,,,,,,,,,,,,,,,,,,,,,,,,,,,,,,,,,,,,,,,,,,,,,,,,,,,,,,,,,,,,,,,,,,,,,,,,,,,,,,,,,,,,,,,,,,,,,,,,,,,,,,,,,,,,,,,,,,,,,,,,,,,,,,,,,,,,,,,,,,,,,,,,,,,,,,,,,,,,,,,,,,,,,,,,,,,,,,,,,,,,,,,,,,,,,,,,,,,,,,,,,6636e756-c06a-b3f8-2877-08f9b8792cd8
2024-05-04 19:49:38,2024-05-04 20:21:54,0,100,1936,1,2024-05-04 20:21:55,R_1I3JJEXP6Sj2qRS,,,,,41.5349,-75.9472,anonymous,EN,1,3,,,,,,,,,,,,,,,,,,,,,,,,,,,,,,,,,,,,,,,,,,,,,,,,,,,"5,6,8",I use the social media in my personal life to stay connected to people whom live far away or whom I do not get to see as often as I would like. ,8.851,12.271,16.018,5,"I use it as an alarm clock, something to set reminders to.  Ovia media to stay connected with news and family and friends. To communicate via email, text message, phone call and video chat. I use it for directs and photos. ",1.226,1.226,61.932,1,0,0,87.192,0,I was able to video chat a friend states away to see her new born child. Phone call would not have allowed me to see the newborn ,5.186,5.186,31.369,1,Absolutely. I can speak in real time and way more frequently with people. I can share photos and videos and make better connections with people than ever before ,28.695,28.698,29.503,2,To watch movies and listen to music. To scroll social media and view others photos and videos. ,4.582,4.582,147.933,1,0,0,87.145,0,I use it for music in the car and YouTube videos to learn about new things ,8.355,8.355,29.845,1,Today I read about technology and how it’s evolution has changed peoples lives my making things easier. ,I have a lot of family and friends that live all over the United States. Having the ability to video chat with them has helped keep us close and connected. It bring so much more of an intimate connection to others than a phone call can. ,6.795,45.012,102.751,9,N/a,Arrive and check email ,See patients/ do notes/ check emails/ attend meetings ,See patients/ do notes/ check emails/ attend meetings,See patients/ do notes/ check emails/ attend meetings,See patients/ do notes/ check emails/ attend meetings,See patients/ do notes/ check emails/ attend meetings,See patients/ do notes/ check emails/ attend meetings,See patients/ do notes/ check emails/ attend meetings,See patients/ do notes/ check emails/ attend meetings,N/a,N/a,N/a,N/a,N/a,N/a,N/a,N/a,N/a,N/a,N/a,N/a,N/a,N/a,4,3,0,0,4.013,0,24.346,24.914,30.017,2,0,0,15.022,0,3,"5,6",38,0,0,15.022,0,4,4,4,3,4,3,2,3,2,4,3,3,"3,4",58,"Dave reports pain has not improved. 

Dave reports he has not followed previous recommendations. 

Dave should receive some imaging before being prescribed additional pain medication. ",0,0,15.121,0,4,4,4,3,4,3,2,3,2,4,3,2,I would get imaging done to be able to make a more informed decision. ,"Dave continues to have pain. 

Dave continues not to follow previously recommendations. 

Will get imaging done before deciding on further treatment options. ",5,3,4,2,1,4,3,4,3,2,2,2,1,2,2,2,2,3,3,2,2,2,2,2,2,0,0,50,50,10,Oncology ,Registered Nurse ,2,,81,3,Bachelor degree ,1,39,,31,2,,1,,,7,6,6,3,3,Control,6636e4c4-d2f1-089e-6f69-7e09dacbccb2
2024-05-04 20:21:05,2024-05-04 20:42:22,0,100,1277,1,2024-05-04 20:42:23,R_2HhHDYiWJ4xFGuT,,,,,30.4042,-91.1431,anonymous,EN,1,1,,"9,4,6",Empathy is really important to me because that is what people need in times when a loved one is sick,4.986,4.986,15.868,1,Because if you don’t understand there might be misunderstandings and the patient won’t fully trust you if you don’t understand their perspective of things,2.707,2.707,61.97,1,0,0,17.475,0,They might be anxious about things because they think nobody else is going through what they are ,0.037,3.281,59.302,2,15.795,15.795,15.819,1,It might make patients be comfortable with you and they will come back to you,5.951,5.951,34.221,1,It might make them less stressed ,6.626,6.626,26.737,1,18.017,18.017,18.922,1,So they can see we both want them to get better,13.764,14.532,56.436,2,I read about patients emotions and what makes patients comfortable and happy and patients goals,"Always be considerate about patients situations, if a patient seems anxious about telling their condition or situation find ways to make them more comfortable in the environment.",1.19,117.949,122.688,22,,,,,,,,,,,,,,,,,,,,,,,,,,,,,,,,,,,,,,,,,,,,,,Start Shift,Treat Patient 1,,Administer Medication ,,,,,,Treat Patient 2,Check ups,,,End of shift,,,,,,,,,,,6,6,0,0,4.011,0,3.914,11.529,30.027,3,0.017,1.646,15.126,2,5,"2,5",35,0,0,15.023,0,4,4,5,1,5,1,1,1,3,5,5,5,"2,5",62,"Patient had an injury, i gave them recommendations unfortunately it didn’t improve quickly because patient was not following recommendations ",1.152,12.404,15.026,2,5,4,5,1,5,1,1,1,5,5,5,4,I would keep trying,I would say the same thing,8,1,4,3,1,4,5,5,4,4,5,5,5,4,5,1,1,1,1,1,1,1,1,1,1,0,0,40,60,5,Physician,Physician,4,,34,4,Doctorate,1,9,,37,2,,2,,,8,1,4,4,3,Treatment,6636ec23-c7b0-5fb3-3221-d4bcd6f57620
2024-05-04 20:40:34,2024-05-04 21:32:28,0,100,3114,1,2024-05-04 21:32:29,R_7L6eZ19TtCxv1AF,,,,,29.8478,-95.6599,anonymous,EN,1,3,,,,,,,,,,,,,,,,,,,,,,,,,,,,,,,,,,,,,,,,,,,,,,,,,,,"1,7",I use a Laptop as technology where I watch my favorite movies and my personal work,2.948,2.948,36.334,1,"I use technology I my personal clock for when I wake up, to watch my favorite movies, and to talk to others or communicate.",0.649,0.649,41.055,1,0,0,589.57,0,A time when technology allowed me to connect with others when less advanced modes of communication would have fallen short was probably last month when I was talking with my family,0.911,302.747,380.555,2,"
I use these devices to improve communication in my everyday life by trying to still communicate with my family without having see them",0,0,16.096,0,Some of the way I use technology. My personal life for entertainment is watching my favorite movies or talking to my friend and family members.,0.869,0.869,15.418,1,0,0,16.633,0,I am watching my favorite movies or I learn information that is useful.,0.937,316.035,320.69,3,I read my fantasy book that is about myths and legends ,"I learned that technology can be useful the same way as it can be dangerous. I’ve read that there are many ways people use technology. Some ways I use technology is to learn more new useful information, watch my favorite movies, entertainment, or to communicate with my family and friends.",1.536,191.142,194.87,13,Woke up, Getting ready for the day,Going to work,Working ,Working,Working ,Work,Working ,Working ,Working ,Going back home,Grocery shopping ,Cooking ,Relaxing,Eating,Watching a movie ,Watching a movie ,Getting ready for bed,Sleeping ,Sleeping ,Sleeping ,Sleeping ,Sleeping ,Sleeping ,2,3,0,0,4.011,0,4.969,22.377,30.031,10,7.838,14.542,15.019,16,5,"5,7",42,0,0,15.022,0,4,5,4,3,3,5,4,4,2,4,3,2,"6,7",55,"'- doesn’t take his meds because he doesn’t have  time
- has pain 
- is to busy",13.957,13.957,15.021,1,5,5,4,5,1,5,5,5,1,2,1,1,Start taking the time to get better and stop being lazy ,"'- Way too lazy
- Keeps forgetting things 
- Doesn’t care about his health ",3,4,3,2,1,3,3,4,2,3,3,3,2,4,3,2,2,3,2,1,1,2,1,1,1,1,1,60,40,5,Registered nurse ,Registered nurse,5,,46,3,Associate degree,1,45,,24,2,,4,,,7,4,4,3,2,Control,6636efe4-4ab5-a8ee-1eaa-fe2bd98bebb0
2024-05-04 21:42:34,2024-05-04 21:44:28,0,100,114,1,2024-05-04 21:44:29,R_5lAKhZ1otsI2t2x,,,,,32.2902,-99.8056,anonymous,EN,1,7,LVN,,,,,,,,,,,,,,,,,,,,,,,,,,,,,,,,,,,,,,,,,,,,,,,,,,,,,,,,,,,,,,,,,,,,,,,,,,,,,,,,,,,,,,,,,,,,,,,,,,,,,,,,,,,,,,,,,,,,,,,,,,,,,,,,,,,,,,,,,,,,,,,,,,,,,,,,,,,,,,,,,,,,,,,,,,,,,,,,,,,,,,,,,,,,,,,,,,,,,,,,,,,,,,,,,,,,,,,,,,,,,,,,,6636fd4f-31da-eeaa-6d7d-88ec5b5e6698
2024-05-04 21:41:34,2024-05-04 21:54:07,0,100,752,1,2024-05-04 21:54:08,R_54OnffXthiot3Xj,,,,,38.6438,-90.5301,anonymous,EN,1,3,,"7,2,4",I think their spiritual health is more important than their physical health. ,3.152,19.43,21.386,8,Stressful times ,0.861,0.861,11.412,1,1.417,13.856,16.32,9,Dumb,2.033,2.033,8.961,1,13.851,15.189,16.065,2,Idk,3.174,3.174,9.313,1,Hmmm,0.995,0.995,10.559,1,8.527,15.877,16.362,2,Good,2.479,2.479,6.534,1,Healthcare!,Remember your “why” always. Especially when times get really hard ,0.95,31.425,37.368,5,,,,,,,,,,,,,,,,,,,,,,,,,,,,,,,,,,,,,,,,,,,,,,Tired,Busy med ,Meds,Chart,Check in,Walk pt,Meds,Labs,Ct,Ct,,,,,,,,,,,,,,,5,2,0,0,4.013,0,15.376,29.504,30.126,3,4.628,13.947,15.019,13,5,"5,6",,0,0,15.023,0,5,5,5,1,5,4,4,4,2,4,4,4,"3,5",,Dave take your meds ,9.653,9.653,15.019,1,5,5,5,1,5,4,4,4,2,4,4,5,Try again,Oh Dave. What are we going to do with you?,6,4,2,2,1,1,1,1,1,4,5,4,4,4,4,5,4,2,4,4,4,4,4,4,4,0,0,60,40,4,Pharm Tech,Pharm Tech,2,,44,2,High school. ,1,26,,21,2,,1,,,7,7,2,3,2,Treatment,6636ff6c-22f6-cf85-81cb-7eef80cf64aa
2024-05-04 21:10:42,2024-05-04 22:05:49,0,100,3306,1,2024-05-04 22:05:50,R_5ctLJo8CeI5ilME,,,,,30.3478,-81.6493,anonymous,EN,1,4,,"9,2,5",Empathy should be exercised in all that you do. It is vital that I see things from my patients perspective so that I could better care for them.,0,0,100.211,0,Patients want to be heard and respected. While they may not be experts they are the ones experiencing whatever I'd going on in their bodies. We must take into account their perspective while exercising our expertise for a wholesome treatment plan.,6.524,107.794,108.552,2,0,0,58.283,0,They may not feel that their questions would be respected or simply heard.,4.488,39.289,39.819,2,0,0,30.263,0,It is vital that I take into account all of my patients needs and concerns in order to recommend the best treatment. Understanding the patient fully will enable me to give them the best treatment that will be most effective.,6.98,110.487,110.843,3,If I understand their perspective their treatment plan will display this and be the most effective; therefore their recovery will be much better.,4.609,71.178,71.936,2,10.268,12.596,39.649,3,The patient and I have to have cohesive goals in order for their treatment plan to be effective. We must be on the same page if not the patient would  not take their treatment seriously.,9.196,74.158,74.698,2,Understanding the patients perspective.,"Congratulations on making it thus far and embarking on this rewarding journey. Take each day one day at a time and utilize your skills that you have learned and are learning to provide every patient you come in contact with the best care. Exceed expectations and accomplish all your goals on this journey. Most importantly exercise empathy in all that you do. Listen to and respect your patients perspectives align your knowledge with their needs and execute the best treatment plan. Keep the faith and remember your human. You will see that you will learn more than you could imagine in your hands on clinical experiences. Hold your head high and be all that you aspire to be and so much more. Your so special and thank you for having the compassion to care for others.

Sincerely,
Your fellow health care professional ",1.079,484.518,484.9,15,,,,,,,,,,,,,,,,,,,,,,,,,,,,,,,,,,,,,,,,,,,,,,Briefing with the shift I'm relieving ,Making rounds checking on patients,Charting,Making orders ,Meeting,Making rounds ,Charting,Checking lab results,Oders,Checking patient updates from nurses ,Consulting,Charting,Debrief,,,,,,,,,,,,4,4,0,0,4.016,0,24.361,24.361,30.027,1,0,0,15.024,0,5,"7,8",79,0,0,15.028,0,4,4,5,3,5,3,1,3,3,5,4,4,"6,8",61,Dave was previously prescribed Acetaminophen with Topical Lidocaine. During his follow up Dave informed that he did not take the medications as prescribed. Due to not following the pain Dave is still in pain. Upgraded Tylenol to Tramadol and kept the Lidocaine. ,12.378,13.279,15.018,2,5,5,4,3,5,3,2,2,3,5,3,1,I would order images and assess before prescrbing more meds. I would keep the Lodicaine topical.,Dave has not followed his treatment plan. Ordering images to assess the ankle. Will implement a plan once image results received.,5,4,1,2,1,5,5,5,5,4,5,5,5,5,5,2,2,1,2,1,2,1,1,2,2,1,1,60,40,12,Internal medicine ,Physician Assistant ,9,,70,3,Bachelor's ,1,21,,33,2,,6,Mixed ,,9,2,7,4,4,Treatment,6636f790-f577-2f0e-94b1-366cb8682eeb
2024-05-04 21:54:52,2024-05-04 22:40:50,0,100,2757,1,2024-05-04 22:40:51,R_5mluft8e2TAI32e,,,,,37.5438,-77.5029,anonymous,EN,1,5,,,,,,,,,,,,,,,,,,,,,,,,,,,,,,,,,,,,,,,,,,,,,,,,,,,"1,5,7","Use music steaming app to relax, to elevate mood, and to help me sleep",5.002,31.048,35.698,6,"I use it to find answers to questions, to find information, to entertain myself, and to keep in touch with friends and family.",4.47,60.135,69.35,4,34.888,44.818,75.306,3,Conduct patient encounters and patient care over Zoom and video calling. Coming to the doctor is not longer mandatory when you can do it via the internet instead,4.742,15.105,98.622,3,My family is more likely to talk via video than call when they need to learn how to do something or need me to show them something. I can also send pictures for clarification. I have an autistic child who understands pictures much better than words. So sending pictures for explanation is very helpful.,5.432,19.782,22.711,4,"To watch videos or TV, to find specific content that I am interested in, to stream music or pod casts when I’m working in the house or traveling in the car.",2.03,76.147,93.405,8,2.531,54.368,55.324,4,"I use technology to stream live TV, to watch TV programs or movies when I want to, to read about things that interest me.",1.652,73.467,89.19,5,"I read about childhood trauma, symptoms and appropriate interventions","I have begun using a program that allows me to take accurate face measurements with the use of a picture. Instead of using a ruler, hoping the child stay still and that o can get at the right angle, I can take a picture and run it through the program and the program can take the measurements for me. It is much quicker, has less human error and is more accurate than hand measuring.",24.783,234.941,257.766,8,Drove to work,Saw my first patient ,Saw my second patient,Saw my third patient ,Saw my forth patient ,Charted and ate lunch,Saw my fifth patient ,Saw my sixth patient,Saw my seventh patient ,"Returned phone calls and sent in prescriptions, answered email",Went home,Made dinner,Ate dinner and cleaned up,Charted,Charted,Charted,Went to bed,Slept ,Slept ,Slept ,Slept ,Slept ,Slept ,Work up,4,5,0,0,4.142,0,23.915,23.915,30.035,1,0,0,15.151,0,5,"7,8",,0.201,0.201,15.146,1,4,4,4,2,5,3,2,3,2,5,3,2,"7,8",69,"'- previous plan explained but not followed
- ankle pain continues
- will change to ibuprofen, bracing, warm compresses and PT for better pain control and to prevent deterioration of ankle strength and mobility ",0,0,15.04,0,4,4,4,2,5,3,3,3,2,5,3,1,I wouldn’t. I would emphasize what to do and to follow up if not improving with interventions.,'- Dave remains non compliant with treatment,5,3,4,2,1,3,3,4,4,4,4,4,4,5,5,2,1,2,1,2,2,2,1,2,2,0,1,75,25,27,Pediatrics - behavioral health and development ,PNP,3,,90,4,PhD,1,34,,57,2,,1,,,6,5,5,4,3,Control,66370179-245f-bcf8-e2ec-1c69530bf701
2024-05-04 22:33:12,2024-05-04 22:52:02,0,100,1129,1,2024-05-04 22:52:03,R_5LVzYjQQNgsewTv,,,,,39.6906,-111.8404,anonymous,EN,1,3,,,,,,,,,,,,,,,,,,,,,,,,,,,,,,,,,,,,,,,,,,,,,,,,,,,"6,8",Facebook-to stay connected with friends and family,8.725,11.976,18.796,2,"Phone, entertainment, ",2.169,2.169,18.677,1,0,0,18.028,0,"During school, we were able to meet online as a class instead of having to meet in person. ",4.008,4.008,29.412,1,"I am able to see where my family is at all times, make sure they are safe.",0,0,15.952,0,"Games, I play online games on my phone. Memes and reels, I share them with family easily and they make me laugh. Netflix to watch tv",1.352,1.352,61.642,1,0,0,15.992,0,Games while waiting in line or driving. Music on the radio. ,7.982,7.982,32.82,1,Technology,"Technology can be used to communicate with family. I am able to quickly give my mom a call hundreds of miles away.

Technology can be used to help with productivity, I can use spell checker or a web browser search to find topics I am interested in.

Technology gives you entertainment right at your finger tips, you can easily watch videos, play games or listen to music.",1.787,118.902,152.246,18,Work,Work,Work,Work,Work,Lunch,Work,Work,Work,Work,Work,Go home,Eat dinner ,Watch tv,Go to bed,,,,,,,,,,4,4,0,0,4.017,0,3.553,21.68,30.066,4,12.5,13.252,15.02,2,9,"4,5",15,0,0,15.12,0,4,4,5,3,3,3,3,3,2,5,3,1,"7,8",,Patient is noncompliant with plan of care. Encourage patient to follow plan of care. Physical therapy may benefit oatient,0,0,15.045,0,4,5,5,4,4,4,3,3,1,5,3,3,I would follow physicians advice,Pt continues to be noncompliant with recommendations from doctor. Pt is still complaining of pain. ,4,2,4,2,1,2,3,3,3,5,5,5,5,5,2,1,1,1,1,1,1,1,1,1,1,0,0,25,75,11,Er,Rn,5,,21,3,Bachelors,1,6,,41,2,,1,,,7,5,6,3,2,Control,66370b8a-29ac-b04c-2c0e-85afaf33529c
2024-05-04 22:10:47,2024-05-04 23:01:10,0,100,3022,1,2024-05-04 23:01:10,R_5I3LeNOjwmQV7sA,,,,,38.8669,-82.114,anonymous,EN,1,3,,"9,4,6",Making each patient feel important and valued is very important I. Order to gain their respect and trust. They are very sensitive to their feelings ,7.795,97.146,99.413,9,"Some patients are uneducated and we as nurses need to apply our knowledge to them in order for them to understand what we are trying to teach them 
",7.102,7.6,85.139,2,5.257,132.666,133.67,14,They feel inferior and insecure so are afraid to speak up. They are afraid of looking dumb. ,6.275,7.647,59.673,4,4.529,134.521,135.282,14,The patients overall well being will greatly improve. ,2.576,33.859,36.318,8,The patients understanding of what is expected to happen will help them achieve their goals. ,8.388,8.388,76.867,1,3.045,91.261,92.981,27,If they feel like the provider truly cares and wants the patients to feel better the patient is more likely to try to help themselves ,2.074,7.106,85.578,5,Taking time and looking at each patient as individuals not just cattle being run through a shoot ,Stop look and most importantly listen to what your patient is saying. Don’t be shuffling papers or reading your texts. Look at their background and try to talk to them on their level. Do jump to conclusions about their looks or do. Speak to them like you would want to be treated. ,18.507,195.76,199.818,4,,,,,,,,,,,,,,,,,,,,,,,,,,,,,,,,,,,,,,,,,,,,,,Stop at office for supplies ,Drive to patient’s home ,Education and assessment of patient ,Drive to next patient. ,Filled pull planner ,Drive to next one ,"Change out suprapubic catheter , gave IM injection of testosterone",Grabbed a sandwich driving to next patient ,Flushed a suprapubic catheter  wound care to coccyx ,Phone calls to drs about medication for patients ,Filled pill planner for patients. Called in refill to physician and pharmacy ,Drive home and start charting not completed in patients home,Fix dinner and call Patti set up times for visits the next day,Continue to complete charts,,,,,,,,,,,3,2,0,0,4.016,0,0,0,30.021,0,6.526,6.526,15.125,1,9,"6,8",42,12.597,13.898,15.021,2,5,5,5,3,5,4,2,4,2,4,3,1,"5,8",66,"Needs to take meds as prescribed 
Needs to stay off and elevate leg more
Needs to use ice packs 
Needs reinforcement ",0,0,15.021,0,5,5,4,3,4,4,2,4,1,4,3,1,Education education education ,"Needs to follow Instructions 
Needs to have X-ray or scan to see if there was something missed. Crutches if he hasn’t had before now",3,4,1,2,1,4,4,4,4,4,4,5,4,5,4,2,5,1,2,1,4,2,1,1,2,1,1,95,5,20,Home health ,Home hesonurse,7,,100,3,Associate ,1,36,,65,2,,1,,,6,5,5,2,1,Treatment,66370559-8355-0d64-7ca6-3813d6c2837c
2024-05-04 23:00:56,2024-05-04 23:01:30,0,100,33,1,2024-05-04 23:01:30,R_2bdjn3ch3b6KlXj,,,,,34.0021,-81.0423,anonymous,EN,1,7,Nurse assistant ,,,,,,,,,,,,,,,,,,,,,,,,,,,,,,,,,,,,,,,,,,,,,,,,,,,,,,,,,,,,,,,,,,,,,,,,,,,,,,,,,,,,,,,,,,,,,,,,,,,,,,,,,,,,,,,,,,,,,,,,,,,,,,,,,,,,,,,,,,,,,,,,,,,,,,,,,,,,,,,,,,,,,,,,,,,,,,,,,,,,,,,,,,,,,,,,,,,,,,,,,,,,,,,,,,,,,,,,,,,,,,,,,6637123d-c6fe-aece-caa8-7f980dd90cc9
2024-05-04 22:53:57,2024-05-04 23:10:31,0,100,994,1,2024-05-04 23:10:32,R_8dEUogsuAcW57fC,,,,,34.0313,-118.3124,anonymous,EN,1,3,,"7,2,5",You want to keep patients information private and only that way,12.528,13.261,16.228,2,Because healthcare is a sensitive subject and you don’t want to violate anyone in anyway or loss your jon,4.033,4.033,38.001,1,0,0,16.645,0,You never know who you can trust and some patient have illnesses where they forget things ,0.925,0.925,22.397,1,0,0,17.167,0,Just be kind and attentive showing as much compassion as possible ,2.916,31.439,34.168,2,Absolutely you have different emotions when you have experience health issues ,6.018,6.018,25.595,1,0,0,15.986,0,Doctors are the main factor and benefit in patients recovery ,3.897,3.897,21.684,1,I read different short stories regarding health care,I try and trust that every health care professional is honest and trustworthy giving the most quality care possible ,0.756,12.197,40.47,6,,,,,,,,,,,,,,,,,,,,,,,,,,,,,,,,,,,,,,,,,,,,,,,,,,,,,,,,,,,,,Tend to patients ,Tend to patient ,Tend to parent ,Tend to patient ,Tend to paired ,Tend to patient ,Tend to patient ,Rend to pairent ,Tend to oaitwnd,1,1,0,0,4.01,0,1.725,24.409,30.023,2,11.93,15.118,15.122,7,7,"5,8",73,6.409,6.409,15.121,1,5,5,5,5,5,5,2,5,1,5,5,1,"3,8",71,"Dave is not g following instructions 
Not taking care of medication 
Not good during follow up ",0,0,15.021,0,5,5,5,5,5,5,2,5,1,5,5,1,I would give him one final chance and I would move on ,"Not follow instructions 
Health not getting better
Not taking medication ",4,1,4,2,1,5,5,5,5,5,5,5,5,5,5,5,5,1,1,1,1,1,1,1,1,0,0,50,50,5,Critical care,Registered Nurse ,5,,90,2,BSN,1,5,,24,2,,3,,,7,4,5,2,2,Treatment,6637107f-bdf4-bf9c-f349-59bf2d66f1c3
2024-05-04 23:23:15,2024-05-04 23:23:44,0,100,28,1,2024-05-04 23:23:44,R_1tXgD1peUFMFzP3,,,,,40.4064,-79.9856,anonymous,EN,1,7,LPN,,,,,,,,,,,,,,,,,,,,,,,,,,,,,,,,,,,,,,,,,,,,,,,,,,,,,,,,,,,,,,,,,,,,,,,,,,,,,,,,,,,,,,,,,,,,,,,,,,,,,,,,,,,,,,,,,,,,,,,,,,,,,,,,,,,,,,,,,,,,,,,,,,,,,,,,,,,,,,,,,,,,,,,,,,,,,,,,,,,,,,,,,,,,,,,,,,,,,,,,,,,,,,,,,,,,,,,,,,,,,,,,,663716f3-cb0f-5592-3ad6-085bb1f948e2
2024-05-04 23:31:22,2024-05-04 23:52:12,0,100,1249,1,2024-05-04 23:52:13,R_7tfKjYNU5x9ybxr,,,,,44.9466,-123.0105,anonymous,EN,1,3,,"7,9,3,5",Because it’s what I love to do and we need people to trust us,6.978,6.978,19.655,1,We need and have to understand people and their needs so they can trust and rely on us ,6.858,6.858,47.433,1,0,0,16.969,0,Because they think we will judge them,3.319,3.319,18.128,1,0,0,17.545,0,Because they rely on us,7.618,7.618,28.093,1,Building a relationship between the doctor and patient ,3.434,3.434,26.175,1,0,0,16.091,0,Too beneficial ,4.589,4.589,11.838,1,About trust and patients,I love helping people and made them feel good when they’re seeking help,1.768,79.182,80.245,6,,,,,,,,,,,,,,,,,,,,,,,,,,,,,,,,,,,,,,,,,,,,,,Arrived at work ,Starting seeing my first patient,Helped a doctor ,Had a break,Still at work ,Had lunch,,,,Done with work,Arrived home,,,,,,,,,,,,,,5,2,0,0,4.018,0,4.914,23.528,30.065,5,9.503,11.038,15.127,3,7,"5,8",38,0,0,15.029,0,4,2,5,1,5,1,1,1,4,5,5,1,"7,8",60,"Dave needs to follow the treatment
Dave needs help so he can improve his health as soon as possible ",0,0,15.027,0,4,4,4,2,5,1,1,3,2,5,5,1,I need to have conversation with Dave about why he needs to follow the treatment ,Dave needs help,5,2,3,3,1,5,4,4,4,4,5,4,4,4,4,4,3,3,4,1,1,2,1,1,1,0,0,50,50,4,Registered nurse,Nurse,4,,43,4,Masters degree,1,5,,38,2,,4,,,7,6,4,4,3,Treatment,6637191e-5b08-0d4d-9354-97dcedf360b5
2024-05-05 00:46:14,2024-05-05 01:03:14,0,100,1019,1,2024-05-05 01:03:15,R_38nWk3aCMQVfx5L,,,,,33.8498,-118.0086,anonymous,EN,1,3,,"9,2,5",It is  important to consider all aspects of a patients life for the optimal treatment of the patient,2.601,28.48,28.816,15,It is critical because there are so many different factors that should be considered for their treatment. It is best to know all about the patient to make a proper diagnosis,11.754,46.993,47.684,2,4.996,11.364,17.115,6,Some reasons would be past trauma or simply having trouble with trusting others,2.542,2.542,17.691,1,7.469,14.802,15.849,4,It could help me better connect with them on an emotional level so that I can make out the best of their situation in terms of their health,2.514,2.514,25.886,1,The patient would have more trust in me and also hold on to the hope for their improvement with a support system of healthcare workers,2.102,2.102,24.189,1,7.93,14.807,15.624,6,It has been beneficial because they believe in their goals and become more encouraged in the improvement of their health ,4.733,4.733,26.872,1,I read about patients relationships with healthcare workers which impact their health and problems confiding in them.,I prefer a holistic approach so that a proper diagnosis can be made. I also believe in trusting the patient so that the patient can trust you. This will provide a better support system for them to improve their health,1.343,11.319,51.095,7,,,,,,,,,,,,,,,,,,,,,,,,,,,,,,,,,,,,,,,,,,,,,,Wake up start shift,Shift continues with checking on patients ,Check patients ,Check patients,Check on patients,Break,Break,Break,Fill out paperwork,Help out doctor,Receive orders from doctor,Check in on patients,Check in on patients,Break,Check in on patients,Check in on patients,Day over,Over,Shift over,Shift over,Shift over,Shift I er,Shift over,Shift over,5,4,0,0,4.037,0,2.656,29.29,30.151,30,0.799,7.941,16.679,15,6,"6,7",68,1.543,3.91,19.371,3,2,2,4,2,5,2,1,1,4,5,5,5,"5,8",78,Needs help as he has pain in his leg. Recommended him over the counter acetaminophen. Audio a topical gel,11.853,15.129,15.174,8,4,4,5,1,5,4,1,1,2,5,5,1,Try to convince him to work on his health,Dave resisting treatment. Needs to take otc. Not sure if actually following through with treatment,5,2,3,3,1,2,3,3,2,2,2,2,4,4,4,3,3,2,3,2,2,2,2,3,3,0,0,90,10,2,Nurse psychiatric,Psychiatric nurse,2,,79,3,Associate,1,6,,22,2,,6,"White, Asian, Hispanic",,5,4,4,3,3,Treatment,66372a90-9557-4e06-b84c-58af2e94d77f
2024-05-05 00:58:18,2024-05-05 01:30:07,0,100,1908,1,2024-05-05 01:30:08,R_1PYP6rDp8mjsfQ9,,,,,40.7064,-73.9473,anonymous,EN,1,1,,,,,,,,,,,,,,,,,,,,,,,,,,,,,,,,,,,,,,,,,,,,,,,,,,,"1,4,8",All prefect,3.258,15.36,18.276,8,Yes,8.11,8.11,12.701,1,13.305,15.114,16.883,4,"Phone, WhatsApp and others",2.634,31.025,36.48,9,Yes,13.272,15.058,16.407,4,"Fast communication, easy access, ",13.873,13.873,42.135,1,6.206,18.008,18.039,9,Every day ,11.295,11.295,23.199,1,I read about technology how to use them,"
Well, some of the things that I learned today is very important in human life without technology not possible so the best way is technology is to make sure you proper technologies of us to make contact to five people that are near or far from you probably use Technology in delivery Use my phone in my office to make a meeting to make an important thing. Technology is very good. ",1.313,186.873,195.506,28,Monday ,Tuesday,Wednesday,Thursday,Friday,Saturday,Monday,Tuesday,Wednesday,Thursday,Friday,Saturday,Monday,Tuesday,Wednesday ,Thursday,Friday,Saturday,Monday,Tuesday ,Wednesday,Thursday,Friday,Saturday,3,3,0.167,0.167,4.116,1,5.321,27.861,30.072,43,2.746,2.746,15.026,1,5,"2,4",36,9.875,12.643,15.124,2,1,3,5,3,3,2,2,4,2,3,3,1,"1,8",27,Quick treatment,0,0,15.123,0,1,3,4,2,5,2,1,1,5,5,5,1,call medication,None ,10,1,7,2,1,5,5,5,4,5,2,5,5,5,4,5,2,2,2,2,2,3,2,2,2,1,1,40,60,30,Diagnosis,Health worker,26,,57,2,Masters degree,1,10,,44,1,,1,,,10,4,7,2,2,Control,66372cbe-9b16-fce6-e6c7-1896d15a1cbd
2024-05-05 03:07:07,2024-05-05 03:07:22,0,100,15,1,2024-05-05 03:07:23,R_34WfYIVeQaEApkB,,,,,39.9422,-104.7854,anonymous,EN,2,,,,,,,,,,,,,,,,,,,,,,,,,,,,,,,,,,,,,,,,,,,,,,,,,,,,,,,,,,,,,,,,,,,,,,,,,,,,,,,,,,,,,,,,,,,,,,,,,,,,,,,,,,,,,,,,,,,,,,,,,,,,,,,,,,,,,,,,,,,,,,,,,,,,,,,,,,,,,,,,,,,,,,,,,,,,,,,,,,,,,,,,,,,,,,,,,,,,,,,,,,,,,,,,,,,,,,,,,,,,,,,,,,,66374ab2-294c-eafb-3753-4bc6e6191f38
2024-05-05 02:39:04,2024-05-05 04:03:22,0,100,5057,1,2024-05-05 04:03:22,R_6xMLS9Fiq6GKLsd,,,,,41.5066,-81.6111,anonymous,EN,1,3,,,,,,,,,,,,,,,,,,,,,,,,,,,,,,,,,,,,,,,,,,,,,,,,,,,"3,5,8",I use my kindle just about daily and sometimes if i don't read i feel a little frazzled. I use pandora and YouTube music Daily music is apart of my soul and id go a bit crazy without it.,4.796,4.796,39.865,1,"I use Kindle, YouTube and pandora, educational games for my toddler, social media platforms ",3.5,138.79,142.732,7,0,0,93.294,0,"Now days wifi is more easily accessible so even if your phone is off you can still connect to the internet and do a video chat over Facebook, snapchat or Instagram your not as limited as you were back in the earlier 2000s",7.831,7.831,174.58,1,"I've recently been doing zoom meetings regarding my toddler, who had high lead levels which can cause behavioral problems, speech delays and so on. My goal was to show how my toddler performs during daily play, their motor skills and cognitive levels. While the ladies in the group and I discussed things, the zoom video was towards my toddler so they could watch them play. Technology helped let My toddler be themselves in a known environment while the ladies could watch genuine interactions. ",0,0,93.001,0,"Scrolling through social media, watching tik toks, playing  video games, reading books and listening to music ",6.71,89.313,89.962,2,0,0,85.529,0,"Reading books, playing video games, looking through Pinecrest, looking for clothes I can never afford or have the shape for ",54.238,54.238,260.488,1,"I'm reading the 4th and final book ib a series called unchained shadows the fmc has a harem of 4 and she has a mission to align the realms. She insist she's not a hero she's just doing this to make sure her men are safe, since they continue to be threatened by a mad man who wants to use her powers","Sometimes using technology can be a challenge. You search for one thing that leads to another and then you find yourself going down ""the rabbit hole "" where we've all found ourselves but don't freat as this same technology can help you maintain a close relationship with family and friends even if your not in the same state or country. If your life me then family is everything and sending little messages to family and friends ro let them know your thinking of them is one of the best ways to put some peep in their step. Staying connected through video chats helps maintain a sort of certainty that they're good.",12.805,863.116,863.808,31,"Give report to oncoming nurse, clock out",Na,Na,Na,Na,Na,Na,Na,Na,Na,Na,Na,Clock in and get Report ,Pass night meds,"Pass night meds, check blood glucose levels and give short and long acting insulin depending on sliding scale ",Pass night meds,Pass night meds,Took a break ,"Collected meds from pharmacy, added narcs to narc draw and count sheet. ",Computer systems down ,Computer systems down ,"Dressing changes on 3 residents, foley cath care and flush","Pass morning meds, check blood glucose levels give long acting insulin ",Pass morning meds,4,2,0,0,4.133,0,14.574,14.574,30.024,1,0,0,15.021,0,5,"7,8",67,0,0,15.039,0,3,5,5,3,4,4,3,5,2,5,4,2,"6,7",,"Pt doesn't take care of ankle seriously and is non compliant with first regime of pain meds.
Started pt on a low dose of tramdol 50 MG po q6prn x7days then follow up with physician.
Recommend PT for the ankle if no further improvement",10.377,10.377,15.141,1,5,5,3,4,3,5,4,4,1,3,3,5,Give dave one last chance to follow the treatment plan then discharge him if he doesn't comply,"Pt is non compliant with treatment plan and seems to forget quite frequently. 
Recommend social services get involved 
Refer to another physician if he continues to remain non compliant ",4,3,3,2,1,4,4,4,4,3,2,3,2,2,4,2,2,3,3,3,4,4,3,3,3,1,1,65,35,9,Geriatrics ,Registered Nurse ,9,,92,3,Associates in nursing ,1,36,,36,2,,3,,,5,4,4,2,3,Control,66374242-ddcd-58ef-68e7-ce8ccc371ed2
2024-05-05 05:14:13,2024-05-05 05:32:59,0,100,1126,1,2024-05-05 05:33:00,R_2wOcyw08OeB6ndv,,,,,41.3625,-72.0449,anonymous,EN,1,3,,"9,3,5",I work around students who may may not have the best Home life. I try to treat them with respect and listen to them because I’m not sure how many people listen to them and they’re normal every day lives.,3.263,24.649,26.302,6,"You can learn about their culture and you learn why people respond the way they do how they interact with healthcare professionals, and certain ways, as well as what kind of practices are more or less likely to do when they get home based on their cultural identity",2.414,2.414,29.135,1,4.662,9.846,28.839,6,Patients are afraid of looking stupid or looking like they are not aware of what’s going on and Afraid to ask the questions cause they’re afraid of what the answers is going to be,1.144,1.144,42.902,1,0,0,24.421,0,"Their perspective and knowing it and being aware of it can make it easier for you to understand where they’re coming from and why they do the things that they do so you really need to come put yourself in your patience, shoes and see what’s going on to make yourself understand those",2.335,22.477,25.334,2,You can certainly understand the difficulties in the challenges that they face as well problems that may arisen that you are not aware of so it’s important to think of what the patient is going through as well,2.222,2.222,18.569,1,0,0,17.901,0,"The patients need to see that it’s not a us versus them situation and that we are working together toward common goals. They want to get better and we want to see them get better. Sometimes I need to see that perspective, especially as we’re trying to provide treatments or trying to enforce with the Dr has ordered and it’s all for their benefit in the end. We just need to make them see that.",1.866,1.866,31.826,1,"Read about difficulties at patient experience you know not being a trusted, not being understood and their care","The current health system is a difficult place to be in right now, but with being a little more understanding, patient and being able to listen fully to your patience and who you’re taking care of, will make a big difference patience need to be heard understood and feel like there are in the best of care in order for outcomes to be positive ",11.355,65.039,65.075,6,,,,,,,,,,,,,,,,,,,,,,,,,,,,,,,,,,,,,,,,,,,,,,Came into work at 7:30. Try to get myself as organized as possible for the upcoming day.,Students are in school. I have a few minutes to give us a very of the day and we have a couple,"Continuing continuing with the visits phone calls have been made, and some parents have been called",More of the same with some meds being given as,Student visits. Continue have collaborated with some staff by this time.,Closing temporarily for an hour to manage most of our medication’s and take care of our diabetic students for lunch as well as having some students being,Continue to see students check narcotic count for the month for to make sure it is correct and continue to see students,Trying to finish up the last minute students in the office and I get to leave at 2:30,at home,at home,Not at work,Out not at work,Not at work,Not at work,Not at work,Not at work,Not at work,Not at work,Not at work,Not at work,Not at work,Not at work,Not at work,Not at work,2,2,0,0,4.114,0,7.259,25.963,30.023,2,4.342,14.362,15.025,4,5,"6,7",59,0,0,15.02,0,5,5,5,2,4,4,2,2,1,4,3,5,"6,8",,Dave has been noncompliant with his care this point and pain has not changed,0,0,15.023,0,5,5,4,3,3,5,3,3,2,4,3,5,Getting frustrated with Dave if it was bothering him so much then he would’ve done something about it,Dave continues to be noncompliant with his care when asked if he’s been taking care of this at home he says it has “slipped his mind,2,3,2,2,1,5,5,5,5,4,3,4,3,3,3,2,2,3,2,2,3,2,2,2,2,1,1,75,25,25,"Or,er",Rn,3,,62,3,BSN,1,7,,45,2,,1,,,5,2,4,2,2,Treatment,6637698b-1ca6-da3e-bbf9-1f11be3868d0
2024-05-05 05:42:14,2024-05-05 05:42:40,0,100,25,1,2024-05-05 05:42:41,R_5ipPX0cmeUmNTtL,,,,,30.0451,-99.1417,anonymous,EN,1,7,Licensed Vocational Nurse ,,,,,,,,,,,,,,,,,,,,,,,,,,,,,,,,,,,,,,,,,,,,,,,,,,,,,,,,,,,,,,,,,,,,,,,,,,,,,,,,,,,,,,,,,,,,,,,,,,,,,,,,,,,,,,,,,,,,,,,,,,,,,,,,,,,,,,,,,,,,,,,,,,,,,,,,,,,,,,,,,,,,,,,,,,,,,,,,,,,,,,,,,,,,,,,,,,,,,,,,,,,,,,,,,,,,,,,,,,,,,,,,,66376f88-c6f2-c9b5-2b5a-c3810fca743e
2024-05-05 06:22:47,2024-05-05 06:23:56,0,100,69,1,2024-05-05 06:23:56,R_7X3yNlm9HeLZXRT,,,,,40.0636,-85.6815,anonymous,EN,1,7,LPN,,,,,,,,,,,,,,,,,,,,,,,,,,,,,,,,,,,,,,,,,,,,,,,,,,,,,,,,,,,,,,,,,,,,,,,,,,,,,,,,,,,,,,,,,,,,,,,,,,,,,,,,,,,,,,,,,,,,,,,,,,,,,,,,,,,,,,,,,,,,,,,,,,,,,,,,,,,,,,,,,,,,,,,,,,,,,,,,,,,,,,,,,,,,,,,,,,,,,,,,,,,,,,,,,,,,,,,,,,,,,,,,,663778cf-69b1-31fa-6309-e39475766e56
2024-05-05 06:28:48,2024-05-05 06:29:26,0,100,38,1,2024-05-05 06:29:27,R_8mdDFAwNgbK6qWk,,,,,38.1912,-85.7828,anonymous,EN,1,7,Licensed nurse,,,,,,,,,,,,,,,,,,,,,,,,,,,,,,,,,,,,,,,,,,,,,,,,,,,,,,,,,,,,,,,,,,,,,,,,,,,,,,,,,,,,,,,,,,,,,,,,,,,,,,,,,,,,,,,,,,,,,,,,,,,,,,,,,,,,,,,,,,,,,,,,,,,,,,,,,,,,,,,,,,,,,,,,,,,,,,,,,,,,,,,,,,,,,,,,,,,,,,,,,,,,,,,,,,,,,,,,,,,,,,,,,66377b03-5787-0034-b1fc-7babda21bcef
2024-05-05 06:24:51,2024-05-05 06:35:26,0,100,634,1,2024-05-05 06:35:27,R_7yk1DSb5MRxtKXc,,,,,25.882,-80.2291,anonymous,EN,1,3,,,,,,,,,,,,,,,,,,,,,,,,,,,,,,,,,,,,,,,,,,,,,,,,,,,"2,4,6,7,8",I’m just going through my car now to pick it out so you guys could ,0,0,50.791,0,I’m just trying my best to get my head back in shape ,0.878,0.878,6.584,1,0,0,22.754,0,The only way I could do this would probably take about an hour ,0.663,0.663,5.634,1,The only way you will ever know the difference in your opinion of ,0,0,15.893,0,I’m just trying my luck with my new phone and I can’t find my charger ,0.589,5.908,6.395,3,0,0,16.394,0,I don’t know if I can do that but I can try and do that for ,0.609,0.609,5.751,1,I read about technology impact,I’m just trying my luck with my friends to see if they can help us with that because they don’t know if we’re coming to help or they want me and we have ,2.565,3.659,15.206,2,Ooo I love the color ,The only way you will ever ,I don’t know if I ,The only way you will ever ,I don’t know if I can do tty,How do I make my ,So you are a yyy,I’m just going through the same ,I’m going back to the ,But I eertty I’m ,Me reeee,Like the one in the ,,,,,,,I’m just going to go ahead with ,,,,,,1,4,0,0,4.016,0,13.812,14.278,30.038,2,13.463,14.743,15.037,3,7,"4,8",24,0,0,15.132,0,4,1,5,5,,4,2,1,2,,5,4,"2,5",77,I have to be honest with myself about that because it seems that you don’t know how ,10.004,10.004,15.106,1,3,5,4,2,1,4,5,2,1,3,5,2,I’m just trying my hardest to get my mind off things that ,I’m just trying my hardest to get the right person in my situation ,8,4,4,2,1,4,5,2,4,4,5,3,2,4,4,4,4,3,3,2,4,5,3,2,2,1,1,70,30,6,Rn,RN,6,,75,4,Masters,1,10,,36,2,,4,,,7,,6,3,2,Control,66377a62-c1a3-149a-b58c-d13d1d9991ec
2024-05-05 06:14:48,2024-05-05 07:03:08,0,100,2899,1,2024-05-05 07:03:08,R_3N2058EAWlCGR4N,,,,,30.3608,-91.0917,anonymous,EN,1,3,,"9,4",Empathy is my most natural trait. It helps me to focus on the patients perspective and keeps my care patient centered to ensure a posotove patient response no matter what prognosis is given. ,8.077,13.517,16.216,5,It allows for understanding to better provided personalized treatment plans.,6.081,39.501,55.201,3,0,0,58.466,0,They don't want to waste the nurses time and think they're a burden.,3.411,3.411,100.834,1,0,0,41.353,0,It makes a difference to provide relief of symptoms but it's even better when you motivate and support a better quality of life.,3.997,204.401,223.245,17,It males the patient care personal to their recovery and it gives them a sense of security that someone is watching out for them while they focus on their recovery.,3.676,3.676,133.387,1,0,0,15.967,0,They trust me more and open up with sharing their true feelings and concerns.,6.646,6.646,54.9,1,Building rapport with the patient to provide personalized treatment.,Stay humble in the role so you can always lead with an open heart for Jesus's healing hands to work through you. Be approachable and encourage conversations with your patients. Be more comfortable in your patients room than the nurses station so every patient care interaction is a retreat from the monotonous work chores. ,6.132,231.18,232,17,,,,,,,,,,,,,,,,,,,,,,,,,,,,,,,,,,,,,,,,,,,,,,,,,,,,,,,,,,,,Assist with patient discharge,Start IVF and cbg check,Transport patient via stretcher to admit room,Restock med room supplies,Received report from nurse ending his shift,Give report to EMT for transport of patient to another hospital,New ER patient workup,End of shift,,,6,6,0,0,4.134,0,6.05,28.893,30.15,2,0,0,15.039,0,5,"5,6",64,0,0,15.023,0,1,1,5,1,5,1,1,1,4,5,4,5,"4,5",98,"Unrelieved pain mgmt of right ankle pain with initially mild narcotic pain prescriptions. Increased dosage for pain mgmt. Strongly encouraged patient to rest, ice and compression for added healing benefits. Discussed risks associated with poor healing and longer duration of symptoms if patient does not attempt to follow care instructions. ",0,0,15.149,0,2,3,2,4,5,2,1,3,2,5,3,1,Reassess with CT or MRI. Referring to physical therapy or orthopedic. Reasses compliance with medicarions.,"Patient reports unrelieved pain despite increased in pain medication strength and dosages. Verbalized lack of compliance with treatment plan due to ""slipping his mind"". ",5,4,3,2,1,4,3,4,3,4,4,4,5,5,5,2,2,2,2,1,1,1,1,1,1,1,1,50,50,13,Emergency Department ,RN,7,,72,3,Associates Degree,1,19,,38,2,,1,,,7,4,6,1,3,Treatment,66377543-8f93-5f14-94ee-34f28b22dcc2
2024-05-05 06:52:20,2024-05-05 07:12:06,0,100,1185,1,2024-05-05 07:12:06,R_7CPSUflT5FRB0yz,,,,,43.0475,-87.8964,anonymous,EN,1,3,,"9,4,5",You have to understand others,0,0,39.595,0,So that you’re coming from a place of understanding them so you can know how to exactly help them,33.118,33.118,56.2,1,0,0,18.236,0,You can’t help anyone who doesn’t trust you so it’s important not to lie to them or deceive them,1.764,1.764,24.024,1,0,0,16.676,0,It’s important you have a good relationship with your client because they’ll listen to you and adhere to your advice if you guys get along well,1.289,1.289,32.998,1,It makes them feel as though you’re on their side and you support their concern and the will to help them as well,4.533,4.533,28.066,1,0,0,17.909,0,Some come with success stories ,6.765,6.765,15.823,1,Ethical Patient care in the medical field like trust and empathy,When working with patients always be empathetic because you never know what someone is going through,2.295,28.946,48.597,7,,,,,,,,,,,,,,,,,,,,,,,,,,,,,,,,,,,,,,,,,,,,,,Clocked in,Passed meds,Documented patient vitals,Dressed and cleaned wounds,Passed meds,Helped with feeding patients,Documented patient vitals ,Clocked out,Home,Home,Home,Home,Home,Home,Home,Home,Home,Home,Home,Home,Home,Home,Home,Getting ready for work,1,1,0,0,4.012,0,6.628,6.628,30.021,1,11.926,13.162,15.02,3,8,"6,7",100,0,0,15.022,0,5,5,5,1,5,1,1,1,3,5,3,1,"6,7",100,Please take the prescribed medication to help with pain,0,0,15.017,0,3,5,5,1,5,1,1,1,1,5,1,1,Prescribe him medication ,Take the medication assigned by the new doctor he has,5,1,5,3,1,5,1,5,1,4,4,4,4,4,4,1,1,1,1,1,1,1,1,1,1,1,1,50,50,11,Nurse,Registered Nurse,11,,78,3,Associates ,1,36,,25,2,,3,,,8,7,5,4,4,Treatment,66378098-7b5c-10ff-1793-c3fff07a2e8f
2024-05-05 06:37:11,2024-05-05 07:15:49,0,100,2318,1,2024-05-05 07:15:50,R_2RjU5QHBPtexM53,,,,,39.2051,-85.9324,anonymous,EN,1,3,,"9,5",I need to truly have empathy for my patients and listen to their concerns. ,5.571,7.059,28.963,4,"I have found that when we, as Healthcare workers, explain things to patients they do not often hear or mishear what was said. This can cause issues.",9.482,9.482,135.901,1,0,0,54.765,0,They often feel that the doctor is too important or in a hurry to answer their questions. ,6.897,6.897,60.1,1,0,0,47.341,0,I get to set down with my patients in their home to get a better perspective of their lives and see them in person. This really helps understand where they come from.,10.801,10.801,87.8,1,They feel that I am another advocate for their care and will reach out to me for help.,9.798,9.798,48.36,1,0,0,33.601,0,We talk together about a goal for my care and work on it together.,8.201,8.201,46.65,1,I read about including patients in their care and treatment. ,I work as a Transitional Care Nurse and offer a program to visit patients at home after a hospital stay to discuss medications and follow-up appointments. I meet these people at home and get a sense of their environment and any help they have. This gives me a different insight into some of their strengths and struggles. I encourage you to adopt a similar program to help you patients. ,9.462,223.698,225.988,19,,,,,,,,,,,,,,,,,,,,,,,,,,,,,,,,,,,,,,,,,,,,,,Log in to my computer to work from home,Organize my liston people to call and complete any charting from the day before.,Call patients and schedule home visits,Schedule visits,Call to confirm home visits ,Complete home visits,Home visits ,Home visits ,Return calls from earlier and clock out.,,,,,,,,,,,,,,,,5,5,0,0,4.032,0,20.072,20.072,30.047,1,0,0,15.133,0,6,"6,7",49,0,0,15.032,0,4,4,3,2,5,2,2,2,3,4,4,4,"5,8",61,"Ankle injury 
Tried Tylenol and rest with little improvement 
Will try stronger opioid. ",0,0,15.025,0,4,4,4,3,5,2,2,2,2,4,4,2,I would discuss with Dave why it is important to do what i ask and delve into why he has not followed my recommendations. ,"New meds pressed.
No improvement 
States he has not been following prescribed regime. ",5,2,4,2,1,4,3,4,4,4,4,5,3,3,4,2,2,1,2,1,1,1,1,1,1,0,1,50,50,14,Transitional Care ,RN,3,,16,3,BSN,1,15,,50,2,,1,,,7,7,6,1,1,Treatment,66377c34-47bf-7c21-8886-51e22892fec3
2024-05-05 07:08:44,2024-05-05 08:20:01,0,100,4277,1,2024-05-05 08:20:03,R_3UgXCDLFEKMNc80,,,,,39.9758,-83.12,anonymous,EN,1,3,,"7,9,5","It is importance to treat the whole person. No one is cut from a cookie cutter mold, so healthcare/nursing care should not be as such. If you don’t get to know your patients and their circumstances then you can’t really treat or help them. For instance, what is their home life like. Is Joe a single dad taking care of his two teenagers and his employer paid insurance deductible is so high that he is still paying out of pocket of his medications. This person is not going to buy expensive new prescriptions if that means he can’t put food on the table for his kids, but the nurse won’t know that if they don’t get to know their patient. ",0,0,192.411,0,"If you don’t understand the patient and their circumstances then you won’t fully understand the patient. If a patient has to choose between feeding their children or paying for a medication most will choose their children. This does not make the a bad patient, rather they are a good parent in a tough position. As nurses we should be prepared to help them find community resources and help them to navigate our broken healthcare system. ",23.42,242.874,246.4,8,11.4,13.245,15.97,2,Patients are hesitant to ask questions to their providers because they say they don’t listen to them. ,3.685,3.685,75.836,1,9.187,29.494,30.337,5,"I am an advocate of telehealth appointments. I believe you have to meet a patient where they are at. If a person travels for their job or if they are immobile and can’t get to the doctors office, but still need care, so let’s see them the best way we can, telehealth is the perfect option for this. ",1.966,9.992,135.667,3,If a patient feels understood then they are more apt to follow their treatment plan. ,9.402,167.11,194.028,4,24.066,24.069,25.076,2,"Very beneficial! I use a lot of what I hear you saying is, and can I do this for you, and what can we do together statements. ",7.146,7.146,78.655,1,This is the only thing I have read so far today. ,"Welcome to healthcare! Now forget everything you were “taught” about interacting with a patient. 
Patients are not all the same, so don’t treat them that way. Everyone deserves to be looked at individually and listened to, no two people are alike. Think about it, if you have a sibling, I’m sure you hate being told you are just like so and so. If you don’t have a sibling ask sunshine that does. 
In order to earn a patients respect and trust, learn about their home life. This will tell you everything you need to know; I.E. can they afford this expensive meds the drug reps push on you, can they afford labs every 3 months or can some be done every 6, do they have transportation, do they have to choose food over meds. 
Good luck",11.613,390.71,535.13,5,,,,,,,,,,,,,,,,,,,,,,,,,,,,,,,,,,,,,,,,,,,,,,0,1,1,1,1,1,1,1,1,1,1,0,0,0,0,0,0,0,0,0,0,0,0,0,6,6,0,0,4.014,0,10.977,27.642,30.02,8,8.518,10.934,15.02,2,3,"6,7",9,0,0,15.119,0,4,3,5,1,5,1,1,1,3,5,3,5,"6,7",12,"Dave presents with non-displaced fx to ankle, he has not been able to fu with ortho as suggested. Medication refilled, homeopathic suggestions for pain reviewed. Discussed barriers to follow up appointment discussed. Educated on importance of ortho follow up. Continue non weight bearing status. ",0,0,15.02,0,5,4,5,1,5,3,3,3,3,5,3,5,Discuss barriers to treatment ,Patient has not followed up as planned. Barriers to treatment discussed. Patient states he will follow up as directed by our next follow up. ,4,4,3,2,1,5,5,5,5,5,5,5,5,5,5,1,4,2,4,1,1,1,1,1,1,1,1,50,50,33,Transitional Care,RN Transitional Care Case Manager,7,,100,3,BSN,1,36,,55,2,,1,,,7,2,7,3,4,Treatment,663782f8-ae64-4e8d-cc0c-348e763a34c2
2024-05-05 01:14:15,2024-05-05 08:35:52,0,100,26496,1,2024-05-05 08:35:52,R_7ql0mlLcKx5JHZH,,,,,45.7126,-122.6239,anonymous,EN,1,3,,,,,,,,,,,,,,,,,,,,,,,,,,,,,,,,,,,,,,,,,,,,,,,,,,,5,Fun keyring on headphone,2.356,18.875,19.84,2,Phone xfinity computer,1.3,1.3,13.178,1,0,0,16.459,0,Yes that is shad technology did,1.408,9.614,18.144,3,To communicate,0,0,16.301,0,To communicate. Across the room. Across the world ,2.682,2.682,36.778,1,0,0,17.855,0,Texting. Looking at online posts,2.652,2.652,16.673,1,I read what you wrote about today online,Lookout for stranger danger online. Don't give out personal information. Be cautious. Have fun. ,1.813,40.503,41.391,6,Ok,Ok,On,Wowing,Work,Work,Work,Work,Work,Work,Work,Work,Work ,Sleeping,Ok,Ok,On,In,On,Ok,In,On,On,M,4,2,0,0,4.115,0,25.895,25.895,30.019,1,9.232,11.674,15.019,3,8,"5,8",49,0,0,15.021,0,4,4,4,3,4,3,3,3,2,5,4,2,"6,8",59,Spain. Pain isn't improving. Needs education,0,0,15.117,0,4,4,4,3,,5,2,2,3,5,3,2,Physical therapy,No improvement in pain. Poor treatment. Needs Education ,6,3,4,2,1,5,5,5,5,4,1,4,3,4,4,2,2,2,2,3,2,2,2,2,1,1,1,50,50,15,Urgent care,Lpn,6,,91,3,BA,1,12,,38,2,,1,,,7,4,4,3,3,Control,663730f2-9fa5-e0fa-ec8c-48b110629548
2024-05-05 08:50:35,2024-05-05 08:51:02,0,100,27,1,2024-05-05 08:51:03,R_129BjpgCbXfCPzb,,,,,42.5511,-71.256,anonymous,EN,2,,,,,,,,,,,,,,,,,,,,,,,,,,,,,,,,,,,,,,,,,,,,,,,,,,,,,,,,,,,,,,,,,,,,,,,,,,,,,,,,,,,,,,,,,,,,,,,,,,,,,,,,,,,,,,,,,,,,,,,,,,,,,,,,,,,,,,,,,,,,,,,,,,,,,,,,,,,,,,,,,,,,,,,,,,,,,,,,,,,,,,,,,,,,,,,,,,,,,,,,,,,,,,,,,,,,,,,,,,,,,,,,,,,66379b69-29f2-7025-f9dd-b4a87fd82b23
2024-05-05 08:49:30,2024-05-05 08:51:28,0,100,117,1,2024-05-05 08:51:28,R_5rPL0nnIzhNHr2N,,,,,29.4698,-98.5357,anonymous,EN,1,7,LVN,,,,,,,,,,,,,,,,,,,,,,,,,,,,,,,,,,,,,,,,,,,,,,,,,,,,,,,,,,,,,,,,,,,,,,,,,,,,,,,,,,,,,,,,,,,,,,,,,,,,,,,,,,,,,,,,,,,,,,,,,,,,,,,,,,,,,,,,,,,,,,,,,,,,,,,,,,,,,,,,,,,,,,,,,,,,,,,,,,,,,,,,,,,,,,,,,,,,,,,,,,,,,,,,,,,,,,,,,,,,,,,,,66379aa8-be41-00be-1e94-4068658e9175
2024-05-05 08:53:29,2024-05-05 08:53:50,0,100,21,1,2024-05-05 08:53:51,R_72nmGwNzVmLaL2l,,,,,38.6587,-90.461,anonymous,EN,1,7,LPN,,,,,,,,,,,,,,,,,,,,,,,,,,,,,,,,,,,,,,,,,,,,,,,,,,,,,,,,,,,,,,,,,,,,,,,,,,,,,,,,,,,,,,,,,,,,,,,,,,,,,,,,,,,,,,,,,,,,,,,,,,,,,,,,,,,,,,,,,,,,,,,,,,,,,,,,,,,,,,,,,,,,,,,,,,,,,,,,,,,,,,,,,,,,,,,,,,,,,,,,,,,,,,,,,,,,,,,,,,,,,,,,,66379d01-5901-953a-effd-2ae2cc95bc57
2024-05-05 09:06:27,2024-05-05 09:06:56,0,100,29,1,2024-05-05 09:06:57,R_3sRJ9ldT79ruXYJ,,,,,41.749,-72.6904,anonymous,EN,2,,,,,,,,,,,,,,,,,,,,,,,,,,,,,,,,,,,,,,,,,,,,,,,,,,,,,,,,,,,,,,,,,,,,,,,,,,,,,,,,,,,,,,,,,,,,,,,,,,,,,,,,,,,,,,,,,,,,,,,,,,,,,,,,,,,,,,,,,,,,,,,,,,,,,,,,,,,,,,,,,,,,,,,,,,,,,,,,,,,,,,,,,,,,,,,,,,,,,,,,,,,,,,,,,,,,,,,,,,,,,,,,,,,66379f78-bda4-a9df-e4c5-a7b923fdef6c
2024-05-05 08:45:04,2024-05-05 09:11:43,0,100,1599,1,2024-05-05 09:11:44,R_1i8wkGrFqBqHLhV,,,,,36.5491,-82.5584,anonymous,EN,1,3,,"9,5","Empathy is important to me because for many patients this is a nerve wracking and scary time. If I can make the situation a little less scary, I feel I am doing a good job. ",7.404,7.404,44.991,1,"It is important because if we can understand their perspective, we can better gain their trust when we establish a relationship and rapport with them. ",5.934,5.934,59.732,1,0,0,34.586,0,"They may be anxious or hesitate to ask questions because they feel they may be ridiculed, judged, or their questions may seem stupid. ",4.014,4.014,36.896,1,0,0,19.925,0,Understanding a patients’ perspectives may have a positive influence on my recommendations because I may be able to better understand where they’re coming from and how likely they are to adhere to certain recommendations.,5.352,5.352,57.501,1,"If we know a patients’ perspective we can compromise a better tailored plan for that specific patient based on their perspective, one that they may better adhere to.",24.442,24.442,66.128,1,0,0,33.2,0,If they feel they are part of their care plan they are more likely to adhere to the plan.,3.871,3.871,23.795,1,I read about patient and provider relationships and how to tailor their plan of care.,"Welcome to the world of healthcare! This is the most rewarding career, but not without challenges, as with any career. It is important to put yourself in the shoes of the patient and remain empathetic when establishing rapport and compromising a plan of care. Patients are better likely to adhere to the plan of care when they feel they are validated and involved. ",4.399,158.11,159.217,8,,,,,,,,,,,,,,,,,,,,,,,,,,,,,,,,,,,,,,,,,,,,,,"Arrive, assemble supplies for shift, begin getting patients ready for procedures. ",Get patients ready for procedures. ,Continue getting patients ready for procedures. ,Continue getting patients ready for procedures. ,Lunch,Preadmission phone calls to assess history and give arrival time and instructions.,Preadmission calls continue.,Preadmission calls continue.,Clean up and leave. ,,,,,,,,,,,,,,,,3,4,0,0,4.017,0,16.346,22.583,30.11,2,6.847,13.367,15.124,5,7,"5,7",57,0,0,15.021,0,5,5,5,1,5,4,3,2,2,4,3,1,"5,7",77,"Take medication as prescribed. If pain does not improve, call office. Can alternate heat and ice. Elevate extremity when at rest to reduce any swelling. Call if any signs of redness or swelling, or if fever occur.",0,0,15.12,0,5,5,5,1,5,5,4,4,1,4,2,5,I would not write a refill of pain medication. I would dismiss him from my practice if he can not adhere to the plan.,"After the third follow up visit, patient admitted, for the third time he has not been implementing any of the planned interventions for care at home, and pain has been getting worse. ",1,2,2,2,1,3,3,3,3,4,4,4,4,4,4,1,1,1,1,2,2,2,2,2,2,0,0,50,50,11,Outpatient Surgery,Registered Nurse,9,,90,3,Associates degree ,1,44,,32,2,,1,,,7,7,6,3,2,Treatment,66379a7f-ae0c-a656-c13d-866febabf935
2024-05-05 09:25:44,2024-05-05 09:26:20,0,100,35,1,2024-05-05 09:26:21,R_2v7qlVhyNHl6sJH,,,,,32.6414,-85.3755,anonymous,EN,1,7,Patient care assistant ,,,,,,,,,,,,,,,,,,,,,,,,,,,,,,,,,,,,,,,,,,,,,,,,,,,,,,,,,,,,,,,,,,,,,,,,,,,,,,,,,,,,,,,,,,,,,,,,,,,,,,,,,,,,,,,,,,,,,,,,,,,,,,,,,,,,,,,,,,,,,,,,,,,,,,,,,,,,,,,,,,,,,,,,,,,,,,,,,,,,,,,,,,,,,,,,,,,,,,,,,,,,,,,,,,,,,,,,,,,,,,,,,6637a3c7-9287-4974-9b17-297ab1f16546
2024-05-05 08:03:16,2024-05-05 09:35:17,0,100,5520,1,2024-05-05 09:35:18,R_51gupDiBPmJChiR,,,,,44.9618,-93.2638,anonymous,EN,1,3,,"9,2",Patients need more than the small segment of help they get in medical care. There is a wide range of needs outside just out part.,2.545,101.744,102.68,13,"There needs to be an understanding of the patient to understand the full circumstance as an individual. If everyone is understood the same way, something will be missed. Just because the last patient may have been worried about issues not urgent doesn’t mean the next patient is the same. The perspective meets them where they are at.",5.848,237.894,240.017,3,1.709,25.333,26.278,17,"'-the provider cuts them off or gives energy that they already know the answer
-past history of being minimized
-trust issues",5.817,5.817,174.644,1,13.637,19.203,20.663,3,"Sometimes patient already research to convene with a plan. When they show that they are bringing thought to the plan, it shows intent and commitment.",0.957,61.783,105.118,10,"Acknowledging their perspective enhances trustful relationship. If they feel trusted, there recovery will be with less stress which lengthens recovery",6.773,71.384,99.215,6,4.743,38.339,39.506,16,It shows team effort.,5.089,7.546,18.416,2,Interaction between patient and doctor,"Please understand that you are a team member in the patients life. You are not above them, you are with them. Understand that they put trust in you. It is your responsibility to keep that trust by open communication, understanding them as an individual. If there js question, the patient can clarify.

Each patient has their own history which influences their thoughts. Please listen and acknowledge there is a lot that you don’t know. There is a lot they don’t know. This is why you meet.

I watch doctors treat people the same from patient to patient.. they tend to pass the feelings of the difficult patient onto the next patient. Don’t become desensitized.

Here is an example, I rarely go to the doctor. I went to the express clinic because I could not breath. I was told it was muscle skeletal. He didn’t listen. And to add, assessment documented did not happen.

Tuesday I called my regular doctor and got in Wednesday am. He didn’t listen. He called me anxiety. He sent me chiropractor later that day. At this time, I was defeated.

Back to the chiropractor on Friday. He listened and understood. He sent me back to a different doctor and through testing, I was diagnosed with bilateral pulmonary embolism that were extremely close to irreversible damage.

It took 2 desensitized providers to get me to the chiropractor that listened. The chiropractor listened and trusted. He sent me to a provider he knew would listen. There was zero reason for me to be called anxiety. I don’t go to the doctor. I didn’t create their minimization and desensitization. They CHOSE to pass that along. And being a nurse, I lost trust. The minimization caused by desensitization nearly caused my life. 

To new doctors- patients come in as individuals. They don’t come as a whole group of your past challenging patients. Hear your patients and listen to your patients. If for no other reason, do it because it’s your job. Yes, you are in an elite field. Yes, you make the calls. But also know, yes, you can make errors. When the patient (like myself) link errors to simple communication, the error becomes more. 

As a nurse and as a patient, I will not trust the early providers. Not because they made an error but because prior to the error, they didn’t see me as a person. The damage in relationship can’t be replaced",2.497,3200.376,3340.661,166,,,,,,,,,,,,,,,,,,,,,,,,,,,,,,,,,,,,,,,,,,,,,,,Day plan with coworker. ,Communication between pt and provider via phone and portal,Continues care plan/ response to patients,Meet with ot- health care olan goal,Lunch,Suicidal patient talk down,Same ,Same,Collaborate ,Call post hospital patients check on,,,,,,,,,,,,,,6,6,0,0,4.015,0,3.758,18.456,30.141,6,10.624,11.641,15.014,2,8,"6,7",65,12.627,12.627,15.116,1,4,4,5,3,5,5,4,4,2,5,3,1,"5,6",60,"Recheck with dave showed no change in pain, however did not follow recommendations. Will continue medication management. If recheck recommendations are not followed, will recommend in person appointment.",0,0,15.015,0,4,4,5,3,5,5,4,3,5,5,3,1,Recommend being assessed in person as may need tests,"Recommendations not followed as patient forgot. If continued lack of follow through, will recommend follow-up with pcp or other provider in person",5,3,4,2,1,5,5,4,4,5,5,5,3,5,5,2,1,2,3,2,2,3,3,1,1,1,1,20,80,17,"Was OB, now mental health outpatient",Health coach rn,3,,90,3,Assoc rn,1,35,,49,2,,1,,,7,5,5,2,3,Treatment,66379011-90af-efc9-d4ca-a1d31c3e1797
2024-05-05 09:39:55,2024-05-05 09:52:54,0,100,779,1,2024-05-05 09:52:54,R_3lzaI4iLdvOaH4l,,,,,45.5645,-122.6447,anonymous,EN,1,1,,,,,,,,,,,,,,,,,,,,,,,,,,,,,,,,,,,,,,,,,,,,,,,,,,,"1,2,5,6,7,8",Nothing to say about it right now at the moment.,2.64,16.248,17.057,17,I check my emails and social media.,1.486,29.026,29.787,3,6.895,15.804,16.41,2,Nothing to say about it right now at the moment.,1.775,9.251,9.701,2,Nothing to say about it right now at the moment.,6.105,6.105,16.152,1,Nothing to say about it ,1.566,8.892,10.001,5,2.007,2.007,16.102,1,I go on music apps and watch videos.,9.65,29.302,29.701,2,Technology ,I really don't have any thing to say right now at the moment.,1.663,56.957,57.601,14,,Good ,Good ,Great ,Good ,Good ,Great ,Good ,Good ,Good ,Good ,,,,,,,,,,,,,,5,4,0,0,4.184,0,2.223,30.115,30.128,9,0,0,15.04,0,5,"2,3",67,0,0,15.101,0,3,3,5,3,3,2,2,2,3,4,3,3,"5,6",42,Nothing to say about it right now at the moment.,0,0,15.139,0,3,3,3,3,3,3,3,3,3,3,3,3,Nothing to say about it ,Nothing to say about it ,4,3,5,2,1,3,3,3,3,3,4,2,2,3,2,2,3,2,3,2,3,2,2,2,2,1,1,100,0,25,Internal medicine ,MD ,21,,76,4,MD ,1,38,,48,2,,3,,,8,4,7,4,4,Control,6637a780-5b5f-668c-ab09-d3d193f73a2b
2024-05-05 09:30:42,2024-05-05 09:56:53,0,100,1570,1,2024-05-05 09:56:54,R_2WNMoexdvTHb0Ah,,,,,33.5038,-112.0253,anonymous,EN,1,5,,"7,5,6","I want to be able to treat all patients, no matter what their background might be. I want to continue doing my work to help the community decrease the disease burden. ",0,0,21.725,0,I need to find out information about my patients in order to make sure we are doing the correct testing and treatments for them. Also to find out what their possible risk factors are to get them treatment that will help prevent infections.,3.011,3.011,50.354,1,0,0,149.107,0,"They do not trust healthcare providers because they are worried about being judged, they also just do not know much about their general health in the first place and need guidance. A lot of times they do not know how to ask for the help that they need. Or they are more worried about their drug use and that they are going to get in trouble for that. ",1.447,1.447,54.918,1,0,0,32.021,0,It sometimes shows me what my patients are thinking and the best ways to help them. ,13.844,13.844,28.121,1,Finding out what is important to them and how to help them at that moment in time. They will trust me more when they return. ,1.647,1.647,23.87,1,0,0,22.18,0,That we both want the same outcome and working together how to get that outcome. I want to make sure that they get what they need and have a pleasant experience. ,3.924,3.924,36.081,1,Communication and outcomes for patients and providers. ,"How exciting is that you will begin your new professional journey! The best piece of advice that was given to me is not to take things too personally. Be open and unafraid to simply ask patients what they want, need or expect from their visit. When everyone is on the same page, the outcomes are more positive. 

""I've learned that people will forget what you said, people will forget what you did, but people will never forget how you made them feel."" - Maya Angelou 

",47.012,47.012,237.347,1,,,,,,,,,,,,,,,,,,,,,,,,,,,,,,,,,,,,,,,,,,,,,,n/a,"emails, labs, patient care ",patient care ,patient care,patient care,lunch,patient care,patient care,patient care,patient care ,n/a,n/a,n/a,n/a,n/a,n/a,n/a,n/a,n/a,n/a,n/a,n/a,n/a,n/a,4,2,0,0,4.013,0,0,0,30.016,0,0,0,15.017,0,9,"2,5",64,0,0,15.119,0,4,3,5,2,5,3,2,2,2,5,3,5,"2,5",74,Patient reports pain continues and has not improved. Patient reports not consistently following plan of care. ,0,0,15.021,0,4,4,5,2,5,4,4,3,2,5,3,5,Recommend that he see an orthopedic specialist,Patient reports not following plan of care and continues to have pain that has not improved. Recommend evaluation by specialist. ,3,3,3,3,1,5,3,5,3,4,4,4,4,4,4,2,3,3,3,3,3,3,2,2,2,0,0,100,0,17,Infectious Disease,Nurse Practitioner,7,,25,4,Masters,1,3,,56,2,,2,,,6,4,6,3,3,Treatment,6637a570-2a84-bff1-1291-09869cf329b7
2024-05-05 10:54:09,2024-05-05 10:54:30,0,100,20,1,2024-05-05 10:54:31,R_5pEvBJTEUBidcOK,,,,,36.7078,-80.5198,anonymous,EN,2,,,,,,,,,,,,,,,,,,,,,,,,,,,,,,,,,,,,,,,,,,,,,,,,,,,,,,,,,,,,,,,,,,,,,,,,,,,,,,,,,,,,,,,,,,,,,,,,,,,,,,,,,,,,,,,,,,,,,,,,,,,,,,,,,,,,,,,,,,,,,,,,,,,,,,,,,,,,,,,,,,,,,,,,,,,,,,,,,,,,,,,,,,,,,,,,,,,,,,,,,,,,,,,,,,,,,,,,,,,,,,,,,,,6637b514-ce4e-011d-0e0f-fef215bf3fa4
2024-05-05 10:27:00,2024-05-05 10:55:56,0,100,1735,1,2024-05-05 10:55:56,R_2o7K1q5BLtblVyB,,,,,28.3888,-80.7301,anonymous,EN,1,3,,"7,9,4",Important to understand the cultures and understanding of others so you can meet their needs.  Accountability is always important.,0,0,34.868,0,Understanding their perspective is important to understand why they do things and to be able to develop a plan that they will more likely follow.,4.29,4.29,72.804,1,0,0,48.182,0,"embarrassed, don't want you to know they don't understand.",3.229,3.229,35.065,1,0,0,44.19,0,It would help me understand the patient better and make more informed recommendations that the patient would be more likely to adhere to.,4.192,4.192,43.25,1,It would make them feel more valued.,3.162,3.162,12.729,1,0,0,17.854,0,It will help them be more compliant and will help us select goals that are more aligned with their needs.,3.068,3.068,37.434,1,Understanding the needs of the patient.,Please take the time to see and hear the person in the chair or bed.  So many times the healthcare provider feels they know better than the patient and misses out on important information and opportunities to connect with the patient.,19.601,19.601,148.199,1,,,,,,,,,,,,,,,,,,,,,,,,,,,,,,,,,,,,,,,,,,,,,,Report,"Meeting patients - assessments, help with meals",Meds,Meds and documentation ,"Helping patients with needs, treatments",Meds - help with meals,Ambulating and treatments,Documentation and patient needs,Meds and patient needs ,Patient needs,"Meds, meals",Final documentation,Report,Trying to get the____ out of work as my shift was already over,Hopefully gone,Off work,off work,off work,off work,off work,off work ,off work ,off work,getting ready and traveling to work,5,4,0,0,4.12,0,0,0,30.015,0,12.001,12.001,15.014,1,4,"6,7",75,0,0,15.021,0,4,4,5,2,5,3,1,1,2,5,3,2,"7,8",,"Continued pain
Non compliance with treatment plan
Adjust plan after discussion regarding the reason for non compliance",0,0,15.019,0,5,5,5,3,4,4,3,3,1,4,3,2,Inform him that he must follow the treatment plan in order to improve. Ask what the issues are behind his non compliance. Inform him that he cannot receive any more prescription medications for the pain.  Possibly obtain new imaging to see if the fracture has changed.,Pain continues. Patient states he has not followed any of the treatment plan.  Discussed reasons for his non compliance. Will obtain new imaging to determine if there are changes and whether treatment plan needs to be changed.,5,2,4,3,1,4,4,4,4,3,3,3,2,3,3,3,3,2,2,1,1,1,2,2,3,1,1,90,10,42,Nursing Administration,Reviewer,2,,75,4,Doctor of Nursing Practice,1,33,,66,2,,1,,,8,3,6,2,2,Treatment,6637b2b9-b603-7141-07c0-77ce610ad0af
2024-05-05 11:01:25,2024-05-05 11:28:28,0,100,1622,1,2024-05-05 11:28:28,R_2dhZ4I8p2dEPgA8,,,,,40.6462,-73.9559,anonymous,EN,1,3,,,,,,,,,,,,,,,,,,,,,,,,,,,,,,,,,,,,,,,,,,,,,,,,,,,"1,2,5,6,7,8",Work your best do your best to achieve everything,5.07,27.454,28.739,18,Games and work stuff,1.449,12.835,17.749,3,10.367,15.953,17.255,3,To like know what others doing ,4.746,35.903,36.483,2,Yes it improved because we need it to,0,0,15.704,0,For sum goid,0.942,7.411,15.355,2,0,0,29.026,0,To communicate ,1.338,1.338,83.616,1,About technology and how it benefits people in life ,I hope through years of doing tech you improve technology more for people and making it useful for people in life ,0.919,56.467,60.523,10,,,,,,,,,Good,,,,,,,,,Good,,,,,,,4,2,0,0,4.014,0,0.956,22.034,30.025,3,0,0,15.02,0,7,"3,4",69,0,0,15.125,0,3,2,5,1,5,1,1,1,5,5,5,3,"4,5",,It improved ,0,0,15.02,0,3,5,1,3,3,5,5,3,3,3,3,2,Prescribing him something,People needs helo,1,2,2,3,1,4,4,3,4,4,3,4,4,2,3,3,4,3,2,2,3,3,3,3,3,0,0,50,50,4,Nurse,Registered nurse,5,,91,3,Doctorate ,1,10,,27,2,,3,,,6,4,3,3,3,Control,6637ba09-4736-94c8-ffb3-b19cbd1958cc
2024-05-05 11:33:22,2024-05-05 11:56:41,0,100,1399,1,2024-05-05 11:56:42,R_5htD2k9Fw9O6qQN,,,,,38.1215,-97.894,anonymous,EN,1,5,,"9,3,5",Empathy is the best trait you can have as a healthcare worker ,3.274,15.371,17.401,7,So we can get to understand them better and know how to treat them correctly ,2.027,2.027,21.88,1,0,0,32.802,0,Because they might be nervous that it could change the way we treat them or how we handle a situation ,19.576,48.329,49.162,2,0,0,15.932,0,So we can go about a situation that’s best for them with zero judgement ,1.304,35.463,36.147,2,We can help them recovery in the fastest and best way for them ,2.33,23.561,24.373,3,0,0,17.542,0,So they know that’s there’s obviously no alternative motives and that I want to do what’s best for them ,1.391,28.384,31.361,2,I read about how patients sometimes can feel anxious to ask questions and how they worry about the intentions of nurses when or after they ask a question that could change their medical situation ,"You are more important than what you think, no matter what a patient or coworker says. Everyday that you show up to work and try your very best you’ve made someone’s day a whole lot better. Try to bring positive energy to a workplace and keep a welcoming front. ",2.192,104.844,105.331,11,,,,,,,,,,,,,,,,,,,,,,,,,,,,,,,,,,,,,,,,,,,,,,None,None,None,None,None,None,None,None,None,None,None,Arrived,Delivered meals ,Administered medicine ,Answered calls in ICU ,answered calls in ICU ,answered calls in ICU ,was very slow so I got chipotle ,Helped train ,Helped train ,Helped train ,Answered calls in ICU,Answered calls in ICU,went home ,5,6,0,0,4.013,0,4.772,5.352,30.121,2,4.49,7.054,15.12,4,6,"6,7",62,0,0,15.018,0,5,5,5,3,5,4,1,4,2,5,3,2,"5,6",69,Dave did not follow through with the medications we prescribed to him. If we lecture Dave maybe he will give in and do it. I don’t beleive Dave is trying to get a higher dosage he seems pretty honest,11.261,11.261,15.018,1,5,5,5,2,5,5,1,2,1,5,5,1,I would provide him with different options or just tell him tht as long as you do not take these medicines that main willcontinue,Dave still is not taking his medicine. He is not refusing just forgetting. Dave is quite difficult ,4,2,2,2,1,4,4,5,4,5,5,5,5,5,5,1,4,1,5,2,3,3,1,1,3,1,1,40,60,3,RN ,Registered Nurse ,3,,71,3,Associates ,1,5,,22,2,,4,,,7,1,6,4,4,Treatment,6637c25b-a18b-010c-f152-ae54440597fd
2024-05-05 11:38:52,2024-05-05 12:07:07,0,100,1694,1,2024-05-05 12:07:08,R_27sTcbZDLsZ9ecp,,,,,29.7756,-95.3082,anonymous,EN,1,5,,,,,,,,,,,,,,,,,,,,,,,,,,,,,,,,,,,,,,,,,,,,,,,,,,,"1,2,4,6,7",Sometimes I think without these items I would have my entire life calamder off track ,0,0,51.271,0,Technology is my assistant and i don’t depend on it ,0.734,15.713,17.895,2,0,0,16.916,0,Telemedicine is one of the best ways that technology helps me in my day to day with patients. Some people just refuse to come to a doctor and this way helps me keep up with my patient base but they are in the comfort of their home ,3.092,3.092,65.626,1,Yes. My phone is my lifeline in the medical world,0,0,26.081,0,I love true crime and podcasts I feel get me thru those hard ass days ,2.199,2.199,31.832,1,0,0,44.948,0,Being a minemial I grew up in a time where we had to go outside ,2.47,3.12,45.43,2,Technology in everyday life ,Life today is highly based on how we use all kinds of technology in different forms. From how we study and learn to upgrade and progress in our career field ,9.772,11.739,68.455,3,Commute to work ,Open clinic ,Patients ,Patients ,Patients ,Lunch ,Patients ,Charting ,Telemedicine ,Telemedicine ,Charting ,Gym ,Gym ,Drive home ,Food ,Wrap it up ,Relax ,Sleep,Sleep,Sleep,Sleep,Sleep,Alarm ,Up and moving ,2,2,0,0,4.015,0,0,0,30.119,0,12.167,14.466,15.021,2,8,"1,6",36,0,0,15.022,0,5,5,4,3,4,4,1,2,2,5,3,2,"7,8",40,Dave suffers from acute ankle pain due to mild injury. Rice recommended and patient did not continue plan of care. Medications given for temporary relief. Recommend patient to follow up with ortho if symptoms do not improve in 2 weeks of OT,13.401,14.83,15.119,2,5,4,4,5,5,4,1,4,2,5,3,3,I would refer the patient to specialist ,Patient refuses to comply with current treatment plan. Patient reports the pain has not subsided. Follow up with specialist recommend ,4,5,4,2,1,2,3,4,3,5,5,5,5,5,5,1,2,1,1,1,1,1,1,1,1,0,0,50,50,21,Family ,Nurse practitioner ,5,,60,4,Masters ,1,45,,41,2,,1,,,8,7,7,4,4,Control,6637c333-5c3e-9ac7-cd5f-38450b7027f2
2024-05-05 12:17:22,2024-05-05 12:18:01,0,100,38,1,2024-05-05 12:18:01,R_34fjtmVmdTxYneN,,,,,38.9687,-94.5696,anonymous,EN,1,7,CNA,,,,,,,,,,,,,,,,,,,,,,,,,,,,,,,,,,,,,,,,,,,,,,,,,,,,,,,,,,,,,,,,,,,,,,,,,,,,,,,,,,,,,,,,,,,,,,,,,,,,,,,,,,,,,,,,,,,,,,,,,,,,,,,,,,,,,,,,,,,,,,,,,,,,,,,,,,,,,,,,,,,,,,,,,,,,,,,,,,,,,,,,,,,,,,,,,,,,,,,,,,,,,,,,,,,,,,,,,,,,,,,,,6637cc8a-75e7-d422-1746-9889149653eb
2024-05-05 12:14:05,2024-05-05 12:30:48,0,100,1003,1,2024-05-05 12:30:49,R_2xMmE8njusagVtW,,,,,34.0544,-118.2441,anonymous,EN,1,3,,,,,,,,,,,,,,,,,,,,,,,,,,,,,,,,,,,,,,,,,,,,,,,,,,,"1,5,6",The only way I could see the point is to get the money back from you if I don’t ,2.562,15.055,16.3,13,I don’t know what to do with my life anymore but I’m gonna go get some sleep now I guess I have a good day and I’ll see if you want me too but I’m gonna ,0.86,3.615,10.473,2,2.189,14.691,16.298,5,I don’t know what to do with my life right now I don’t know what to do I just want you know that I’m not going anywhere and I’m sorry but I’m just trying to get you to do something to help you ,0.846,0.846,12.665,1,The only way I could see the point is to get the money back from the bank and then I can get the money from ,16.079,16.079,16.109,1,I don’t know what to do with my life right now I don’t know what to do about it but I’m gonna go get my haircut tomorrow I just got to go get a shower I got a ,0.746,0.746,12.593,1,0,0,16.874,0,I don’t know what to do with my life right now I just don’t want you guys going anywhere and I don’t want you to be in my business I just don’t wanna have you ,19.631,19.631,29.781,1,My day was pretty busy and I’m just now leaving the office and heading home now to go get the car wash I have a meeting with the bank and I will call them back and see ,The only way I could see the point is to get the money back from you if I don’t get the credit back I would have a lot of trouble with it I would be in the bank but if you don’t have to do it then you don’t need it and you can do that and I would have no problems if ,16.48,18.133,37.048,2,Balls,Balls,Balls,Balls,Balls,Balls,Balls,Balls,Balls,Balls,Balls,Balls,Balls,Balls,Balls,Balls,Balls,Balls,Balls,Balls,Balls,Balls,Balls,Balls,1,2,0,0,4.021,0,2.474,26.344,30.034,11,0,0,15.126,0,10,"1,5",84,0,0,15.125,0,5,4,5,5,5,4,5,5,4,5,4,4,"2,4",79,The only way I could see the point is to get the money back from you if I don’t get the credit back I would have a lot of trouble with it I ,0,0,15.027,0,5,5,4,5,4,4,5,5,5,5,4,3,The only way I could see the point is to get the money back from you if I don’t get the credit back I would have a lot of trouble with it I would be in the bank but if you don’t ,I don’t know what to do with my life right now I don’t know what to do about it I don’t know how I feel right about this I just want you know that I’m here and I’m not going anywhere and I’m here ,10,2,6,3,1,4,5,5,4,5,3,4,3,5,4,5,3,4,5,4,5,3,4,5,3,1,1,50,50,8,The only way I can get a job is if I have a job and a car or something like it I can do that and ,Nurse,8,,82,3,Bachelors degree ,1,13,,22,1,,3,,,8,7,6,3,3,Control,6637cc1d-e6ae-aad7-b2c5-8bda8f7a0669
2024-05-05 11:23:53,2024-05-05 12:31:16,0,100,4042,1,2024-05-05 12:31:16,R_26LHBQVDvg3KfWV,,,,,31.8378,-106.538,anonymous,EN,1,3,,,,,,,,,,,,,,,,,,,,,,,,,,,,,,,,,,,,,,,,,,,,,,,,,,,"1,4,5",I use messenger and WhatsApp to keep in contact with my family and friends group chats if we’re coordinating events to keep in touch and in real time,4.863,69.07,71.066,30,"I use technology to keep up with my friends and family in real time to coordinate events to communicate in real time about any important issues that might occur. As well as happy events that might be upcoming and planning for a different events like on WhatsApp or messenger I use my laptop and my phone Apps for listening to music which I like to distract myself or or help me pass through the time sometimes when there’s downtime I enjoy watching myself sometimes with the TV shows on Netflix or whatever on my phone or tablet or laptop to help decreased anxiety sometimes I like to keep in touch with my grandchildren and their interest on Instagram and Latest things going on in the world as much as I can without getting too much into the not so good news it sometimes goes on I like to keep optimistic in my in my searches, avoiding as best I can not so honest information going on that sometimes seems to be out there Like to enjoy looking up YouTube videos on healthcare and latest events going on or education going on on YouTube that I can get new information from. ",6.417,93.521,154.916,3,3.526,47.891,49.363,23,"Yes, during Covid I was able to research a lot of information to help my friends and family and I would send group chats out to alert them of different vitamins that perhaps could help them and things that they could do if they did get Covid besides, what was out in the news I happened to be one of those people that did not agree with everything that was going on that we were being told and I would research a lot of holistic applications, mostly vitamin C, vitamin zinc, and different medication’s. That would help boost our immune system. My read a lot. I also researched a lot on different websites about the immune system so I could understand add to my already knowledge base about the immune system, and  Although I wasn’t heard very often from my friends and family some of them did respond with the prophylactic prior to receiving getting Covid. It helped them minimize I believe I helped some people with that and of course during Covid when people aren’t able to see each other I felt like this was just instrumental with the messenger and being able to group chat. It really helped a lot . ",3.152,18.729,123.773,12,"Yes, I do continue to utilize group chats mostly when I’m trying to get coordinate different events or get out a group information instead of you know, individually telling people things the same thing a little easier to tell everybody the same thing at the same time. It helps me forget who I told what to who and just makes the flow of a communication a lot better for example, if there’s a family event going on And I feel like the goal is to make sure everybody’s in the same page and with the technology in that respect really helps ",4.437,164.917,166.338,12,"Oh yes, for entertainment I use my laptop, my phone and my tablet to put on YouTube videos or Netflix videos or something on TV even sometimes it background almost comforting shows that I like to rewatch, but I also use it to listen to music and listen to podcast while I’m doing housework or doing tasks around the house, laundry etc. it helps to pass the time and gives me educated at the same time. I also really enjoy listening to meditation Videos on YouTube which I find very helpful to my daily life. I use these things daily. ",3.015,19.282,86.714,12,2.724,15.573,16.672,11,I just recently started playing bingo online on my phone to pass the time really quickly but I don’t really play any other games,6.399,24.411,25.239,2,That Hamas has fired rockets at a crossing near Gazza,"Hello, while I understand that new technology can be a bit overwhelming at first it helps with a lot With people far and near. I do this with my messages. I make sure that I am in communication with my family that way and it helps a lot. A lot of people prefer text over phone calls. So I tried to accommodate each of those people. I also use the voice to text button on my phone so I don’t have to be typing Al I want to say  talk  and then I read it over for any typos that helps a lot too. That way I feel like I’m still talking to the people and they see it is typed in typing but it still helps keep in communication, so I really do like that application that I use for my phone messages. ",5.741,320.519,324.052,25,,,,,,,,,,,,,Receive report on patients,"assess patients review charts review new orders review labs,",Continue to assess. Patient assess patient and Mr. scheduled medic,Round round on patients assess for any new needs,Chart on patients charts recovers,Continue charting continue rounding,"Assess  patients. turn patients if they need to reassess patients for effective medication’s that were administer, check blood sugars, recheck blood sugars for effect chart affect.","turn patients every two hours and take an output, assess patients continue charting",continue medication administration assessing for new needs turning patients continue chart,"continue to assess and reassess administer medication if needed, assess for effective medication‘s chart everything that happened with the patients, their medication‘s response to medication chart on each patient answer call bells throughout the night",Continue assessing turning attending to patient’s needs bathing patients at night getting ready for the next shift,"Pass out medication‘s finish up, charting, checking patients for any new needs cleaning patients turning patients charting and taking output give report to oncoming shift",6,2,0,0,4.014,0,12.8,29.401,30.01,7,2.587,14.982,15.027,9,5,"7,8",100,2.414,13.905,15.022,11,1,1,3,2,5,2,1,3,1,5,3,3,"6,7",100,"They returned today with no effector from the previously order Tylenol and lidocaine although he admits that he did not even do it even adhere to the recommendations I’m not sure why, but he said his pain is consistently is still there in a little worse so he’s been increased to tramadol and Tylenol today with a follow up in a week",2.184,13.459,15.025,10,5,5,4,3,5,4,1,3,1,5,3,2,Try to find out why he’s not following up with his treatment plan,,4,4,2,1,1,4,4,3,1,4,5,5,5,2,5,1,3,1,3,1,2,1,1,1,2,0,0,0,100,41,Critical care ,RN ,6,,100,3,bachelor of science ,1,45,,68,2,,4,,,9,6,6,4,3,Control,6637bdb5-5636-8fa6-f0bc-6e1a7d15a809
2024-05-05 12:36:38,2024-05-05 12:38:39,0,100,120,1,2024-05-05 12:38:40,R_3nOgneJshg9pqF3,,,,,34.5392,-93.0653,anonymous,EN,1,7,Manager/Co ordinater  for Sterile Suppliers and Instermentation n ,,,,,,,,,,,,,,,,,,,,,,,,,,,,,,,,,,,,,,,,,,,,,,,,,,,,,,,,,,,,,,,,,,,,,,,,,,,,,,,,,,,,,,,,,,,,,,,,,,,,,,,,,,,,,,,,,,,,,,,,,,,,,,,,,,,,,,,,,,,,,,,,,,,,,,,,,,,,,,,,,,,,,,,,,,,,,,,,,,,,,,,,,,,,,,,,,,,,,,,,,,,,,,,,,,,,,,,,,,,,,,,,,6637d0fe-a7bf-bb85-1a46-d8527a0ed25e
2024-05-05 12:10:12,2024-05-05 13:09:32,0,100,3559,1,2024-05-05 13:09:33,R_5CCqIQB7n6yBV4J,,,,,35.8158,-94.6364,anonymous,EN,1,3,,"9,3,5","I feel empathy is extremely important in the nursing field because you cannot know how a person feels until you put yourself in that place and compassion is the backbone of our existence. Selfishness has no place , we have to care and take care of those in a manner that we would want in return.",13.758,15.417,314.68,2,"We have to have continued compassion for human kind. In nursing, we meet people at their absolute worst times and we have to care, nurture and encourage them. Without this, we are just another rat in the race. Our compassion in our job sets us apart. We have to continue building humanity and caring, regardless of the past, regardless of race, we continue because it is human and part of us. If people lose sight of the fact that basic humanity starts in compassion and empathy, then they definitely need to be in a different field of work. This is no easy 9-5 where you leave the day at work, our experience is more than a paycheck and stays with us for a lifetime.",9.582,9.582,323.738,1,0,0,153.6,0,Fear of seeming unintelligent or unfinancially stable could hinder a patient from asking more questions about their own health.,10.1,47.098,80.662,3,0,0,150.485,0,"Knowing all dynamics of your patients life will better our decision and recommendations for care and in turn, promise better outcomes.
",7.973,7.973,78.9,1,If patients feeland understand that we have the compassion and care for their well being the more apt they are to succeed through trust.,5.284,5.284,67.448,1,0,0,17.047,0,Taking the time to listen and build that trust produces better outcomes and better health and patients tend to see that is our sole intention not just a paycheck.,5.999,5.999,72.635,1,"Caring, compassion and trustworthiness makes better patient -providet relationships.","Before commencing this journey, please take a moment to reflect on your true aspirations with the career path you have chosen  
Are you doing this because you are wanting a better paying job?
Have you researched all the things you need to know to be successful?
Have you thought of how you would handle some very intense situations where YOU are the deciding factor in someone's life?

If you don't feel you have yhe proper answers to these questions or you think and believe you have learned everything about this job, you should reconsider. 
Healthcare is so much more than just a paycheck, so much more. Your patients will become your family and lean on you for so much and you will carry those burdens and griefa and joys forever. I you aren't ready to be that person, think more of your choices.",17.285,302.894,305.401,11,,,,,,,,,,,,,,,,,,,,,,,,,,,,,,,,,,,,,,,,,,,,,,"Prepared for the next shift.Gave report to md and incoming shift, and said good night and made sure my patients needs were met before clocking out ",,Completed charting and clocked out ,,,,,,Woke up and started all over.,Drive to work facility.,,Arrived to check on my patients and recieve report.,Stopped by each room to ask about patients day ,Looked through all charts for updates.,Provided nursing care to each patient.,,Small break of 5 mins.,Made rounds to ensure patient safety and comfort.,Charting and preparing for labdraws.,Performed all venipunctures for labwork.,Charted labs and rounds from 2am.,Made rounds to ensure safety and comfort.,Ensured patient and coworkers were all ok and didn't needed anything at that point and took another 10min break.,"Ensured all patients were awake and comfortable for breakfast, gave any am meds, and made sure charting completed.",5,6,0,0,4.121,0,21.285,21.285,30.02,1,11.803,14.047,15.019,4,7,"7,8",53,0,0,15.024,0,3,3,5,3,5,2,1,1,3,5,3,5,"5,6",30,Pt states no relief with previous treatment. Will lower intial dose of treatment and add a mild opiod and follow up with pt to check efficacy. Will decide on next options after this treatment.,0,0,15.021,0,4,3,5,3,5,3,1,1,3,5,3,3,More extensive education on treatment. And further attempt to understand why Dave can't comply with treatment plan. Then adjust plan accordingly.,"Pt states continued pain without compliance of treatment. Education provided further and lengthy conversation with patient to understand why he can't seem to comply. Will replan accordingly.
",5,4,3,2,1,5,5,5,5,4,4,4,4,4,4,2,3,2,3,1,1,1,1,1,1,1,1,90,10,20,Acute/critical care,LPN ,20,,70,2,Technology training ,1,37,,42,2,,7,,American Indian ,5,4,4,3,2,Treatment,6637c9ea-601d-aa60-fe97-3256aee63eaf
2024-05-05 13:10:41,2024-05-05 13:11:04,0,100,22,1,2024-05-05 13:11:04,R_2pstyu0l7tO1HnN,,,,,40.5758,-77.3783,anonymous,EN,1,7,LPN,,,,,,,,,,,,,,,,,,,,,,,,,,,,,,,,,,,,,,,,,,,,,,,,,,,,,,,,,,,,,,,,,,,,,,,,,,,,,,,,,,,,,,,,,,,,,,,,,,,,,,,,,,,,,,,,,,,,,,,,,,,,,,,,,,,,,,,,,,,,,,,,,,,,,,,,,,,,,,,,,,,,,,,,,,,,,,,,,,,,,,,,,,,,,,,,,,,,,,,,,,,,,,,,,,,,,,,,,,,,,,,,,6637d91b-38cb-a009-60a0-cc97baa0817a
2024-05-05 12:58:16,2024-05-05 13:15:21,0,100,1024,1,2024-05-05 13:15:22,R_51coW6s6Ug7OwK6,,,,,36.1406,-86.7508,anonymous,EN,1,1,,"7,9,3",You have to take into account what the patient wants because it is their body,3.541,24.306,26.297,22,Because you have to understand that they may feel different about what is happening to their body,3.11,3.11,29.2,1,0,0,26.049,0,Because they are scared ,2.981,2.981,10.402,1,0,0,16.006,0,Because you can gain trust with the patient,6.84,6.84,19.757,1,Because they trust you to do what’s best for them,3.047,3.047,13.881,1,0,0,16.23,0,It creates a special bond,6.347,6.347,13.233,1,I read about how I can gain trust and a good realationship with my patient,Everything will be ok. Do your best and always think about how your actions will affect your patient. ,1.11,9.529,41.057,6,,,,,,,,,,,,,,,,,,,,,,,,,,,,,,,,,,,,,,,,,,,,,,Surgery,Surgery ,Helped sick patient,Performed CPR,Lost a patient,Treated galblatter,Lunch ,Heart Surgery ,Heart Surgery ,Heart Surgery,Heart Surgery ,Off,Off,Off,Off,Off,Off,Off,Off,Off,Off,Off,Off,Off,2,3,0,0,4.015,0,6.212,15.98,30.022,3,8.012,10.643,15.021,3,9,"1,6",53,0,0,15.023,0,5,5,4,4,4,5,2,5,1,4,5,1,"1,7",,Dave isn’t taking the prescribed medications. He is being difficult. His pain is not decreasing in his ankle,0,0,15.022,0,5,5,3,4,3,5,4,5,1,5,2,1,Tell him to take the medication ,Dave is not taking his medication. He is being lazy. His ankle pain hasn’t gotten batter,4,2,4,2,1,4,5,3,4,5,5,4,4,5,5,,,,,2,3,4,4,3,4,0,0,50,50,5,Heart Surgery ,Surgeon,3,,88,4,Master ,1,44,,28,1,,1,,,9,5,7,3,3,Treatment,6637d612-532e-89a8-288e-bf6ab2d81b8b
2024-05-05 13:18:45,2024-05-05 13:19:16,0,100,30,1,2024-05-05 13:19:16,R_1Phml8sHNMtDCCI,,,,,36.1369,-97.0631,anonymous,EN,1,7,Nurse,,,,,,,,,,,,,,,,,,,,,,,,,,,,,,,,,,,,,,,,,,,,,,,,,,,,,,,,,,,,,,,,,,,,,,,,,,,,,,,,,,,,,,,,,,,,,,,,,,,,,,,,,,,,,,,,,,,,,,,,,,,,,,,,,,,,,,,,,,,,,,,,,,,,,,,,,,,,,,,,,,,,,,,,,,,,,,,,,,,,,,,,,,,,,,,,,,,,,,,,,,,,,,,,,,,,,,,,,,,,,,,,,6637db09-071e-8286-96eb-ab0d9196acc2
2024-05-05 13:30:08,2024-05-05 13:49:34,0,100,1165,1,2024-05-05 13:49:34,R_5hKiMqfhhrRLfpF,,,,,38.9592,-94.5961,anonymous,EN,1,3,,,,,,,,,,,,,,,,,,,,,,,,,,,,,,,,,,,,,,,,,,,,,,,,,,,"1,3,7",Every day i check my email on a computer ,1.622,14.967,17.921,17,I use tech to do the majority of my shopping so I don't have to run errands,1.453,1.453,27.547,1,14.95,14.95,16.072,1,Zoom happy hour with a bunch of my friends at once,5.5,5.5,28.064,1,Helped to stay connected with video calls,0,0,16.584,0,Scrolling. Watching TV and movies,5.232,5.232,20.415,1,0,0,17.309,0,I kill time by scrolling,3.048,3.048,20.038,1,I read the news on ny times,I am writing to talk to you a little bit about. Technology technology can be used to lessen. The gap between family and friends olivetta. Great distance. And it can be used to manage products and support productivity. I think a lot of people are also watching TV and movies on random devices and not just televisions anymore.,2.589,81.295,82.158,31,Not on,"Log in, email",Meetings ,Notes,Calls,Lunch,Calls,Calls,Calls,Wrap up,Off,Off,Off,Off,Off,Off,Off,Off,Off,Off,Off,Off,Off,Off,2,5,0,0,4.119,0,4.748,23.561,30.124,12,13.366,14.083,15.017,2,7,"6,8",19,0,0,15.02,0,3,4,5,1,5,2,1,1,1,4,3,2,"6,8",14,"I would say that I just made the same recommendations as last time since you didn't even try them. I would send in the prescription for the medication and advise him to use a topical gel and see what happens. Hey, you can call back in another couple weeks.",0,0,15.02,0,3,5,5,1,5,2,2,3,1,4,3,2,I would give him the same recommendations yet again.,"I would just say that Dave's Payton persisted, but he hadn't tried anything and given the same dream and plan again. I would not step up the pain medication tier. Because he doesn't even try the first one.",3,3,4,2,1,4,2,4,2,3,2,4,3,4,5,3,4,4,5,3,4,2,2,2,3,0,0,50,50,26,Oncology,Nurse Navigator,6,,85,3,Bachelor,1,26,,41,2,,1,,,5,3,6,2,3,Control,6637ddb6-425b-9f98-7241-f2dcc1b41d9b
2024-05-05 13:49:22,2024-05-05 13:49:38,0,100,16,1,2024-05-05 13:49:38,R_7H1O841Kw8RFsRP,,,,,40.1435,-75.3779,anonymous,EN,2,,,,,,,,,,,,,,,,,,,,,,,,,,,,,,,,,,,,,,,,,,,,,,,,,,,,,,,,,,,,,,,,,,,,,,,,,,,,,,,,,,,,,,,,,,,,,,,,,,,,,,,,,,,,,,,,,,,,,,,,,,,,,,,,,,,,,,,,,,,,,,,,,,,,,,,,,,,,,,,,,,,,,,,,,,,,,,,,,,,,,,,,,,,,,,,,,,,,,,,,,,,,,,,,,,,,,,,,,,,,,,,,,,,6637e27e-89cc-ee6a-fb47-9ae8ed98538b
2024-05-05 13:58:42,2024-05-05 13:59:17,0,100,35,1,2024-05-05 13:59:18,R_2G3WKHB83DE923r,,,,,35.8974,-83.9425,anonymous,EN,1,7,LPN,,,,,,,,,,,,,,,,,,,,,,,,,,,,,,,,,,,,,,,,,,,,,,,,,,,,,,,,,,,,,,,,,,,,,,,,,,,,,,,,,,,,,,,,,,,,,,,,,,,,,,,,,,,,,,,,,,,,,,,,,,,,,,,,,,,,,,,,,,,,,,,,,,,,,,,,,,,,,,,,,,,,,,,,,,,,,,,,,,,,,,,,,,,,,,,,,,,,,,,,,,,,,,,,,,,,,,,,,,,,,,,,,6637e43f-4442-b80e-f5c7-0b5d4f467559
2024-05-05 14:02:36,2024-05-05 14:16:19,0,100,822,1,2024-05-05 14:16:20,R_7NPRhHlOaSkvviC,,,,,39.8335,-84.8983,anonymous,EN,1,3,,"7,9,5",Everyone has feelings ,4.109,4.157,25.017,2,So we can treat them beytet,2.041,2.041,10.848,1,6.772,6.772,22.165,1,Nervous embarrassment ,1.884,1.884,8.898,1,0,0,17.153,0,Exactly like the article make it easier for them ,2.102,2.102,21.239,1,Patience and encouragement ,3.125,3.125,15.789,1,0,0,16.412,0,Makes them at ease,2.087,2.087,9.457,1,Ways to tailor individual care,I am nervous. Nobody will listen to me. I know my body better than you do. I live in it everyday  I need help with my condition ,2.364,54.774,55.895,6,,,,,,,,,,,,,,,,,,,,,,,,,,,,,,,,,,,,,,,,,,,,,,Report,Med pass,Med pass ,Treatments,Lunch,Med pass ,Med oass,Charting ,,,,,,,,,,,,,,,,,5,1,0,0,4.011,0,5.611,10.304,30.02,7,8.562,8.979,15.015,2,5,"5,7",54,0,0,15.018,0,4,5,5,3,5,1,1,3,3,5,3,4,"5,7",,Patient mom compliant with treatment plan. Patient continues to have pain. Patient to be reevaluated ,0,0,15.015,0,4,5,5,3,4,4,2,3,2,5,3,1,Refer to surgeon ,Non compliant patient. Pain continues. Reexamination needed ,3,4,3,2,1,4,2,4,2,3,3,3,4,4,4,1,3,2,3,1,1,1,1,1,2,0,0,0,100,19,Psych/geriatrics ,Director infection control ,2,,100,3,Bsn,1,15,,57,2,,1,,,7,3,6,3,3,Treatment,6637e560-4706-2004-368d-cc71ce1369ab
2024-05-05 14:00:19,2024-05-05 14:48:39,0,100,2899,1,2024-05-05 14:48:40,R_7bPnmw21S1Wa6MC,,,,,39.0452,-94.7189,anonymous,EN,1,3,,"9,3","Also empathetic, naturally and professionally. I've gained trust through being myself. It's an important part of my life in and out of work.",5.329,78.176,79.101,27,"We need to understand the situation, get their information and learn about their history.
It's critical to understand the basics, then proceed with the situation.",5.576,75.401,142.078,3,0,0,101.297,0,"Mostly embarrassment. They some in for a variety of reasons, sometimes funny, and sometimes possible life-threatening.
Depends...",4.476,4.476,105.194,1,94.783,94.783,113.696,1,"Different patients have different lives, understanding them is a positive thing personally because I learn how they live 
Helpful with giving and receiving recommendations.",6.296,6.296,127.871,1,Depends. Their situations and stories are helpful with influencing each other with their recovery.,9.855,9.855,78.97,1,0,0,30.103,0,"It brings joy seeing them continue, and finally reach their goals.",6.752,6.752,59.029,1,"Healthcare, patients in the hospital and my perspective about my job.","This is an exciting job, you'll continue your education. Leaning continuously, from you point of view and that of the patients the come in for medical attention.
As you've learned so far the procedures, you duties, etc. Now come the fun and humbling part. 
Meeting people from all backgrounds, ethnicities, and how they live.
Being kind and understanding them is what makes the job earlier for you, and helps with their recovery. 
",3.02,436.724,437.202,26,,,,,,,,,,,,,,,,,,,,,,,,,,,,,,,,,,,,,,,,,,,,,,,Start,,,,,,,,,,,,Finish ,,,,,,,,,,,4,4,0,0,4.17,0,0,0,30.063,0,8.381,8.811,15.069,2,5,"5,6",28,0,0,15.055,0,4,4,4,4,3,4,2,4,3,4,3,3,"7,8",78,"If he's not committed to our suggestions, he long longer needs treatment.
It's up to him to be as consistent as possible, the same as us.",0,0,15.062,0,5,4,4,5,3,4,3,4,2,4,3,2,I wouldn't continue with his treatment.,"Dave is obviously exaggerating his pain levels.
End the treatment.",4,4,1,2,1,3,3,3,3,2,3,3,2,3,3,2,4,2,2,2,2,2,2,2,2,0,0,50,50,4,ER nurse ,Nurse ,4,,34,3,Bachelor's ,1,26,,38,1,,1,,,4,3,5,3,2,Treatment,6637e38c-bcd5-1930-d72f-0b887784995d
2024-05-05 14:51:04,2024-05-05 14:51:50,0,100,46,1,2024-05-05 14:51:51,R_2wYXfEY1fDU6pyN,,,,,39.847,-85.9719,anonymous,EN,1,7,LPN,,,,,,,,,,,,,,,,,,,,,,,,,,,,,,,,,,,,,,,,,,,,,,,,,,,,,,,,,,,,,,,,,,,,,,,,,,,,,,,,,,,,,,,,,,,,,,,,,,,,,,,,,,,,,,,,,,,,,,,,,,,,,,,,,,,,,,,,,,,,,,,,,,,,,,,,,,,,,,,,,,,,,,,,,,,,,,,,,,,,,,,,,,,,,,,,,,,,,,,,,,,,,,,,,,,,,,,,,,,,,,,,,6637f072-9d80-17ba-0f6a-c573344b0379
2024-05-05 14:44:12,2024-05-05 15:01:30,0,100,1037,1,2024-05-05 15:01:30,R_5oaTTlx00sa4wJr,,,,,29.6856,-95.1186,anonymous,EN,1,3,,"9,4,5",I feel like I’m order to be a nurse you have to have sympathy and a understanding mindset. ,10.422,10.422,16.47,1,Just being able to hear their problems out and finding a healthy solution that fully helps them out. ,2.683,17.772,25.882,5,0,0,16.81,0,There can be a fear or judgment or reaction. Some health care providers lack certain communication skills. ,2.288,2.288,28.685,1,0,0,37.657,0,"Being open and understanding when it come to their concerns, also ask any questions to better understand the issue at hand.  ",2.638,19.182,36.271,6,"It can build trust, plus it gives the provider a clearer understanding of the issues. ",12.304,12.304,32.251,1,0,0,15.942,0,"It’s been extremely beneficial, it builds trust and it helps me fully understand any issues they may currently have. ",5.427,5.427,35.386,1,About patients and building trust. ,"It’s important to be open and have a judgment free mindset when it comes to patient care. Have open conversations, asking question, to get a more clear idea of the issue at hand and how to find a effective solution of the patient in need. ",1.714,72.53,75.368,8,,,,,,,,,,,,,,,,,,,,,,,,,,,,,,,,,,,,,,,,,,,,,,Clock in  ,Give breakfast,Medication ,Check ups ,Check ups ,Break,Give lunch ,Medication ,Patient care ,Rounds ,Give medication ,,,,,,,,,,,,,,3,4,0,0,4.014,0,8.232,8.232,30.035,1,7.582,13.564,15.133,2,6,"7,8",48,0,0,15.041,0,4,5,5,2,5,4,1,2,2,5,3,2,"7,8",47,"Hasn’t been consistent, same medication, follow up. ",0,0,15.032,0,4,5,5,2,4,4,2,2,2,4,3,2,I would recommend how important it is to follow doctors orders to improve pain before it gets worse. ,"Pain still present, follow up, not taking recommendations. ",5,2,2,3,1,5,5,5,5,4,4,4,3,4,3,2,3,2,3,1,1,1,1,1,1,1,1,30,70,4,Registered Nursing ,Registered Nurse ,4,,62,3,Degree ,1,45,,27,2,,4,,,6,2,3,2,2,Treatment,6637ef01-16cf-abc2-e5e6-5ac40b055d0d
2024-05-05 14:52:56,2024-05-05 15:09:09,0,100,973,1,2024-05-05 15:09:10,R_2Ph0hnBUv6byCCl,,,,,41.534,-74.0492,anonymous,EN,1,3,,,,,,,,,,,,,,,,,,,,,,,,,,,,,,,,,,,,,,,,,,,,,,,,,,,"1,4,5,7","I use my computer for schoolwork, it has helped me complete many assignments through my education. I use my phone mail and messenger to network and keep up on bills",5.736,17.236,18.009,8,"For schoolwork, bill payments, and communication ",1.174,11.276,12.493,2,1.733,15.335,16.224,13,When my mom was dying we used phones to face time other family members to be able to see her ,2.523,25.742,26.994,4,It helps me stay in touch with my family ,1.363,16.398,17.198,12,I love to watch Tik tok and laugh at things on my phone ,2.561,2.945,13.36,2,1.079,67.867,69.688,5,To watch videos ,1.053,7.925,9.195,5,Technology ,Technology is an essential part of communication in our society. It makes so many things easier such as communication but also travel. It is useful to find helpful resources for all things in life. ,1.059,48.115,49.024,14,Vital signs ,Medications ,Medications ,Medications ,Medications ,Rounding ,Patient care,Medications ,Patient care ,Rounding ,Patient care ,Rounding ,Report ,,,,,,,,,,,,5,4,0,0,4.013,0,5.324,28.787,30.023,8,0,0,15.021,0,7,"5,6",17,5.883,6.9,15.017,3,3,4,5,1,5,3,1,1,1,5,4,5,"1,2",,"Self care deficit 
Pain management 
Rehabilitation ",2.516,13.823,15.019,7,4,5,5,1,5,4,1,2,1,5,4,1,Explain to Dave the consequences of his action and that if he isn’t going to help himself he won’t get better ,"Refusal to cooperate
Self care deficit 
Potential for further injury ",4,4,3,2,1,2,2,4,4,4,4,4,4,5,5,2,3,2,2,2,1,1,1,1,1,1,1,50,50,3,Nursing ,Registered nurse ,2,,80,3,Associates ,1,33,,29,2,,1,,,6,4,4,2,2,Control,6637f12b-f7b6-dc3b-913e-e6b74c5e3ade
2024-05-05 15:26:09,2024-05-05 15:26:34,0,100,25,1,2024-05-05 15:26:35,R_3mCYj03dyfShEop,,,,,47.3798,-122.2893,anonymous,EN,1,7,CNA,,,,,,,,,,,,,,,,,,,,,,,,,,,,,,,,,,,,,,,,,,,,,,,,,,,,,,,,,,,,,,,,,,,,,,,,,,,,,,,,,,,,,,,,,,,,,,,,,,,,,,,,,,,,,,,,,,,,,,,,,,,,,,,,,,,,,,,,,,,,,,,,,,,,,,,,,,,,,,,,,,,,,,,,,,,,,,,,,,,,,,,,,,,,,,,,,,,,,,,,,,,,,,,,,,,,,,,,,,,,,,,,,6637f8bc-689f-6f38-4d89-0b9e847a6141
2024-05-05 15:33:21,2024-05-05 15:33:45,0,100,24,1,2024-05-05 15:33:46,R_7prUDgvwP5uRGXT,,,,,40.0043,-76.8601,anonymous,EN,1,7,Personal care aide ,,,,,,,,,,,,,,,,,,,,,,,,,,,,,,,,,,,,,,,,,,,,,,,,,,,,,,,,,,,,,,,,,,,,,,,,,,,,,,,,,,,,,,,,,,,,,,,,,,,,,,,,,,,,,,,,,,,,,,,,,,,,,,,,,,,,,,,,,,,,,,,,,,,,,,,,,,,,,,,,,,,,,,,,,,,,,,,,,,,,,,,,,,,,,,,,,,,,,,,,,,,,,,,,,,,,,,,,,,,,,,,,,6637fa89-fdaa-842e-b33d-9bc7913600a7
2024-05-05 15:40:47,2024-05-05 15:58:45,0,100,1078,1,2024-05-05 15:58:46,R_5go5vbx5SB0ztLy,,,,,44.9834,-93.2622,anonymous,EN,1,3,,"2,5",Caring for a patient holistically us important to me because you truly care for them in every way and advocate for them like the deserve. ,7.426,42.133,42.152,3,Because this way the patient is more likely to adhere to their plan of care. ,2.639,2.639,20.601,1,0,0,16.741,0,"If they are from a lower income area, or they struggle with addiction, they may feel that their healthcare provider sees them as less than. ",2.496,2.496,29.091,1,0,0,16.146,0,It will help my patients trust me more ,3.562,3.562,10.301,1,They are more likely to adhere to their plan of care ,1.879,9.022,12.244,2,15.545,15.545,16.067,1,Because it builds trust ,2.527,2.527,9.844,1,Holistic care in patients ,Always advocate for your patients in a holistic way. ,0.727,22.685,35.618,8,,,,,,,,,,,,,,,,,,,,,,,,,,,,,,,,,,,,,,,,,,,,,,Arrive and complete shift change ,Do med count ,Start med pass ,Med pass,Med pass,Med pass,Med pass,Med pass,Treatments ,Treatments ,,,,,,,,,,,,,,,6,6,0,0,4.013,0,1.016,1.016,30.037,1,11.177,11.938,15.016,2,7,"6,8",47,4.178,14.168,15.01,4,1,4,5,1,5,4,1,1,2,5,3,3,"6,8",,Patient has been noncompliant with their treatment plan. Discussed the need to follow plan and prescribed tramadol and a lidocaine ointment. ,9.056,9.056,15.032,1,4,5,5,1,5,5,1,4,1,5,3,3,Explain once again the importance of following care plan ,"Patient continues to be non compliant with care plan 
Reiterated the importance of following care plan 
Tramadol and lidocaine ointment prescribed ",5,3,4,2,1,5,5,5,5,5,5,5,5,5,5,1,1,1,1,1,1,1,1,1,1,1,1,50,50,8,Transitional care in geriatrics ,LPN,8,,97,3,Associates LPN,1,24,,30,2,,1,,,6,3,5,2,4,Treatment,6637fc53-3a40-6dab-b4f0-8645690ad864
2024-05-05 16:00:47,2024-05-05 16:01:44,0,100,56,1,2024-05-05 16:01:44,R_2QSS5EI2dHxI2WE,,,,,34.1496,-89.6446,anonymous,EN,1,7,Nurse Extern,,,,,,,,,,,,,,,,,,,,,,,,,,,,,,,,,,,,,,,,,,,,,,,,,,,,,,,,,,,,,,,,,,,,,,,,,,,,,,,,,,,,,,,,,,,,,,,,,,,,,,,,,,,,,,,,,,,,,,,,,,,,,,,,,,,,,,,,,,,,,,,,,,,,,,,,,,,,,,,,,,,,,,,,,,,,,,,,,,,,,,,,,,,,,,,,,,,,,,,,,,,,,,,,,,,,,,,,,,,,,,,,,663800c8-5ce2-6399-7f69-5a63498cce3c
2024-05-05 15:54:25,2024-05-05 16:15:14,0,100,1249,1,2024-05-05 16:15:15,R_3Lcd7EPNVq6WOUG,,,,,40.7597,-73.981,anonymous,EN,1,1,,,,,,,,,,,,,,,,,,,,,,,,,,,,,,,,,,,,,,,,,,,,,,,,,,,"1,7,8",The internet is governed by the introduction of the new code ,0,0,21.97,0,The introduction of the new version ,3.201,3.201,18.36,1,0,0,16.596,0,Can lead to the independent action ,8.173,8.173,27.666,1,The affordable and availability of the products ,0,0,17.814,0,The productivity of the pro ,1.639,1.639,14.962,1,0,0,16.023,0,In accommodations of works and researches ,5.904,5.904,33.381,1,Technology ,The technology is affordable and accurate ,6.046,37.913,40.61,9,1,2,1,2,1,2,1,2,2,1,1,2,1,1,1,1,1,2,1,1,2,2,1,1,3,2,0,0,4.019,0,15.8,29.166,30.117,5,0,0,15.132,0,5,"3,5",72,0,0,15.132,0,4,4,5,4,4,4,2,4,4,5,4,5,"3,5",73,The affordable and availability ,11.112,11.112,15.026,1,4,5,4,5,4,5,2,4,4,4,5,5,Impulse impression ,"Intelligence, understanding and rules ",6,2,7,4,1,5,4,4,5,4,3,5,4,4,5,4,3,2,3,2,3,4,2,2,4,1,1,40,60,10,Director ,Healthcare ,10,,49,4,Master degree ,1,45,,43,1,,1,,,7,7,7,4,4,Control,6637ffaf-70c7-6e12-591d-0eb30b32c2fb
2024-05-05 16:04:23,2024-05-05 16:35:02,0,100,1838,1,2024-05-05 16:35:03,R_54DAammBmxkQeQN,,,,,29.8627,-95.5846,anonymous,EN,1,3,,,,,,,,,,,,,,,,,,,,,,,,,,,,,,,,,,,,,,,,,,,,,,,,,,,"1,6,8","I utilize FaceTime and Google Meet on a daily basis, to talk to my family and friends.",4.372,17.228,31.083,6,"I use technology at work (computers to reach clients, patients). I use social media (instagram, YouTube) to socialize, get news updates. I use video call apps to speak with my loved ones while at home or out. I have health apps that track my activity.",1.653,57.026,85.155,4,17.105,17.105,50.1,1,During covid I was able to video chat with my loved ones on my birthday when I otherwise would have just been “alone” on my birthday.,5.998,5.998,43.37,1,"I use technology to message and call my loved ones instantly, I utilize my phone as a way to keep track of my thoughts and am able to read and edit what I want to say. ",0,0,17.878,0,"I am always on instagram and YouTube to watch new content. In the background while I work I like to have streaming services on playing , for hours.",5.016,39.667,40.825,3,0,0,25.996,0,I watch streaming platforms to binge watch shows and movies. I use social media apps to look through content I enjoy,8.991,41.442,41.479,2,I read about the “rap beef” between Drake and Kendrick Lamar,"Technology is the ultimate personal tool. Just today, I have been able to utilize my cellphone to see my baby daughter and husband who are in a different town. I have been able to utilize online websites and platforms to get updated news on current cultural trends. And in needing to improve my finances, I utilized online forums to help find ways to increase my monetary status—information I otherwise would not have been able to find.",5.275,150.894,155.117,12,Video camera assessments on intubated and sick patients ,Video assessments,Phone calls to multiple hospitals to obtain census checks and check in on staff,Receive phone calls from hospital RNs in need of ICU assistance from virtual ICU,Call hospitals,Admit patients to virtual icu,Admit patients to virtual icu,Break 30 minutes,Respond to remote patient monitoring alerts and reach out to bedside staff and offer assistance,Check on patients who are alerting,,Go home,,,,,,,,,,,,,4,5,0,0,4.022,0,6.026,28.624,30.038,6,9.603,13.814,15.02,2,6,"5,6",72,4.283,4.283,15.081,1,4,5,5,2,5,2,2,1,2,4,3,4,"1,8",71,"Pt prescribed low dose opioids po to treat pain, but pt did not utilize pain treatment options d/t “not having time.” Alternative pain treatment offered, a one time surgical pain treatment to help decrease patients pain and to reduce chances of noncompliance. Additional topical pain medicine also ordered as needed",0,0,15.02,0,5,5,4,2,5,4,3,2,1,4,3,2,I would ask Dave what might be the reasons he’s not able to follow through with treatment options—go from there,"Pt seen again with no improvement to pain. Pt has declined to utilize pain management recommendations. At this point, recommending additional discussion on why treatment options haven’t been followed",3,4,2,2,1,4,4,5,5,2,3,3,3,5,4,2,3,3,2,1,2,1,2,1,1,0,1,30,70,9,"ICU, Telemedicine",Tele-ICU Registered Nurse,2,,50,3,Bachelors of Science,1,45,,29,2,,2,,,6,3,7,2,3,Control,6638019c-76f3-5ede-1147-7a0e0cac4322
2024-05-05 16:35:24,2024-05-05 16:36:01,0,100,37,1,2024-05-05 16:36:01,R_6ZTC8g70l4X8zvz,,,,,40.2263,-85.777,anonymous,EN,1,7,Clerical,,,,,,,,,,,,,,,,,,,,,,,,,,,,,,,,,,,,,,,,,,,,,,,,,,,,,,,,,,,,,,,,,,,,,,,,,,,,,,,,,,,,,,,,,,,,,,,,,,,,,,,,,,,,,,,,,,,,,,,,,,,,,,,,,,,,,,,,,,,,,,,,,,,,,,,,,,,,,,,,,,,,,,,,,,,,,,,,,,,,,,,,,,,,,,,,,,,,,,,,,,,,,,,,,,,,,,,,,,,,,,,,,66380924-a4de-0a74-d70b-c61c48a39377
2024-05-05 15:47:51,2024-05-05 16:50:11,0,100,3740,1,2024-05-05 16:50:12,R_5gojxq9n42R2tPP,,,,,33.6012,-85.0507,anonymous,EN,1,3,,,,,,,,,,,,,,,,,,,,,,,,,,,,,,,,,,,,,,,,,,,,,,,,,,,"7,8",Check on frienda and family,13.078,13.74,16.276,2,Smart phone and Facebook to check on family and friends,5.733,5.733,42.761,1,22.839,22.839,33.801,1,During covid I had to go to work but stayed at home more than usual just to avoid crowds .I usedfacebook and smart phone toconnect with family and friends,8.572,8.572,117.376,1,Yes my brother in law had covid was hospitalized for weeks almost died.i used my phone and Facebook to check o him.we couldn't even go to the hospital to visit him.,18.301,18.301,19.229,1,Play es on phone use pentressand u tube together recipes and learn more about gardening.,5.905,5.905,73.252,1,21.612,21.612,23.327,1,Streammusic and listen opodcast,7.195,7.195,38.037,1,Today i wentto church read my bible,"I wusr technology to get ideas for rewarding recipes ilove tocook and bake and they have many new recipes 
We love to have a vegetable garden and have got a lot of good ideas how to grow better
",21.77,210.453,212.242,12,Get report from previous shift,Mcheck phys orders order test labs ,Assist patients with eating breakfast,Check vital signs,Report anything that needs reporting to phy,Ask aides if everyone atelunch,Check for new phys orders,"Check for new phys orde
Carry out new phy ordets",Meet Witmer work on nursing care plans,Meet with other staff inform of care plans,Make sure pts got evening meal,Check intake and outputon pts ,Empty cathers,Give report,Go home,,,,,,,,,,2,2,0,0,4.068,0,19.718,19.718,30.03,1,13.681,13.681,16.444,1,5,"7,8",71,13.512,13.512,15.083,1,5,5,5,3,5,4,2,3,1,5,4,3,"1,8",82,StroreevLuaye  revisit 2weeksnrrevaluaye 3 gly advise follow phys orderds,13.025,19.722,25.334,6,5,5,4,3,5,5,3,4,1,5,4,5,Mental health evaluation,Follo hrevisit 3 weeksave mental health evzluationw his orders,1,5,1,2,1,4,3,4,3,3,5,5,4,5,5,1,3,1,1,1,1,1,1,1,1,1,1,100,0,12,Surhery,Rn,,,77,3,Bsn,1,11,,54,2,,1,,,8,7,7,2,2,Control,6637fd2f-fed4-7e73-88cd-308ea5267768
2024-05-05 16:54:23,2024-05-05 16:55:30,0,100,67,1,2024-05-05 16:55:31,R_7RuchVAoIx2jf3z,,,,,39.1642,-84.2356,anonymous,EN,1,7,Licensed Practical Nurse,,,,,,,,,,,,,,,,,,,,,,,,,,,,,,,,,,,,,,,,,,,,,,,,,,,,,,,,,,,,,,,,,,,,,,,,,,,,,,,,,,,,,,,,,,,,,,,,,,,,,,,,,,,,,,,,,,,,,,,,,,,,,,,,,,,,,,,,,,,,,,,,,,,,,,,,,,,,,,,,,,,,,,,,,,,,,,,,,,,,,,,,,,,,,,,,,,,,,,,,,,,,,,,,,,,,,,,,,,,,,,,,,663809d4-bcde-2b62-e298-b3bb1c038fe5
2024-05-05 17:06:44,2024-05-05 17:07:44,0,100,59,1,2024-05-05 17:07:45,R_3CI8GPk05bAB1ih,,,,,33.3121,-111.8213,anonymous,EN,2,,,,,,,,,,,,,,,,,,,,,,,,,,,,,,,,,,,,,,,,,,,,,,,,,,,,,,,,,,,,,,,,,,,,,,,,,,,,,,,,,,,,,,,,,,,,,,,,,,,,,,,,,,,,,,,,,,,,,,,,,,,,,,,,,,,,,,,,,,,,,,,,,,,,,,,,,,,,,,,,,,,,,,,,,,,,,,,,,,,,,,,,,,,,,,,,,,,,,,,,,,,,,,,,,,,,,,,,,,,,,,,,,,,66380f9c-054c-b1ca-3be7-6b4120180b67
2024-05-05 17:14:19,2024-05-05 17:14:44,0,100,25,1,2024-05-05 17:14:45,R_7D8l62FQ6Pl6M2T,,,,,39.8307,-77.2177,anonymous,EN,1,7,Patient Safety Assistant,,,,,,,,,,,,,,,,,,,,,,,,,,,,,,,,,,,,,,,,,,,,,,,,,,,,,,,,,,,,,,,,,,,,,,,,,,,,,,,,,,,,,,,,,,,,,,,,,,,,,,,,,,,,,,,,,,,,,,,,,,,,,,,,,,,,,,,,,,,,,,,,,,,,,,,,,,,,,,,,,,,,,,,,,,,,,,,,,,,,,,,,,,,,,,,,,,,,,,,,,,,,,,,,,,,,,,,,,,,,,,,,,66381087-dbb0-2bd6-02e5-0cb99f37f202
2024-05-05 17:33:01,2024-05-05 17:33:37,0,100,36,1,2024-05-05 17:33:38,R_3scg2a1sXVFJkCS,,,,,36.8272,-119.6805,anonymous,EN,1,7,Lvn,,,,,,,,,,,,,,,,,,,,,,,,,,,,,,,,,,,,,,,,,,,,,,,,,,,,,,,,,,,,,,,,,,,,,,,,,,,,,,,,,,,,,,,,,,,,,,,,,,,,,,,,,,,,,,,,,,,,,,,,,,,,,,,,,,,,,,,,,,,,,,,,,,,,,,,,,,,,,,,,,,,,,,,,,,,,,,,,,,,,,,,,,,,,,,,,,,,,,,,,,,,,,,,,,,,,,,,,,,,,,,,,,663816e4-3a97-9325-8afe-1197f2bbf4d9
2024-05-05 17:36:06,2024-05-05 17:36:38,0,100,31,1,2024-05-05 17:36:39,R_7PEKxRIOtS8oxiE,,,,,41.4647,-72.688,anonymous,EN,1,7,Clerk,,,,,,,,,,,,,,,,,,,,,,,,,,,,,,,,,,,,,,,,,,,,,,,,,,,,,,,,,,,,,,,,,,,,,,,,,,,,,,,,,,,,,,,,,,,,,,,,,,,,,,,,,,,,,,,,,,,,,,,,,,,,,,,,,,,,,,,,,,,,,,,,,,,,,,,,,,,,,,,,,,,,,,,,,,,,,,,,,,,,,,,,,,,,,,,,,,,,,,,,,,,,,,,,,,,,,,,,,,,,,,,,,66381740-3448-42b1-fac9-deb6678d5488
2024-05-05 17:15:15,2024-05-05 17:49:00,0,100,2024,1,2024-05-05 17:49:01,R_2spjFGc5DUT4NYO,,,,,28.8554,-81.6873,anonymous,EN,1,4,,,,,,,,,,,,,,,,,,,,,,,,,,,,,,,,,,,,,,,,,,,,,,,,,,,"5,7",I use email throughout the day to keep up to date with information sent to me. I listen to Spotify while exercising in the mornings ,11.464,18.769,20.366,2,I keep track of my fitness daily. Check my calendar for scheduled activities. Check weather for how to dress. Email is checked several times per day. I have to use EMR for work ,3.727,3.727,96.632,1,9.19,9.19,16.151,1,You are able to contact lost friends and family through the internet ,65.154,65.154,114.035,1,"If unable to speak to someone, texting is still a great way to reach people ",9.696,15.112,16.295,2,I do surveys in spare time. I stream music while exercising. ,50.703,50.703,96.72,1,1.701,76.714,76.731,2,I stream music ,14.912,14.912,48.576,1,Technology in my daily life ,"Do not allow technology to consume your life. Instead, find a balance with interaction with individuals and knowing when to set your technology aside. Balance is my word of advice.",14.955,18.705,135.337,2,Getting turned on for the day,Calling patients with results,Patient visit,Patient visit ,A break,Lunch ,Patient visit ,Patient visit ,Patient visit ,Complete notes ,Drive home,Dinner ,Sleeping,Sleeping ,Sleeping ,Sleeping ,Sleeping ,Sleeping ,Sleeping ,Sleeping ,Sleeping ,Wake up ,Exercise ,Getting ready for work ,2,1,0,0,4.114,0,5.664,5.664,30.02,1,0,0,15.021,0,6,"6,7",,14.051,14.651,15.02,2,4,4,4,3,4,4,2,4,2,3,3,1,"6,7",43,Noncompliance with treatment plan. Pain level unchanged and persistent. Need follow up in 2-4 weeks.,0,0,15.021,0,5,5,4,3,4,5,3,5,1,4,3,1,"At this point, he is noncompliant. He will need to follow up with a specialist to ensure no harm has occurred.",Noncompliance. Referred to a specialist to ensure proper healing and no harm done. May take OTC analgesics ,5,3,3,2,1,1,1,2,2,3,1,3,1,3,4,5,4,4,4,4,1,2,3,3,1,0,0,0,100,19,Urgent care ,PA,19,,47,4,Masters ,1,10,,45,2,,1,,,5,4,7,1,2,Control,663811fc-971c-0add-6102-2b16b251b5b3
2024-05-05 17:43:11,2024-05-05 18:13:49,0,100,1838,1,2024-05-05 18:13:50,R_3HU2rlVJ0OzexpF,,,,,35.6669,-101.3963,anonymous,EN,1,5,,,,,,,,,,,,,,,,,,,,,,,,,,,,,,,,,,,,,,,,,,,,,,,,,,,"1,5,7,8","I use social media to keep up with what my friends and family are posting about, it is also a way to communicate ",0,0,41.374,0,"I use technology to keep up with what’s going on in the world, almost everyone uses it so it feels like I need to as well. Technology is always advancing ",3.751,3.751,88.652,1,0,0,31.994,0,Whenever we had the Covid-19 quarantine lockdown the only way I could communicate to anyone was with technology,6.379,6.379,76.372,1,"I use my phone to call and text, i also use it for sending emails. It makes it easier to send important information out",0,0,24.743,0,I use technology for social media and watching tv shows. Technology gives easy access to that,5.942,5.942,50.876,1,0,0,17.97,0,"I use technology to watch TikTok’s, there are so many creators that make content for entertainment ",7.145,7.145,50.556,1,I read about technology and how it provides entertainment ,Technology can seem a little intimidating but you get use to it with time. Technology provides so many things for us but one that really matters is communication with one another. You can use technology to communicate with many people who are near and far. When I had no other way to communicate with my friends and family during the Covid-19 quarantine lockdown technology really helped with that,6.182,239.059,243.732,13,I clocked in,I fill out patient paperwork in my office ,,A few patients come in,,It starts to get busy with patients around this time,,,,,I clock out,,,,,,,,,,,,,,2,2,0,0,4.01,0,20.765,22.987,30.134,3,0,0,15.131,0,7,"5,7",13,0,0,15.138,0,5,5,4,3,5,4,2,3,3,5,3,4,"4,8",20,"Has hard time fulfilling recommends from doctor 
Pain is still present 
Needs several plans to help with pain",0,0,15.034,0,5,5,4,3,4,4,1,3,3,5,3,4,I would tell him the importance of of taking initiative of this health ,"Pain is still present 
Patient has yet to take an recommendations",4,3,2,2,1,5,4,5,4,5,4,4,3,5,4,2,3,2,3,2,2,2,2,2,2,0,0,50,50,7,Nurse practitioner ,Nurse practitioner ,7,,70,3,Bachelor,1,45,,35,1,,4,,,7,2,4,3,3,Control,66381869-7fff-8867-69f7-0d7a2f718599
2024-05-05 18:07:37,2024-05-05 18:21:37,0,100,839,1,2024-05-05 18:21:37,R_7lzdzcBHqfmQELY,,,,,37.705,-97.2243,anonymous,EN,1,5,,"7,9,3",You have to love ehat you do,4.738,6.381,26.502,2,To understand how to treat them,4.384,4.384,18.786,1,0,0,17.401,0,Because they aren't able to follow recommendations,4.521,4.521,17.531,1,0,0,15.601,0,Understanding tjem,9.609,9.609,15.9,1,They'll be able to do follow up care,1.907,1.907,16.601,1,0,0,15.7,0,Encourages them to keep on top of follow up,5.286,5.286,30.951,1,Patient care and their understanding,Patients look for a doctor that are caring and takes the time to help them understand their care and follow-up care to ensure that they keep their house together,0.968,45.287,45.858,10,,,,,,,,,,,,,,,,,,,,,,,,,,,,,,,,,,,,,,,,,,,,,,Patient vitals,meds,paperwork,check up,,,,,,,,,,,,,,,,,,,,,4,3,0,0,4.137,0,9.056,27.104,30.145,2,0,0,15.038,0,5,"5,6",52,0,0,15.138,0,4,4,5,3,4,3,3,2,2,4,4,3,"5,6",71,"First recommendation was not followed, prescribed nee meds, set up a new treatment plan",0,0,15.138,0,4,3,4,4,4,3,3,3,4,4,4,2,Suggest keeping further reccomendations,"New plan
 New meds
New recommendation",5,3,2,2,1,3,3,3,3,3,4,4,4,3,3,3,4,3,3,3,3,3,3,3,3,1,1,50,50,11,Lpn,Nurse,11,,77,2,Lpn,1,17,,35,2,,3,,,7,4,3,2,2,Treatment,66381eda-91e5-803d-883b-2f92c43cd117
2024-05-05 17:35:43,2024-05-05 18:32:57,0,100,3433,1,2024-05-05 18:32:57,R_2IypRxQoW6dVrw1,,,,,41.8764,-87.6133,anonymous,EN,1,3,,"9,5",My job requires that I have empathy for my patients it reassures them.,11.306,18.622,20.043,8,Because they are in a vulnerable state want to feel as though they are being respected and valued. They need to feel as though they are generally being cared for.,21.076,21.076,168.09,1,0,0,16.962,0,Because they may think that the staff may feel that they don’t trust their expert advice. ,8.731,8.731,85.169,1,0,0,267.82,0,It will help me to better understand their concerns and render the proper care.,20.279,20.279,66.522,1,Because it makes the patient feel as though they are being heard therefore making them have a positive attitude towards their healing.,24.172,24.172,93.5,1,0,0,24.05,0,It gives them a sense of feeling safe and seen.,9.211,9.211,170.399,1,"I read about working with patients and how to make them feel comfortable, valued and seen.","I care for my patients with the utmost respect. I provide empathy, understanding, compassion a listening ear. I never make my patients feel judged. I always try to calm their fears. I fully explain their plan of care and my role in it. I always allow for them to ask questions.I also try to put myself in their place and treat them like I would want to be treated.",1.895,32.74,359.135,6,,,,,,,,,,,,,,,,,,,,,,,,,,,,,,,,,,,,,,,,,,,,,,Received report from off going nurse in patients room,"Sit at desk and go through each assigned patients chart , check meds and all test ordered for the day",Pass morning medicine ,Change all dressings an IV’ s that need to be changed ,"Patent rounds with social worker , case manager and doctors ",Continue with patient rounds,"Pass afternoon meds, received new patient from surgery, asses the patient followed orders and made as comfortable as possible ",Assisted doctor with a bedside bone marty aspiration and did last check on patients before shift change,Gave report to on coming nurse in patients room so they could hear what I was reporting.,,,,,,,,,,,,,,,,4,4,0,0,4.015,0,0,0,30.033,0,0,0,15.131,0,6,"5,6",98,0,0,15.026,0,4,4,4,3,4,3,2,2,2,4,3,3,"5,6",86,"Patient stated that he didn’t fill previously ordered plan of treatment,was made aware of reason why not.Will again try previous treatment order to see if it works before a different plan can be suggested.",0,0,15.035,0,1,5,4,4,4,4,4,3,1,4,3,1,I believe I would have psych to come and see him to see if there is a underlying read why he is not following the treatment plan.,"Saw Dave again today, he is still not following the treatment plan stating he forgot. Will have psych to do a evaluation to see if there is a underlying reason why he is not following the plan of care.",5,3,3,2,1,3,2,3,2,3,3,4,3,4,3,1,1,1,1,1,1,1,1,1,1,0,0,50,50,37,Medical/ Surgical nurse,"Registered nurse, bsn",37,,92,3,BSN,1,14,,64,2,,3,,,8,3,7,3,2,Treatment,66381695-d0b6-6458-f0ea-9755f534d32c
2024-05-05 18:02:26,2024-05-05 18:33:50,0,100,1884,1,2024-05-05 18:33:51,R_1xOZhHk4PkhnTNn,,,,,40.6543,-75.5034,anonymous,EN,1,3,,,,,,,,,,,,,,,,,,,,,,,,,,,,,,,,,,,,,,,,,,,,,,,,,,,"1,4,5,6,7,8",I use Spotify to relax after a long day. I use fb to see what’s going on. I use FaceTime to chat with my daughter in college ,2.85,21.168,23.042,13,To talk to my children and family. To listen to music and play games. To do my paperwork for work. ,2.271,2.271,42.679,1,1.385,16.772,17.48,17,I use FaceTime to talk to my daughter at college ,11.457,11.457,34.11,1,It has helped me to talk to my children. One lives 2 hrs away and I don’t get to see her as much,3.185,15.988,17.041,7,I use it for music. I use Spotify to listen my music. I play games through Facebook or casino games. I watch movies through my apps as well ,5.897,5.897,66.231,1,15.275,16.578,17.512,2,Before I go to bed I watch movies or a show through my apps.  I listen to music when I clean it have people over ,7.284,7.284,48.204,1,How technology is used for my entertainment in my personal life. ,I personally use technology to listen to music and play my games. It helps me stay in touch with family and friends who are busy with school or their own life. It keeps me current on things happening around me. ,4.111,109.782,112.348,5,I started my shift. ,I checked vitals and did meds,I did rounds with others ,Talked with patients and did rounds ,Ate lunch,Checked with patients and did vitals,Did meds,Did last rounds and vitsks,Went home,Took daughter to work,Made dinner,Watched something on tv,Checked messages,Cleaned,Pick daughter up,Got daughter situated,Showered ,Bed,Bed,Bed,Bed,Bed,Got up made lunches,Woke daughter up for school,3,6,0,0,4.013,0,4.448,22.2,30.072,4,4.743,14.313,15.117,7,5,"7,8",,0,0,15.036,0,5,5,5,3,5,3,1,3,3,5,3,5,"7,8",,Gave treatment plan. Dave did not follow. Gave treatment plan again with same instructions ,0,0,15.026,0,4,4,3,3,5,3,1,1,3,5,5,5,Next follow up see how he is doing and improving ,"Dave was given instructions for care 
Did not follow either time. Repeated instruction are follow up to check improvement ",5,3,2,2,1,3,3,3,3,3,3,3,3,3,4,2,3,2,2,1,1,1,1,1,1,1,1,50,50,8,Pediatrics ,Nurse,8,,61,3,Bachelor ,1,39,,42,2,,1,,,5,,2,2,2,Control,66381ce7-cf57-3a90-1cb4-c3adf5a5add4
2024-05-05 18:34:09,2024-05-05 18:35:39,0,100,89,1,2024-05-05 18:35:39,R_5pa7ZbtbVdOAykX,,,,,41.984,-76.5215,anonymous,EN,1,7,,,,,,,,,,,,,,,,,,,,,,,,,,,,,,,,,,,,,,,,,,,,,,,,,,,,,,,,,,,,,,,,,,,,,,,,,,,,,,,,,,,,,,,,,,,,,,,,,,,,,,,,,,,,,,,,,,,,,,,,,,,,,,,,,,,,,,,,,,,,,,,,,,,,,,,,,,,,,,,,,,,,,,,,,,,,,,,,,,,,,,,,,,,,,,,,,,,,,,,,,,,,,,,,,,,,,,,,,,,,,,,,,,66382413-1298-dd55-344f-76c211f5ae9f
2024-05-05 18:24:04,2024-05-05 18:36:53,0,100,768,1,2024-05-05 18:36:53,R_3fjNeZVhos8szkP,,,,,31.1993,-97.9304,anonymous,EN,1,4,,"7,9,2",I’m just going through a rough road and trying my luck ,5.061,15.478,21.57,8,The only way I could do that was if you had to do a lot more work and then you would be done by yourself ,1.536,1.536,8.971,1,0,0,16.075,0,I don’t know if I can get a hold of you but I have a question for you about the car that I have for ,1.382,1.382,8.558,1,0,0,42.932,0,I’m just going through a rough road and trying my luck with a little more money but it’s ,0.968,0.968,5.727,1,I don’t know if I can get a hold of you but I have a question for you ,0.912,0.912,6.224,1,0,0,19.033,0,I’m just going through a rough road and trying my luck with a little more money but it’s hard because ,1.018,1.018,6.169,1,The only way I could do that was if ,The only way I could do that was if you had to do a test and then we can just have it for you if we have a chance of having one and we have the other and I have the one on hand for the other one that we can do it for you and then we can ,0.738,2.798,18.209,3,,,,,,,,,,,,,,,,,,,,,,,,,,,,,,,,,,,,,,,,,,,,,,The only way I could ,The only way to get a ,I’m just going through a ,I’m just going through a ,I don’t know if you have any ,I’m just going through a rough road of grief and I ,The only way I could ,Cub DL and a little more on ,Office Schlueter and the rest are on y,Hank bc I was so mad he didn’t have to go ,I’m just going through a rough road and trying my luck with ,I don’t know if you have any other ideas or if I can get a ,I’m just saying I don’t want you in trouble with ,I’m going back in the morning and then I’m heading ,I’m just saying I don’t know how you i,I’m just going home now to get my hair ,I’m just saying I think it’s a ,Bc so oh coo you don’t want it anymore but ,I have to f Ft ygcg. The best way is by ,Ioooo yucca is a great name to ,I don’t know if I can do tyy,I’m just going through a rough time right now ,The only treer,The uy,1,3,0,0,4.012,0,3.18,24.07,30.234,7,10.121,13.303,15.019,3,7,"1,5",52,5.591,5.591,15.015,1,5,4,3,3,3,3,4,4,1,3,3,2,"1,3",69,I’m just going through a rough road of grief right now and r,3.584,3.584,15.015,1,3,3,3,3,3,3,3,3,3,3,4,5,I don’t know if you have any questions but I’m not gonna ,Hahaha no I didn’t see the link but wthe wthe wI eyetwywiwowowy is a great game for the first two weeks in my life but the game has a very low rating and I can’t ,7,3,4,4,1,3,3,3,3,5,3,4,2,3,4,4,2,4,3,3,2,2,2,2,4,0,0,10,90,14,Juju had been a little more ,Burn my c GC,23,,26,4,I’m just going through my y,1,13,,22,2,,1,,,9,4,4,4,4,Treatment,663822c5-22c3-e91b-82eb-dfabb35fcc38
2024-05-05 18:20:47,2024-05-05 18:45:09,0,100,1461,1,2024-05-05 18:45:09,R_7NwWGcXB2674SQu,,,,,44.2433,-88.3564,anonymous,EN,1,3,,,,,,,,,,,,,,,,,,,,,,,,,,,,,,,,,,,,,,,,,,,,,,,,,,,"2,7,8",Social media to connect with family.,20.539,41.53,43.002,2,I use technology for communication in my personal and professional life.,3.532,3.532,25.901,1,0,0,19.499,0,Communicating with family that lives far away and being able to see them through video conferencing.,7.29,53.137,53.701,3,Get to be able to see the people we are talking to if we choose to. ,9.289,11.494,15.708,4,"Streaming TV, streaming movies, listening to music. ",6.132,29.065,29.742,2,0,0,31.904,0,Watching streaming TV and movies,1.83,57.014,57.589,3,Technology and its uses in my life,"Research shows technology can be used to communicate with others who are near and far.  Google meet and FaceTime are programs that can do this.

When managing a personal project, technology can support productivity. You can use apps to help manage a calendar and due dates and search engines like Google to help research. 

Entertainment with technology has increased rapidly, especially since the COVID-19 pandemic.  There are numerous streaming services that provide access to many shows and movies.",13.137,174.32,176.525,31,Triage,Triage,Triage,Triage,Triage,Triage,Triage,Triage,Triage,Triage,,,,,,,,,,,,,,,4,3,0,0,4.02,0,11.237,11.237,30.151,1,6.998,11.352,15.027,2,5,"7,8",50,10.369,14.519,15.021,3,5,5,5,3,4,4,2,2,2,4,3,4,"7,8",74,"Patient with continued pain, no improvement.  Patient did not follow writers previous recommendations for pain relief.  Encouraged to follow plan as directed by writer. ",0,0,15.03,0,5,5,4,3,3,5,4,4,1,4,3,1,Continue to offer the same recommendations as he needs to try these first before considering stronger or narcotic pain medications.,Patient with continued pain.  Patient continues to not follow provider recommendations.  Recommendations remain the same at this time. ,3,3,3,2,1,3,2,3,3,2,2,2,2,2,2,2,2,3,3,2,2,3,2,2,2,0,0,100,0,19,Primary care,RN,18,,80,3,Bachelors,1,51,,41,2,,1,,,6,3,5,2,2,Control,663821ba-04ff-fbee-04ed-91f51d64c9ea
2024-05-05 18:44:08,2024-05-05 18:45:55,0,100,107,1,2024-05-05 18:45:56,R_5fqIBH759hQH9s5,,,,,40.7652,-73.9588,anonymous,EN,2,,,,,,,,,,,,,,,,,,,,,,,,,,,,,,,,,,,,,,,,,,,,,,,,,,,,,,,,,,,,,,,,,,,,,,,,,,,,,,,,,,,,,,,,,,,,,,,,,,,,,,,,,,,,,,,,,,,,,,,,,,,,,,,,,,,,,,,,,,,,,,,,,,,,,,,,,,,,,,,,,,,,,,,,,,,,,,,,,,,,,,,,,,,,,,,,,,,,,,,,,,,,,,,,,,,,,,,,,,,,,,,,,,,66382628-13a0-8905-6d19-72c7e437b8f1
2024-05-05 18:59:17,2024-05-05 19:25:11,0,100,1554,1,2024-05-05 19:25:12,R_2UWoCovQqsHg6nQ,,,,,41.892,-87.6416,anonymous,EN,1,1,,"9,3",It has been shown that when the physician-patient relationship bond is strong and healthy as well as open communication there are better outcomes and results across specialties in terms of clinical and surgical outcomes as well as adherence to pharmacological therapy ,0,0,51.675,0,It is critical because understanding THEIR understanding allows you to better navigate gaps in understand and communication that may lead to issues further on,0.92,0.92,25.545,1,0,0,19.288,0,"There is a preconceived notion that can be true, that physicians are short aloof and cold and are not willingly forthcoming to be transparent w patients. The physician is an intimidating position for those",2.403,30.348,39.544,3,35.469,35.469,35.488,1,It would teach me how to better communicate with patients of similar backgrounds in the future and allow me better perspective of what I need to focus and  improve on to become a better clinician nd communicating with tgem,25.789,25.789,62.001,1,They will feel both comfortable and more trustworthy of the providers care as well as Be more likely to adhere to treatment ,0.822,0.822,22.201,1,0,0,86.297,0,They are much more likely to be trustworthy and display trust and comfort in the plans recommended,2.557,2.557,20.949,1,I read about the dynamics of communication within the physician patient relationship and it’s importance,There will be many challenges and obstacles in your career as a physician. Some times there will be moments of disappointment and frustration. However it is imperative to remember that the patient relationship is a vital sacred one that cannot be replicated outside of this profession. People’s health and lives are within your realm of impact and it’s extremely important to acknowledge that in order to provide great communication with patients who may present with diverse backgrounds and varying levels of health literacy. ,0.802,17.635,100.641,14,,,,,,,,,,,,,,,,,,,,,,,,,,,,,,,,,,,,,,,,,,,,,,,Come in,See patients,Operation,Operation,Lunch,Didactic ,Didactic,Rounds ,Operation,,,,,,,,,,,,,,,5,4,0,0,4.111,0,0,0,30.023,0,0,0,15.022,0,5,"7,8",73,0,0,15.122,0,2,3,5,2,4,3,2,2,2,5,3,5,"6,7",100,Dave presents with subacute dull aching ankle pain. He was recommended to do PT and Tylenol for pain. Today he stated he had not followed through and is still having significant discomfort,0,0,15.018,0,2,5,4,3,5,3,2,2,2,4,5,4,I would continue to recommend the same thing until he follows thru before escalating level of care ,Dave originally presented with ankle pain. He was advised to do physical exercises to alleviate his pain along with OTC pain meds but failed to do so. He has not followed exercises. Will reasses need for escalating level of care,6,3,4,3,1,5,5,5,5,5,3,3,5,5,5,1,3,2,3,1,1,1,1,2,1,0,0,100,0,2,Neuro,Resident,2,,75,4,MD,1,14,,26,1,,1,,,6,4,5,3,3,Treatment,66382ad4-8316-a475-a162-bd94821e6398
2024-05-05 19:29:46,2024-05-05 19:31:15,0,100,89,1,2024-05-05 19:31:16,R_2mqtmEvnAWuwzty,,,,,34.3914,-77.6597,anonymous,EN,1,7,CNA / Med teck,,,,,,,,,,,,,,,,,,,,,,,,,,,,,,,,,,,,,,,,,,,,,,,,,,,,,,,,,,,,,,,,,,,,,,,,,,,,,,,,,,,,,,,,,,,,,,,,,,,,,,,,,,,,,,,,,,,,,,,,,,,,,,,,,,,,,,,,,,,,,,,,,,,,,,,,,,,,,,,,,,,,,,,,,,,,,,,,,,,,,,,,,,,,,,,,,,,,,,,,,,,,,,,,,,,,,,,,,,,,,,,,,66383191-3bc5-6e48-728d-5c9f0175ae7a
2024-05-05 17:50:08,2024-05-05 19:46:38,0,100,6990,1,2024-05-05 19:46:39,R_2oItAzJweKm0oqp,,,,,39.37,-76.6745,anonymous,EN,1,3,,,,,,,,,,,,,,,,,,,,,,,,,,,,,,,,,,,,,,,,,,,,,,,,,,,"1,7","I use my computer to document health findings, research disease processes & their treatments as well as using email to communicate with clients, colleagues & professional organizations.",0,0,55.097,0,"I use my cell phone alarm to wake me & warn me of upcoming appointments; my calendar app to notify me of upcoming events & schedule my day; email to communicate with others; search engines to research needed topics, & EMR to document visit findings.",5.523,330.661,373.791,8,0,0,22.6,0,"During COVID, we had to use video chats to communicate with others while maintaining isolation.  Through the use of cameras, we were able to examine & have face-to-face communication in a safe manner.",13.705,13.705,193.285,1," As we are all more busy, I communicate with others via text & emails rather than phone calls.  These can be answered at one's leisure without risk of ""telephone tag"".  This has actually strengthened bonds & allowed for more collaboration.",12.976,12.976,96.16,1,I can order & reserve books from many libraries online.  Watch videos on You Tube & television programs on Peacock & other platforms.,9.261,428.493,477.769,6,0,0,21.089,0,Watch videos & television programs via various platforms; Play computer games.,19.063,19.063,116.373,1,The use of technology to make more productive use one's time.,"  We all have busy lives.  Work, home life & education demands interfere with our interpersonal relationships.  Through the use of technology, we can better manage all these.
   Relationships, like flowers, need time & attention to prosper. Work, home life & education demands as well as the work schedules of others often interfere with fostering relationships.
My client's needs often extend into my personal time.  To maintain contact & relationships, I now use text & email to communicate & often schedule video calls for face-to-face talks. 
   My cell phone apps maintain my schedule.  Calendar keeps & reminds me of my appointments while nightly I set Clock alarms for the next day's meetings & events.  When possible, I even schedule ""me time"" to exercise & recharge. 
   Going out to events or movies rarely fit my schedule or budget.  Many programs, videos & events are recorded & available on-demand at sites like YouTube & Peacock.
   With a little creativity, you can regain a better work-life balance & connection to important people in your life.",58.759,2049.704,2196.32,66,Preparation/breakfast/Walk dog,Client/Meetings,Client/Meetings,Client/Meetings,Client/Meetings,Client/Meetings (Try to squeeze in Lunch),Client/Meetings,Client/Meetings,Client/Meetings,Client/Meetings,Walk dog/Catch up documentation/Research,Catch up documentation/Research,Dinner/Answer messages,Complete unfinished tasks & household chores,Complete unfinished tasks & household chores,Complete unfinished tasks & household chores/Relax,Read/Bedtime,Hope to sleep,Hope to sleep,Hope to sleep,Hope to sleep,Hope to sleep,Hope to sleep,Hope to sleep,4,6,0,0,4.022,0,0,0,30.126,0,0,0,15.021,0,6,"6,7",,0,0,15.028,0,3,5,5,3,5,3,1,1,3,5,4,4,"6,7",,"Recommended Tylenol 650 mg po Q6 hours with supportive ankle wrap X 4 days.
To limit walking & weight bearing activities
If no improvement, will start Toradol & Ortho referral
Client states no improvement since last visit but has not been compliant with above directions.",0,0,15.138,0,4,5,4,4,5,4,3,3,2,5,3,4,Refer to Ortho.  Continue Tylenol Q8 hours,"Client admits non-compliance with prior treatment plan X 2 visits
States no improvement in pain.
Made Ortho referral & encouraged keeping appointment.
To continue Tylenol 650 mg Q8 hours PRN",2,3,2,2,1,4,3,4,3,2,2,1,2,2,2,2,3,3,3,2,2,2,2,2,3,1,1,90,10,42,Community Health,Registered Nurse,41,,51,3,BSN,1,33,,65,1,,1,,,5,4,6,2,2,Control,663817b2-fb95-2e44-e4c2-5e83594c45e4
2024-05-05 19:14:20,2024-05-05 19:49:45,0,100,2124,1,2024-05-05 19:49:46,R_5E5o9apwHIUUS6l,,,,,37.2555,-79.1254,anonymous,EN,1,1,,,,,,,,,,,,,,,,,,,,,,,,,,,,,,,,,,,,,,,,,,,,,,,,,,,"1,6,7",I use my desktop at home for researching and chooses places to go with my family and things to do while we are there.,0,0,33.88,0,"I use my watch for fitness tracking and telling the time and date and notifications from text messaging. I use my cell phone for sending and receiving phone calls, one phone for work and one phone for personal use. I use a smart tv at home that is connected to the internet for television and movies. ",1.79,63.606,106.081,2,0,0,30.185,0,Any time i need to communicate with someone who isn't near a traditional landline phone. It used to be to contact a person they had to be near a landline phone and you had to know that they were there.,6.096,6.096,54.429,1,It let's me stay in contact with my family no matter where they are and let's me coordinate things to be more efficient.,104.298,104.298,107.535,1,My television to watch shows and movies with my kids. My internet wifi service that makes that possible.,4.443,4.443,58.614,1,0,0,21.85,0,"Watching television with my boys, tv shows or movies. We use a big screen TV with built-in apps for streaming what we watch.",5.323,5.323,96.222,1,How i use technology in my personal life on a day to day basis.,Acess to television has changed dramatically over the last five years. It used to be that you got most everything from a cable provider and maybe you were signed up for Netflix. Not it seems all television is moving over to streaming services and being able to get everything on demand. ,41.289,41.289,142.411,1,not working,not working,not working,not working,Head to work.,I arrive and open the clinic.,Get systems booted up and active.,Run diagnostics on all of the stations.,Make sure everything is in proper order before patients arrive.,We start receiving patients.,Treat patients until 10:00pm.,Treatments.,Treatments,Treatments,Treatments.,Close clinic to public. ,Start shutting down stations and making sure everything is in order.,Head home.,not working,not working,not working,not working,not working,not working,6,6,0,0,4.011,0,0,0,31.92,0,10.668,11.547,15.12,3,5,"7,8",64,0,0,16.528,0,1,5,5,1,5,1,1,1,3,5,3,3,"7,8",63,Patient described continuing pain. Patient was prescribed over the counter medication for pain relief and instructions for usage. Patient did not follow instructions.,0,0,16.791,0,1,4,5,1,5,4,1,1,2,5,3,3,I would continue to prescribe the same treatment until he follows it so we can see if further action is needed.,Patient is having continued pain. Patient was prescribed over the counter medication and instructions for treatment but has not followed treatment.,6,3,4,2,1,3,1,3,1,4,4,4,4,4,4,1,1,1,1,1,1,1,1,1,1,0,0,100,0,19,PCP,Owner of an outpatient clinic for patients with type 2 diabetes,11,,100,4,MD,1,48,,46,1,,1,,,8,3,6,3,3,Control,66382dbc-6db3-b985-b19c-0d98cf2e80e5
2024-05-05 19:53:44,2024-05-05 19:55:16,0,100,91,1,2024-05-05 19:55:16,R_3QJxVVyoDUnd55B,,,,,41.6289,-93.7255,anonymous,EN,1,7,LPN,,,,,,,,,,,,,,,,,,,,,,,,,,,,,,,,,,,,,,,,,,,,,,,,,,,,,,,,,,,,,,,,,,,,,,,,,,,,,,,,,,,,,,,,,,,,,,,,,,,,,,,,,,,,,,,,,,,,,,,,,,,,,,,,,,,,,,,,,,,,,,,,,,,,,,,,,,,,,,,,,,,,,,,,,,,,,,,,,,,,,,,,,,,,,,,,,,,,,,,,,,,,,,,,,,,,,,,,,,,,,,,,,66383712-4ceb-0181-9fc6-5bdc2e69d4ff
2024-05-05 19:24:47,2024-05-05 20:01:45,0,100,2218,1,2024-05-05 20:01:46,R_1qm5EFAXx7W0BTZ,,,,,27.407,-99.4884,anonymous,EN,1,3,,"7,9,5",I understand that not everyone comes from the same background and everyone had different needs. I like to help and provide the necessary treatment and resources for everyone I treat.,7.351,13.739,16.284,2,To communicate at their level of understanding and looking for resources to assist them.,17.201,74.298,74.781,2,4.706,10.58,16.239,4,Fear of being looked down on or not being able to communicate with someone due to a language or physical barrier. ,4.125,68.552,69.116,2,13.294,15.322,15.988,4,Allow patients to lose the fear for asking for help ,20.248,73.396,74.001,2,They can heal quickly and without the complications ,4.756,60.547,61.042,2,5.967,10.173,15.958,5,Better health and no need for prolonged hospital visits or stays,10.5,57.569,58.081,2,Patients needs and health care providers ,"Please be humble and always treat patients as if you were treating an immediate family member.  You are not robot. Have feelings and allow yourself to treat your patients with knowledge, compassion and understanding or their beliefs and values. ",2.755,255.196,255.896,24,,,,,,,,,,,,,,,,,,,,,,,,,,,,,,,,,,,,,,,,,,,,,,,,,,,,,,,,,,,,,,,,,,,,,,6,6,0,0,4.02,0,6.369,8.312,30.125,2,0,0,15.021,0,5,"7,8",65,0,0,15.019,0,4,3,4,3,5,3,3,3,3,5,3,5,"7,8",75,"Start and continue medication regimen as previously ordered.
Obtain order for x-ray and follow up with results. 
Modify regimen depending on x-ray results as needed ",0,0,15.022,0,5,4,4,3,3,3,4,3,2,5,3,2,Get more information on his pain,,,4,2,2,1,5,5,5,5,2,2,2,3,5,4,3,2,4,4,4,4,4,4,4,4,1,1,50,50,25,Nursing ,Registered Nurse ,10,,60,3,Associate Degree ,1,45,,49,2,,4,,,6,,4,1,3,Treatment,66383016-af81-942e-fdb7-ef3037e43f97
2024-05-05 20:06:36,2024-05-05 20:08:52,0,100,135,1,2024-05-05 20:08:52,R_1D88ei70LxGHYzv,,,,,37.7279,-77.4872,anonymous,EN,1,7,LPN,,,,,,,,,,,,,,,,,,,,,,,,,,,,,,,,,,,,,,,,,,,,,,,,,,,,,,,,,,,,,,,,,,,,,,,,,,,,,,,,,,,,,,,,,,,,,,,,,,,,,,,,,,,,,,,,,,,,,,,,,,,,,,,,,,,,,,,,,,,,,,,,,,,,,,,,,,,,,,,,,,,,,,,,,,,,,,,,,,,,,,,,,,,,,,,,,,,,,,,,,,,,,,,,,,,,,,,,,,,,,,,,,663835e2-a558-0800-69d1-e336450e2a93
2024-05-05 19:35:49,2024-05-05 20:09:53,0,100,2044,1,2024-05-05 20:09:54,R_3hAwQngZjRyhZ6r,,,,,38.5774,-90.6709,anonymous,EN,1,3,,,,,,,,,,,,,,,,,,,,,,,,,,,,,,,,,,,,,,,,,,,,,,,,,,,"1,7,8",I use my laptop to check my emails and online shopping as well as surveys and read the news.,4.624,26.274,26.301,8,"I use it to communicate with people ( text, email, social media). I use it to travel. I use google maps when I drive snd Uber app when I am not driving my car. I use it to shop and order food. I use Amazon, door dash, instacart.  I use it to catch up on the nastiest news and for fun when playing games or watching movies.",6.612,161.945,163.1,5,2.621,22.892,23.715,13,"When I was working in the nursing home during covid, I used it to commute with my family as I did not want to expose them to anything ",5.88,55.158,55.513,2,I use it to know when there are events within my family such as birthdays snd weddinfs. I use social media to keep up,1.159,5.501,16.416,3,"I use it to watch movies and tv shows, play games, and do other activities such as shopping ",5.365,5.365,44.442,1,11.376,11.376,34.996,1,For movies and games,32.486,32.486,45.421,1,About technology and it’s uses throughput our lives.,"I just read a iut technology and how it’s changed our lives. For example when covid was around, we had no choice except to use it or lose contact with people. We use it do much that I can’t imagine our lives without it. ",24.543,124.846,125.899,10,Get report ,Pass meds,Feed breakfast,Toilet patients,Treatments,Lunch break,Residents linch,Pass medications,Chart,Give reporters ,,,,,,,,,,,,,,,6,5,0,0,4.115,0,6.22,23.362,30.03,12,13.425,14.293,15.022,2,7,"7,8",90,0,0,15.007,0,4,4,5,3,5,2,1,3,2,5,3,3,"6,7",74,Dave complains of pain in his ankle however is non compliant with past recommendations. MD orders past recommendation along with an added topical me. Follow up with patient as ordered. ,0,0,15.021,0,5,5,5,3,5,4,2,3,1,5,3,3,Tell him you can not make any further recommendations until he tries the ones already ordered.,Continues to complain of pain. Continue to be non compliant. States he forgot. No further recommendations fgiven due to non compliance. ,3,5,2,2,1,4,4,5,5,4,4,5,3,5,5,1,1,1,2,1,1,1,1,1,1,1,1,50,50,21,Director of nursing ,Director of nursing ,9,,100,3,Associate ,1,14,,44,2,,1,,,7,4,6,1,1,Control,66383313-ea14-daf5-d658-f5243e540cde
2024-05-05 20:07:34,2024-05-05 20:10:14,0,100,159,1,2024-05-05 20:10:14,R_3FRSqNzKXyr3nsZ,,,,,31.1823,-83.7641,anonymous,EN,1,7,CNA,,,,,,,,,,,,,,,,,,,,,,,,,,,,,,,,,,,,,,,,,,,,,,,,,,,,,,,,,,,,,,,,,,,,,,,,,,,,,,,,,,,,,,,,,,,,,,,,,,,,,,,,,,,,,,,,,,,,,,,,,,,,,,,,,,,,,,,,,,,,,,,,,,,,,,,,,,,,,,,,,,,,,,,,,,,,,,,,,,,,,,,,,,,,,,,,,,,,,,,,,,,,,,,,,,,,,,,,,,,,,,,,,66382cec-e267-965b-a212-c37c0dd08d5b
2024-05-05 19:20:26,2024-05-05 20:18:46,0,100,3499,1,2024-05-05 20:18:47,R_2PUgYyG7fycTsFZ,,,,,33.5226,-86.8033,anonymous,EN,1,3,,"7,9,5",Sensitivity is important to me because everyone is an individual and needs may be different from ithers. One has to try to be sensitive to each patient's needs to be able to treat them properly.,0,0,45.328,0,"A patient may have a cultural habit or tradition that can strongly effect their health choices, i.e. food, holistic or scientific remedies, or fears of doctors/nurses.",4.7,4.7,78.676,1,0,0,39.918,0,"They may be concerned about being judged due to health, weight, income limitations or possibly because they may not understand how the medical professional is talking to them.",37.398,86.358,110.899,3,0,0,24.395,0,I feel I can always learn from every patient I interact with. These interactions can increase my knowledge of cultures and traditions as well as help increase their trust in me.,22.2,22.2,65.275,1,This would afford a more cohesive relationship with the patient so they trust me and hopefully return for future appointments and encourage compliance with medications.,5.201,5.201,61.778,1,0,0,36.158,0,"Patients have been more willing to focus on improving their health, taking medications, and returning for appointments.",6.098,6.098,49.426,1,I read about patient interaction and how these interactions go can positively effect the patient/provider relationship.,"Please take time to speak with the current care providers about how our unit functions, current patients, and what we do for each patient. We pride ourselves on being hard-working and also compassionate for each patient's specific needs. Please be understanding of their health and cognitive issues and project that in your communication and interaction with each one.",28.49,142.067,142.847,9,,,,,,,,,,,,,,,,,,,,,,,,,,,,,,,,,,,,,,,,,,,,,,Gave report to the oncoming day shift nurses and social worker,,,,,,,,,,,,Clocked in for shift and report,Med pass,Charting and/or helping with bedtime care for patients,Charting,Charting,Charting,Charting,Charting,Chart audits,Chart audits,Prepare for AM vitals,Complete AM vitals,4,5,0,0,4.022,0,23.687,23.687,30.039,1,0,0,15.03,0,4,"7,8",49,0,0,15.025,0,4,4,5,3,5,1,1,1,3,5,5,5,"7,8",49,Encourage Dave to use the treatments prescribed regularly. Ask Dave to pay attention to what may relieve or make the pain worse. And encourage Dave to return for re-evaluation.,0,0,15.029,0,5,5,5,3,5,1,3,4,2,5,5,2,Encourage Dave to follow orders and return for re-evaluation if the pain does not improve.,Patient presents with continued pain. He does not state and increase. Pt states he has not been using the prescribed pain relief. Ecouraged to treat pain with prescribed methods and return if not improved.,7,3,3,2,1,4,4,4,4,2,3,5,4,5,5,3,4,2,3,1,1,1,1,1,1,1,1,50,50,15,Psychiatric,Registered Nurse Charge,4,,90,4,Masters ,1,1,,46,2,,1,,,6,5,4,3,2,Treatment,66382f4d-02ce-e903-7795-4625990a2be6
2024-05-05 20:29:15,2024-05-05 20:29:31,0,100,16,1,2024-05-05 20:29:32,R_3uJKA8SKk8weaJt,,,,,39.9241,-105.0639,anonymous,EN,2,,,,,,,,,,,,,,,,,,,,,,,,,,,,,,,,,,,,,,,,,,,,,,,,,,,,,,,,,,,,,,,,,,,,,,,,,,,,,,,,,,,,,,,,,,,,,,,,,,,,,,,,,,,,,,,,,,,,,,,,,,,,,,,,,,,,,,,,,,,,,,,,,,,,,,,,,,,,,,,,,,,,,,,,,,,,,,,,,,,,,,,,,,,,,,,,,,,,,,,,,,,,,,,,,,,,,,,,,,,,,,,,,,,66383ffd-a77d-6a7e-17ce-2d772cb3fa52
2024-05-05 20:42:16,2024-05-05 20:43:24,0,100,67,1,2024-05-05 20:43:25,R_3q9c28VYPDAgV12,,,,,37.045,-76.4067,anonymous,EN,2,,,,,,,,,,,,,,,,,,,,,,,,,,,,,,,,,,,,,,,,,,,,,,,,,,,,,,,,,,,,,,,,,,,,,,,,,,,,,,,,,,,,,,,,,,,,,,,,,,,,,,,,,,,,,,,,,,,,,,,,,,,,,,,,,,,,,,,,,,,,,,,,,,,,,,,,,,,,,,,,,,,,,,,,,,,,,,,,,,,,,,,,,,,,,,,,,,,,,,,,,,,,,,,,,,,,,,,,,,,,,,,,,,,6638427d-8a33-4ae1-4b3f-b4078b35f727
2024-05-05 20:48:32,2024-05-05 20:49:54,0,100,82,1,2024-05-05 20:49:55,R_3s5q0aFqYrh6kbg,,,,,32.3012,-90.1834,anonymous,EN,1,7,Cna,,,,,,,,,,,,,,,,,,,,,,,,,,,,,,,,,,,,,,,,,,,,,,,,,,,,,,,,,,,,,,,,,,,,,,,,,,,,,,,,,,,,,,,,,,,,,,,,,,,,,,,,,,,,,,,,,,,,,,,,,,,,,,,,,,,,,,,,,,,,,,,,,,,,,,,,,,,,,,,,,,,,,,,,,,,,,,,,,,,,,,,,,,,,,,,,,,,,,,,,,,,,,,,,,,,,,,,,,,,,,,,,,66384467-5cd7-cd69-9da7-f1eae6124974
2024-05-05 17:58:05,2024-05-05 20:50:31,0,100,10346,1,2024-05-05 20:50:32,R_1UEDfC1b9XcOO4N,,,,,37.7252,-77.5546,anonymous,EN,1,3,,"9,4,5","My patient is non-verbal and required total care, which must be frustrating for her. She is about to become a teenager, so that introduces it's own set of frustration for her. When she is moaning, I ou",4.574,175.013,175.701,53,"If you meet them where they are and understand their perspective, you are more likely to develop their trust and draw them into a collaborative relationship with a higher level of compliance with their treatment plan and thus, the  likelihood of positive health outcomes.If they are not met where they are, the HCPs words will sound like preaching.",4.812,672.781,673.398,18,21.643,210.239,210.789,33,"Fear of looking ignorant, fear of being llminimalized",82.069,82.069,206.804,1,4.603,482.62,483.063,17,I would know what the care obstacles are before they happen and give me the chance to tailor treatments to their schedule/situation. It would remove PCP frustration.,1.542,317.098,317.501,9,"They would feel seen and respected, I creasing trust.",12.157,33.989,34.523,2,11.935,501.223,502.075,35,"I work with children, so much of the compliance comes from developing a relationship with the patient, and also with the parents, for increased compliance. It takes a lot of their energy do often the compliance only lasts for short bursts.",2.146,107.831,418.4,5,PcP-Patient Relationships correlate with increased trust and compliance for improved outcomes.,"Congratulations on passing tour Boards and beginning your practice. Burnout is a real thing. Part of it is from the pace of practice and having more patients than time to give the sort of care you learned about in school. Part of burnout comes from feelingnignored by your patients when they do not follow your advice. You can impact the latter more than the former. Make an effort to understand your patient's true life. You can then build patient trust, encourage ownership of their health, increase compliable and improve their outcomes. Or you can lecture, bang a gong and collect a paycheck. What do you want your practice to look like and what legacy do you want to leave? Good luck in your endeavors.",11.861,2401.475,2405.57,56,,,,,,,,,,,,,,,,,,,,,,,,,,,,,,,,,,,,,,,,,,,,,,1on 1 patient,"Arrive, get report from patient's mom,  begin preparing meds, tubefeed. Head to toe assessment, vital signs, give first med npo, Change her diaper, finish skin assessment, turn to right side, ROM arms and legs.","Start tubefeed, give seizure meds and others, finish and flush tubefeed","Turn, check diaper",Into wheelchair for online school,"Tubefeed in chair, building endurance to 2 hours","Flush gtube, Back to bed, change diaper, turn to Right",Afternoon med,Tubefeed,"Flush gtube, report, depart",Home,Home,Home,Home,Home,Home,Home,Home,Home ,Home,Home,Home,Home,Home,5,1,0,0,4.125,0,19.592,23.763,30.03,3,0,0,15.033,0,5,"7,8",90,0,0,15.031,0,4,4,5,1,5,2,1,1,3,4,4,2,"7,8",82,"Follow up appointment with no improvement in pain. Patient did not take Tylenol nor use Lidocaine due to perceived time constraints. Asked about his schedule, sought his input for ways he could prepare and package 3-4 doses of Tylenol to take throughout his day, along with recommendation to acquire roll on topical Lidocaine. Demonstrated ease of application. Let patient return demonstration with office samples. Helped him write a time schedule for each. Gave opportunity to ask questions. Patient will follow-up if bo improvement after initiating these modalities.",9.424,9.424,16.543,1,5,5,5,2,2,3,4,3,2,4,3,1,Assess for any learning difficulties. Farm gim out to my PA,Return visit for ankle pain that did not resolve on its own. Patient did not take recommended d Rylenol or topical Lidocaine for unknown reasons. Thought he understood the treatment plan of the last visit. He may require a Social work referral to assess his self-care ability or social history.,6,3,2,2,1,2,1,1,1,4,4,5,3,5,2,1,3,1,1,1,1,2,1,1,2,1,1,70,30,36,"Registered nurse have worked in many areas over the years Physical rehab, med surg, obgyn, neuro, hospital, private practice, home health tried a year of retirement, and back in home health part time with 1 pediatric neuro patient",RN,2,,100,3,BS,1,48,,59,2,,1,,,8,6,5,2,2,Treatment,66381b38-d0c6-b19a-dd25-c8af72479c5f
2024-05-05 20:47:57,2024-05-05 21:14:31,0,100,1593,1,2024-05-05 21:14:31,R_58UqhF058YcEkvn,,,,,32.7507,-97.2095,anonymous,EN,1,3,,"9,3,5",You need to be able to take care of yourself patient and understand why they are having the problems that they are. ,2.772,2.772,27.455,1,It can help you care for their needs and can help you make their plan of care fit their needs,112.934,112.934,171.769,1,0,0,20.721,0,They don't want to be looked at as someone who doesn't understand what is going on ,10.881,10.881,33.364,1,0,0,25.192,0,It can help you give them the info that they need and can help them work with you more. ,13.064,13.064,33.135,1,It can help themnunderstand what is going on and how to help themselves and work with you ,3.326,3.326,17.878,1,0,0,17.742,0,It helps the whole care team work together to get the best results ,5.065,5.065,17.62,1,I read about the upcoming election ,Please take the time to listen to the patient and the nurse. They have worked together and are working together to get the best cafe and the most out of that care. Spending time listening and making a plan that is the best for the patient is what is needed and is the best for their care. This can and will lead to better outcomes and they are more likely to stick with the plan and continue to work on their health. ,1,89.264,90.127,7,,,,,,,,,,,,,,,,,,,,,,,,,,,,,,,,,,,,,,,,,,,,,,Report given ,Sleep,Sleep,Sleep,Sleep,Sleep,Sleep,Sleep,Wake up,Get ready for the day,Dinner,Travel to work,Report received ,Vitals,"Vitals, labs","Vitals, CXR",Vitals,Vitals,Vitals,Vitals,Vitals,"Vitals, CHG bath",Vitals,"Vitals, report given",3,3,0,0,4.015,0,0,0,30.021,0,0,0,15.021,0,6,"5,7",,4.461,8.428,15.023,4,4,3,4,3,4,2,2,2,4,4,4,5,"1,5",,"Pain was assessed, new medication was given. Plan of care updated. Will continue to follow up. ",0,0,15.019,0,4,5,4,3,4,4,2,4,2,4,4,2,Not sure,"Spoke with patient, pain still has not improved. Patient has not had the motivation to reach other. New plan of care in place. ",3,3,3,2,1,3,3,3,3,3,3,3,2,3,3,2,3,2,3,2,2,2,2,2,2,0,0,50,50,4,RN,RN,3,,40,3,Associates ,1,45,,29,2,,1,,,6,6,7,2,2,Treatment,66384404-3582-a9df-098c-58b322177fb7
2024-05-05 21:11:39,2024-05-05 21:36:55,0,100,1515,1,2024-05-05 21:36:55,R_5w9zXPee9BrTLG1,,,,,39.9758,-83.12,anonymous,EN,1,3,,,,,,,,,,,,,,,,,,,,,,,,,,,,,,,,,,,,,,,,,,,,,,,,,,,"1,2,4,5,6,7,8","I use one of these types of technology to find clients, keep up with the work I do for my clients and to turn in any paperwork that’s needed for my job",4.886,12.813,16.96,3,"I use technology for personal use by doing my banking, house payments, car payments, utilities and my grandmothers bills from my technology. I also use it for my jobs",3.434,58.191,58.742,3,1.121,1.121,16.555,1,"During the pandemic, technology allowed us to stay in contact with family and it also allowed social media to bring people together and get to know new people all over the world in a time where we were made to stay in the house for protection. ",3.879,3.879,64.644,1,No I have never used technology to improve communication in my everyday life. It helped me use communication to keep in touch with people but there was nothing to improve communication wise. ,11.634,11.634,16.194,1,"I use technology to listen to music, watch music videos, watch live concerts ",5.249,5.249,30.588,1,0,0,16.102,0,"Listening to my music using the music apps, pandora or youtube",4.387,25.814,27.201,2,I read about the different ways technological can help people all around the world ,"Technology can help you in ways that you probably done really realize. Now days you can deposit checks into your bank account using technology, talk to family and friends using video call whether it’s FaceTime or Google . It can help kids with their home work and even use it to grocery shop and clothes shop. Technology can be very helpful when used correctly. ",1.674,25.472,143.379,4,"Wake up, take a shower and brush my teeth",Make me some breakfast,Clock in at work,Take care of my grandmother,Take care of my grandmother,Take care of my grandmother,Take care of my grandmother,Take care of my grandmother,Take care of my grandmother,Go to the next clients house,Cook her dinner,Do her laundry,Make her bed and help her get ready for bed,Make sure all of my work is done,Clock out from work,Go home and get ready for the next work day,Sleep,Sleep,Slee,Sleep,Sleep,Sleep,Sleep,Sleep,4,6,0,0,4.013,0,2.628,28.644,30.023,4,14.044,14.044,15.12,1,3,"7,8",82,0,0,15.015,0,5,5,5,1,5,3,1,1,2,5,5,4,"7,8",84,"Complained about bad pain, stated that he didn’t have time to do the recommendations that the doctor suggested, needs to take time to manage pain and do the recommended treatment ",0,0,15.119,0,5,5,5,3,4,4,4,4,3,5,5,2,I would give him one more chance to follow the suggestions provided and if he doesn’t then I would have to refer him to another doctor ,"Still didn’t do the recommended suggestions, admitted to being lazy, doesn’t seem like his pain is that bad since he refuses to do the suggested suggestions ",4,1,4,3,1,5,5,5,5,4,4,4,3,5,5,2,2,2,2,1,1,1,1,1,1,1,1,50,50,15,Home health care and nursing,Rn ,6,,83,2,High school diploma ,1,36,,4,2,,3,,,6,4,3,2,2,Control,663849a8-8c4a-0fe6-86b9-f684af6dbc08
2024-05-05 21:35:11,2024-05-05 22:07:29,0,100,1937,1,2024-05-05 22:07:29,R_7akpH2BAnjGiPUx,,,,,29.6709,-98.6849,anonymous,EN,1,3,,,,,,,,,,,,,,,,,,,,,,,,,,,,,,,,,,,,,,,,,,,,,,,,,,,"1,6,7",I use FaceTime to talk to my daughter everyday ,3.289,15.343,16.266,3,"Order grocer Online, check email, check Facebook, check my bank account. ",5.386,47.27,61.874,3,2.586,2.586,16.484,1,"When the power went out due to ice storm, I used cell to check in with family",17.435,17.435,57.301,1,"I’m able to catch up with childhood friends on social media, answer emails while working, text others while in meetings ",0,0,16.335,0,"I play games on my phone, watch videos on my phone or laptop",7.471,7.471,49.86,1,0,0,33.762,0,Play games on my phone. Listen to music on Spotify and iHeart radio,11.811,11.811,61.381,1,Using technology at home and at work,Technology can be used for personal use and for work. It can be used for entertainment and communication. ,2.874,109.448,110.201,6,,Log on to Teams with coworker,Check email,Teams meeting ,Teams meeting ,Lunch,Teams meeting,Auditing,Reports,Teams meeting,Schedule and email,,,,,,,,,,,,,,5,5,0,0,4.012,0,12.618,12.618,30.032,1,0,0,15.023,0,7,"2,5",47,0,0,15.124,0,4,5,5,3,5,2,1,1,3,5,3,3,"1,5",60,"Pain unrelieved with hydrocodone alone
Dave not following instructions 
Added steroid ",0,0,15.02,0,5,5,5,3,5,4,2,3,2,5,3,2,Ask what he suggests and why he isn’t following the plan ,"Still complaining of pain
Not following treatment plan
Needs additional education ",4,4,3,1,1,4,4,4,4,4,3,4,3,3,5,1,1,1,1,1,1,1,1,1,1,0,0,50,50,14,Delegation oversight for health plan ,Delegation Oversight Nurse ,2,,100,4,MSN,1,45,,43,2,,1,,,6,3,5,2,2,Control,66384ed6-785d-045e-04a8-c116e770134a
2024-05-05 21:48:18,2024-05-05 22:11:30,0,100,1391,1,2024-05-05 22:11:30,R_1QirvbdOC7tgQbn,,,,,37.7244,-83.0341,anonymous,EN,1,5,,,,,,,,,,,,,,,,,,,,,,,,,,,,,,,,,,,,,,,,,,,,,,,,,,,"1,8","I use social media, Facebook, to connect with my family back home. ",8.054,14.993,16.404,10,I use my iPhone for connecting with those close to me. I also use my phone for my work to call me to let me know if they need me. ,2.551,2.551,28.288,1,1.592,14.988,16.007,2,When I was younger I’d use my dad’s internet on my laptop. We had to use it different times due tothe house phone ,9.573,9.573,50.95,1,"Yes, no I use wireless internet. ",1.197,5.484,15.961,3,We can use technology to play online games with friends out of state or country.,3.934,3.934,20.8,1,1.585,14.381,15.903,4,I play games on my laptop or on my phone ,3.333,3.333,12.659,1,I read about technology today.,"Entertainment with technology has increased dramatically since Covid-19 pandemic due to all of the sickness. Researchers show that technology can be used to communicate to others far & near. Also, technology can support productivity in many ways!",1.206,156.277,157.207,25,Clock in,Start rounds with dr,Chart,Take a break ,Take vitals ,Help shower patients ,Give out meds,Take lunch,Start rounds ,Lunch for patients,Take a 10 min break,Last rounds with vitals,Clock out ,,,,,,,,,,,,3,2,0,0,4.147,0,3.707,26.507,30.048,10,3.382,8.259,15.053,2,9,"7,8",73,8.506,8.506,15.049,1,4,2,3,3,1,2,1,1,4,5,4,4,"6,7",83,"If still in pain take (2) 500 mg Tylenol for pain 
Keep foot/ankle elevated",0,0,15.152,0,5,5,1,3,4,4,1,1,1,5,4,5,Surgery,"Take it easy the next few days
Take Tylenol until pain eases off",6,1,2,2,1,3,3,3,3,5,5,5,5,5,5,3,2,3,3,1,1,1,1,1,1,0,0,50,50,4,RN,RN,4,,75,2,Still in college,1,18,,25,2,,1,,,8,3,5,2,1,Control,6638521c-fe40-bc14-f16a-f1f7f3039e0f
2024-05-05 21:11:03,2024-05-05 22:18:01,0,100,4018,1,2024-05-05 22:18:02,R_21gO739YUXOcOgv,,,,,36.0406,-80.26,anonymous,EN,1,3,,"7,9,4",I would like for someone to care about how I am feeling as a patient.,29.948,29.948,44.402,1,It is important to put yourself in their shoes.,13.806,48.02,50.692,2,198.302,198.302,223.162,1,Fearing they would not get honest answers or the care that they deserve.,4.383,5.163,31.381,2,188.925,188.925,201.913,1,They would have better chances of complying.,9.902,9.902,29.8,1,They have a better chance of having a better recovery.,69.103,69.103,93.304,1,109.37,109.37,116.464,1,"With having the same goals, they know their provider is on the same page.",3.616,188.66,247.631,3,Today I read about patients trusting providers and complying., It is very important that the client has trust in the provider. They need ti know the provider is there to help them with the same goals. A holistic approach is very important. They need to feel comfortable that with having input in their care.,46.123,237.333,239.857,8,,,,,,,,,,,,,,,,,,,,,,,,,,,,,,,,,,,,,,,,,,,,,,assessment,taking care of personal care,adding formula to the feeding bag,monitor client sleeping,monitor client sleeping,change feeding bag and add formula then prime tubing,ADL'S,Client sleeping,Client sleeping,Report to parent,,,,,,,,,,,,,,,5,5,0,0,4.033,0,0,0,30.138,0,0,0,15.132,0,6,"7,8",50,0,0,15.126,0,4,5,4,2,4,3,1,2,2,4,3,5,"7,8",51,"Not complaint.
Did not follow instructions.
Might need x-ray.",0,0,15.141,0,4,5,3,3,4,4,2,3,1,4,3,5,You have certain protocols to follow. They must be tried in order.,"Not compliant.
Needs to follow care plan.
Incorporate patient's thoughts.",2,5,2,2,1,3,2,4,2,4,4,4,4,4,4,1,2,1,1,1,1,1,1,1,1,0,0,20,80,28,Pediatrics,Field Nurse,28,,50,3,Associates,1,34,,55,2,,1,,,3,4,4,2,2,Treatment,66384697-b7cc-45f4-22fe-5060ca74096d
2024-05-05 21:50:26,2024-05-05 22:34:31,0,100,2645,1,2024-05-05 22:34:32,R_1huRELtsHiuR8tv,,,,,40.3214,-80.0378,anonymous,EN,1,1,,"9,2,6",A holistic approach is vital when taking care of patients.  Part of that approach involves being empathetic and making society better as whole,4.107,39.245,39.896,12,"the patient is always in charge. they decide what treatments, etc they ultimately  will recieve.  ",6.303,212.837,232.65,8,3.522,15.569,16.71,2,"embarrassment, lack of knowledge, fear",5.589,18.392,43.905,2,4.334,4.334,16.863,1,"the better you understand a patients perspectives, the better the treatment and the more likely the patient will recover",4.769,86.898,90.5,3,they will recover from illness faster.,5.637,5.637,24.007,1,4.538,4.538,16.381,1,"yes, the better a patient interacts with the doctor, the better the outcome",9.056,9.056,42.993,1,skeletal muscle physiology,Mr X has been given the best of care post myocardial infarction.  He will be leaving the hospital with a clean bill of health and will require follow up with his general practitioner.  He has been very compliant with meds and is on the road to recovery.   He is also a positive person and should recover completely from his cardiac event.  ,3.581,391.011,392.192,41,,,,,,,,,,,,,,,,,,,,,,,,,,,,,,,,,,,,,,,,,,,,,,breakfast,began in the er,diagnosed a leg fracture,diagnosed appendicitis,treated a patient for back pain,lunch,admitted a patient for suicidal ideation,sutured a wound,removed a fish hook from someones finger,stapled a head laceration,dinner,treated someone for a stroke,sutured a wound,sutured another wound,home,bedtime,on call,called by the nurse to evaluate a patient ho fell out of bed,prescribed valliuim,prescribed blood thinner,prescibed pain killer,nap time,home,sleep,3,5,0,0,4.124,0,5.685,24.624,30.017,7,0,0,15.116,0,7,"5,6",79,14.72,14.934,15.122,2,4,4,4,4,5,4,2,2,3,5,5,1,"6,7",53,"tramadol po od 10 days
tylenol po od 10 days
gp follow up",9.887,10.305,15.019,3,4,4,4,4,5,4,1,2,4,5,5,1,talk to him about any other issues he may have,"non compliant
possibly drug seeking behavior
talked about any other issues he may have

",4,4,3,2,1,4,4,4,4,4,4,4,4,4,4,1,1,1,1,1,1,1,1,1,1,0,0,50,50,11,Emergency medicine,resident,6,,72,4,MD,1,39,,50,1,,1,,,9,4,5,4,3,Treatment,66385236-d3f0-697a-de92-9836d10ea734
2024-05-05 22:40:47,2024-05-05 22:41:58,0,100,70,1,2024-05-05 22:41:58,R_5rxBm7RhWEACgg7,,,,,34.6066,-92.4904,anonymous,EN,1,7,LPN,,,,,,,,,,,,,,,,,,,,,,,,,,,,,,,,,,,,,,,,,,,,,,,,,,,,,,,,,,,,,,,,,,,,,,,,,,,,,,,,,,,,,,,,,,,,,,,,,,,,,,,,,,,,,,,,,,,,,,,,,,,,,,,,,,,,,,,,,,,,,,,,,,,,,,,,,,,,,,,,,,,,,,,,,,,,,,,,,,,,,,,,,,,,,,,,,,,,,,,,,,,,,,,,,,,,,,,,,,,,,,,,,66385de3-0d0b-b2d2-a864-8cf17f5b77ea
2024-05-05 22:09:44,2024-05-05 22:43:11,0,100,2006,1,2024-05-05 22:43:11,R_7cchtmPFLF7RDtN,,,,,39.7949,-79.8058,anonymous,EN,1,3,,,,,,,,,,,,,,,,,,,,,,,,,,,,,,,,,,,,,,,,,,,,,,,,,,,"1,7,8",I use social media to stay connected to personal and professional contacts daily. My emails are my lifelong to the office since i work on location. And my laptop is the other lifeline that makes this job functional.d ,8.243,8.243,17.062,1,Technology has made communication across the platforms so much easier. We see all ranges of areas improved daily from the advancements that technology is making every day!,2.689,4.942,75.596,2,0,0,16.121,0,"Definitely during Covid. Since being confined to our homes, this was the key mode for communicating with family, friends, colleagues, and coworkers. ",6.821,6.821,80.249,1,Cell phones have made life so much more simple and diverse. I can do everything from my phone as I can a desktop computer making my job so much more functional. The improvements in technology make everything accessible.,0,0,16.054,0,"With today's technology, I can watch programs, I can't listen to music, I can listen to podcasts or even play games of my choosing. ",8.241,8.241,72.036,1,0,0,16.257,0,"I  use technology for social media, for playing games and keeping track of daily errands and things needed ",5.631,5.631,58.077,1,Technology and the advantages we have with it.,"I am so thankful for our technology today because it allows me to keep in contact with you and many others that are so far away. We can link up on social median platforms, different texting apps are available as well as games we could play together to stay connected. It's nice that we have these opportunities before us! Take care!",4.363,166.034,168.372,7,"Dress client, breakfast ",Meds,Vitals,"Check patient, toilet",Vitals,Lunch,Toileting,Nap,Nap,Exercise,Dinner,Vitals,Meds,Shower,Bed,Bed,Meds,Sleep,Sleep,Sleep,Sleep,Sleep,Sleep,Wakeup,6,1,0,0,4.127,0,0,0,30.032,0,0,0,15.029,0,4,"5,6",54,0,0,15.029,0,3,3,4,3,5,3,1,1,3,5,3,3,"5,6",75,Dave is a f/u ankle injury. Ordered him mild pain medication. Dave isn't having much relief upon this appt. Increased the medication dosage and will follow up in 4 wks.,0,0,15.132,0,3,3,3,3,5,3,1,3,3,5,3,3,Order an xray and consult orthopedic specialist,"At f/u, Dave has had no improvement and wasn't able to complete recommendations from previous visit. Medications remained at same dosage, xray of ankle ordered as well as consult with Orthopedics for further care. ",4,3,3,2,1,5,5,5,5,4,4,4,4,4,5,1,1,1,1,1,1,1,1,1,1,1,1,75,25,24,IDD,Nurse Supervisor,24,,75,4,Masters ,1,39,,47,2,,1,,,6,4,6,4,3,Control,663856d6-782c-d8a7-f988-81100ad5cff4
2024-05-05 21:48:25,2024-05-05 22:44:22,0,100,3356,1,2024-05-05 22:44:22,R_3aLxvxrxOr63nRK,,,,,31.1823,-83.7641,anonymous,EN,1,3,,,,,,,,,,,,,,,,,,,,,,,,,,,,,,,,,,,,,,,,,,,,,,,,,,,"2,4,8",I used social media this morning to find inspiration and direction for painting my mom a watercolor Mother’s Day card. I searched the term watercolor Mother’s Day cards on TikTok and scrolled until I found one I liked. It’s in progress but so far it’s been a success. ,2.766,43.719,45.279,39,I use technology daily for maintaining a timeline of daily activities which starts with the alarm on my cell phone each am. I usually check the calendar on my cell phone and use texting and messaging apps throughout the day to keep in contact with my family. I use google on a regular basis to search for recipes to cook and frequently to translate with non English speaking people I might interact with or need to communicate. I use the Uber app to get my ride into and home from work. Then I use my smartwatch to pay for things and to keep up the time.  ,1.424,247.83,268.339,5,2.074,72.131,73.211,52,I was working as a Covid nurse during the pandemic and we were able to use video chatting to allow patients who were in isolation visit with their loved ones since it wasn’t allowed in person. Many people were able to at least hear or see them virtually before passing away. It was invaluable. ,1.369,43.68,137.153,8,I use texting or messaging apps to keep in touch with my kids and my mom multiple times a day for safety checks since I’m working and can’t be home with them. I use indoor cameras to monitor my family as well. ,9.342,24.91,25.502,12,I use games on my mobile phone to pass the time when I’m waiting on a flight or bus. I use the videos on social media as entertainment as well. ,0.717,117.39,174.155,24,1.804,20.74,22.015,13,I use YouTube to watch videos to learn things or just to laugh at the crazy things on there. I use my mobile phone to play games like candy crush and I use it to listen to music or audiobooks too. ,1.018,2.884,76.881,2,I read about the many uses of technology in peoples lives today. ,Since the Covid 19 pandemic the use of technology to entertain and communicate has increased dramatically and most people now use mobile phones and a large portion use smart phones. It has been such a rapid growth of the use of technology that even my elderly grandmother has embraced the use of Skype to visit with her family near and far since she says they are much more likely to visit virtually than in person,2.303,274.622,281.912,23,Received report on my 3 critical care stepdown patients from previous shift at beside.,"Initial head to toe assessments and vital signs obtained 
Document in echart",Morning medication rounds use scan to emar to chart ,Turn and reposition all 3 and provide oral care to vents update chart with focused assessment in echart,Check blood sugars and hang any antibiotics or drips check new orders each time I login ,Insulin and check residuals of any enteral feedings. Doc care in echart,Lunch if possible ,Turn and reposition plus oral care plus any dressing changes due plus meds if due and doc all in echart,Any meds due plus any new orders ,Blood sugar vitals focused assessment plus any scheduled meds,Meds and any needs plus complete documentation of all care provided plus all changes in condition and update care plan all in echart,Prepare for shift change and last rounds on patients ,Report to next shift ,Clock out go home ,,,,,,,,,,,4,1,0,0,4.014,0,10.769,28.071,30.124,20,14.025,14.025,15.023,1,7,"5,7",38,7.375,7.375,15.023,1,5,5,4,3,5,4,2,4,4,5,4,2,"6,8",66,"Dave reached out for assistance with unresolved complaints of pain in his ankle for which he was prescribed medication and educated on RICE techniques to aide in healing. He reports not having time to follow recommendations from previous telemedicine visit nor any improvement in pain. Educated Dave on necessity for his compliance with restrictions on use of injured ankle as further use could result in further injury as well as use of
medications prescribed. Explained medication alone cannot relieve all pain and expectations zhould me to reduce pain to a tolerable level while healing. ",4.274,5.174,15.023,2,5,5,4,4,4,5,4,3,2,4,4,1,I would recommend Dave seek treatment in person for further evaluation of injured ankle. ,Dave again reports no improvement on his pain and noncompliance with previous recommendations. This is the second such report. Recommended Dave seek care in person at a local clinic or hospital for further physical evaluation of his injury. ,3,4,1,1,1,4,4,4,4,3,3,3,3,4,4,3,4,2,3,3,3,2,3,4,3,1,1,50,50,18,Progressive Care ,RN PCU,3,,35,3,Associates Degree ,1,11,,39,2,,1,,,7,4,4,1,2,Control,663850e9-4096-bde7-182a-c60265f73ef7
2024-05-05 23:56:16,2024-05-05 23:56:52,0,100,35,1,2024-05-05 23:56:52,R_2uCeWHU12WK6ZOX,,,,,39.9668,-75.1512,anonymous,EN,1,7,Medical records,,,,,,,,,,,,,,,,,,,,,,,,,,,,,,,,,,,,,,,,,,,,,,,,,,,,,,,,,,,,,,,,,,,,,,,,,,,,,,,,,,,,,,,,,,,,,,,,,,,,,,,,,,,,,,,,,,,,,,,,,,,,,,,,,,,,,,,,,,,,,,,,,,,,,,,,,,,,,,,,,,,,,,,,,,,,,,,,,,,,,,,,,,,,,,,,,,,,,,,,,,,,,,,,,,,,,,,,,,,,,,,,,663870bc-d506-6aa1-7ef3-32962140e33b
2024-05-06 00:04:34,2024-05-06 00:38:01,0,100,2007,1,2024-05-06 00:38:02,R_1qeKm24Ga2RKY5P,,,,,21.3754,-157.9474,anonymous,EN,1,1,,,,,,,,,,,,,,,,,,,,,,,,,,,,,,,,,,,,,,,,,,,,,,,,,,,"1,6,7",I use my laptop to communicate with patients and colleagues.  Video chats help with telemedicine appointments.  Email is used to transfer information between colleagues and patients.,24.531,24.531,24.933,1,Use the internet to communicate with friends and family.,1.283,1.283,13.953,1,0,0,452.328,0,I used video conferencing to meet with patients who were unable to visit me due to the COVID-19 pandemic.,1.276,1.276,46.169,1,I use tech devices to get quicker responses to my questions.,0,0,37.808,0,Use streaming networks to binge watch my favorite tv shows.  Use social media to watch short video clips to entertain myself.,1.743,1.743,49.001,1,0,0,43.557,0,I use technology to watch tv programming on demand on the internet via my cable provider. ,1.161,1.161,37.383,1,I read about the close presidential election polls between Biden & Trump.,Entertainment with technology has rapidly increased since the COVID-19 pandemic.  It has allowed people to keep in touch with the world while keeping their distance from others.  It's allowed many to use video conferencing services like Zoom and Teams to see one another in the virtual world.,29.168,130.465,130.94,2,Review voicemail/emails.,Meet with my team to plan our day.,Meet with patients.,Meet with patients.,Meet with patients.,Meet with patients.,Meet with patients.,Meet with patients.,Meet with patients.,Meet with patients.,Meet with patients.,Respond to voicemail.,Respond to voicemail/emails.,Visit patients in the hospital.,Visit patients in the hospital.,Exercise in the hospital gym.,Sleep.,Sleep.,Sleep.,Sleep.,Sleep.,Sleep.,Sleep.,Sleep.,1,1,0,0,4.122,0,0,0,30.015,0,0,0,15.021,0,7,"5,6",43,0,0,15.023,0,4,5,5,2,4,4,2,4,2,5,3,1,"5,6",41,Continue taking your pain medication as initially prescribed.  Follow-up in a week (or earlier) to determine if the current course of medication is working.,13.888,13.888,15.014,1,4,5,5,3,4,4,1,4,3,4,3,1,Continue prescribing as initially recommended,"Take medication for pain twice a day.
Follow-up after one week.
Call me if condition worsens prior to one week.",6,2,4,4,1,5,5,5,5,5,5,5,3,5,5,5,5,5,5,1,1,1,1,1,1,0,0,50,50,6,Endocrinology,Doctor,6,,94,4,MD,1,12,,35,1,,5,,,8,4,6,4,4,Control,663871d3-d377-a2d9-496f-28497a1bbde3
2024-05-06 00:02:59,2024-05-06 00:42:32,0,100,2373,1,2024-05-06 00:42:33,R_2HodhZn1WJYevFl,,,,,33.972,-118.242,anonymous,EN,1,3,,"7,4,5",Kindness regarding there treatment for every different backgrounds ,4.132,18.25,19.131,21,Understanding paisiant needs regardless of there background,12.902,86.931,87.755,2,6.158,31.257,52.795,2,Always remember we have to respect each other's needs be very helpful and loving to all people ,2.901,2.901,78.135,1,15.084,15.084,16.201,1,Be responsible to your patients needs and treatment,2.501,77.917,79.068,2,Being respectful to the patient and family showing kindness and caring just like you want to be treated ,8.801,106.869,150.399,2,0,0,17.846,0,Very true have love and peace to the patient and family showing kindness and respect ,12.601,63.592,86.557,2,Fair treatment for patients and there family with toddler respect ,Sinctivte to paites and family todle respct to every person you take care of and people you work with,1.253,187.822,189.08,30,,,,,,,,,,,,,,,,,,,,,,,,,,,,,,,,,,,,,,,,,,,,,,Got off work,0,0,0,0,0,0,0,0,0,0,0,Started work ,1,2,3,4,5,6,7,8,9,10,11,2,2,0,0,4.12,0,11.68,11.68,30.142,1,12.1,14.552,15.02,2,9,"6,8",44,0,0,15.039,0,2,3,4,2,4,2,3,3,3,5,4,3,"7,8",60,Keep tract of his treatment. Plan and a list of meds,0,0,15.135,0,4,4,3,3,4,3,2,3,2,4,3,5,Give him Tylenol and pain cream and have him come back in two weeks ,Give him tylony and pain cream and have him come back in two weeks,6,2,2,2,1,4,4,4,4,4,4,4,4,4,4,2,3,1,2,1,1,1,1,1,1,1,1,50,50,21,Geractive,Lvn,11,,51,3,2 years nursing school,1,5,,55,2,,1,,,8,3,2,3,2,Treatment,66387139-841f-31bd-f71a-717ecf4c2e49
2024-05-06 00:31:51,2024-05-06 00:43:39,0,100,707,1,2024-05-06 00:43:39,R_5GGscm49IOIkqIh,,,,,38.6096,-121.4443,anonymous,EN,1,5,,"9,3,4",Nothing,1.422,12.18,15.701,23,It was helpful,0.701,0.701,11.668,1,0.912,7.913,15.884,10,It was informational and helpful,0.496,0.496,14.298,1,0.654,12.738,15.5,6,It was helpful and informational,0.501,0.501,15.372,1,I'm not sure,0.965,0.965,6.689,1,0.899,14.619,16.24,9,It was informational and helpful,0.301,5.194,5.501,2,Ways that healthcare can help there's clients,I have nothing to write,0.764,22.429,22.953,9,,,,,,,,,,,,,,,,,,,,,,,,,,,,,,,,,,,,,,,,,,,,,,,1,,,,,,,,,,,,,,,,,,,,,,,6,2,0.162,1.062,4.041,2,1.116,28.935,30.026,58,1.569,14.469,15.041,14,3,"6,8",45,0.801,1.053,15.051,2,2,4,5,1,3,3,2,3,4,4,4,3,"3,5",49,I have nothing to write,12.237,14.862,15.033,4,2,4,4,2,4,3,2,3,4,4,4,4,Referre him to another doctor,I have nothing to write,6,3,6,3,1,4,4,3,4,5,5,5,5,5,5,1,1,1,1,1,1,1,1,1,1,0,0,0,100,6,Register nurse,RN,6,,57,3,College degree,1,5,,24,2,,1,,,6,4,6,3,3,Treatment,663878f4-d502-4d71-c894-653f6de8acb9
2024-05-06 00:30:17,2024-05-06 00:58:09,0,100,1672,1,2024-05-06 00:58:10,R_3GVN6NfFM1irdxb,,,,,32.5938,-83.642,anonymous,EN,1,3,,,,,,,,,,,,,,,,,,,,,,,,,,,,,,,,,,,,,,,,,,,,,,,,,,,"1,2,7",When I use my tablet or notebook at home to help me finish up my work. ,3.116,19.721,20.624,7,To connect with family and friends and order things online,3.845,3.845,22.135,1,2.533,15.265,15.939,6,When I used a website like been verified to help me locate old classmates for a reunion. ,6.938,33.236,35.014,2,I use the internet everyday to help with any questions I may have ,6.692,6.692,16.075,1,I’m able to look up and purchase tickets to events and arrange vacations in advance . ,4.396,36.284,40.744,2,4.088,13.405,15.901,3,To long into social media accounts and connect with pope I love. ,7.871,7.871,36.802,1,Ways technology have improved my life. ,"Technology keeps me in touch with family and friends I’m not able to see weekly. 

I’m able to purchase things online instead of going to several stores. 

I’m able to research things I may need more education on. ",1.524,118.794,119.722,7,Driving to work,Clock in,Sit down at desk after speaking with staff,Continue working up patients ,Making sure morning pt have been seen,Close for lunch,Return from lunch ,Continue working up patients ,Meeting with Dr ,Start closing down office ,Go home ,Visit with faniky,Start supper ,Eat,Bathe,Watch tv,Go to bed,Asleep,Asleep ,Asleep ,Asleep,Asleep,Asleep,Snooze button ,5,3,0,0,4.017,0,12.995,17.173,30.095,2,6.782,12.9,15.136,7,4,"6,7",45,10.481,10.481,15.04,1,5,5,2,3,5,3,1,2,3,5,3,3,"5,6",,"Continue medication as prescribed 
Start daily exercise as reviewed
Keep follow up app",7.845,7.845,15.041,1,5,5,3,3,5,4,1,3,3,5,3,2,Refer to orthopedic or pain management ,"Discuss referral is pain persists 
Continue medication as prescribed
Schedule follow up app",5,2,3,2,1,1,1,4,4,4,4,4,4,4,4,2,3,2,1,1,1,2,1,1,1,0,0,60,40,26,Pediatric ,Nursing supervisor ,8,,80,3,Associate ,1,11,,45,2,,1,,,6,4,4,2,2,Control,6638780e-0369-d398-2213-4c65d87338e1
2024-05-06 00:47:36,2024-05-06 01:15:35,0,100,1679,1,2024-05-06 01:15:36,R_138kSsfy7UOe8s9,,,,,36.2709,-115.28,anonymous,EN,1,3,,"9,3","Without empathy you would not be able to connect with your patients, this would cause distance and your patient may not feel safe to discuss important information with you",13.125,13.726,16.694,2,"It is important to put yourself in their shoes, that way you have a better understanding of their needs.",5.573,5.573,29.046,1,0,0,19.255,0,"Patients may see doctors as stuck up and smart asses. In some cases they are not wrong, however its a personality thing, not a profession thing, at least It should not be. Many nurses for example have a superiority complex, and talk negatively to their patients in a condescending manner, backhanded manner or passive aggressive manner. Patients do not like that and they feel as though their private information will bring them shame.",3.156,3.156,130.679,1,0,0,16.259,0,"Being nice and positive to anyone should make yourself feel happy. Helping people should bring you joy. That we are making a difference in this world, one by one.",7.214,7.214,51.289,1,Patients will have a more optimistic approach when visiting hospitals or doctors. We should ensure a safe place for our patients. Always.,6.139,30,33.258,2,0,0,31.325,0,"This helps both parties reach a conclusion faster, if a patient is non compliant, we must try and find a middle ground, so both of us have a happy outcome.",6.438,6.438,56.124,1,I read about the relationship between healthcare providers and patients and how and why it is so important,"Never stop being optimistic. It will be challenging to work in the healthcare industry, we must endure and grow from our experience and implement them into reality. We can make a difference, and change people’s lives. Connection is the most basic but important part of being human, we have the ability to empathize. We must use this in our work, every single day, to help our patients and help make this a safe place for them.",1.421,40.195,220.842,9,,,,,,,,,,,,,,,,,,,,,,,,,,,,,,,,,,,,,,,,,,,,,,,,,,,,Check in,Supply stocks,Patient logging,Patients runs,Small free time,Patient logging,Patient runs,Dinner,Patients runs,Patients runs,Patient runs,Patient logging/sign out,,,,,,,6,6,0,0,4.013,0,17.8,17.8,30.026,1,0,0,15.128,0,5,"5,6",23,0,0,15.025,0,1,3,4,1,5,2,1,1,3,5,4,3,"5,6",23,Dave is having dull pain in his ankle. Its obvious to give him the appropriate medication which goes for weak opiods for his ankle injury. Dave is intelligent enough to seek help and we must provide.,0,0,15.024,0,1,4,5,1,5,3,1,1,3,5,4,3,"I would ask why it slipped his mind, i would ask for his pain levels at this current moment, i will ask if there is anything preventing him from the medications, I will tell him if he complies to take his medicine as prescribed, and so forth",Dave has dull ankle pain. Was prescribed two weak opiods. Follow up- Dave did not take any medication- but does not mention anything about pain after- if he wants another prescription he will have to come in to asses the injury and see if medication is needed.,5,2,3,2,1,5,3,4,3,3,3,4,4,4,5,2,2,2,3,2,2,2,2,2,2,1,1,50,50,42,Nursing,Registered Nurse,7,,80,3,Bachelor,1,29,,28,2,,1,,,5,6,6,2,2,Treatment,66387c0e-da9b-0090-ef98-d4b482fae453
2024-05-06 01:39:55,2024-05-06 01:40:24,0,100,28,1,2024-05-06 01:40:24,R_1bHoYmKegMXBEna,,,,,39.9138,-76.6514,anonymous,EN,2,,,,,,,,,,,,,,,,,,,,,,,,,,,,,,,,,,,,,,,,,,,,,,,,,,,,,,,,,,,,,,,,,,,,,,,,,,,,,,,,,,,,,,,,,,,,,,,,,,,,,,,,,,,,,,,,,,,,,,,,,,,,,,,,,,,,,,,,,,,,,,,,,,,,,,,,,,,,,,,,,,,,,,,,,,,,,,,,,,,,,,,,,,,,,,,,,,,,,,,,,,,,,,,,,,,,,,,,,,,,,,,,,,,66388903-eecd-05e3-07a2-4ee54b5c73c9
2024-05-06 01:59:17,2024-05-06 02:25:25,0,100,1567,1,2024-05-06 02:25:26,R_37mm2UYWEVEbDGl,,,,,35.2774,-101.8349,anonymous,EN,1,3,,,,,,,,,,,,,,,,,,,,,,,,,,,,,,,,,,,,,,,,,,,,,,,,,,,"3,8",I’m actually a book influencer so I read constantly. ,8.117,8.117,17.113,1,"I’m a book influencer so I use my laptop, kindle, and phone every day for socials and apps related to that.",3.399,16.209,28.6,5,12.927,12.927,15.746,1,I’m connected with people ALL around the world via social media. I have folllwers all over this country and some in other countries as well.,4.905,4.905,34.121,1,I love using the record audio option on my phone and within message apps to talk in real time in great length rather than type everything out. ,0,0,18.215,0,"Reading on my kindle, scrolling through tiktok, and listening to audiobooks on my phone. ",6.38,6.38,31.101,1,0,0,15.63,0,"Kindle for reading, phone for audiobooks, and scrolling through tiktok .",5.858,5.858,38.177,1,I’m reading the Isle of Sin and Shadows by Keri Lake. It’s a paranormal enemies to lovers romance with spooky season vibes,Since Covid there’s been a mass amount of people staying at home and taking jobs working at home. Being a book influencer I’ve seen an influx of stay at home parents or work from home women flock to Booktok not only as a means of entertainment but to try and start their own entrepreneurial influencer page. The market is honestly flooded more than ever on tiktok. ,4.078,148.554,150.892,8,Give report and go home to my loving bed,Work on influencer stuff,Work on influencer stuff,Sleep,Sleep,Sleep,Sleep,Sleep,Sleep,Sleep ,Get ready for work,Get ready for work,Clock in get report wash hands,"First set of cares. Assess baby, weigh baby, feed baby. ",Second set of cares. Rinse and repeat from above. ,Charting or downtime ,First set of cares. Assess and feed baby.,First set of cares. Assess and feed baby.,Charting or downtime,First set of cares. Assess and feed baby.,First set of cares. Assess and feed baby.,Charting or down time,First set of cares. Assess and feed baby. Labs if needed,First set of cares. Assess and feed baby. Labs if needed,5,6,0,0,4.11,0,17.212,29.033,30.019,5,11.632,13.008,15.014,2,6,"6,7",20,0,0,15.113,0,3,3,5,3,5,3,1,3,3,5,3,3,"6,7",52,As a healthcare provider there’s really not enough diagnostics or information to truly treat this patient. ,9.067,14.101,15.009,3,3,3,5,3,5,3,1,3,3,5,3,3,I’d like more diagnostics like an xray. Maybe follow up with some PT/OT. Ask him a LOT more questions than this scenario gives. Also as a nurse we always want our patients to better. Pain is subjective and it’s not my job to write pain prescriptions. ,He needs an X-ray and outpatient physical therapy,5,3,4,2,1,1,1,1,1,3,4,4,4,4,4,2,2,3,3,1,4,2,1,1,4,0,0,70,30,7,Neonatal ICU,Staff RN (travel),3,,35,3,,1,1,,29,2,,1,,,7,3,5,2,2,Control,66388cad-8d1e-af88-0a75-848a4dc63879
2024-05-06 02:58:44,2024-05-06 03:29:05,0,100,1820,1,2024-05-06 03:29:06,R_12MCUTizmQpoHN2,,,,,40.7852,-73.8098,anonymous,EN,1,1,,"7,2,5",Because I think these are the most important values I need to consider while practicing medicine ,8.603,16.386,31.545,9,Because it might help to find the proper way to treat my patient and also the root if the problem in some cases,8.02,8.02,39.951,1,3.752,5.435,19.534,4,Because of bad previous experiences with other doctors ,4.732,4.732,24.546,1,10.438,16.655,17.551,5,It will give a more positive attitude while dealing with patient. In result it be better for both me and the patient ,0.919,5.67,48.571,4,I think the psychological impact plays a significant role in the healing process ,1.949,18.204,109.737,3,2.555,15.989,16.4,16,Yes a lot.,5.252,5.252,13.524,1,The relationship between patients and their doctors,I want you to always think of your patient as your friend.Always try to prioritize their health benefits over any thing else .,5.163,141.393,141.983,28,,,,,,,,,,,,,,,,,,,,,,,,,,,,,,,,,,,,,,,,,,,,,,Started my shift,Reading e mails,Examine patients ,Examine patients ,Went to OR,Surgery ,Surgery,Surgery,Surgery,Surgery,Surgery,Surgery ,Surgery,Surgery,Break,Break,Break,On call,On call,On call,Emergency room,Emergency room ,Emergency room ,Emergency room ,2,5,0,0,4.125,0,3.813,3.813,30.129,1,12.914,13.548,15.026,2,5,"5,7",72,0,0,15.03,0,5,5,5,2,5,2,1,5,2,5,3,2,"5,7",74,"Take a rest for a weak
Take the medication 
Try to comitt to the treatment plan",0,0,15.026,0,5,5,5,2,5,4,1,5,2,5,3,2,I would repeat the treatment plan and encourage him to comitt to it,"Follow my recommendations
Take the medications
Take a rest",4,4,3,2,1,5,5,5,5,5,5,5,5,5,5,3,3,1,1,1,1,1,1,1,1,1,1,50,50,9,Neurosurgery ,Manager ,4,,80,4,Masters,1,33,,37,1,,1,,,9,4,6,4,4,Treatment,66389b1f-3d77-ead1-d06d-1b9c566f00d5
2024-05-06 03:54:59,2024-05-06 03:55:24,0,100,25,1,2024-05-06 03:55:25,R_3h3yjoqEFdOjIUX,,,,,39.9597,-75.1995,anonymous,EN,1,7,LPN,,,,,,,,,,,,,,,,,,,,,,,,,,,,,,,,,,,,,,,,,,,,,,,,,,,,,,,,,,,,,,,,,,,,,,,,,,,,,,,,,,,,,,,,,,,,,,,,,,,,,,,,,,,,,,,,,,,,,,,,,,,,,,,,,,,,,,,,,,,,,,,,,,,,,,,,,,,,,,,,,,,,,,,,,,,,,,,,,,,,,,,,,,,,,,,,,,,,,,,,,,,,,,,,,,,,,,,,,,,,,,,,,6638a842-53e3-61e7-23e4-d46004a62982
2024-05-06 03:38:38,2024-05-06 03:55:45,0,100,1026,1,2024-05-06 03:55:45,R_5Oq7yMm8K8LwhhY,,,,,33.8743,-84.4653,anonymous,EN,1,3,,,,,,,,,,,,,,,,,,,,,,,,,,,,,,,,,,,,,,,,,,,,,,,,,,,"1,2,6,7,8",I use it from emails and school assignments ,9.289,17.112,18.17,6,"I use it throughout my personal life to connect with others, do work and relax ",1.941,1.941,23.281,1,0,0,16.191,0,When Covid happened technology was how we all stayed in touch since we could not see each other face to face ,4.76,29.076,30.171,2,"I use it to stay connected, be in the moment with certain things and upgrade my life",0,0,15.985,0,"Social media, streaming platforms, music service ",3.452,3.452,22.54,1,0,0,16.406,0,Social media and watching shows on streaming platforms ,1.124,1.124,18.053,1,Technology and it’s affects on us,"Technology is built to help us connect and stay grounded while not out and about with others. Social media helps us stay connected to others, streaming services help us to distract and unwind from a hard days work. Technology has its benefits but also, remember that face to face and putting the technology down is important too",1.327,108.085,109.058,8,Wake up,Organize shift for the day,First patient ,Take care of patient ,Second patient ,Take care of patient ,Third patient ,Take care of patient ,Fourth patient ,Take care of patient ,,,,,,,,,,,,,,,3,4,0,0,4.012,0,2.224,29.005,30.028,5,7.025,7.025,15.12,1,6,"5,7",65,0,0,15.017,0,3,4,5,2,5,3,2,2,2,5,3,3,"2,4",81,Steps to take ,3.525,12,15.027,6,3,5,5,2,5,3,2,2,2,5,3,3,Same suggestions ,Follow up instructions and have nurse follow up,4,4,3,2,1,4,4,4,4,2,2,2,2,2,2,2,3,2,2,1,1,1,1,1,1,1,1,50,50,3,Oncology infusion nurse ,Oncology infusion nurse ,2,,83,4,MSN,1,11,,26,2,,3,,,5,2,4,4,4,Control,6638a489-80ed-2789-989a-11fe9cafc4cb
2024-05-06 03:57:11,2024-05-06 03:57:34,0,100,23,1,2024-05-06 03:57:35,R_2DPCBDIaKBamREJ,,,,,35.9274,-89.9189,anonymous,EN,1,7,Lpn,,,,,,,,,,,,,,,,,,,,,,,,,,,,,,,,,,,,,,,,,,,,,,,,,,,,,,,,,,,,,,,,,,,,,,,,,,,,,,,,,,,,,,,,,,,,,,,,,,,,,,,,,,,,,,,,,,,,,,,,,,,,,,,,,,,,,,,,,,,,,,,,,,,,,,,,,,,,,,,,,,,,,,,,,,,,,,,,,,,,,,,,,,,,,,,,,,,,,,,,,,,,,,,,,,,,,,,,,,,,,,,,,6638a88f-68dc-e85e-fb41-5a1466ee01e3
2024-05-06 04:02:00,2024-05-06 04:28:40,0,100,1599,1,2024-05-06 04:28:41,R_1k95Mhn6vOsUWS5,,,,,32.9365,-96.7871,anonymous,EN,1,3,,"7,9,4",If you ever lose the ability to put yourself in someone else's shoes that's the day your job becomes unimportant. The place yourself or to even be sympathetic to someone else you have to have compassion and empathy,9.351,11.579,29.522,2,Because when you become biased you start to place judgment so I remain liberal and consider that every person comes from different Avenues of life,9.671,9.9,36.145,2,0,0,35.746,0,Fear of judgment and fear itself,4.145,4.145,20.236,1,0,0,18.3,0,Considering everything that we give is caregivers we can want to be positive or need to be positive it shouldn't really be any negative impact to help helping someone,3.995,3.995,35.2,1,It may expedite the process or open up Avenues to identify more places with that person might need help,4.654,17.616,25.322,2,0,0,15.916,0,Yes where one or more Minds can come together and become a line is also way more productive than being opposed to one another,18.714,18.714,39.162,1,Caregivers remaining open to different walks of life views,"Dear new healthcare provider, when you make the decision to help someone you have to close your mind to views that are opposed from theirs. When you look down your nose at someone you place judgment. That does not say that you will not treat or care for someone but unconsciously your view can be viewed or felt through your touch or your seen through your eyes. Be kind to all and be loving and most of all the empathetic. The shoes that these people are standing in right now, May one day be the very same shoe that you have to wear day after day.",3.42,211.042,212.859,17,,,,,,,,,,,,,,,,,,,,,,,,,,,,,,,,,,,,,,,,,,,,,,Washing the dogs,Taking a shower,Straightening up my house,Sleep,Sleep,Sleep,Feed the dogs make my lunch,Take a shower,Get dressed for work,Watch a little TV,Leave for work,Arrive at work,Work,Work,Work,Work,Work,Work,Work,Work,Work,Work,Work,Work,3,4,0,0,4.02,0,2.6,24.366,30.016,5,8.527,14.758,15.015,6,6,"2,6",65,0,0,15.023,0,2,3,4,3,5,3,1,1,3,5,3,1,"6,7",,Pain is what the patient says it is,13.484,14.901,15.016,7,3,3,5,3,5,3,1,4,3,5,3,5,Referred ,Reference material X-rays of blood work don't Place judgment in complete the test the patient is trying to achieve,5,2,3,2,1,4,5,4,4,4,4,4,5,4,4,5,4,3,4,1,1,2,1,4,4,1,1,50,50,27,Pediatric ,Lvn,26,,81,3,,1,45,,45,2,,3,,,6,2,4,2,3,Treatment,6638a9e8-a4a2-1953-f5b3-bb507ace0e7c
2024-05-06 04:37:15,2024-05-06 04:38:01,0,100,46,1,2024-05-06 04:38:02,R_3PvsGgT4QE3Ek00,,,,,32.166,-80.7574,anonymous,EN,2,,,,,,,,,,,,,,,,,,,,,,,,,,,,,,,,,,,,,,,,,,,,,,,,,,,,,,,,,,,,,,,,,,,,,,,,,,,,,,,,,,,,,,,,,,,,,,,,,,,,,,,,,,,,,,,,,,,,,,,,,,,,,,,,,,,,,,,,,,,,,,,,,,,,,,,,,,,,,,,,,,,,,,,,,,,,,,,,,,,,,,,,,,,,,,,,,,,,,,,,,,,,,,,,,,,,,,,,,,,,,,,,,,,6638b27d-40fb-d160-27a6-fc95908f1182
2024-05-06 05:02:43,2024-05-06 05:22:33,0,100,1189,1,2024-05-06 05:22:33,R_5bVhKGKweEXtNAg,,,,,28.4932,-81.2878,anonymous,EN,1,3,,"7,3,4",I think it is interesting ,9.892,10.309,15.937,2,Because different ethic groups do things differently ,4.251,4.251,30.593,1,0,0,25.042,0,Because they do t trust you fully. ,3.774,3.774,15.894,1,0,0,18.48,0,"Because understanding how their instincts work, wil help you treat them ",3.424,3.424,40.086,1,"The more you know about them, the better treatment ",4.363,4.363,19.602,1,0,0,15.79,0,Listen to nurses ,0.924,0.924,7.388,1,How patients trust is so important for patient care ,We are aware,0.978,28.588,29.25,5,,,,,,,,,,,,,,,,,,,,,,,,,,,,,,,,,,,,,,,,,,,,,,Go to work ,Get to work ,Routine things email and messages ,Start seeing patient wic ,Wic ,Wic ,Lunch ,Family planning ,Fp,FP ,FP ,Home ,,,,,,,,,,,,,2,3,0,0,4.014,0,20.331,20.689,31.371,2,0,0,15.118,0,5,"7,8",37,0,0,15.02,0,4,4,4,4,4,4,4,4,4,4,4,3,"7,8",,Follow up in 1 month. continue to take tylenol.   Do exercises,0,0,15.118,0,3,3,3,3,3,3,3,3,3,3,3,3,Vontinuev,Keep doing what I told you ,6,3,5,3,1,4,4,4,4,4,4,4,4,4,4,2,2,2,2,3,3,3,3,3,3,0,,100,0,12,Community ,Rn,12,,12,3,Bach,1,18,,41,2,,1,,,5,4,,2,2,Treatment,6638b847-5078-37fe-08fd-22f4c90509ad
2024-05-06 05:43:24,2024-05-06 05:44:04,0,100,39,1,2024-05-06 05:44:05,R_5JDZkBsICT8Ycp3,,,,,37.6434,-97.269,anonymous,EN,1,7,LPN,,,,,,,,,,,,,,,,,,,,,,,,,,,,,,,,,,,,,,,,,,,,,,,,,,,,,,,,,,,,,,,,,,,,,,,,,,,,,,,,,,,,,,,,,,,,,,,,,,,,,,,,,,,,,,,,,,,,,,,,,,,,,,,,,,,,,,,,,,,,,,,,,,,,,,,,,,,,,,,,,,,,,,,,,,,,,,,,,,,,,,,,,,,,,,,,,,,,,,,,,,,,,,,,,,,,,,,,,,,,,,,,,6638c175-150e-4092-7639-e0ae83f3302c
2024-05-06 05:29:36,2024-05-06 05:49:51,0,100,1215,1,2024-05-06 05:49:52,R_1rHPfhsmHWgaLv3,,,,,28.5588,-81.3495,anonymous,EN,1,3,,"3,5","Being a competent healthcare provider, up to date on skills and research. ",0,0,16.523,0,So that you can understand their perspective or where they are coming from. ,1.196,1.196,22.858,1,0,0,15.908,0,They don’t understand or want to be judged by their health care providers ,1.897,19.401,27.915,2,0,0,16.034,0,It helps you to understand the patient she can help you assist them more ,2.779,2.779,19.753,1,You can tailor treatment to their life and needs ,1.825,21.666,27.466,3,0,0,17.529,0,They understand you are on their team and can gain trust ,3.678,19.171,34.824,5,Issues within the healthcare setting ,Being a healthcare provider is an opportunity to Kaye an impact on others lives. If you understand a patient’s perspective you can build trust and assist them in their care and goals. ,1.176,56.457,56.504,5,,,,,,,,,,,,,,,,,,,,,,,,,,,,,,,,,,,,,,,,,,,,,,,Driving,Driving ,Rounding with provider ,Rounding with provider ,Rounding with provider ,Rounding with provider ,Rounding with provider ,Meeting with clinical managers ,Driving ,Driving ,,,,,,,,,,,,,,4,3,0,0,4.114,0,2.942,29.032,30.036,7,0,0,15.031,0,7,"5,6",29,7.297,7.297,15.14,1,4,4,4,2,5,3,1,2,3,4,3,5,"7,8",30,"Non compliant 
Needs pain management 
Education provided 
Discussed new plan of care, Pt able to verbalize understanding and repeat back ",0,0,15.139,0,4,4,4,3,4,3,3,2,3,4,2,5,Refer to pain management ,"Non compliant 
Education provided 
Refer to pain management ",5,3,4,3,1,4,4,4,4,4,4,2,3,2,4,2,2,3,3,1,1,1,1,1,1,0,0,50,50,14,Wound care ,Clinical liaison,4,,81,3,BSN,1,31,,39,2,,1,,,5,4,6,4,3,Treatment,6638be22-0324-afc7-9229-ae77f4e1e657
2024-05-06 05:52:44,2024-05-06 05:53:06,0,100,21,1,2024-05-06 05:53:06,R_2NyligKIs89SrZ4,,,,,30.5394,-91.0522,anonymous,EN,2,,,,,,,,,,,,,,,,,,,,,,,,,,,,,,,,,,,,,,,,,,,,,,,,,,,,,,,,,,,,,,,,,,,,,,,,,,,,,,,,,,,,,,,,,,,,,,,,,,,,,,,,,,,,,,,,,,,,,,,,,,,,,,,,,,,,,,,,,,,,,,,,,,,,,,,,,,,,,,,,,,,,,,,,,,,,,,,,,,,,,,,,,,,,,,,,,,,,,,,,,,,,,,,,,,,,,,,,,,,,,,,,,,,6638c2bc-9024-f6ee-fe20-bca3974c6bea
2024-05-06 05:44:30,2024-05-06 06:42:41,0,100,3490,1,2024-05-06 06:42:42,R_57SHVQdZbs6OuqJ,,,,,32.4143,-90.1185,anonymous,EN,1,3,,,,,,,,,,,,,,,,,,,,,,,,,,,,,,,,,,,,,,,,,,,,,,,,,,,"1,5,7",I use music streaming apps to help me focus on day to day activities.,0,0,95.539,0,I send and receive emails to family and friends. I also use it listen to music and play games. I also use it to watch movies and shows.,1.499,1.499,104.023,1,0,0,36.907,0,It allowed me to be able to be face to face with my sister even though we were in 2 different places.,52.418,108.546,109.717,3,I use them to communicate with my kids when I'm not around them. I can see what they are doing when I'm not around them.,0,0,37.822,0,I use it to listen to music. I also use it to watch tv shows and movies.,81.413,325.419,346.517,5,0,0,29.565,0,I use it to listen to music and watch movies.,4.008,4.008,21.995,1,I read about different ways to use technology.,Technology is a wonderful thing. You can use it in your everyday life to do some of the things you already do. It can help you keep in touch with friends and family that's far from you. You can also use it to watch some of your favorite shows for entertainment purposes.,72.547,72.547,182.078,1,Came to work,Did rounds,Did rounds,Spent time with patients families,Spent time with patients families,Break,Did more rounds,Continued rounding,Charted,Charted,Research,Told my patients I would see them tomorrow,Left work,,,,,,,,,,,,5,6,0,0,4.116,0,0,0,30.015,0,0,0,15.015,0,11,"5,6",65,0,0,15.017,0,4,5,5,4,4,2,2,4,1,5,3,2,"1,5",64,"didn't follow previous orders
Steroid injection
pain medicine hydrocodone 
",0,0,15.019,0,5,5,5,4,3,4,4,5,1,4,2,1,"I would tell him until he does what was previous told to him, there is nothing else I can do.","Doesn't follow orders.
Given 2 sets of treatments.
Did not do anything that was told to him.",4,2,3,3,1,4,4,5,5,5,5,5,4,5,5,1,2,1,2,1,2,1,1,1,2,1,1,60,40,17,Pediatrics,Nurse Manager,4,,80,3,MSN,1,25,,39,2,,3,,,8,4,6,1,1,Control,6638c138-30bf-cd66-3208-6ffd7e44097b
2024-05-06 06:56:37,2024-05-06 07:12:26,0,100,949,1,2024-05-06 07:12:27,R_7lzbDEQLTsaXfDP,,,,,40.4521,-80.1792,anonymous,EN,1,3,,"3,4,5",Commitment and being diligent with your field of nursing ,4.321,22.052,24.016,5,It canbhelp the provider to find a personal care plan for an individual patient ,8.031,8.031,31.239,1,0,0,17.577,0,Because they don’t understand the plan of care nor they are nervous about their health concern,3.157,3.157,23.201,1,10.815,10.815,20.297,1,I’d the patient has a good trusting relationship with them provider they are likely to me more compliant ,3.722,3.722,25.255,1,They will want to participate and be active in their health care ,3.6,3.6,19.461,1,0,0,17.641,0,It helps them to understand and want to participate in their healthcare ,5.612,5.612,19.8,1,About the patient and provider relationship to help with their care ,If the patient can trust and have an open relationship to ask questions and have things explained to hrhem in a way that they understand.    It will make all the difference in treating having the patient be compliant.    If they have all their concerns addressed they will u sweat and and be compliant ,0.959,35.686,113.089,9,,,,,,,,,,,,,,,,,,,,,,,,,,,,,,,,,,,,,,,,,,,,,,,Started ,,,,,,,,Left work ,,,,,,,,,,,,,,,2,2,0,0,4.014,0,7.448,29.81,30.12,4,9.523,11.739,15.022,4,8,"5,6",61,0,0,15.02,0,3,4,4,2,4,2,2,2,4,4,4,3,"5,6",62,"Order X-ray 
Order physical therapy 
Evaluate if pain med is helping ",11.766,14.727,15.023,3,2,2,4,2,4,2,2,2,4,4,4,3,,"Order X-ray 
Order physical therapy 
Change pain med ",7,2,3,2,1,3,4,4,4,2,2,2,2,2,2,1,1,1,1,1,1,1,1,1,1,0,0,50,50,25,Anticoagulation ,Nurse clinician ,15,,58,3,Bachelor ,1,50,,57,2,,1,,,6,6,7,3,2,Treatment,6638d2d4-2c58-6280-e9b1-880251d5af4e
2024-05-06 06:31:27,2024-05-06 07:17:34,0,100,2767,1,2024-05-06 07:17:35,R_7W2CPiXzo6So6NH,,,,,39.4849,-88.1805,anonymous,EN,1,3,,,,,,,,,,,,,,,,,,,,,,,,,,,,,,,,,,,,,,,,,,,,,,,,,,,"1,7,8",Laptop is for school.,3.392,16.22,23.546,16,"I use it for social media, and reading books.",2.042,2.042,34.352,1,0,0,21.947,0,"Company iphones, with doc halo, in a healthcare setting to reach out to doctors for assistance. ",16.94,64.153,128.885,8,"Yes, I use them at work. Having instant access to a doctor for a patient in distress is a relief for a nurse. ",11.293,15.568,16.54,3,"Reading books, watching videos, gaming",8.203,8.203,47.081,1,0,0,16.862,0,"I use my phone to read books, watch videos, reach out to family.",2.953,2.953,31.887,1,I read a book about a Roman informer.,"Dear person my age,
Using technology for entertainment became even more necessary because of the restrictions placed on citizens during the COVID-19 pandemic. People needed to have something to do to take their minds off of the deaths and tragedy’s happening around them. Suicide and depression due to loneliness and stress from a loss of a job,  was part of the many factors that led to people’s death during a time when death was happening due to the pandemic. For some people, having the ability to face time and reach out to family was life saving especially in places like hospitals where patients were not allowed visitors even when they were dying due to the pandemic. Hospital stays were longer due to COVID-19. As a healthcare provider, watching a patient lose hope during their battle with COVID because they could not have family visit them for their entire hospital stay to keep their spirits up was truly heartbreaking. Healthcare providers definitely had to innovate during this time and use any method they had to bring these patients family’s to them with out breaking restrictions.",3.042,637.356,658.812,36,Report,Hourly/dr rounds,Med pass,"Hourly rounds, Therapy, charting","Break, med pass","Med pass, hourly rounds ","Charting, wound care ","Lunch, hourly rounds, rapid response ","Patient care, charting","Break, hourly rounds ",Med pass ,"Med pass, hourly rounds",Report ,Off ,Off,Off,Off,Off,Off,Off,Off,Off,Off,Off,3,4,0,0,4.012,0,5.933,22.415,30.039,12,14.708,14.708,15.12,1,3,"6,7",26,11.099,14.002,15.009,2,4,3,5,2,4,2,3,3,3,5,3,5,"5,7",52,"Medication change from Tramadol to Hydrocodone. 
Dave is noncomplaint with previous treatment plan Education needed for alternative pain relief methods. ",8.525,14.699,15.008,3,4,3,4,3,4,4,2,3,3,4,3,1,"Physical therapy, maybe an X-ray, possible psychological issues that need diagnosis, or addiction issues ","Noncompliant
More education needed.
Physical therapy recommended",2,3,3,2,1,2,2,2,2,3,3,4,4,3,3,3,2,3,2,2,3,2,2,3,4,0,1,50,50,8,Med/surg/tele,RN Float ,7,,30,3,Associate ,1,14,,33,2,,1,,,4,4,5,2,2,Control,6638cbe5-c431-92f4-b7a9-8b08d6ee5064
2024-05-06 07:22:46,2024-05-06 07:23:37,0,100,50,1,2024-05-06 07:23:37,R_7DtjbeZssWzB9HI,,,,,34.6054,-92.6255,anonymous,EN,2,,,,,,,,,,,,,,,,,,,,,,,,,,,,,,,,,,,,,,,,,,,,,,,,,,,,,,,,,,,,,,,,,,,,,,,,,,,,,,,,,,,,,,,,,,,,,,,,,,,,,,,,,,,,,,,,,,,,,,,,,,,,,,,,,,,,,,,,,,,,,,,,,,,,,,,,,,,,,,,,,,,,,,,,,,,,,,,,,,,,,,,,,,,,,,,,,,,,,,,,,,,,,,,,,,,,,,,,,,,,,,,,,,,6638d81a-8eb1-195c-9537-cde4ca508eab
2024-05-06 07:06:10,2024-05-06 07:34:37,0,100,1706,1,2024-05-06 07:34:37,R_537zbIa1eO5k5cT,,,,,39.7838,-84.1455,anonymous,EN,1,1,,"9,3,5",Trying to understand the patient interaction with others from the patient's point of view.,1.286,12.761,17.657,6,To be able to evaluate what might change through medication.,3.067,3.001,17.559,2,1.94,1.94,16.965,1,Worry that others will find out.,1.906,10.932,22.925,4,0,0,19.609,0,"In knowing what sort of needs the patient has, I am better able to meet those needs.",2.4,25.625,27.197,2,The patient will sense that understanding has been accomplished.,5.364,21.315,21.7,2,3.374,5.495,20.561,2,It fosters a sense of teamwork.,2,2,17.436,1,Patient and doctor interactions.,"When a patient talks to you about problems, try to see them from the patient's view.",20.001,21.565,47.495,2,,,,,,,,,,,,,,,,,,,,,,,,,,,,,,,,,,,,,,,,,,,,,,,"Seeing patients, writing prescriptions for schizophrenia, depression, bipolar disorder.","Seeing patients, writing prescriptions for schizophrenia, depression, bipolar disorder.","Seeing patients, writing prescriptions for schizophrenia, depression, bipolar disorder.","Seeing patients, writing prescriptions for schizophrenia, depression, bipolar disorder.",Lunch,"Seeing patients, writing prescriptions for schizophrenia, depression, bipolar disorder.","Seeing patients, writing prescriptions for schizophrenia, depression, bipolar disorder.","Seeing patients, writing prescriptions for schizophrenia, depression, bipolar disorder.","Seeing patients, writing prescriptions for schizophrenia, depression, bipolar disorder.",Home for tea,Exercycle,Dinner ,DVD movie,DVD movie,"shower, clean kitchen, bed",,,,,,,,,5,5,0,0,4.018,0,0,0,30.026,0,3.406,8.493,15.026,2,5,"6,7",27,4.266,4.266,15.016,1,4,4,4,3,4,4,2,3,3,4,3,1,"6,7",28,"Patient has pain complaint
Physical evaluation is consistent with pain described
Patient has not followed medication recommendations.",3.964,3.964,16.828,1,4,4,4,3,4,3,2,3,2,4,3,1,Repeating urges to compliance.,"Patient has pain complaints
Physical evaluation is consistent with pain complaints
Patient has not been compliant with recommendations.",5,3,4,2,1,3,1,3,1,5,5,5,4,4,5,1,2,1,1,1,1,1,1,1,1,0,0,100,0,30,Psychiatry,Psychiatrist,8,,78,4,MD,1,25,,74,1,,1,,,9,2,6,4,4,Treatment,6638d4d6-8578-8925-f4ed-285821a88f0d
2024-05-06 07:13:03,2024-05-06 07:36:28,0,100,1404,1,2024-05-06 07:36:28,R_3YDEmFUgJY2JVAI,,,,,29.4213,-98.5313,anonymous,EN,1,3,,,,,,,,,,,,,,,,,,,,,,,,,,,,,,,,,,,,,,,,,,,,,,,,,,,"4,6,8",I use these types to stay in touch ,2.281,3.692,21.365,2,I think these are always important ,1.685,1.685,13.744,1,0,0,16.578,0,There used to be no internet and no cell phone ,2.71,4.282,27.999,2,These devices make it possible to stay in touch ,0,0,34.205,0,I use technology to stay in touch with friends and for other stuff like movies and music ,10.266,10.266,35.311,1,1.218,1.218,32.223,1,I use technology for my phone to watch tv ,5.168,5.168,23.043,1,I read about technology ,Technology has been so important since Covid ,0.812,7.78,21.852,7,Patients ,Patients ,Charting ,Charting ,Patients ,Lunch ,Lunch ,Patient ,Patients ,Patient ,Er,Er,Charting ,Home ,Home ,Home ,Home ,Home ,Home ,Home ,Home ,Home ,Home ,Go to work ,6,1,3.218,3.218,4.013,1,0.78,26.607,30.17,9,4.836,12.989,15.027,4,5,"5,6",73,12.82,13.859,15.022,3,5,3,3,3,5,1,1,1,5,5,5,5,"6,7",59,This is great ,0,0,15.024,0,4,1,5,1,5,1,5,1,5,5,5,4,I would watch and see what’s best ,Keep an eye on Dave and progress with treatment from there ,5,1,4,3,1,5,5,5,5,5,5,4,5,5,5,1,3,1,1,5,3,3,4,3,4,1,1,50,50,14,Nurse ,Registered nurse ,14,,47,3,16,1,37,,44,2,,1,,,5,5,4,3,3,Control,6638d6e5-084c-88a7-3f88-0e4923959149
2024-05-06 08:10:19,2024-05-06 09:06:23,0,100,3364,1,2024-05-06 09:06:24,R_2XvRntVpW7bHEXv,,,,,44.9834,-93.2622,anonymous,EN,1,3,,"9,3,4",Empathy is important to be able to help the individual on their level of understanding and need.,0,0,110.563,0,Knowing their background and beliefs,5.776,5.776,22.086,1,0,0,220.451,0,"They are overwhelmed with a diagnosis. They may feel inadequate. they are afraid to appear ""dumb"" or don't want to admit they don't understand. ",4.676,68.476,76.691,2,0,0,106.042,0,"When a patient sees the benefit and can follow my recommendations, it makes me feel like I have made a difference to them and their health.",6.273,56.587,60.227,2,"The patients perspective is everything. They are the one being asked to comply with a treatment plan. If they can comply per their perspective, then they will also feel good about their recovery. THat feeling will increase the provider/patient relationship.",6.222,7.889,103.528,2,0,0,111.044,0,"Once our goals are aligned, the process becomes a mutually satisfying experience. There is a peace of mind knowing that you have helped a person reach their goals even if they are not the same goals you would have chosen for them.",6.931,58.87,107.975,4,I read about the healthcare provider/patient relationship and ideas to strengthen that relationship.,"Welcome the wonderful world of healthcare!
One of the most important aspects to your role will be establishing a connection with your patients. Establishing that connection can be as easy as setting down with a patient and finding out their personal stories. Jot down notes about those stories and follow up with them at each encounter. Simply asking ""what is on your mind today"" can let the patient know you are genuinely concerned about them. Seeing health from their perspective can make your role much more satisfying. Not all patients want the treatment plan you have in mind, find a plan that works for them!  ",49.838,428.982,517.139,11,,,,,,,,,,,,,,,,,,,,,,,,,,,,,,,,,,,,,,,,,,,,,,overall update on the Unit patients,individual handoff report/introduced to patient/immediate needs met,medications passed,interdisciplinary rounds,individual patient needs met,cares provided,follow up with physicians,reinforced education given to family,preparation for handoff report,Handoff report,,,,,,,,,,,,,,,6,6,0,0,4.02,0,0,0,30.027,0,0,0,15.121,0,7,"5,6",43,0,0,15.124,0,4,3,5,1,5,1,1,1,5,5,5,5,"4,5",34,Treatment plan adjusted to meet pain control needs. Education provided regrading non-pharmacological pain relief methods. ,0,0,15.019,0,4,2,5,1,5,1,1,2,4,5,5,1,"We need a more detailed conversation about what would work for him. Would there be something that he did everyday that would trigger his memory to take his medications. Is there something going on that he is not telling us.For example, is affording the medication a concern. Was the prescription filled?",Prescription not filled due to financial situation. Non-pharmacological interventions reviewed. Financial assistance obtained with Daves input. ,6,2,4,3,1,5,5,5,5,4,4,4,4,5,5,2,2,1,1,1,2,1,1,1,1,1,1,100,0,40,Intensive Care,Staff Nurse,40,,93,4,MSN,1,16,,62,2,,1,,,9,4,7,2,3,Treatment,6638e3f6-14be-bedc-02d8-3b51466fd31a
2024-05-06 09:15:18,2024-05-06 09:15:49,0,100,30,1,2024-05-06 09:15:49,R_3oByIc5lfYRoRtT,,,,,38.4272,-121.442,anonymous,EN,2,,,,,,,,,,,,,,,,,,,,,,,,,,,,,,,,,,,,,,,,,,,,,,,,,,,,,,,,,,,,,,,,,,,,,,,,,,,,,,,,,,,,,,,,,,,,,,,,,,,,,,,,,,,,,,,,,,,,,,,,,,,,,,,,,,,,,,,,,,,,,,,,,,,,,,,,,,,,,,,,,,,,,,,,,,,,,,,,,,,,,,,,,,,,,,,,,,,,,,,,,,,,,,,,,,,,,,,,,,,,,,,,,,,6638f3a2-8977-37fe-eb93-0789a705af28
2024-05-06 09:16:57,2024-05-06 09:17:19,0,100,22,1,2024-05-06 09:17:20,R_3Jl9R15oEpfytrL,,,,,40.3186,-83.6462,anonymous,EN,2,,,,,,,,,,,,,,,,,,,,,,,,,,,,,,,,,,,,,,,,,,,,,,,,,,,,,,,,,,,,,,,,,,,,,,,,,,,,,,,,,,,,,,,,,,,,,,,,,,,,,,,,,,,,,,,,,,,,,,,,,,,,,,,,,,,,,,,,,,,,,,,,,,,,,,,,,,,,,,,,,,,,,,,,,,,,,,,,,,,,,,,,,,,,,,,,,,,,,,,,,,,,,,,,,,,,,,,,,,,,,,,,,,,6638f32c-9d6d-8d6c-dff9-4525372f3ecc
2024-05-06 08:55:39,2024-05-06 09:17:46,0,100,1327,1,2024-05-06 09:17:47,R_2jkZye1vqCg8Fwl,,,,,42.3695,-83.4769,anonymous,EN,1,5,,,,,,,,,,,,,,,,,,,,,,,,,,,,,,,,,,,,,,,,,,,,,,,,,,,"1,2,4,7",I use a computer for personal business ,30.483,30.483,30.5,1,"I use my cell phone for communication, personal business, and entertainment. ",1.674,1.674,27.772,1,0,0,15.917,0,"When I was going to grad school, our lectures were accessible via zoom, previous to Covid it was all in person ",3.7,3.7,45.997,1,Group messages so everyone was on the same page. Zoom meetings so you don’t have to travel to the office as frequently. And enhancing long-distance relationships using FaceTime ,0,0,19.373,0,"I use technology to do grocery shopping online, play games, and communication ",2.055,2.055,29.441,1,0,0,16.212,0,I use it to chat and play games,4.14,4.14,13.843,1,I read about technology and how people use it in different ways.,"The use of technology is great! You can chat with people near or far, and see their face too! You can access all your banking needs, calendars, and other to-dos right from your phone or tablet. ",1.461,82.214,95.736,3,Report,Report,Check on patients ,Check on patients ,Rounds ,Rounds ,Rounds ,Research patient conditions,Place orders ,Check on patients ,Check on patients ,"Review charts, place orders ",Report ,Report ,,,,,,,,,,,6,4,0,0,4.013,0,7.022,7.022,30.018,1,14.908,14.908,15.014,1,5,"5,7",,8.533,8.533,15.016,1,2,5,5,3,5,3,1,1,2,4,3,5,"5,7",,"Rest, ice and elevate leg
Use Tylenol 1000mg every 8 hours 
Use 1 hydrocodone every 4 hours as needed for breakthrough pain",4.908,4.908,15.018,1,4,4,5,3,5,4,1,2,2,4,3,3,Encourage him to follow recommendations or schedule in person visit ,"Please be compliant with the instructions provided to improve your pain 
Rest ice and elevate leg
Use medications as prescribed 
If pain doesn’t improve please see provider ",4,4,2,2,1,5,5,5,5,3,5,4,4,5,5,2,4,1,3,1,3,1,1,1,3,1,1,25,75,9,Critical care,Nurse practitioner ,2,,49,4,Masters ,1,23,,33,2,,1,,,7,3,4,3,4,Control,6638eee2-b7b0-ea36-5be4-dbf980d51529
2024-05-06 09:02:25,2024-05-06 10:26:25,0,100,5040,1,2024-05-06 10:26:27,R_7CO5vKP8h2TaFPy,,,,,28.5788,-81.4396,anonymous,EN,1,4,,"3,5",I stay up to date with medical learning,0,0,17.308,0,It helps to know in order to educate them based on their level of learning ,7.166,7.166,61.038,1,0,0,16.262,0,Previous bad experience with a healthcare provider ,155.879,155.879,182.23,1,0,0,28.601,0,It will direct me to a treatment plan that they may adhere to,123.976,123.976,147.033,1,They feel understood ,14.378,14.378,21.425,1,0,0,17.01,0,They will likely adhere to the treatment plan ,34.154,34.154,51.983,1,Patient and provider understanding each other,"You will have good days and bad days. Knowing that you have done your best always will help you through the bad days. Luckily, pleasant patients outnumber the unpleasant ones so do not discouraged. Remember to take care of yourself by sleeping, exercising, and eating well. If you are not strong and well, you can not be there for others.",2.992,134.68,135.858,8,,,,,,,,,,,,,,,,,,,,,,,,,,,,,,,,,,,,,,,,,,,,,,Call patients with results ,Patient visits ,Patient visits ,"Quick break, visits",Patient visits ,Lunch,Patient visits ,Patient visits ,Complete charting,Call patients with results ,Commute home ,Dinner,Go to bed,Sleeping ,Sleeping ,Sleeping ,Sleeping ,Sleeping ,Sleeping ,Sleeping ,Sleeping ,Awakening ,Exercising ,Commuting to work ,2,2,0,0,4.113,0,13.945,14.659,30.03,2,0,0,15.021,0,6,"6,7",47,13.076,13.076,15.12,1,4,2,4,3,4,4,3,3,2,4,3,1,"6,7",47,Fractured distal fibula. Pt noncompliant with tax plan. Advised to compliance and f/u in another 2 weeks,0,0,15.02,0,5,5,4,3,4,4,3,4,2,4,3,1,He will likely need to follow up with a specialist ,Non compliance with tx plan. Pt will need to f/u with a specialist to confirm proper healing. Referral made today for orthopedic f/u,3,2,2,2,1,2,2,2,2,2,2,2,1,2,3,5,5,4,4,3,1,1,4,4,1,0,0,0,100,19,Urgent care ,PA,15,,37,4,Masters ,1,10,,45,2,,1,,,6,4,7,1,2,Treatment,6638f04a-c6ab-a3a9-5907-083523be513a
2024-05-06 10:01:32,2024-05-06 10:29:33,0,100,1681,1,2024-05-06 10:29:34,R_70ZVqDI4zHew5Nu,,,,,37.386,-79.2191,anonymous,EN,1,3,,,,,,,,,,,,,,,,,,,,,,,,,,,,,,,,,,,,,,,,,,,,,,,,,,,"2,5,8",I used the tablet to complete CEUs to further my skill set and medical knowledge. Also have used it to complete infection control certification through the CDC.,15.771,15.771,16.673,1,"For job searches, furthering my knowledge on multiple subjects and earning continued education.",2.491,2.491,35.727,1,8.02,8.02,15.987,1,During COVID pandemic use of Tele health and zoom type programs allowed me to assist patients with education and communication with their loved ones,8.351,8.351,46.818,1,I have to communicate with work and clients to schedule visit times and help explain care measures. It has decreased time between patient needs and resolution of these issues.,11.374,11.374,21.279,1,I used my iPhone to play games and view videos. Have also used iPad to do the same.,5.385,5.385,34.833,1,0,0,22.105,0,Stream videos and movies ,3.927,3.927,13.282,1,Today I have read about technology and the way it can assist in everyday life.,Different apps and programs can allow you to not only speak with others that are not in your same location but to see them as well. You can video call relatives that are states away and include them in important life events by doing this. It also helps to keep families in touch during times that they are not able to be together in person.,1.335,115.876,116.818,5,Shift report ,Review of any new events from prior shift,Meetings to plan the day ahead,Medication administration ,Wound care and rounds,Feeding of patients ,Documentation of tasks performed that morning,Calls to patient families for updates on wound care,Calls to physicians for clarifications,Medicine administered ,Meal assistance,Evening meds and assessments ,Complete documentation and shift report ,,,,,,,,,,,,4,5,0,0,4.111,0,13.605,16.59,30.19,2,10.507,12.759,15.025,2,8,"2,3",0,0,0,15.121,0,4,5,5,3,5,4,1,3,1,5,4,4,"5,8",,No pain improvement noted by patient. Recommendations from previous visit not followed. Adjustment to treatment recommendations needed for patient compliance.,0,0,15.024,0,5,5,4,3,4,4,4,4,1,5,3,2,Explain that without following treatment recommendations pain medication scripts cannot continue for much longer as there is more to the healing process than medication.,Continues to be non compliant with recommendations. Educated on importance of recommendations and pain medication not being long term fix. ,5,2,3,2,1,4,3,4,3,4,5,5,4,5,5,1,1,1,1,1,1,1,1,1,1,1,1,75,25,9,Management in longterm care and home health,Nursing supervisor,3,,68,3,Bachelors ,1,48,,32,2,,1,,,5,6,4,4,3,Control,6638fd88-20a7-0571-e757-88f9d5afb956
2024-05-06 10:37:49,2024-05-06 11:04:58,0,100,1628,1,2024-05-06 11:04:59,R_12yw8Ic8NjgGAPF,,,,,29.7439,-95.6067,anonymous,EN,1,3,,,,,,,,,,,,,,,,,,,,,,,,,,,,,,,,,,,,,,,,,,,,,,,,,,,"1,6,8",I use them to communicate to patients,0.873,56.172,56.931,6,To communicate with my family and patients,14.236,14.236,144.27,1,0.926,1.33,25.569,2,During covid19,82.422,82.422,106.879,1,I use social media to communicate  and it was great experience. My goal was to be reliable communicator.,0.932,0.932,18.173,1,I watch movies and tv shows when I have time,8.502,25.96,26.406,2,0.983,0.983,18.958,1,I use this to take videos on social medias ,1.262,27.372,28.14,2,About new technology ,The new technology that I discovered is very informative and helpful in medical field.,1.329,173.686,174.942,9,N,n,Go work,use technology ,n,n,n,use technology ,use technology ,n,N,n,n,,nse social media ,use social media ,N,N,n,n,n,n,n,n,5,6,0,0,4.133,0,1.686,29.346,30.141,13,1.209,11.93,15.032,2,5,"3,5",68,12.881,12.881,15.027,1,1,5,5,2,5,1,1,5,1,5,1,1,"3,6",74,He will be better in the future if he follows instructions ,0,0,15.14,0,5,5,5,2,3,5,5,5,5,5,1,1,It is hard,It is hard to treat him,3,1,5,3,1,5,5,5,4,5,5,4,5,5,5,1,1,1,2,1,2,1,1,1,1,1,1,60,40,11,Nurse,Nurse,11,,97,3,Bachelor's degree,1,45,,31,2,,1,,,8,2,5,3,3,Control,66390697-2f90-3202-4b06-a2d7febb3c98
2024-05-06 11:05:02,2024-05-06 11:05:21,0,100,18,1,2024-05-06 11:05:21,R_878Oe4u3hnl0gah,,,,,33.6739,-86.4109,anonymous,EN,2,,,,,,,,,,,,,,,,,,,,,,,,,,,,,,,,,,,,,,,,,,,,,,,,,,,,,,,,,,,,,,,,,,,,,,,,,,,,,,,,,,,,,,,,,,,,,,,,,,,,,,,,,,,,,,,,,,,,,,,,,,,,,,,,,,,,,,,,,,,,,,,,,,,,,,,,,,,,,,,,,,,,,,,,,,,,,,,,,,,,,,,,,,,,,,,,,,,,,,,,,,,,,,,,,,,,,,,,,,,,,,,,,,,66390cda-a021-d187-caf5-bd77293f1af7
2024-05-06 11:13:33,2024-05-06 11:13:48,0,100,15,1,2024-05-06 11:13:49,R_3ijs2bbC3lpW8mJ,,,,,37.8225,-94.7198,anonymous,EN,2,,,,,,,,,,,,,,,,,,,,,,,,,,,,,,,,,,,,,,,,,,,,,,,,,,,,,,,,,,,,,,,,,,,,,,,,,,,,,,,,,,,,,,,,,,,,,,,,,,,,,,,,,,,,,,,,,,,,,,,,,,,,,,,,,,,,,,,,,,,,,,,,,,,,,,,,,,,,,,,,,,,,,,,,,,,,,,,,,,,,,,,,,,,,,,,,,,,,,,,,,,,,,,,,,,,,,,,,,,,,,,,,,,,66390f19-a75d-e019-6b31-7a74d738de3f
2024-05-06 10:52:35,2024-05-06 11:18:06,0,100,1530,1,2024-05-06 11:18:07,R_8dye5BsDtTYN1Ww,,,,,42.0857,-70.999,anonymous,EN,1,3,,"9,2,4",Because empathy is the most important thing in the world,8.798,12.966,17.554,6,"Because remaining curious & asking questions, really listening to my patient helps me better understand their perspective, thus allows me to better empathize ",14.29,14.29,83.743,1,1.589,15.629,17.148,24,"Because they are overwhelmed, they don’t have a medical knowledge base & they’re intimidated ",13.518,13.518,50.001,1,1.459,23.262,25.748,19,Because I’m able to better understand the patient’s unique circumstances and limitations-I can make better recommendations and implement more effective interventions ,0.723,66.57,103.037,21,Because understanding and empathy and vulnerability build trust,0.93,25.473,26.335,4,1.439,16.661,17.001,21,Their goals are priority ,0.892,11.34,39.786,3,The importance of building understanding and trust between clinician & patient by learning about patient’s perspective ,"Don’t put up with lateral violence! Or any type of violence from anyone. 
Don’t put up with sexual harassment from peers, patients, or superiors. 
We need to set the standard and be the enforcers and whistle blowers so that our work environments can actually be zero tolerance ",0.953,165.325,166.234,35,,,,,,,,,,,,,,,,,,,,,,,,,,,,,,,,,,,,,,,,,,,,,,Off,NA,NA,Na,NA,NA,Na,NA,NA,NA,NA,on,Rounds ,Intake,Intake,Assessment ,Family meeting,Family meeting,Break to eat,CMO,Cmo,CMO,Pronounced ,Rounds,6,1,0,0,4.016,0,2.075,29.42,30.078,9,4.648,14.199,15.02,19,5,"6,7",,7.607,15.101,15.12,7,2,5,3,1,5,2,1,1,1,5,3,4,"5,6",,Pt reports no relief from pain; pt reports that he did not follow recommend tx plan bc he did not have time. ,7.858,13.796,15.02,19,4,5,2,3,5,4,1,3,1,5,3,2,Refer to pain specialist/ortho,"Pt reports no pain relief. Pt first reported his non-compliance was due to limited time, but now reports that his noncompliance is due to his forgetfulness: stated “it slipped my mind”",2,3,4,2,1,1,1,4,2,2,5,5,5,5,5,3,5,2,4,1,2,2,1,1,3,0,0,50,50,11,Hospice,RN,6,,100,4,Master in applied behavior analysis ,1,22,,45,2,,1,,,8,1,7,4,3,Treatment,6639083f-8984-3c87-1f78-40f55fe60362
2024-05-06 11:20:45,2024-05-06 11:21:12,0,100,26,1,2024-05-06 11:21:12,R_71nqmpGmNdRwR9I,,,,,34.4993,-84.9373,anonymous,EN,1,7,Dental Assistant ,,,,,,,,,,,,,,,,,,,,,,,,,,,,,,,,,,,,,,,,,,,,,,,,,,,,,,,,,,,,,,,,,,,,,,,,,,,,,,,,,,,,,,,,,,,,,,,,,,,,,,,,,,,,,,,,,,,,,,,,,,,,,,,,,,,,,,,,,,,,,,,,,,,,,,,,,,,,,,,,,,,,,,,,,,,,,,,,,,,,,,,,,,,,,,,,,,,,,,,,,,,,,,,,,,,,,,,,,,,,,,,,,663910e9-468e-f6ae-dd4f-a14f645ecc35
2024-05-06 12:00:16,2024-05-06 12:30:48,0,100,1831,1,2024-05-06 12:30:49,R_5uV8nZDhFZxIGCM,,,,,42.9716,-76.223,anonymous,EN,1,1,,,,,,,,,,,,,,,,,,,,,,,,,,,,,,,,,,,,,,,,,,,,,,,,,,,"1,2","Are use a laptop professionally to enter patient records, review tests and specialists comments or use a tablet for recreation, such as reading emails, connecting on social media or playing games",2.601,6.919,26.526,2,Are use technology for communication. It allows me to keep up with family and friends. I use my cell phone for texting and calling my iPad for reviewing emails and social media. My iPhone doubles as a pager so I can be reached by patients when necessary. I also use my iPad to look up information. It’s common for me to look up a word or review a fact online. I also use it when hunting for restaurants or making reservations. I do not use my phone or my iPad for watching videos for entertainment. ,3.107,113.193,114.644,2,3.484,33.607,50.539,4,"For me, the biggest use of technology has been eliminating the beeper. Early in my practice I had to carry around the beeper and then find a payphone to be able to call an answering service and once I got the message I had to call a patient or hospital back on that same payphone. Very complicated process that has been made much simpler now that I have patience And other professionals just call me directly on my cell phone. I do not use the cell phone for face-to-face communication with patients but I do have an app that allows me to do that on my iPad. My communication with family is by traditional telephone. ",6.605,95.958,96.83,2,"As I mentioned, these smart phone has helped me with day-to-day communication and the iPad has helped me with telehealth. I still communicate with family and friends via Tele phone and do not use FaceTime or other video apps.",3.177,8.846,25.287,2,"I use gaming applications on my smart devices. I enjoy playing Wordle and connections from the New York Times and there are a few other mindless games that I play. I do not like to watch videos on the smart phone but while I’m exercising at a gym, I do listen to podcasts",12.037,12.037,58.153,1,3.429,13.503,25.671,3,"I use technology to access Podcasts while exercising. I do enjoy playing mind games like Wordle or connections online and when I have extra time, I will play mindless games like Royal Match as a way of passing time. I much prefer reading a book and paper form.",3.887,3.887,58.528,1,Hamas has agreed to a truce. Waiting for details,"Technology can help overcome, isolation and is a useful tool for entertainment and many of life’s chores. Banking shopping are all made easier with technology. Research in general is much easier using electronic means rather than searching through books in the library. It is possible to start slow And increase the amount of your reliance on technology as things go on ",7.677,113.794,117.084,6,"Arrived in the office, and your blood, and patients that are scheduled for the future","Finished my blood draws, and review charts for the day",Saw patients in office,Saw patients inoffice,Saw patients,"Ate lunch while reviewing patient charts, returning phone calls and reading incoming reports",Saw patients,Saw patients ,Saw patients,Saw patients,Returned calls,Home relaxed ate,Watch  news ,Journals and tv,,,,,,,,,,,6,4,0,0,4.016,0,1.529,22.533,30.091,2,0,0,15.038,0,3,"6,7",50,0,0,15.031,0,4,4,3,3,5,3,2,2,3,3,3,5,"6,7",65,Dave needs to be examined to adequately assess what’s going on with him. He heard a crack at the initial visit and has not been examined has not been x-rayed. This is totally inappropriate care.,14.859,14.859,15.038,1,4,4,3,3,4,3,2,3,2,4,3,5,Get him seen,"You need a better description of the location of the pain
A better description of the type of pain and a frank discussion about the need for a brace. It would be best if David was seen and examined rather than have his care handle this way.",3,3,3,2,1,1,1,1,1,5,5,5,4,5,5,2,2,2,2,2,2,2,2,2,2,0,0,100,0,42,FP,MD,42,,95,4,MD,1,33,,75,1,,1,,,8,5,6,3,2,Control,663919e2-5965-6229-8388-839ae01c330f
2024-05-06 12:38:23,2024-05-06 12:38:47,0,100,24,1,2024-05-06 12:38:48,R_7QxCCcepQqgkse5,,,,,33.9889,-118.153,anonymous,EN,2,,,,,,,,,,,,,,,,,,,,,,,,,,,,,,,,,,,,,,,,,,,,,,,,,,,,,,,,,,,,,,,,,,,,,,,,,,,,,,,,,,,,,,,,,,,,,,,,,,,,,,,,,,,,,,,,,,,,,,,,,,,,,,,,,,,,,,,,,,,,,,,,,,,,,,,,,,,,,,,,,,,,,,,,,,,,,,,,,,,,,,,,,,,,,,,,,,,,,,,,,,,,,,,,,,,,,,,,,,,,,,,,,,,6639230e-9740-509c-3119-6d759de7700e
2024-05-06 12:41:18,2024-05-06 12:42:14,0,100,55,1,2024-05-06 12:42:15,R_3Qtj2cR01hd0SrU,,,,,42.3702,-83.1084,anonymous,EN,1,7,Lpn,,,,,,,,,,,,,,,,,,,,,,,,,,,,,,,,,,,,,,,,,,,,,,,,,,,,,,,,,,,,,,,,,,,,,,,,,,,,,,,,,,,,,,,,,,,,,,,,,,,,,,,,,,,,,,,,,,,,,,,,,,,,,,,,,,,,,,,,,,,,,,,,,,,,,,,,,,,,,,,,,,,,,,,,,,,,,,,,,,,,,,,,,,,,,,,,,,,,,,,,,,,,,,,,,,,,,,,,,,,,,,,,,66392214-c791-c40a-940b-9ebee308476e
2024-05-06 12:39:02,2024-05-06 13:29:43,0,100,3041,1,2024-05-06 13:29:43,R_57461HUny8r2pqN,,,,,36.842,-119.6578,anonymous,EN,1,3,,"2,3,5",You need to have the skills to gain trust frim patient and be considerate of what they are feeling.,4.944,15.788,16.309,7,To know their level of understanding of what was going on and be able to help them understand and accept the plan of care for their condition.,26.327,106.361,129.737,5,0,0,16.385,0,One reason would be that rapport has not been stablished between care proveder and patient.,24.533,24.533,85.158,1,0,0,20.186,0,"It could help the nurse how to approach and the how to health educate the patient according to how patient see and understand the situation
",23.558,23.558,123.414,1,"If they are approached according to their perspective, there is a greater chance of the patient to be receiptive of the care plan",7.544,7.544,101.036,1,11.068,24.413,28.814,7,Having aligned goal with patients creats cooperation from them ,1.614,74.73,107.191,6,Understanding patients own perspective ,Providing healthcare is a very fulfilling job. SEeing patients in their own perspectives creates greater opportunity to be effective and successful in carrying the goal of care. Understanding and establishing a trusting relationship with the patient will make the delivery of care smooth and efficient.,5.42,195.871,328.372,16,,,,,,,,,,,,,,,,,,,,,,,,,,,,,,,,,,,,,,,,,,,,,,Rounds and receiving report from prevois shift,Administering medications,Start treatment of wounds and other skin issues,Continue treatments,Documentation of treatments,Medication administration ,"Documentation, nurses notes",End of shift,,,,,,,,,,,,,,,,Beginning of shift,5,2,0,0,4.113,0,7.52,19.805,30.129,3,0,0,15.018,0,5,"6,8",38,0,0,15.018,0,4,4,4,3,5,3,1,3,2,1,3,2,"4,7",47,"Has moderate pain, unchanged
Educated on how to apply Fentanyl
Advised to come back if no improvement ",0,0,15.018,0,5,5,3,3,5,4,4,3,5,5,3,2,Having him return for follow up in a shorter period,"Return in 1 week 
Pain unimproved
Patient not compliant with plan of care",3,4,2,1,1,3,3,3,3,2,,2,2,3,3,3,4,3,3,3,3,3,3,3,3,0,0,50,50,26,None,RN,9,,99,3,Bachelor,2,,Philippines,51,2,,5,,,6,4,6,2,2,Treatment,663921ef-b88c-0fca-9f20-2055a9744f4c
2024-05-06 13:31:38,2024-05-06 14:13:47,0,100,2529,1,2024-05-06 14:13:48,R_2M4HcPzT4iz9snd,,,,,38.93,-77.35,anonymous,EN,1,3,,,,,,,,,,,,,,,,,,,,,,,,,,,,,,,,,,,,,,,,,,,,,,,,,,,"2,4,8",I use to check my email and shop because it has a bigger screen,32.018,32.018,33.92,1,"I use for a lot of things, I record my meals and weight every morning on an app, I check my bank accounts, then I use it to navigate to work. I also have several work apps on my phone and I use to it to listen to my audiobooks ",37.093,37.093,98.601,1,59.4,59.4,61.636,1,My family lives in another country so I use my phone to communicate with them more than once a week ,2.896,2.896,30.996,1,"Yeah pretty much every single day, I have family that lives in another country and friends that are also from other countries ",0,0,35.559,0,"I use my phone to listen to music, podcast, audiobooks and play games pretty much daily ",1.189,1.189,21.218,1,21.486,21.486,23.636,1,"I use it to learn another language, listen to podcasts and stream my audiobooks ",3.243,3.243,25.016,1,The way we use cellphones and technology in our daily lives ,"Despite all the scary news you see every day. Technology does have the potential to make a lot of aspects of our daily lives easier. 

We can communicate immediately with people that are far away. We are able to access all sorts of entertainment. 

We have information at the touch of our hands. And we can handle daily tasks that use to take weeks or months, in a couple minutes 

I personally use my calendar to keep track of all my appointments and commitments on a weekly basis and it is very helpful ",7.33,129.775,215.129,6,Prep for surgery ,Surgery start ,Surgery ,Surgery ,Surgery ,Lunch break ,Second case ,Surgery,End of shift ,,,,,,,,,,,,,,,,3,1,0,0,4.014,0,20.682,27.015,30.025,2,9.862,9.862,15.017,1,4,"5,6",90,3.683,3.683,15.019,1,5,4,4,2,5,4,1,3,2,4,3,3,"5,6",73,"Dave probably needs physical therapy
Dull ache continues 
Weak opioids were prescribed ",0,0,15.017,0,5,4,4,2,5,4,2,4,2,4,1,3,I would recommend another provider ,"Patient refuses medical suggestions 
Dull pain continues however patient has not followed directions 
Patient seems forgetful ",4,4,4,1,1,5,4,5,4,4,4,4,4,5,4,1,4,1,3,1,1,1,1,1,1,0,0,50,50,8,Orthopedics ,Registered Nurse ,8,,70,3,BSN ,1,21,,30,2,,1,,,8,1,7,4,4,Control,66392767-06c9-372c-5587-eb4d3841beee
2024-05-06 14:46:53,2024-05-06 14:59:28,0,100,755,1,2024-05-06 14:59:29,R_25bP4eUiPBdWK2J,,,,,44.9834,-93.2622,anonymous,EN,1,5,,"9,4,5",It's helping people. Every age group.,11.839,16.073,17.135,6,It's an understanding that patients are equal and deserve the best care ,2.101,2.101,32.387,1,0,0,16.2,0,They might feel embarrassed ,9.74,9.74,16.601,1,0,0,16.176,0,It's hard to get everything right for them.,0.906,0.906,13.798,1,Listening and understanding ,1.582,1.582,9.101,1,0,0,16.072,0,To listen and care ,1.333,1.333,10.556,1,Making things medically better for the patients ,Understand the patient perspective will help alot.,1.152,31.066,31.962,9,,,,,,,,,,,,,,,,,,,,,,,,,,,,,,,,,,,,,,,,,,,,,,Helping ,,,,,,,,,,,,,,,,,,,,,,,,2,2,0,0,4.065,0,1.761,28.988,30.073,8,14.373,14.373,15.063,1,5,"7,8",73,0,0,15.073,0,2,2,4,4,5,2,1,1,4,5,4,2,"6,7",79,Need follow up. Is young and doing good ,0,0,15.074,0,2,4,4,2,5,3,1,1,4,5,5,2,Testing ,Dave will need blood work and testing ,6,2,3,2,1,4,4,4,4,5,4,4,4,3,4,1,1,2,3,2,2,2,4,4,3,0,0,50,50,21,Nursing ,5,9,,80,3,Assistant ,1,16,,47,2,,1,,,4,4,4,3,3,Treatment,66394146-0ff8-100f-8df6-b7f1e4329d89
2024-04-29 15:01:09,2024-04-29 15:01:49,0,2,39,0,2024-05-06 15:02:11,R_7oFH7ULO3YIDqXV,,,,,,,anonymous,EN,2,,,,,,,,,,,,,,,,,,,,,,,,,,,,,,,,,,,,,,,,,,,,,,,,,,,,,,,,,,,,,,,,,,,,,,,,,,,,,,,,,,,,,,,,,,,,,,,,,,,,,,,,,,,,,,,,,,,,,,,,,,,,,,,,,,,,,,,,,,,,,,,,,,,,,,,,,,,,,,,,,,,,,,,,,,,,,,,,,,,,,,,,,,,,,,,,,,,,,,,,,,,,,,,,,,,,,,,,,,,,,,,,,,,
2024-05-06 15:15:45,2024-05-06 15:16:25,0,100,39,1,2024-05-06 15:16:26,R_22Jg1ivd5UO7aeJ,,,,,37.137,-92.12,anonymous,EN,1,7,License practical nurse ,,,,,,,,,,,,,,,,,,,,,,,,,,,,,,,,,,,,,,,,,,,,,,,,,,,,,,,,,,,,,,,,,,,,,,,,,,,,,,,,,,,,,,,,,,,,,,,,,,,,,,,,,,,,,,,,,,,,,,,,,,,,,,,,,,,,,,,,,,,,,,,,,,,,,,,,,,,,,,,,,,,,,,,,,,,,,,,,,,,,,,,,,,,,,,,,,,,,,,,,,,,,,,,,,,,,,,,,,,,,,,,,,663947a5-1593-c606-214c-83357f11368b
2024-05-06 15:53:26,2024-05-06 15:53:41,0,100,15,1,2024-05-06 15:53:42,R_1mKnc15dG9kkIRW,,,,,36.6089,-88.3031,anonymous,EN,2,,,,,,,,,,,,,,,,,,,,,,,,,,,,,,,,,,,,,,,,,,,,,,,,,,,,,,,,,,,,,,,,,,,,,,,,,,,,,,,,,,,,,,,,,,,,,,,,,,,,,,,,,,,,,,,,,,,,,,,,,,,,,,,,,,,,,,,,,,,,,,,,,,,,,,,,,,,,,,,,,,,,,,,,,,,,,,,,,,,,,,,,,,,,,,,,,,,,,,,,,,,,,,,,,,,,,,,,,,,,,,,,,,,663950c5-4106-dea2-21eb-e1ea927424a3
2024-05-06 16:37:49,2024-05-06 16:46:10,0,100,501,1,2024-05-06 16:46:11,R_6UfCFe6KbTjfezT,,,,,40.2009,-79.9191,anonymous,EN,1,3,,,,,,,,,,,,,,,,,,,,,,,,,,,,,,,,,,,,,,,,,,,,,,,,,,,"1,2,5",I think it’s so great ,8.52,12.845,16.05,2,This looks so good I love it ,0.515,0.515,5.514,1,0,0,16.086,0,This makes a lot of sense to me ,0.692,0.692,6.887,1,This is very good and nice ,0,0,16.276,0,This is just great and makes a lot of sense ,1.681,1.681,7.383,1,0,0,16.02,0,I think it would help a ton ,2.113,2.113,8.363,1,I read about technology services ,I think it’s a great idea and makes the most sense to me ,0.683,13.669,14.168,6,,,,1,2,,,,,,,,,,,,,,,,,,,,2,1,0,0,4.015,0,0.661,0.661,30.121,1,0,0,15.02,0,8,"3,6",74,0,0,15.021,0,4,4,5,2,4,2,2,2,4,5,4,4,"2,5",,This is very good and makes sense ,0,0,15.121,0,4,5,2,4,4,4,2,4,2,4,4,3,I would definitely do it ,This is a good idea ,5,2,4,2,1,4,3,5,4,2,1,3,4,5,3,3,5,3,5,3,4,2,3,3,2,0,0,30,70,6,Nurse,Nurse,6,,61,3,Associate ,1,39,,26,2,,1,,,6,1,4,3,2,Control,66395b66-47b3-4b7f-6a76-8f5db510c4a3
2024-05-06 16:20:36,2024-05-06 16:48:27,0,100,1671,1,2024-05-06 16:48:28,R_7YX2jsfWcRckhnz,,,,,42.1171,-102.8919,anonymous,EN,1,5,,,,,,,,,,,,,,,,,,,,,,,,,,,,,,,,,,,,,,,,,,,,,,,,,,,"7,8",I use TikTok as a form of entertainment. ,13.579,15.535,34.868,4,All of my charts are on a computer and my scripts are sent electronically ,5.022,6.531,41.773,2,2.907,11.44,15.958,5,I use Skype in my clinical practice to see pt that can not come to clinic . ,6.987,6.987,44.046,1,I am a nurse practitioner I see pt during the day I person and via the Skype or tela health portal . This helps me see my quota of patients each day . ,13.816,15.713,16.936,2,I listen to podcasts on my iPhone on my commute home . I use my lap top to finish charts when I am at home . ,6.172,6.172,36.222,1,0,0,15.985,0,I listen to podcasts ,8.639,8.639,16.296,1,Patient charts that felt with then having cancer . ,"When reaching patient that have no access to a ride , using tela health portal is a vital tool . ",1.031,66.035,67.117,9,Huddle,Chart prep ,First patient ,Second patient ,Hospital follow up ,Chart prep ,Huddle ,ER,Dialysis rounds ,Dialysis rounds ,ER,ER,ER,At home ,On call ,On call,ER,ER,ER,Sleeping ,Sleeping ,Sleeping ,At gym ,Huddle ,5,4,0,0,4.012,0,15.284,15.284,30.126,1,0,0,15.125,0,5,"7,8",,0,0,15.025,0,2,2,5,1,4,3,1,1,3,4,3,3,"7,8",,Pain continues over the last few weeks . I’ve rest and ibuprofen have not been utilizes to this point . Would encourage pt to RICE method and return for folllowup in two weeks if no improvement ,0,0,15.028,0,3,4,4,4,4,2,1,1,2,5,3,2,Physical therapy ,Pt injury to feet continues into the 5th week . Pt has not utilized RICE method . Would encourage pt to utilize RICE method . Order for PT has been written for elvaluate and treat .,4,3,3,2,1,5,4,5,4,5,5,5,5,5,5,1,1,1,1,1,1,1,1,1,1,0,0,100,0,16,Family,APRN,14,,88,4,Masters,1,28,,,2,,1,,,9,7,7,4,2,Control,663956c1-4418-f3f2-ed76-f1fcaa54a1d4
2024-05-06 16:37:17,2024-05-06 17:00:09,0,100,1371,1,2024-05-06 17:00:10,R_37cUPoyEyUGKWmG,,,,,38.9091,-77.0203,anonymous,EN,1,4,,,,,,,,,,,,,,,,,,,,,,,,,,,,,,,,,,,,,,,,,,,,,,,,,,,"4,6,8","I watch a lot of YouTube, I keep it on in the background while I do things.",4.083,18.668,19.929,19,"I use it constantly, listening to music, watching YouTube, using navigation, or documenting",2.014,39.348,39.801,2,5.917,18.604,20.641,3,FaceTime. Zoom. Telehealth. All allow for commutation without transportation or risk of contracting illness,1.305,8.823,58.88,3,I can now more easily talk to patients with a portal. I use FaceTime almost everyday for social life. ,2.423,17.677,18.724,3,"I watch YouTube, I watch paramount plus, I use Spotify and play apps",1.557,4.544,28.426,4,3.199,3.214,16.518,2,"Videos, music, apps, video gsmes",1.103,3.072,29.464,3,"I read about the impact of technology on daily life, communication, and entertainment ",Technology will change your life and the way you communicate. You can instantly see and hear someone across the world on your phone.,1.306,79.456,80.086,21,,See scheduled patients ,See scheduled patients ,See scheduled patients ,See scheduled patients ,Lunch,See walk-ins,See walk-ins,See walk-ins,Return calls,Document,,,,,,,,,,,,,,5,3,0,0,4.017,0,6.002,22.692,30.046,7,5.099,14.506,15.017,7,5,"7,8",4,0,0,15.021,0,3,2,5,1,5,3,1,1,2,5,3,4,"7,8",7,Patient endured repeat sprain of ankle with ongoing pain for a week. Patient non adherent to acetaminophen and exercises. Patient encouraged again to do these measures. Will FU in 2 weeks.,0,0,15.023,0,3,4,5,2,5,3,1,1,2,5,3,2,Tell Dave the only way his pain will improve is with the treatment.,I would repeat my previous note.,4,4,4,2,1,4,2,4,4,5,5,5,3,5,5,2,3,1,1,1,1,1,1,1,1,1,1,100,0,2,Primary care,Physician assistant ,2,,90,4,Masters of PA sciences ,1,33,,26,2,,1,,,9,1,6,4,4,Control,66395a7f-c998-a036-4ebe-3d37c3204ab8
2024-05-06 16:36:10,2024-05-06 17:06:01,0,100,1791,1,2024-05-06 17:06:01,R_11GGRCpr9V9c329,,,,,38.9336,-92.363,anonymous,EN,1,3,,"9,3,4",Empathy: I want my patients to feel comfortable and know what to expect. It’s scary for the unknown.,4.294,21.348,22.667,10,Because the patient is the one going through the process. The patient may be scared or misinformed. It’s important that the patient feel like they are being heard,3.84,3.84,97.332,1,5.52,38.449,40.672,6,"In their minds, they fear the worst. If they don’t ask, it won’t happen",1.337,4.731,42.089,3,2.567,30.837,31.908,17,"In this profession, we often forget that we are treating a person not just the disease. ",5.054,63.461,65.011,3,They are more likely to be cooperative with care,4.646,31.771,32.794,2,5.18,25.383,26.176,26,Not for the most part. ,5.273,27.307,29.287,2,How relating to the patient natures makes a difference ,"As you start out in this field, you are here to change the world and make a difference. Occasionally you will make a difference in somebody’s life. But they will impact your life far more. Think about how you would feel in their shoes.",5.064,122.805,123.636,5,,,,,,,,,,,,,,,,,,,,,,,,,,,,,,,,,,,,,,,,,,,,,,Start work ,Prep room,Prep patients ,Assist with procedure ,Go to lunch,Finish cases,Start new case,Code patient,Update family,Take patient to morgue ,Talk with family ,Go home,,,,,,,,,,,,,5,5,0,0,4.112,0,8.538,27.786,30.02,11,4.386,13.584,15.018,6,9,"6,7",50,3.878,10.654,15.02,6,1,5,4,3,5,4,3,3,3,4,3,5,"5,7",48,Patient continues to have pain with ankle. Patient not following recommended treatment. Medication pain management changed to hydrocdone,12.125,12.125,15.018,1,1,5,3,4,3,5,4,3,1,3,3,2,Continue with current treatment plan ,Patient continues to complain of pain. Patient non compliant with treatment. Continue to monitor,3,4,3,2,1,4,1,3,1,2,2,2,2,3,3,2,3,2,3,3,3,3,3,3,3,0,0,50,50,26,Cardiac ,Cath lab procedure nurse,15,,45,2,,1,26,,49,2,,1,,,7,4,5,2,2,Treatment,66395aa2-93bb-ee5a-a883-8fef478ed90d
2024-05-06 17:35:43,2024-05-06 17:56:30,0,100,1247,1,2024-05-06 17:56:31,R_13dpykq1cS9qvME,,,,,28.0508,-82.4484,anonymous,EN,1,3,,9,It is great and love taking care and make them feel betwr,2.493,12.902,21.393,4,It can be helpful in taking care of them making them feel better,5.202,20.281,21.277,2,0,0,23.649,0,People will judge them ,40.501,53.306,53.999,2,0,0,15.902,0,They would remember me and have respect for others,17.402,30.284,31.001,2,Help recovery faster,12.801,22.048,22.6,2,0,0,16.701,0,Yes it has theyvrecover fast,8.102,48.457,49.601,2,It's about taking care of patients,It is great to hear them out and listen to what they have to say.its great to help their recovery faster ,5.658,86.455,87.367,23,,,,,,,,,,,,,,,,,,,,,,,,,,,,,,,,,,,,,,,,,,,,,,Nice ,Ok,Ok ,Betwr,Exciting,Exciting,,,,,,,,,,,,,,,,,,,1,2,0,0,4.056,0,2.37,29.558,30.204,4,0,0,15.066,0,6,"2,6",66,0,0,15.072,0,4,4,5,4,4,2,1,2,4,4,4,2,"5,7",80,Hope you feel better and don't hesitate to follow up with us ,0,0,15.066,0,4,5,5,2,4,4,1,4,1,5,4,2,Follow up after recommendations,Please take care of yourself and call anytime,6,2,3,3,1,4,2,4,4,4,4,4,4,3,2,2,4,3,3,2,3,3,4,2,3,1,1,43,57,6,Er,Charge nurse,7,,44,3,Bachelor,1,10,,29,1,,1,,,8,2,3,2,2,Treatment,6639684d-9b0e-966c-eedd-6ef67ecc2cce
2024-05-06 16:51:12,2024-05-06 18:42:11,0,100,6659,1,2024-05-06 18:42:12,R_7DP4pvBdsawChYW,,,,,40.7279,-73.5118,anonymous,EN,1,3,,"7,9,5",In order to be a good caregiver you need to be a people person. You have to be knowledgeable and approachable. You have to be trustworthy and keep your word. You have to treat people how you’d expect others to treat your family. You have positive regard and assume rapport with your patients.,6.507,6.523,37.019,2,You have to have an unbiased understanding of your patient not based on your own opinions or experiences. You have to be mindful of meeting your patient where they are in order to individualize care to each unique person.,3.66,3.66,82.266,1,1.417,2.326,130.358,3,They don’t want to “bother” anyone. They are overwhelmed. They’re scared. ,1.797,1.797,28.224,1,3.235,3.235,40.61,1,You can individualize care based on pt’s needs and preferences. ,10.832,10.832,38.417,1,"They will feel understood and cared for, which can lead to better outcomes, improve healing.",4.633,4.633,30.788,1,0,0,25.158,0,We can work together to help them meet their goals. ,6.414,6.414,21.652,1,"I read about understanding pts perspectives and having empathy, building positive relationships with patients.","Thank you for joining this truly fulfilling yet challenging field. We need more HCPs who are easy to talk to, personable, caring, empathic, kind and professional. There will be days you question why you became a HCP. Think about what your “why” is. What drove you to this field? Try to remember this during shifts when you feel burnt out, discouraged, experience compassion fatigue. And please please please make self care a priority. When you feel that your own cup is filled, it becomes so much easier to show empathy and authenticity in forming positive relationships with your patients. If you think of empathy like having a limited pocket full of coins, and each day you spend the coins. Eventually there are no more coins to give and that means it’s time for you to take better care of yourself. This is a difficult and often thankless career, but you have idea the impact you make in the lives of others. Some will remember you for a lifetime. Live by your values, remember your why, and show compassion to yourself too. ",0.818,778.399,781.667,41,,,,,,,,,,,,,,,,,,,,,,,,,,,,,,,,,,,,,,,,,,,,,,Finishing up handoff/report. Checking orders.,Picking up new patients as they come into the ED,Making sure I’m caught up on anything pending so that I’m as ready as I can be should a code come in,Take a small breakfast break ,"Discharge some, give report to the inpatient nurses on others","Make sure my patients that can eat, get a tray of food ","Continue to pick up new orders, give meds, check vitals, etc",Take my lunch break,"The next few hours are kind of the same, prioritizing, constant triaging of my group of patients, trying to be as caught up as I can be in case a cardiac arrest, respiratory distress, stroke, code sepsis comes in through the ER doors",,,,,,,,,,,,,,,,4,3,0,0,4.043,0,11.099,14.501,30.197,3,12.248,14.965,15.046,2,9,"6,7",79,0,0,15.151,0,3,3,4,3,5,3,1,3,4,5,5,5,"1,2",96,"Ongoing pain last 3 weeks
Patient was unable to follow discharge instructions 
Recommend f/u with orthopedic surgeon for further imaging and treatment",0,0,15.034,0,3,3,4,3,5,3,1,3,3,5,4,5,I would refer him to the orthopedic surgeon for further imaging and treatment options,"Pt advised to f/u with ortho
Continue to take pain meds as prescribed
Continue to rest, ice, elevate and use ace wrap for compression as discussed during visit today",7,1,6,3,1,5,5,5,5,4,4,4,2,4,4,3,5,3,5,3,3,3,3,3,3,1,1,50,50,13,Emergency medicine,Registered Nurse,8,,70,3,BSN,1,33,,36,2,,4,,,6,5,6,2,4,Treatment,66395e55-9b2a-80b6-daaa-f2ed738bc60f
2024-05-06 18:25:26,2024-05-06 18:44:50,0,100,1164,1,2024-05-06 18:44:51,R_5rVzCSGnDvMG4OB,,,,,39.0454,-82.6418,anonymous,EN,1,3,,"9,3,5",Commitment ,1.115,24.947,25.847,10,To better undertake them as a person. ,2.671,12.619,18.959,3,0,0,15.851,0,Worry about judgement or misunderstanding ,2.669,2.669,14.146,1,0,0,33.072,0,Who they are and how they overcome things,8.269,8.269,62.722,1,The more understanding more likely they are to feel included and stick with rediveryb,3.266,3.266,19.473,1,22.208,22.208,22.224,1,To help them overcome and get past challenges,2.33,2.33,11.619,1,Medical practices ,You can overcome daily challenges and become better at doing them each day. You can become a better individual and team player. ,0.794,54.668,55.402,13,,,,,,,,,,,,,,,,,,,,,,,,,,,,,,,,,,,,,,,,,,,,,,Shift report ,Tray pass,Assessment ,Assessmentsb,Charting ,Lunch trays ,Vitals ,Rounding ,Roundingn,Assessments ,Dinner trays ,Rounding ,Shift report ,,,,,,,,,,,,4,3,0,0,4.015,0,1.644,11.991,30.028,3,0,0,16.147,0,5,"7,8",68,13.001,13.001,15.022,1,4,4,4,2,4,3,1,2,2,4,3,4,"7,8",70,"Dave states he did not
Do recommendations form last visit. Has constant dull ache in ankle. Provides Tylenol and lidocaine topical, ",0,0,15.017,0,3,4,3,4,4,4,2,2,2,4,3,4,Provided N injection ,Dave has not taken the recommendations but states pain has continued.,4,2,5,3,1,4,4,3,3,3,4,3,4,3,3,3,4,4,4,2,2,2,2,2,2,0,0,24,76,6,Postpartum ,Register nurse ,5,,60,3,Bachelors,1,36,,27,2,,1,,,6,4,5,3,3,Treatment,663973a9-33c9-6047-98c9-3b08975331d4
2024-05-06 20:57:46,2024-05-06 21:21:36,0,100,1430,1,2024-05-06 21:21:37,R_3dMu9iDFNHS5SRX,,,,,42.495,-82.9007,anonymous,EN,1,1,,,,,,,,,,,,,,,,,,,,,,,,,,,,,,,,,,,,,,,,,,,,,,,,,,,"1,2,4",I use them to browse the intetnet for various activities including reading for professional and recreational purposes and for shopping.,4.694,41.486,47.722,39,"For studying, leisure and shopping",1.426,1.426,33.9,1,14.878,14.878,15.789,1,Being able to use the network via my mobile made communication easy when the wifi was down.,4.29,4.29,46.161,1,Yes. I use them to communicate with loved ones. It helps me stay close to them and know how they have been while being several miles away from them,1.286,13.467,15.901,13,"Playing video games, reading comics, watching sports and movies.",4.263,4.263,25.889,1,1.33,15.432,19.252,8,"Playing video games
Reading comics
Shopping
Watching comedy shows
Watching anime
Using recipes from cooking websites
",7.446,54.038,55.147,2,I read about the impact that my religious community could have on environmental conservation efforts,"I am using my cell phone to fill out this survey while I wait for my wife to finish her daily art drawing, which she is uploading on her instagram profile to partake in an online drawing trend. Earlier we had dinner while watching anime episode on online streaming website called Crunchyroll.com. I woke up very early today and used an online ppv service to watch Inoue defend his title belts in spectacular fashion as expected. In the afternoon, I used whatsapp to speak to my sister about how Drake and kebdrick have been uploading multiple songs ""dissing"" each other in less than a handful of days, which would not have been possible in the early days of Internet few decades ago. All this is to highlight many ways technology can be used and I have not even hit the tip of the iceberg.",1.805,410.804,411.201,29,,,,,,,,,,,,,,,,,,,,,,,,,2,1,0,0,4.034,0,1.255,28.381,30.137,12,7.83,12.859,15.134,4,8,"2,7",,14.211,14.211,15.119,1,2,4,5,2,5,1,1,1,3,5,5,3,"5,7",,Hippa violation,8.772,8.772,15.035,1,1,2,4,2,4,2,1,2,3,5,4,3,Referral,"Patient was advised on next steps
Patient didnt follow advice
Will refer him to orthopedics",7,2,5,3,1,5,5,5,4,2,3,2,3,3,3,2,3,3,4,1,1,1,1,1,2,0,0,75,25,3,Internal Medicine,physician,3,,41,4,Medical doctor,1,14,,35,1,,2,,,6,2,7,4,,Control,663997ff-9cad-5fc1-7081-afbebd1951a6
2024-05-06 21:33:22,2024-05-06 21:35:10,0,100,107,1,2024-05-06 21:35:11,R_7GNYjgHtfVXJ0l3,,,,,36.1671,-86.7861,anonymous,EN,1,7,LPN,,,,,,,,,,,,,,,,,,,,,,,,,,,,,,,,,,,,,,,,,,,,,,,,,,,,,,,,,,,,,,,,,,,,,,,,,,,,,,,,,,,,,,,,,,,,,,,,,,,,,,,,,,,,,,,,,,,,,,,,,,,,,,,,,,,,,,,,,,,,,,,,,,,,,,,,,,,,,,,,,,,,,,,,,,,,,,,,,,,,,,,,,,,,,,,,,,,,,,,,,,,,,,,,,,,,,,,,,,,,,,,,,66399e21-aed7-40b8-2635-993884e737b3
2024-05-06 21:48:04,2024-05-06 22:09:07,0,100,1262,1,2024-05-06 22:09:08,R_23VJJabrRZqr7HR,,,,,28.3056,-81.4197,anonymous,EN,1,3,,"9,3,4",To be helpful with my patients ,2.885,12.852,16.8,11,So they have a healthy delivery ,7.793,7.793,26.696,1,2.8,15.918,19.806,5,They are afraid,5.9,5.9,16.473,1,5.491,5.491,17.311,1,To feel safe,7.051,17.339,18.652,3,To have and be safe,1.921,23.97,24.658,5,1.263,12.085,17.317,3,To deliver and keep there baby healthy ,6.318,6.318,35.179,1,Medical information ,To make sure my patients are safe and they deliver a healthy baby,1.529,60.576,61.534,8,,,,,,,,,,,,,,,,,,,,,,,,,,,,,,,,,,,,,,,,,,,,,,Sleep ,Take my son to school,Have breakfast ,Go to bed,Sleep,Sleep,Sleep,Sleep,Get up and shower,Eat,Get ready for work ,Get to work ,Work,Work,Work ,Work,Work,Work,Eat maybe,Work,Wirk,Work,Work,Work,4,3,0,0,4.011,0,12.405,29.954,30.022,10,7.363,11.477,15.03,5,3,"6,7",42,6.345,6.448,15.119,2,3,4,3,3,4,3,2,2,4,4,4,2,"1,2",,He needs to get a X-ray ,0,0,15.034,0,4,4,3,3,2,3,2,4,2,4,4,3,Send him for a x ray,Non compliant with meds and care,5,3,2,2,1,3,3,3,3,2,3,3,3,3,3,2,2,2,2,2,2,2,2,2,2,0,0,60,40,25,Labor and Delivery ,Charge nurse,23,,51,3,AA,1,10,,50,2,,1,,,7,4,4,3,2,Treatment,6639a3d3-f183-1726-2198-7891b7039787
2024-05-06 22:04:40,2024-05-06 22:31:43,0,100,1623,1,2024-05-06 22:31:44,R_7oJi3ivBkPeojJf,,,,,38.271,-77.5495,anonymous,EN,1,5,,"9,4,5",It is important to hold yourself accountable as a provider as you are the patients advocate and decision maker,4.205,5.737,16.403,2,As a provider it allows to you help guide them to making better health decisions ,2.697,2.697,82.771,1,2.251,13.99,16.143,11,Scared of the unknown ,2.839,2.839,15.201,1,3.05,9.515,15.936,5,Help guide patient to make better health decisions and feel more motivated working towards a mutual goal,2.703,2.703,33.657,1,It’ll help shared decision making and creating a sustainable plan,2.499,2.499,35.296,1,3.519,13.699,16.803,2,They are more likely to carry out goals created together ,1.076,1.076,25.163,1,How it is important to establish a mutual understanding and take interest in each patient as a whole ,"

Empathy is absolutely crucial as a healthcare provider, especially as a new one. It's all about understanding and connecting with your patients on a deeper level. When you show empathy, you're able to put yourself in their shoes and truly grasp their experiences, emotions, and concerns.

By being empathetic, you create a safe and supportive environment for your patients. It helps build trust and rapport, which is essential for effective healthcare. When patients feel heard, understood, and cared for, it can greatly enhance their overall experience and even contribute to better health outcomes.

Empathy allows you to provide personalized care that is tailored to each individual's unique needs. It helps you communicate effectively, not just through words, but also through non-verbal cues and active listening. This can make a world of difference in how patients perceive their treatment and how well they adhere to 

So, as a new healthcare provider, remember that empathy is not just a nice-to-have quality, but an essential one. It will not only benefit your patients but also contribute to your professional growth and satisfaction.

",0.841,174.941,176.481,33,,,,,,,,,,,,,,,,,,,,,,,,,,,,,,,,,,,,,,,,,,,,,,Prep ,Consult ,Consult ,Consult ,Consult ,Write notes from morning instead of eating lunch ,Consult ,Consult ,Consult ,Consult ,Notes and prep for tomorrow ,,,,,,,,,,,,,,6,5,0,0,4.015,0,2.358,27.689,30.02,2,6.108,14.891,15.02,7,5,"7,8",83,10.082,14.382,15.018,4,4,4,5,1,,1,1,2,2,5,4,3,"7,8",86,"REST. ICE. COMPRESSION. ELEVATION. Will send for CXR and refer to ortho
",3.744,14.843,15.12,9,4,4,5,1,5,4,2,2,2,5,4,3,CXR. REFER TO ORTHO. Alternate NSAIDS AND TYLENO,Likely poorly healing ankle sprain and subsequent pain due to noncompliance. Encourages compliance with plan and shared decision was made to proceed with CXR and refer to ortho. Cont  NWBS and encourage RICE and OTC pain medicine PRN ,5,2,4,2,1,4,4,4,4,3,3,3,3,3,3,3,3,3,3,2,1,3,3,1,1,0,0,75,25,7,Family Med pulm,Fnp,3,,50,3,MSN,1,48,,,1,,1,,,6,5,5,3,4,Treatment,6639a797-f996-ea49-5728-a92cc4286355
2024-05-06 21:59:35,2024-05-06 22:37:18,0,100,2262,1,2024-05-06 22:37:18,R_21UluaCWbIIDhuN,,,,,35.2296,-80.843,anonymous,EN,1,3,,,,,,,,,,,,,,,,,,,,,,,,,,,,,,,,,,,,,,,,,,,,,,,,,,,"5,7,8",I use Pandora to stream music. It has a large variety of different genres in music. It has everything I'm looking for. ,24.46,45.081,46.9,2,I use it to stream music and movies. It helps to relax me. ,4.801,4.801,41.15,1,23.79,23.79,26.182,1,It was definitely Google. I can literally find almost everything on the internet. ,0.007,4.501,49.501,2,I would say the use of Facebook Messenger. It allows me to find friends and family from all over the world. ,0,0,16.568,0,I stream music and movies. I can spend hours doing both. ,10.868,45.508,46.1,3,0,0,16.589,0,I would say going on Google and searching for various things.  I also stream music as well..,12.101,12.101,63.398,1,I read about local news from my local news companies. We have maybe three. My favorite one would be TV 13. It has live breaking news stories.,"I know this seems like a lot of new information, but the more you play with the technology the more you will understand it. If it gets overwhelmed, I would recommend you go to your local library. ",1.112,131.756,132.438,12,,,,,,,,,,,I made sure my client was washed up. ,I did my clients hair.,I cooked a meal for my client. ,I cleaned my clients room.,I took the client for a walk.n,I read my clients messages to them. ,I set appointments with specialist. ,I ran errands for my client. ,I washed clothes for my client. ,I dried and folded my clients clothes. ,,,,,6,4,0,0,4.051,0,10.941,10.941,30.171,1,0,0,15.062,0,3,"6,7",49,0,0,15.052,0,4,5,5,2,5,1,1,1,5,,5,2,"6,7",49,He wasn't following the recommended treatment. ,0,0,15.056,0,4,5,5,2,5,4,1,4,2,5,,1,"I would tell him that he has to follow my recommendation, and he would heal much sooner. He is prolonging his recovery. ",He is still not doing what's necessary to help himself. ,5,3,2,2,1,5,4,5,4,4,5,5,4,5,5,1,2,1,2,1,1,1,1,1,1,1,1,50,50,11,Wound card and keeping sterile fields sterile. ,Registered Nurse ,11,,77,3,Associate's Degree ,1,42,,39,2,,3,,,7,4,3,2,2,Control,6639a5d8-3c10-8006-ad97-821e3009dd55
2024-05-06 22:45:49,2024-05-06 23:05:01,0,100,1152,1,2024-05-06 23:05:02,R_71hfZooWNJcyKBo,,,,,33.3124,-111.9195,anonymous,EN,1,3,,,,,,,,,,,,,,,,,,,,,,,,,,,,,,,,,,,,,,,,,,,,,,,,,,,"1,8",Classes,4.285,15.226,17.074,9,"Talking , connecting with people across the world. ",3.801,3.801,21.025,1,10.938,10.938,16.001,1,In the times of modern technology. No cells phones or internet when I was growing up,6.201,6.201,31.478,1,Na,0,0,25.3,0,Television ,15.4,15.4,18.563,1,0,0,23.769,0,Social media ,5.501,5.501,13.701,1,Technology and its benefits,Technology has made it easy to connect with people across the world. So much advancement it's made it easier to gain knowledge and understanding from other parts of life.,1.325,42.703,44.669,7,Personal,PatienceI,Patience,Patience,Patience,Break,Patience,Patience,Patience,Patience,Patience,Home,,,,,,,,,,,,,3,2,1.401,1.401,4.04,1,6.628,28.631,30.039,3,12.169,12.169,15.042,1,7,"3,5",45,0,0,15.001,0,3,5,5,3,5,3,3,4,2,5,3,3,"5,8",,Patient has not followed treatment plan show no signs of improvement will encourage to follow treatment plan and follow up,12.831,12.831,15.069,1,4,5,5,4,4,4,3,5,1,5,3,1,Recommend he seek another physician,Still no signs of improvement per patient patient has lack of motivation continues not to follow the treatment plan recommend referral outside provider,6,1,4,2,1,3,3,3,3,4,3,5,5,5,5,1,2,2,2,1,3,1,1,1,2,0,0,50,50,21,Vary,Na,2,,92,3,Na,1,14,,40,2,,7,,N,6,4,1,4,3,Control,6639b148-86b5-e2a4-64a2-3fc0a29e7d91
2024-05-06 22:08:37,2024-05-06 23:07:47,0,100,3550,1,2024-05-06 23:07:48,R_3YH7bOY3gPTrZMR,,,,,41.945,-87.7996,anonymous,EN,1,3,,,,,,,,,,,,,,,,,,,,,,,,,,,,,,,,,,,,,,,,,,,,,,,,,,,"1,6,7",I use face time to talk to family and friends that live in another country or state from mine.,5.61,76.592,77.351,58,"I use technology on my job ,using a lap top to enter patients information. I use technology to have fun and surf the internet and social apps. I use technology to communicate with my family that live in another country ",2.293,65.731,170.7,8,15.294,73.295,74.061,27,Technology allowed me to connect with my family that live in Brazil. Technology replaced for an example a letter that O would send to Brazil that would take weeks to get there and another with the response. Thanks to face book messenger I can connect with them and even see them. This way I feel very close .,15.811,15.811,172.2,1,"Yes I use my Lap top, my desk computer my cell phone every day. I can reach people that I want or need to talk right away. I use technology every day for many reasons. For example when an accident happened in front of me . I reached my cell phone called 911 to help someone. Without my cell I wouldn't be able to help .",116.259,167.559,168.363,20,"I use technology for my entertainment to watch movies on my lap top, mobile phone. I use technology to browse and use social apps like Instagram for example. Also mobile phones that have apps with games that you can download and you can have a relaxing time when you are stressed.",12.37,18.621,205.186,2,4.137,102.798,104.094,52,I use my Lap top to relax and browse the social apps. Sometimes I play a game on game console or on my cell phone. Also I like to read a book that I downloaded on my tablet before I go to sleep.,3.032,7.241,106.178,4,I read about the ways technology can be used in our day by day.,"Technology is a friend that can help us in many ways. Thanks to technology we can talk and see a familiar face that lives far a,way from us. Also thanks to a mobile phone for example we can have a consultation with a doctor, psychologist without leaving our home. Besides there are different levels of technology that you can use from the easiest to the most intricate. The days you are sad you can use you mobile phone go to YouTube and watch funny videos. When you are bored or stressed at home using your mobile phone you can download a game and play. Technology came to ad to our lives opportunities and choices. Thus if you are new using technology start with your mobile text , call someone, download a game. Once you start you will learn more and more.",1.839,451.288,451.894,33,"Waking up, getting ready, having breakfast ",Getting in the hospital. Receiving report from the other nurses about the patients that I will care for during the day,Going to patients rooms introducing myself ,"Giving care, meds and what is needed to my patients ","Doing patient care and entering in the computer patients care, meds, vitals and so on",Lunch and if needed going to attend patients ,Working on the floor caring for patients,Taking vital signs and doing patient care,End of shift giving report to other nurses and entering information in the computer ,Going home,Getting home,Home,Home ,Home,Home ,Home,Sleeping ,Sleeping ,Sleeping ,Sleeping ,Sleeping ,Sleeping ,Sleeping ,Sleeping ,6,6,0,0,4.043,0,3.354,29.903,30.031,17,9.673,13.445,15.163,3,5,"7,8",65,0,0,15.056,0,5,5,3,3,5,3,3,1,1,5,3,2,"7,8",76,"Patient complaint of pain
Patient received recommendations",0,0,15.064,0,5,5,2,3,4,5,4,2,1,5,3,2,I would tell him that he should follow the treatment as prescribed. Otherwise he will not feel better. I would also ask him if he would like to talk with another health care worker ,Pt came back still complaining of pain but didn't follow what was planned or taking what was previously prescribed ,6,3,1,2,1,4,4,4,4,4,5,5,5,5,4,1,2,1,1,1,1,1,1,1,1,1,1,70,30,18,RN kidney transplant ,RN,18,,80,3,RN,2,,Brazil,58,2,,4,,,7,3,2,3,3,Control,6639a752-8c66-f96b-8479-ba4e50e8805a
2024-05-07 01:32:15,2024-05-07 01:43:26,0,100,670,1,2024-05-07 01:43:27,R_13DyMoACy0DoVPj,,,,,32.9103,-96.7283,anonymous,EN,1,3,,"7,4,6",The only way I could do that was if you wanted me too I could come and pick it out and then ,2.065,14.665,15.803,4,I’m just going home and I’m not going back in the office till the afternoon I will text when we leave to come over I love it ,0.528,0.528,5.953,1,7.391,7.391,15.895,1,I don’t know what to do with myself anymore I just want to be able to be with you and be with you I don’t know what to tell ,0.626,0.626,10.359,1,0,0,37.78,0,The only way I could do that was if you wanted me too I could come and pick it out and then I can go pick up it ,0.781,0.781,6.338,1,I’m just going home and I’m not going back in the office till the afternoon I will text when we leave to come over I love ,0.41,0.41,6.303,1,1.846,1.846,15.789,1,I don’t know what to do with myself anymore I just want to be able to be with you and be with you ,0.399,0.399,5.793,1,The only way I could do that was if you wanted me too I ,The only way I could do that was if you wanted me too I could come and pick it out and then I can go pick. If not that’s totally OK with us I will be happy for the weekend just don’t have any plans just. I will be home all day tomorrow and I will be back on Monday and Tuesday and Wednesday and Thursday and Friday and Thursday and. If you’re available I will come in at any day next weekend or Wednesday or Friday or Thursday of. ,0.501,28.241,33.33,6,,,,,,,,,,,,,,,,,,,,,,,,,,,,,,,,,,,,,,,,,,,,,,The only way I could do that was if you wanted me too ,I’m just going home and I’m not going back in the ,The only way I could do that was if you wanted me too I ,I don’t know what to do with myself anymore I just want ,The only way I could do that was if you wanted me too ,I’m just going home and I’m not going back in the office ,The only way I could do you was if I had ,I don’t know what to do with myself anymore I just want to ,The only way I could do that was if you wanted me too ,The only way I could do that was if you wanted me too ,I’m just going home and I’m not going back in the ,The only way I could do that was if you wanted me too I ,I don’t know what to do with myself anymore I just want to ,,,,,,,,,,,,3,3,0,0,5.481,0,5.893,29.619,30.071,16,1.165,4.755,15.142,5,3,"3,7",88,4.806,9.612,15.038,2,5,3,5,1,5,3,1,1,1,5,3,2,"4,8",84,The only way I could do that was if you wanted me too I could could. And then you can go get a new phone because you don’t want it. You have a new one that is on my phone so if you’re going through that. ,1.891,12.04,15.143,5,4,4,2,4,5,2,4,2,4,3,5,2,The only way I could do that was if you wanted me too I could come and pick it out and then ,I’m just going home and I’m not going back in the office till the afternoon I will text. If you’re still around and you can call I will call an. But if not I’ll just text me and I can.,6,2,4,3,1,1,4,2,5,3,4,4,3,2,4,3,3,2,3,5,5,3,3,4,5,0,0,0,100,6,Registered nurse,Registered nurse ,4,,62,4,Doctorate ,1,45,,30,2,,3,,,5,4,5,4,4,Treatment,6639d8a8-69f3-3787-22fe-048a56967572
2024-05-06 23:42:55,2024-05-07 01:53:29,0,100,7834,1,2024-05-07 01:53:30,R_1PNsLmiFaVI2GlY,,,,,41.5798,-72.5004,anonymous,EN,1,3,,"9,3,5","It is important to me to empathize with my patients and let them know I am there to help them in anyway I can to make their quality of life better. Also, to make them feel at ease that I am taking the best care of them to get them well.",0,0,99.181,0,"Patients want you to fully understand and convey to them that you do understand what they are feeling and be able to explain why they are feeling this way. Patients come in scared, anxious, confused, frustrated and simple not feeling well and want honest answers why and what is their course of treatment to make them well again to go on with their daily lives",9.147,9.147,228.636,1,2.946,2.946,312.846,1,"Embarrassed, afraid of the answers, they won’t understand the answer, being judged my their healthcare provider, and just plain not trusting their doctor based on other people and their apprehension to all of the above",17.599,17.599,271.094,1,462.683,462.683,498.371,1,To let them know you understand what they are saying about their concerns and you are really listening to them and their needs for accommodations.,24.304,24.304,126.665,1,"The patient will trust more and be less apprehensive. When a patient feels comfortable with these aspects and will adhere more to the plan of treatment also calm any fears they might have. The biggest blockage between doctors


Patients want you to understand what they are going through and be able to advise them to the best course of treatment . They want to know you are listening and can relate to the feelings they have with honest answers and empathy ",64.57,416.12,564.635,6,0,0,190.681,0,That’s exactly what the patient is looking for in a healthcare provider. They want you to understand their challenges to do with their treatment and have reliable answers to solve their challenges with their healthcare,15.917,313.06,464.844,4,Helping patients and doctors better their relationships and have a better understanding of the patients needs,"First and foremost give your patient your full attention. Show them you are really listening to them and their concerns about their health. Their problems with their health and how it can be remedied. You need to establish honest trust with your patients. Once this is established the patients feel more at ease and can be less apprehensive about you as their healthcare provider. Listen to their concerns with empathy and make sure they know you do understand their feelings and how are you going to make it better. Your relationship with your patients let them know the continuity of care they will receive. Just as you are learning about your patient, they are learning about their doctor and what to expect. Once trust is established patients are more open with their health history and concerns about health and what they need to return their health back to what they are accustomed to. Remember you became a doctor to help people maintain or regain their health which in turn gives a person a better quality of life.",139.084,173.61,1033.012,3,,,,,,,,,,,,,,,,,,,,,,,,,,,,,,,,,,,,,,,,,,,,,,Rounds to surgical patients ,Rounds,See following up patient from surgery until 12:00,See patients for the rest of the morning ,Usually it can run over,Patients,Start new patients till end of day. In between see emergency patients ,Patients,Patients,End of day wrap up,,,,W,,,,,,,,,Start notes on days patients and post op reports.,,3,6,0,0,4.015,0,0,0,30.02,0,0,0,15.015,0,,"5,7",67,0,0,15.116,0,2,4,4,3,5,2,1,3,2,5,4,5,"3,8",63,Gave patient Vicodin 7.5 mg ER bid.for pain and otc apn in between 12h intervals.Patient still in a lot of pain no better. Put him on a topical tid with Methodone 5 mg tid. With follow up in one week,0,0,15.018,0,4,5,4,3,4,4,1,3,2,5,3,1,Go back to regular meds first prescribed with ice elevation and limited activity in the meantime X-rays and maybe mri to determine cause,"Stay on original meds
Ice elevate limited mobility 
X-rays walking boot and possibly mri",5,4,2,2,1,4,4,4,3,3,4,4,3,4,5,1,2,1,2,2,1,1,1,1,1,0,0,50,50,28,Orthopedic surgery ,Orthopedic surgical nurse supervisor ,18,,45,4,Masters,1,7,,56,2,,1,,,8,4,7,4,4,Treatment,6639bdf7-1557-3bd2-23d4-08dd3a8c76c8
2024-05-07 01:34:35,2024-05-07 01:57:29,0,100,1373,1,2024-05-07 01:57:29,R_2Poxfvm73BChagX,,,,,32.7192,-97.4505,anonymous,EN,1,3,,,,,,,,,,,,,,,,,,,,,,,,,,,,,,,,,,,,,,,,,,,,,,,,,,,"2,4,7",It's enables me to do research stay connected and increase in knowledge,5.87,11.203,25.515,5,Stay connected stay informed for convenience listening to music shopping online,1.752,33.009,33.68,2,0,0,18.879,0,When picking someone up in an unknown area the use of GPS,19.003,43.846,44.5,2,The same direct communication with people regarding location arrival time delays etc,0,0,28.235,0,I can watch movies on a tablet I can read an ebook or listen to music I can watch things by live stream even attend church online,5.136,32.234,57.02,2,0,0,17.257,0,Listen to music listening to a podcast reading an ebook,8.512,16.855,17.472,2,The way increase use of technology over the past 10 to 20 years has changed society,"It's amazing and interesting way technology has changed us as a society in the way that we interact with others and go about our personal lives. 

In many ways it has helped us stay connected at the same time cause us to become disconnected. 

We spend less time doing things we enjoyed doing with family friends and alone. 

We spend less time face-to-face with others and creating memories. ",1.126,125.354,125.892,31,Getting kids up,Kids to school,Getting report,Assessing patients ,Documentation ,Rounds,Lunch,New patient admission ,Documentation ,Patient assessments procedures,End of shift report,Picking up kids,Dinner,Bedtime,Housework laundry,Meditation,Sleep,Sleep,Sleep,Sleep,Sleep,Sleep,Sleep,Sleep,3,2,0,0,4.022,0,2.606,25.839,30.013,13,0,0,15.139,0,5,"1,5",63,0,0,15.038,0,2,4,5,2,5,2,1,2,3,5,4,5,"6,8",61,Patient presents for pain management after ankle injury patient has not cooperated with the treatment plan continues to complain of pain encourage patient to consistently follow recommendations and take pain medicine,0,0,15.141,0,4,4,4,3,4,3,2,2,3,4,4,2,Refer him for physical therapy,Patient continues to complain of pain but refuses to comply with recommended treatment plan referred for physical therapy,5,2,3,2,1,4,5,5,5,2,4,4,4,4,3,2,3,2,3,2,3,2,2,1,3,0,0,75,25,21,Pediatrics,RN,21,,79,3,Associate,1,45,,53,2,,1,,,7,7,4,3,3,Control,6639d8c8-b723-17ce-c08a-0480c894ad08
2024-05-07 02:20:03,2024-05-07 02:51:50,0,100,1907,1,2024-05-07 02:51:51,R_30owYjf2oqqutbc,,,,,33.9249,-117.4592,anonymous,EN,1,1,,"3,4",Good communication with the patient helps to confirm the diagnosis and treatment of the condition.,1.499,30.883,31.003,8,Because it helps to ease the patient's emotions,8.888,32.776,37.767,3,40.876,41.485,42.242,2,Financial stress and reluctance to face the condition,8.134,28.239,33.187,6,24.985,24.985,25.409,1,It can better communicate and treat patients in a targeted manner,12.812,37.708,44.25,6,It allows the patient to actively cooperate with the treatment,13.389,28.526,34.538,3,36.031,36.031,37.463,1,Be more co-operative with your doctor and have a good attitude.,13.805,55.676,56.018,7,What is the connection between the doctor and the patient,"As a healthcare professional, you should try to understand the patient's psychology, and try to judge and solve problems more from their perspective, in order to make the treatment easier and quicker, as well as to reduce the stress of both parties!",48.347,186.776,187.923,11,,,,,,,,,,,,,,,,,,,,,,,,,,,,,,,,,,,,,,,,,,,,,,,,,,,,,,,,,,,,,,,,,,,,,,4,2,0,0,4.11,0,3.929,21.649,30.024,9,4.248,8.328,15.018,6,5,"6,7",32,7.841,8.393,15.018,2,3,4,4,2,4,3,2,4,2,4,3,1,"3,4",37,,9.018,9.674,15.014,2,4,5,4,3,5,4,2,5,3,4,2,1,Talk to his family and ask him to take his medication regularly,,4,3,3,2,1,1,1,3,1,3,3,2,2,3,2,3,3,3,3,2,2,2,2,2,2,0,0,80,20,3,health care,nurse practitioner,2,,60,3,,1,5,,29,1,,1,,,5,4,4,3,2,Treatment,6639e39f-0638-9fcd-7ee9-f22c740209b0
2024-05-07 03:32:07,2024-05-07 03:35:27,0,100,199,1,2024-05-07 03:35:28,R_2eRmivhNHhk5TWn,,,,,47.3798,-122.2893,anonymous,EN,1,7,LPN,,,,,,,,,,,,,,,,,,,,,,,,,,,,,,,,,,,,,,,,,,,,,,,,,,,,,,,,,,,,,,,,,,,,,,,,,,,,,,,,,,,,,,,,,,,,,,,,,,,,,,,,,,,,,,,,,,,,,,,,,,,,,,,,,,,,,,,,,,,,,,,,,,,,,,,,,,,,,,,,,,,,,,,,,,,,,,,,,,,,,,,,,,,,,,,,,,,,,,,,,,,,,,,,,,,,,,,,,,,,,,,,,6639f275-2977-dc4c-23e6-37f2d15c2410
2024-05-07 04:39:50,2024-05-07 04:40:26,0,100,36,1,2024-05-07 04:40:27,R_2fsvowCGimTiqmB,,,,,39.9311,-91.3761,anonymous,EN,1,7,Licensed Practical Nurse ,,,,,,,,,,,,,,,,,,,,,,,,,,,,,,,,,,,,,,,,,,,,,,,,,,,,,,,,,,,,,,,,,,,,,,,,,,,,,,,,,,,,,,,,,,,,,,,,,,,,,,,,,,,,,,,,,,,,,,,,,,,,,,,,,,,,,,,,,,,,,,,,,,,,,,,,,,,,,,,,,,,,,,,,,,,,,,,,,,,,,,,,,,,,,,,,,,,,,,,,,,,,,,,,,,,,,,,,,,,,,,,,,663a03a5-e580-fba4-f23e-bf97c514d4ac
2024-05-07 06:21:16,2024-05-07 06:21:39,0,100,23,1,2024-05-07 06:21:40,R_3mM3PKzZP0X77Ql,,,,,34.6196,-98.4543,anonymous,EN,1,7,Cna,,,,,,,,,,,,,,,,,,,,,,,,,,,,,,,,,,,,,,,,,,,,,,,,,,,,,,,,,,,,,,,,,,,,,,,,,,,,,,,,,,,,,,,,,,,,,,,,,,,,,,,,,,,,,,,,,,,,,,,,,,,,,,,,,,,,,,,,,,,,,,,,,,,,,,,,,,,,,,,,,,,,,,,,,,,,,,,,,,,,,,,,,,,,,,,,,,,,,,,,,,,,,,,,,,,,,,,,,,,,,,,,,663a1c21-bb04-7eea-6f82-f96551badbc4
2024-05-07 05:47:26,2024-05-07 06:25:27,0,100,2281,1,2024-05-07 06:25:28,R_62QjgaOgc2sR0OG,,,,,40.5468,-74.1804,anonymous,EN,1,3,,,,,,,,,,,,,,,,,,,,,,,,,,,,,,,,,,,,,,,,,,,,,,,,,,,"1,2,3,7,8",I wise my tablet on a daily bases. It allows me to check my email and look up things on the internet ,31.56,31.56,40.465,1,I use Facebook to keep in touch with family and friends that do not live near me. ,6.472,6.472,39.368,1,3.598,44.476,45.709,11,During the pandemic I was able to FaceTime with my grandson every day,16.63,16.63,42.484,1,Almost every store has a digital site where you can download coupons. I use technology to help me save money by downloading coupons ,5.899,34.35,35.197,6,I like to download music. It is easy to have a list of songs to play when company comes over,1.572,17.117,60.583,3,2.952,25.85,26.952,3,I downloaded games and videos for my grandson on my tablet so if we go out he is occupied ,56.886,59.836,96.41,4,Technology and how we use it in our daily lives ,"I too was a little reluctant to use the internet. I didn’t grow up using it. I have come to know that there are many useful thing you can learn to do. I use on line banking so I do not have to keep running to the bank to deposit checks, I have downloaded books to read as well as music I like to listen to.
I hope this letter help you feel comfortable using technology,

Thanks ",7.557,188.409,197.633,11,Vitals /meds,Check iv/meds,Finish med and start treatment ,Break ,Medication adm,Lunch,Medication ,Medications ,Medications ,Vital signs ,Finger sticking ,Evening meds,Leave,Home,Home,Home ,Home ,Home ,Home,Home,Home,Home,Home,Home,4,2,0,0,4.016,0,16.565,16.565,30.021,1,8.457,12.187,15.022,5,6,"5,8",27,0,0,15.121,0,4,4,4,3,4,4,2,3,2,4,4,2,"6,8",24,"Check pain level
Compliance with recommended treatment plan
Medication adherence ",10.464,10.464,15.021,1,4,4,4,3,4,4,2,4,2,4,4,2,I would not prescribe and additional painkillers ,"Check compliance with treatment plans 
Pain level
If still not compliance do not give any opioid medication change to Tylenol ",6,2,4,3,1,2,3,3,3,3,3,3,3,3,2,2,4,2,2,2,2,2,2,2,2,0,0,50,50,29,Med surge,RN,4,,90,3,BSN,1,33,,59,2,,1,,,8,6,6,1,2,Control,663a143f-3f7e-e97b-4d16-6c6506f5fe3f
2024-05-07 06:49:11,2024-05-07 07:15:17,0,100,1565,1,2024-05-07 07:15:18,R_1kFSoIuPAlQ33zS,,,,,37.9786,-121.3147,anonymous,EN,1,3,,"7,9,6",I chose it because I feel bad for the patients that are fighting cancer it is really sad watching them die it breaks my heart.,3.589,16.953,19.193,7,To help them overcome their fears of dying and try help them think the best it's just really hurtful when they pass away.,1.201,27.526,74.028,2,10.411,10.411,16.684,1,Because they are afraid of trust issues but I try show them they can trust me as a nurse.i won't ever hurt them.,7.401,7.401,51.301,1,2.086,2.086,17.183,1,Because they gotta learn to have trust in me.but I always show them they can trust me and not have to worry.,1.701,1.701,41.996,1,They need a little help when they are weak I help them with whatever they need help with.,54.01,54.01,84.837,1,0,0,82.057,0,It helps a lot for them to do their goals.im going to be here helping them and making sure they get to do their goals.,0.7,0.7,48.369,1,I read about patients and doctors ,I am a nurse in California and I am here to say I am trying my best to help others that can't help them selfs and are fighting cancer or anything else they may have.,0.95,85.262,86.199,9,,,,,,,,,,,,,,,,,,,,,,,,,,,,,,,,,,,,,,,,,,,,,,Wake up get kids off to school and drink my coffee ,Then take myself a shower and get ready for work,Start my shift,Go see my patients ,Give meds,Feed lunch,Do paperwork while they nap,Shower patients,Get them dressed ,Go give meds,Go on my lunch ,Come back and check on patients ,Give night meds,Turn lights out and do paperwork ,Go home,Feed my kids ,Bathe them,Put them to bed,Go to sleep myself ,Sleep,Sleep ,Sleep ,Sleep ,Wake up start my day off again ,4,3,0,0,4.051,0,2.087,21.126,30.138,8,9.33,12.23,15.065,3,7,"5,6",65,0,0,16.988,0,3,4,3,3,4,3,1,1,4,4,4,4,"6,7",30,Check pain meds see if it helps then possible surgery ,0,0,15.056,0,4,4,4,3,4,4,3,3,3,4,4,3,Put a cast and possibly surgery ,Give dave meds a note for work and cast,5,2,2,2,1,4,4,4,4,3,1,3,3,4,4,2,3,3,3,2,3,4,3,4,5,1,1,50,50,11,Nurse,Registered nurse ,11,,59,2,12,1,5,,41,2,,1,,,10,4,2,2,2,Treatment,663a2256-40bd-e357-80bc-77d8a95db244
2024-05-07 07:28:36,2024-05-07 07:29:14,0,100,37,1,2024-05-07 07:29:15,R_2jCyFf7Zu1KpCXz,,,,,38.3927,-85.3859,anonymous,EN,1,7,LPN,,,,,,,,,,,,,,,,,,,,,,,,,,,,,,,,,,,,,,,,,,,,,,,,,,,,,,,,,,,,,,,,,,,,,,,,,,,,,,,,,,,,,,,,,,,,,,,,,,,,,,,,,,,,,,,,,,,,,,,,,,,,,,,,,,,,,,,,,,,,,,,,,,,,,,,,,,,,,,,,,,,,,,,,,,,,,,,,,,,,,,,,,,,,,,,,,,,,,,,,,,,,,,,,,,,,,,,,,,,,,,,,,663a2ba2-428c-fc99-099d-bbde454fa9d1
2024-05-07 08:09:11,2024-05-07 08:09:43,0,100,32,1,2024-05-07 08:09:44,R_3eCr3v0rEHNNRyk,,,,,41.1526,-81.63,anonymous,EN,1,7,Nurse tech,,,,,,,,,,,,,,,,,,,,,,,,,,,,,,,,,,,,,,,,,,,,,,,,,,,,,,,,,,,,,,,,,,,,,,,,,,,,,,,,,,,,,,,,,,,,,,,,,,,,,,,,,,,,,,,,,,,,,,,,,,,,,,,,,,,,,,,,,,,,,,,,,,,,,,,,,,,,,,,,,,,,,,,,,,,,,,,,,,,,,,,,,,,,,,,,,,,,,,,,,,,,,,,,,,,,,,,,,,,,,,,,,663a3527-1148-1d14-36ce-5a8b058515b5
2024-05-07 10:42:56,2024-05-07 11:00:57,0,100,1080,1,2024-05-07 11:00:58,R_3QEiPiPtH6sobqu,,,,,38.548,-121.4597,anonymous,EN,1,3,,"2,5,6",The description felts most valuable for patient care,0,0,20.961,0,They have their own ways of thinking,3.549,3.549,16.8,1,20.919,20.919,22.8,1,They are unsure what to aak,3.154,3.154,10.27,1,0,0,15.966,0,Patient will be more willing to share their concerns ,3.772,3.772,16.229,1,More information provided to aid in recovery ,2.6,2.6,30.228,1,0,0,15.828,0,More motivated to achieve similar goals,4.993,14.94,20.377,2,I read about patient care,Working in the healthcare field is both exciting and challenging. It is important to gain patient trust and to provide best care. Everyday is a learning experience and it is essential to write everything down. ,0.703,21.831,88.8,10,,,,,,,,,,,,,,,,,,,,,,,,,,,,,,,,,,,,,,,,,,,,,,Woke up,Got ready,Started shift by receiving report,,,Lunch,,Check patients before endorsing ,,,,,,,,,,,,,,,,,4,4,0,0,4.111,0,14.917,20.258,30.028,3,11.066,11.066,15.026,1,6,"5,7",38,0,0,15.022,0,2,4,4,2,4,3,2,2,3,4,3,2,"5,6",55,"Not following prescription 
Pain still not managed
Increased pain medication ",0,0,15.021,0,2,4,3,3,4,4,2,4,3,4,3,1,Encourage daily reminders,"Encourage daily reminder 
Follow prescription plan",7,2,3,3,1,3,3,3,3,2,2,2,2,2,2,2,2,2,,2,2,2,2,2,2,0,0,50,50,3,Long term care,Lvn,2,,95,3,Bsn,1,5,,30,2,,2,,,6,3,4,3,2,Treatment,663a5989-a5d7-7e5b-ee5f-8e96fd47da68
2024-05-07 11:26:53,2024-05-07 11:45:52,0,100,1138,1,2024-05-07 11:45:52,R_2fHPt3pzhtAoQvb,,,,,39.3028,-77.8528,anonymous,EN,1,3,,,,,,,,,,,,,,,,,,,,,,,,,,,,,,,,,,,,,,,,,,,,,,,,,,,"2,7,8",Iuse tablet to stay connected to work emails,0.978,8.501,16.767,4,"communication on cell phone....speaking to clients, doctors, families",2.948,2.948,24.554,1,1.543,16.905,18.101,3,all court hearings for guardianship are  on zoom,1.44,1.44,18.891,1,much easier to use these types,1.152,14.319,16.282,3,watching videos or movies,1.21,1.21,12.516,1,7.234,12.433,17.335,2,I only read books on my cell phone at ths point,2.869,2.869,17.598,1,how technology can be a benefit,Technology can be used for so many things today.   Simplies your life on many levels if you utilize it,7.383,48.357,50.625,5,patient care,patient care,patient care,patient care,patient care,patient care,patient care,patient care,charting,na,na,,na,,,,,,,,,,,,3,2,0,0,4.124,0,13.271,19.781,30.026,2,5.007,14.416,15.014,5,5,"7,8",58,5.348,5.348,15.128,1,4,4,4,2,3,4,2,3,2,4,3,3,"7,8",55,"needs encouragment to follow up
suggest taking tyelnol
encourage following directions",6.231,6.231,15.13,1,4,4,3,3,4,4,3,3,1,4,3,2,education on importance of follow up,"educate importance of followup
educate om pain management
tyleno",5,4,2,1,1,4,4,4,4,3,2,,1,2,2,2,3,2,2,2,2,2,2,2,2,0,0,75,25,42,geriatrics,guardian,6,,10,3,asociates,1,36,,67,2,,1,,,7,6,5,3,2,Control,663a639b-4275-bb86-eed6-93066846da65
2024-05-07 11:43:48,2024-05-07 12:04:20,0,100,1231,1,2024-05-07 12:04:20,R_7JEMN8xW03RDfFb,,,,,38.5774,-90.6709,anonymous,EN,1,4,,,,,,,,,,,,,,,,,,,,,,,,,,,,,,,,,,,,,,,,,,,,,,,,,,,"2,5",iPhone ,5.706,9.673,41.744,3,I watch TikTok’s ,13.064,38.631,38.668,3,0,0,20.246,0,Good ,3.167,59.739,85.134,2,It’s good and great and cool ,0,0,18.415,0,Good great ,7.299,7.299,122.599,1,0,0,16.603,0,Good ,1.35,1.35,6.297,1,Social media ,Hi thank you for this survey it’s a good one and great I love this app thank you so much ,0.677,14.858,26.776,8,Don’t work this hour ,Don’t work ,Don’t work ,Don’t work ,Today is bingo day at work so I take my client and his mom to bingo every Tuesday and Wednesday ,Still at bingo ,Still at bingo ,Still at bingo ,Out to eat for lunch after bingo ,Still at restaurant,Clock out and go home for the day easy day ,Don’t work ,Don’t work ,Don’t work ,Don’t work ,Don’t work ,Don’t work ,Don’t work ,No ,No ,No ,No ,No ,No ,1,2,0,0,4.042,0,0.961,21.618,30.124,12,3.982,14.958,15.049,9,7,"7,8",75,14.973,14.973,15.15,1,4,5,5,2,5,1,1,1,1,5,5,3,"3,4",81,"Dave’s pain has not improved he did not try the last prescription I prescribed, Dave seems alert and very understanding his blood pressure is elevated he is obese , warm skin alert and oriented I put Dave on a stronger medication and if it does not work I will see him back in the clinic for a follow up to discuss this farther . ",12.499,14.582,15.044,2,5,5,5,5,5,5,5,5,5,5,1,3,Surgery ,Dave is being absolutely ridiculous ,1,5,1,1,1,5,5,5,5,5,5,5,5,5,5,1,1,1,1,1,1,1,1,1,1,0,0,30,70,3,Personal assistant ,Personal assistant ,3,,86,2,12,1,14,,21,2,,1,,,7,3,2,2,2,Control,663a679f-3ae2-8c85-3d0a-25ac625c1930
2024-05-07 12:43:16,2024-05-07 13:04:42,0,100,1286,1,2024-05-07 13:04:43,R_3xPePdfDiU1m07t,,,,,42.7606,-84.5563,anonymous,EN,1,5,,"2,3,4",It’s important to know where your patients are from. Get to know how their life is and what you can do to lighten their load. ,1.656,12.643,17.054,3,"It’s important to know them, see where they come from. These aspects directly impact their health and can be vital pieces of information. ",10.126,10.126,41.152,1,0,0,20.778,0,They fear being misunderstood or judged for what they do. ,5.887,5.887,23.061,1,0,0,16.292,0,Knowing people’s issues and how they solve them can directly or indirectly help you out in the long run when you have similar issues. ,1.34,1.34,28.058,1,Having them feel relief of solving issues can positively impact their health. ,4.037,4.037,24.476,1,0,0,17.929,0,Knowing someone isn’t alone in an issues can help relief stress for that person. ,1.393,1.393,23.7,1,"I read some Korean, smut manga today. ","Prioritizing patients health and perspective is essential in the healthcare business. Knowing your patients stresses and concerns so you can help them is very reassuring for them. Also, helping them solve this issues can positively effect their health. ",0.862,42.03,99.914,8,,,,,,,,,,,,,,,,,,,,,,,,,,,,,,,,,,,,,,,,,,,,,,Get into work. ,Organize patient files. ,Organize patient files. ,Patient concern center. ,Patient concern center. ,Patient concern center. ,Nurse hour (helping patients),Nurse hour (helping patients),Nurse hour (helping patients),Nurse hour (helping patients),Organize remaining files. ,Go home. ,Home,Home,Home,Home,Home,Home ,Sleep. ,Sleep,Sleep,Sleep,Sleep,Wake up. ,4,3,0,0,4.014,0,2.782,9.273,30.019,4,4.733,14.986,15.017,3,5,"5,6",55,0,0,15.018,0,4,5,5,2,4,5,3,5,2,4,2,5,"5,6",74,"Dave does not take recommended doses. 

Consistent pain that does not go away. 
Take tier 2 medicine.",12.49,12.49,15.018,1,5,5,5,2,3,5,4,5,1,3,1,1,Surgery probably. He is too lazy to take medicine. ,"Refuses to take medicine. 
Surgery seems to be the next step. 
He won’t take any future medicine

",3,4,3,2,1,4,1,2,1,2,3,1,2,3,2,4,4,4,5,1,1,1,1,1,1,1,1,75,25,6,Nursing. ,Nurse practitioner. ,6,,80,3,Bachelor degree. ,1,23,,29,2,,1,,,8,7,7,3,3,Treatment,663a75cf-8a84-9a2c-a018-a4919bd8b6ae
2024-05-07 13:12:06,2024-05-07 13:25:22,0,100,796,1,2024-05-07 13:25:23,R_7ot2P2Qc3WMI3Hd,,,,,37.6451,-84.7703,anonymous,EN,1,3,,,,,,,,,,,,,,,,,,,,,,,,,,,,,,,,,,,,,,,,,,,,,,,,,,,"1,2,3,4,5,6,7,8","Hey, how are you doing?",3.031,3.031,18.335,1,"Hey, how are you doing?",0,0,7.3,0,0,0,16.337,0,"Hey, how are you doing?",1.044,1.044,6.759,1,"Hey, how are you doing?",0,0,18.274,0,"Hey, how are you doing?",0,0,10.048,0,0,0,21.221,0,"Hey, how are you doing?",6.027,6.027,7.486,1,"Hey, how are you doing?","Hey, how are you doing?",0,0,14.6,0,"Hey, how are you doing?",,,,,,,,,,,,,,,,,,,,,,,,1,2,0,0,4.147,0,6.073,6.073,30.142,1,0,0,15.033,0,1,"2,4",94,0,0,15.033,0,5,4,5,4,5,4,5,4,5,4,,1,"4,7",98,"Hey, how are you doing?",0,0,15.036,0,5,4,5,4,5,4,5,4,5,4,5,1,"Hey, how are you doing?","Hey, how are you doing?",10,1,1,3,1,5,4,5,4,5,4,5,4,5,4,5,4,3,2,2,3,4,5,4,3,1,1,50,50,11,"Hey, how are you doing?",nurse,11,,100,3,10,1,18,,33,2,,1,,,10,7,1,3,3,Control,663a7c52-7b89-edce-2f89-fd257d3ab4dc
2024-05-07 13:31:24,2024-05-07 13:52:44,0,100,1280,1,2024-05-07 13:52:45,R_1alSveowQEdHTYG,,,,,36.122,-115.086,anonymous,EN,1,3,,,,,,,,,,,,,,,,,,,,,,,,,,,,,,,,,,,,,,,,,,,,,,,,,,,1,I use it to continue my education on it. ,0,0,31.372,0,I use it as a source to help with my education. It helps me find valuable information and keeps me organized. ,1.101,1.101,38.831,1,19.741,19.741,20.394,1,During COVID technology was an output to the world. Being able to communicate with people via internet it made me feel less alone and made feel more heard and seen.,6.659,6.659,57.996,1,I use this technology to keep me connected to people who are too far for me to be able to see on a day to day basis. ,0,0,38.588,0,I use it to stream shows. As well as to play video games. ,1.553,1.553,21,1,0,0,19.33,0,I use it to scroll through social media apps.,1.064,39.597,68.915,2,I read about the use of technology and how it has advanced day to day. ,The use of technology has introduced me to so many different things. It has kept me connected with my family and friends. It has been a source of entertainment to me. It has also kept me very informed in different and important things. ,47.899,47.899,140.83,1,Arrive at work,Do routine check up,Assist new patients,Check Up,Check Up,Check Up,Check Up,Check Up,Check Up,Check Up,Check Up,,,,,,,,,,,,,,3,2,0,0,4.112,0,0,0,30.13,0,4.424,11.212,15.127,5,5,"6,7",43,4.229,4.229,15.015,1,4,4,4,1,5,3,1,1,2,4,3,2,"7,8",55,"Hasn't taken meds consistently.
Gave over the counter pain meds
As well as weak opiod. ",0,0,15.033,0,4,4,4,2,4,2,2,3,1,4,4,1,I would continue with the same processes,"Isn't taking meds
slips mind
forgets",4,2,4,2,1,4,2,4,2,4,5,4,4,5,5,1,3,2,3,1,1,1,1,1,1,1,1,50,50,6,Nurse,Nurse,5,,55,4,Bachelors,1,29,,27,2,,4,,,5,2,5,1,1,Control,663a80f6-18f9-05de-0a4f-02d61153dfd3
2024-05-07 14:35:22,2024-05-07 14:36:23,0,100,61,1,2024-05-07 14:36:24,R_7DpZfEErJHleo7n,,,,,41.3861,-81.7371,anonymous,EN,1,7,Licensed Practical Nurse,,,,,,,,,,,,,,,,,,,,,,,,,,,,,,,,,,,,,,,,,,,,,,,,,,,,,,,,,,,,,,,,,,,,,,,,,,,,,,,,,,,,,,,,,,,,,,,,,,,,,,,,,,,,,,,,,,,,,,,,,,,,,,,,,,,,,,,,,,,,,,,,,,,,,,,,,,,,,,,,,,,,,,,,,,,,,,,,,,,,,,,,,,,,,,,,,,,,,,,,,,,,,,,,,,,,,,,,,,,,,,,,,663a8fca-0c78-3295-ef83-c88edc9a5704
2024-05-07 15:00:09,2024-05-07 15:13:24,0,100,795,1,2024-05-07 15:13:25,R_7pgr3rgzGMIHznJ,,,,,35.822,-80.2615,anonymous,EN,1,4,,"7,3,5",I would say because it's important to be empathetic and have a beginner's mind.,10.466,10.466,17.53,1,I think because we need to understand to best treat.,1.499,1.499,22.071,1,0,0,20.151,0,Because they really are scared of the inevitable.,14.276,14.276,27.133,1,0,0,17.307,0,I think mostly by contributing to my perception and my empathy.,1.208,22.356,22.749,2,I think it helps me really treat them to the best of my ability.,0.892,0.892,18.225,1,0,0,23.671,0,Because it helps them know I'm dedicated and all for them.,1.359,1.359,18.651,1,It was about the manners by which those in the healthcare industry can best serve their patients.,"I want you to know to have empathy, to be open, learn with your patients, and remember people are dynamic.... get to know them.",1.882,1.882,44.34,1,,,,,,,,,,,,,,,,,,,,,,,,,,,,,,,,,,,,,,,,,,,,,,Working,Working,Working,Working hard,Working,Working,"Temp break, then working",Working,Working,Working,Working,Off,,,,,,,,,,,,,5,3,0,0,4.113,0,0,0,30.035,0,0,0,15.019,0,5,"7,8",55,0,0,15.03,0,3,4,3,2,4,3,2,2,2,4,3,3,"7,8",36,I would be like yes. That is so good. I mean truly for real.,0,0,15.027,0,4,4,4,3,3,3,4,4,3,3,2,2,I would not.,He is lazy and a pig. I don't like pigs. I am done.,2,4,2,2,1,3,4,3,4,4,3,3,3,3,4,2,2,2,2,2,2,2,2,2,2,0,0,70,30,6,Physical Therapy,Physicians Assistant,5,,46,4,MD,1,34,,26,1,,3,,,6,2,4,3,2,Treatment,663a95b1-b67a-284e-e5cf-fe30ab60e418
2024-05-07 16:02:39,2024-05-07 16:30:06,0,100,1647,1,2024-05-07 16:30:07,R_21c6SsakppYHa9U,,,,,39.8238,-86.1407,anonymous,EN,1,3,,"9,4,5",You have to be committed to doing the best for each and every resident. If you aren’t caring you are not a good candidate for being a nursr,3.296,13.416,21.999,8,It is critical because you have to be open and feel what they feel. You have to have empathy ,13.117,13.117,82.301,1,5.077,23.761,26.25,8,They feel like they are a bother. They don’t want to be needy and seem a nuisance ,2.629,4.204,41.842,3,16.376,16.376,19.586,1,You can chose things that don’t go against what they believe. It gives them a sense of belonging if and needed,4.023,4.023,44.938,1,It lessons the worries and stress level for said person,3.919,3.919,26.15,1,2.313,38.536,39.449,6,They feel more confident that I understand their beliefs and background and want what is best for them,38.955,53.583,104.632,4,Understanding the patients backgrounds and beliefs are important to communicating and effective healthcare,"Though this career is tough and can be overwhelming at times, we are a needed profession and our actions help with the outcome of a person healing and being the best that they can be. Don’t give up keep moving forward",6.465,104.536,104.574,5,,,,,,,,,,,,,,,,,,,,,,,,,,,,,,,,,,,,,,,,,,,,,,Helped feed residents,Did bed checks,Passed out meds,Did mars and insulin reports,Did would care and changed dressings,Continued would care and dressings,Took lunch,Did an incident report,Clocked out,Na,Na,Na,Na,Na,Na,Na,Na,Na,Na,Na,Na,Na,Na,Na,6,6,0,0,4.111,0,9.471,21.935,30.089,4,0,0,16.106,0,10,"7,8",55,0,0,15.038,0,4,4,5,3,5,4,1,4,5,5,5,5,"7,8",79,Dave didn’t take treatment purposed last time. Need Dave to try to help his situation to start healing,14.108,14.108,15.132,1,5,5,5,3,4,5,4,4,1,5,4,5,Tell him that he may need to find a different dr,"Not following plan
Needs to be accountable for treatment",4,2,3,3,1,4,2,4,4,4,5,4,3,5,5,2,3,1,2,1,1,1,1,1,1,0,0,30,70,13,Rn,Rn,5,,97,4,Rn,1,18,,47,2,,1,,,5,4,3,1,2,Treatment,663aa40c-8aeb-21f4-fbb1-1dc587706542
2024-05-07 16:29:38,2024-05-07 16:31:51,0,100,132,1,2024-05-07 16:31:52,R_1G2nF9RS0axS9dn,,,,,27.7045,-82.4338,anonymous,EN,2,,,,,,,,,,,,,,,,,,,,,,,,,,,,,,,,,,,,,,,,,,,,,,,,,,,,,,,,,,,,,,,,,,,,,,,,,,,,,,,,,,,,,,,,,,,,,,,,,,,,,,,,,,,,,,,,,,,,,,,,,,,,,,,,,,,,,,,,,,,,,,,,,,,,,,,,,,,,,,,,,,,,,,,,,,,,,,,,,,,,,,,,,,,,,,,,,,,,,,,,,,,,,,,,,,,,,,,,,,,,,,,,,,,663aa9dc-1123-11d7-63c0-3e076b493d7c
2024-05-07 15:19:16,2024-05-07 17:07:14,0,100,6478,1,2024-05-07 17:07:15,R_3lWN8I9vFmLkXGp,,,,,37.3422,-77.985,anonymous,EN,1,3,,,,,,,,,,,,,,,,,,,,,,,,,,,,,,,,,,,,,,,,,,,,,,,,,,,"1,2,7","Use to complete daily progress notes following patient’s visits, use for social media, check email for work and personal information ",66.759,66.759,260.596,1,"Check email, interact with social media, communication, watching tv, listening to music ",1.348,1.348,115.879,1,5.277,6.988,17.128,2,Able to use iPhone to text others even when phone service was cut off,7.154,47.334,82.059,4,Live far out in the country and was able to contact doctors office for appointments as well as family members to let them know I was okay. ,0,0,20.47,0,"Use online Wifi services to connect online and watch movies, YouTube videos, stream music to listen and watch videos, and watch podcasts. ",6.911,102.709,105.013,6,0,0,24.181,0,"Use my Kindle to read books online, research medical journals and books for personal medical needs ",2.784,49.646,52.425,2,War in Ukraine and hostages taken ,Technology helps to keep people connected all around the world. Allows you to stay up to date with what is going on around you locally as well as across the globe. Able to connect with loved on s as well as form relationships with people you can eventually connect and become close to. ,1.042,221.232,221.256,15,na,Schedule received for patients that day, Call patients to schedule home visits,Begin seeing patients ,Home visit,Home visit,Home visit,Home visits ,Complete daily progress notes for patients seen,notes compiled ,Drop off any labs taken,na,na,na,na,na,na,na,na,na,na,na,na,na,5,3,0,0,4.044,0,18.62,18.62,30.04,1,6.049,7.266,15.146,2,5,"6,7",70,0,0,15.046,0,4,5,3,3,5,2,1,1,4,5,5,2,"5,8",53,Patient continues to complain about right ankle pain following pain regimen prescribed for mild pain relief measures. Patient reports unable to follow up with other appointments related to monitoring ankle pain due to “no time to do so.” Added Lidocaine as another measure of pain relief. ,4.744,4.744,15.041,1,5,5,5,4,5,2,1,3,3,5,3,2,Tell him directly he needs to follow other treatment protocols before receiving pain relief medication ,"Patient continues to complain of no pain relief, yet has not followed up once again with other treatment options. Discussed importance of patient following up with other treatment options again since he reported, “slipped in mind.”. ",5,4,3,2,1,5,4,4,4,5,5,5,5,5,5,2,3,2,3,1,1,1,1,1,1,1,1,40,60,19,Home healthcare ,RN,19,,81,3,Bachelor degree ,1,48,,52,2,,1,,,7,5,4,2,3,Control,663a996c-ff60-a48b-f953-059e18e0ba7a
2024-05-07 16:59:57,2024-05-07 17:12:25,0,100,747,1,2024-05-07 17:12:26,R_3Io5Hc8j719PDES,,,,,42.9709,-77.5821,anonymous,EN,1,3,,,,,,,,,,,,,,,,,,,,,,,,,,,,,,,,,,,,,,,,,,,,,,,,,,,"7,8",I use email to keep the n touch with family. ,6.396,9.451,19.138,3,I use it to communicate with friends and family no use it to pay bills. ,0.968,0.968,18.1,1,0,0,17.606,0,I am able to use fb messenger to communicate in real time. ,2.482,2.482,16.7,1,Technology helps because it allows me to reach out to people who are far away. ,0,0,16.238,0,I use streaming services to watch movies. ,4.204,4.204,13.979,1,0,0,16.045,0,Maybe doing face time more. ,1.878,1.878,12.292,1,I read about hypothyroidism ,I’m not sure how I like the ifea,1.279,13.266,15.6,4,Busy,Busy,,,,,,,,,,,,,,,,,,,,,,,3,3,0,0,4.013,0,1.988,27.149,30.026,5,0,0,15.017,0,5,"7,8",63,0,0,15.017,0,4,5,4,2,5,2,2,1,2,5,3,2,"7,8",67,Not doing prescribed treatments. Did attend follow up. Reach out to patient in 6 weeks.,0,0,15.11,0,5,4,5,2,5,4,4,3,2,5,4,2,Psych consult ,"Failure to sue recommended therapies

Possible psych consult. 

Follow up in 4 weeks",4,3,4,3,1,5,4,5,5,4,5,4,3,5,5,2,4,2,4,2,3,2,2,2,2,0,0,50,50,16,Cardiac ,Registered Nurse ,16,,81,3,BSN,1,33,,47,2,,1,,,7,1,6,3,3,Control,663ab20e-1c25-d21b-0956-e7b8c1730445
2024-05-07 16:39:44,2024-05-07 17:17:04,0,100,2240,1,2024-05-07 17:17:05,R_714KdT5jhtodloB,,,,,39.4851,-75.6794,anonymous,EN,1,1,,"9,3,6","Knowledge, and the gaining the patients trust is extremely important to me because if a patient isn’t comfortable with their doctor the process just won’t work. The patient has to trust the doctor to take care of their body, even when it comes to when their unconscious. A doctor and patient relationship is very important.",0,0,38.13,0,"Understanding patients' perspectives and reasons for their actions is critical because it helps healthcare providers, like me, provide more personalized and effective care. It allows us to empathize with patients, tailor treatment plans to their needs, and improve patient satisfaction.",9.866,54.008,54.893,11,0,0,17.104,0,"There can be various reasons why patients may feel anxious or hesitate to ask questions. Some common reasons include fear of judgment, feeling intimidated by medical professionals, concern about taking up too much time, or simply not knowing what questions to ask. It's important to create a safe and supportive environment for patients to encourage open communication.",3.776,28.459,29.229,5,0,0,22.773,0,"Understanding a patient's perspective can have a positive influence on me and my recommendations by allowing me to provide more personalized and patient-centered care. It helps me tailor my recommendations to their specific needs, preferences, and goals. By considering their perspective, I can make more informed decisions and offer guidance that aligns with their values, ultimately leading to better outcomes and patient satisfaction.",3.465,27.68,30.201,7,"Understanding a patient's perspective can have a positive influence on the patient and their recovery in several ways. Firstly, it helps build trust and rapport between the patient and healthcare provider, creating a supportive and collaborative relationship. This, in turn, can enhance the patient's engagement in their own care and adherence to treatment plans. Additionally, understanding their perspective allows healthcare providers to address their specific concerns and fears, reducing anxiety and promoting emotional well-being. By considering the patient's perspective, healthcare providers can also tailor treatment approaches, making them more effective and increasing the likelihood of successful recovery.",7.409,34.821,37.746,7,0,0,29.198,0,"In my experience, it has been incredibly beneficial to help patients see that our goals are aligned with their goals. When patients understand that we are working together towards a common objective, it fosters a sense of trust and collaboration. It allows us to establish a shared understanding of what they hope to achieve in their healthcare journey. By aligning our goals, we can develop personalized treatment plans that meet their needs and aspirations. This approach not only improves patient satisfaction but also enhances their motivation and engagement in their own care, leading to better outcomes.",2.225,23.257,25.966,7,Today I read about trust/relationships between patients and doctors.,"Hey there,

Congratulations on starting your journey as a healthcare provider! It's definitely a challenging but incredibly rewarding path. I'd be happy to share some insights based on my experiences.

One important aspect of providing healthcare is understanding and prioritizing patients' perspectives. When patients feel heard and valued, it can have a profound impact on their self-efficacy and belief in their ability to improve their health. For example, I remember a patient who was hesitant to follow a treatment plan due to concerns about side effects. By taking the time to listen and address their fears, we were able to find a solution that worked for them and fostered their confidence in managing their health.

Adopting a patient-centered approach is key in building trust. Making small changes in your practice, such as actively involving patients in their healthcare visits, can make a big difference. I've seen how taking the time to explain medical information in a way that patients can understand and involving them in decision-making can greatly enhance their trust in medical care. This, in turn, leads to better engagement and improved health outcomes.

Being sensitive to the circumstances that may impact a patient's journey towards better health is crucial. Understanding the challenges they may face, such as financial constraints or limited access to resources, allows us to work together to find practical solutions. By acknowledging and addressing these barriers, we empower patients to take an active role in their healthcare, increasing compliance and promoting long-term well-being.

Remember, each patient is unique, and it's important to approach their care with empathy and respect. By prioritizing their perspectives, aligning goals, and creating a supportive environment, you can make a positive impact on their health and overall experience.

Wishing you all the best in your new role!

Take care,
Maria H",1.816,99.191,167.031,19,,,,,,,,,,,,,,,,,,,,,,,,,,,,,,,,,,,,,,,,,,,,,,Started the day by reviewing patient charts and checking for any urgent cases or updates.,"Attended the morning staff meeting where we discussed any important updates, patient concerns, and upcoming procedures.","Began seeing patients in the clinic. Conducted routine check-ups, addressed any ongoing health issues, and discussed treatment plans.","Continued seeing patients, including follow-up appointments and consultations.",Took a short break to grab a quick snack and recharge.,"Conducted a telemedicine appointment with a patient who couldn't make it to the clinic. Discussed their symptoms, provided medical advice, and prescribed medication if needed.",Had lunch with colleagues and took a moment to relax and recharge.,"Assisted in a minor surgical procedure, ensuring patient comfort and safety throughout the process.","Continued seeing patients, addressing their concerns, and providing necessary treatments or referrals.",Collaborated with other healthcare professionals to discuss complex cases and develop comprehensive treatment plans.,"Conducted health education sessions for patients, providing information on preventive care, lifestyle modifications, and disease management.","Finished up with the last few patients of the day, documenting their visits and ensuring all necessary follow-ups were scheduled.","Completed administrative tasks, such as reviewing lab results, responding to patient messages, and updating medical records.",Attended a departmental meeting to discuss quality improvement initiatives and share feedback on patient care.,"Handed over patient information to the night shift team, ensuring a smooth transition of care.","Wrapped up my shift, said goodbye to colleagues, and headed home to rest and recharge for the next day.",,,,,,,,,4,3,0,0,4.112,0,2.044,25.469,30.188,5,6.034,14.861,15.007,4,7,"6,7",58,0,0,15.118,0,1,1,4,3,5,2,1,1,3,5,3,3,"5,6",48,Follow-up visit: Patient reports no improvement in ankle pain following the prescribed treatment. Recommend reassessment of the condition and consideration of alternative treatments or referrals to a specialist if necessary.,0,0,15.113,0,3,4,4,3,5,4,1,2,2,5,3,3,"Based on Dave's feedback about the lack of improvement in his ankle pain, I would recommend reassessing his condition to determine the underlying cause of the pain. It may be necessary to explore alternative treatment options or consider a referral to a specialist who can provide further expertise in managing ankle pain. It's important to prioritize Dave's comfort and work towards finding a solution that addresses his pain effectively. ",Follow-up visit note: Dave mentioned that he forgot to administer the prescribed treatments for his ankle pain. Advised on the importance of adherence to treatment for effective results. Consider setting reminders for Dave to ensure consistent treatment application.,4,3,2,2,1,4,2,3,3,5,5,5,5,5,5,2,3,2,3,1,1,1,1,1,1,0,0,50,50,6,Orthopedics,Doctor ,3,,70,4,Doctorate ,1,5,,27,2,,1,,,6,4,7,4,4,Treatment,663aac03-6c74-9f4d-64b4-727d93b40147
2024-05-07 17:24:40,2024-05-07 17:27:23,0,100,162,1,2024-05-07 17:27:23,R_5lsHyu8LXdZ5m9n,,,,,37.2041,-87.183,anonymous,EN,2,,,,,,,,,,,,,,,,,,,,,,,,,,,,,,,,,,,,,,,,,,,,,,,,,,,,,,,,,,,,,,,,,,,,,,,,,,,,,,,,,,,,,,,,,,,,,,,,,,,,,,,,,,,,,,,,,,,,,,,,,,,,,,,,,,,,,,,,,,,,,,,,,,,,,,,,,,,,,,,,,,,,,,,,,,,,,,,,,,,,,,,,,,,,,,,,,,,,,,,,,,,,,,,,,,,,,,,,,,,,,,,,,,,663ab479-30cc-120d-eda0-b2f5479a6f08
2024-05-07 17:41:27,2024-05-07 18:10:12,0,100,1725,1,2024-05-07 18:10:13,R_2r3yZ9DGXm7kv97,,,,,42.8825,-78.8149,anonymous,EN,1,3,,"7,3,4",Everyone  deserves the best care regardless  of background  or status. Its important  for the patient to feel valued ,4.958,15.701,16.602,12,Cultural  background  can influence  how medical  advice is received ,10.101,10.101,49.601,1,0,0,16.037,0,They may be intimidated or nervous,5.328,5.328,28.098,1,13.875,13.875,15.967,1,Religious and  and cultural back ground would be considered  during patient teaching ,6.777,42.721,45.067,2,It can help with continuation of care  after discharge ,11.201,11.201,34.7,1,0,0,15.901,0,Yes it build trust and hope for better recovery ,6.913,6.913,24.061,1,I read a medical informative  survey about patient  sensitivity ,Remember  that one plan of care does not work for all. Be mindful of different  ways of life and try to be fair and flexible.  Patient trust is important  to build and it improves communication with Healthcare providers ,3.14,145.008,147.481,9,,,,,,,,,,,,,,,,,,,,,,,,,,,,,,,,,,,,,,,,,,,,,,Report ,Glucose testing,Medication pass,Medication pass,Glucose  testing ,Lunch ,Afternoon  medication  pass ,Treatment ,Report  and end shift,Home,Home,Home,Home,Home,Home,Home,Home,Home,Home,Home,Home,Home.,Home,Home,3,3,0,0,4,0,3.199,22.384,30.088,4,8.084,10.156,15.072,2,5,"7,8",43,0,0,15.066,0,4,4,5,2,4,4,2,3,2,5,4,2,"5,8",54,Pain in ankle has not improved. Patient  has not followed  plan of care. Pain management has been changed to mild opiate and lidocaine  patches ,4.251,4.251,15.179,1,5,5,5,4,3,4,3,3,2,5,3,5,I would recommend  he find another  provider  due to noncompliance ,Patient  non compliant. Suggested  he consult another medical  provider ,5,2,3,3,1,5,3,5,3,3,3,3,3,3,3,2,2,1,2,1,1,1,1,1,1,0,0,50,50,16,Nurse ,General  duty nurse,6,,70,4,Bachelor's ,1,33,,38,2,,3,,,5,3,4,4,4,Treatment,663abb45-10ab-0b8e-8ae1-d2003b12c89b
2024-05-07 18:56:15,2024-05-07 19:31:45,0,100,2129,1,2024-05-07 19:31:46,R_2UR94jKrIyhMPAJ,,,,,33.4166,-86.7795,anonymous,EN,1,3,,,,,,,,,,,,,,,,,,,,,,,,,,,,,,,,,,,,,,,,,,,,,,,,,,,"1,5,7,8",it helps me stay focused and to cut time in the meantime. plus it’s fun and entertaining.,3.674,12.476,32.061,4,when i got to work i use my work laptop. then i use my phone for email and other electronics too.,4.03,18.004,65.949,2,0,0,32.936,0,i would say during covid was the best time to stay connected,8.704,8.704,29.039,1,it help me stay connected with family and stay focused,28.945,28.945,29.872,1,social media. facetime ,4.571,14.271,25.18,2,0,0,18.234,0,social media or checking emails,48.616,48.616,75.225,1,i read about technology and how it keeps me focused am many more great topics,i feel like technology can be used in so many great ways like social media is. plus it can bring people together and help people and invent things that we need/ want in life .,4.65,76.722,86.964,9,good,good,good,good,good,good,break,break,good,good,good,good,good,good,good,good,good,good,good,good,good,good,good,good,3,4,0,0,4.012,0,10.149,18.746,30.2,3,2.63,13.629,15.015,10,7,"1,7",58,9.349,9.349,15.026,1,4,3,4,2,5,2,2,4,2,5,4,4,"1,7",70,"Dave has serve ankle pain.

Dave overdosed.

Dave’s received treatment.",0,0,15.024,0,5,5,1,5,5,5,5,5,2,5,5,2,i would still treat dave,"Dave has not been taking his medicine.

he is inconsistent ",2,4,2,2,1,3,1,1,1,5,5,5,5,5,5,3,3,2,2,2,2,1,1,1,1,1,1,40,60,3,Nurse,Nurse,2,,36,3,,1,1,,23,2,,1,,,7,3,6,2,2,Control,663acd2f-7c40-29e0-ced2-22263424b1e5
2024-05-07 20:06:00,2024-05-07 20:36:22,0,100,1822,1,2024-05-07 20:36:23,R_2OOTal3X7ZhNilR,,,,,40.9163,-73.7898,anonymous,EN,1,3,,,,,,,,,,,,,,,,,,,,,,,,,,,,,,,,,,,,,,,,,,,,,,,,,,,"1,5,8",I play music heading to work,8.386,8.386,77.506,1,I use the GPS the most,0.891,8.473,8.818,2,132.022,132.022,132.399,1,I facetime with my loved ones,9.7,9.7,20.413,1,I am able to connect with family internationally,0,0,42.889,0,I watch video to learn many things.,1.067,1.466,21.711,2,0,0,681.858,0,I need to learn more about AI,1.438,1.438,18.701,1,i didn't read a book,I learn more about new little hobbies,2.744,32.378,33.255,2,,,,,,,,,,,,,,,,,,,,,,,,,3,3,0,0,4.017,0,0,0,30.021,0,0,0,15.119,0,7,"7,8",79,0,0,15.02,0,4,4,4,2,4,2,2,2,4,4,3,2,"5,6",61,Reassess pain level and prescribe,0,0,15.016,0,4,4,4,2,4,3,2,3,3,4,3,2,suggest more meds,Please reconsider the pain regime,6,3,5,3,1,4,4,4,4,4,4,4,4,4,4,4,3,2,2,3,3,3,3,3,3,0,0,50,50,11,oncology,nurse,5,,74,3, bachelor,1,33,,31,2,,2,,,8,4,5,3,3,Control,663add5c-3faa-a3a7-f404-7b19583f7bf5
2024-05-07 20:34:52,2024-05-07 20:36:32,0,100,100,1,2024-05-07 20:36:32,R_3ATsCDtepkVWZEA,,,,,25.9972,-80.3259,anonymous,EN,1,2,,,,,,,,,,,,,,,,,,,,,,,,,,,,,,,,,,,,,,,,,,,,,,,,,,,,,,,,,,,,,,,,,,,,,,,,,,,,,,,,,,,,,,,,,,,,,,,,,,,,,,,,,,,,,,,,,,,,,,,,,,,,,,,,,,,,,,,,,,,,,,,,,,,,,,,,,,,,,,,,,,,,,,,,,,,,,,,,,,,,,,,,,,,,,,,,,,,,,,,,,,,,,,,,,,,,,,,,,,,,,,,,,,663ae2b0-36df-138b-ca5b-87b4586bde4e
2024-05-07 13:04:46,2024-05-08 11:01:03,0,100,78977,1,2024-05-08 11:01:04,R_7lzM71HLZEkxrCQ,,,,,33.5707,-112.4411,anonymous,EN,1,3,,"9,3,5",patients need all the kindness and empathy we can give them,0,0,152.541,0,because we do not know what their hiding or what home issues they have and what all health issues they truely have,4.536,4.536,112.097,1,0,0,27.087,0,"they are embarrassed, proud and afraid to ask some questions",5.475,72.205,176.124,2,0,0,662.457,0,it helps co-ordinate their care with all the teams and you have a better understanding of what care they need,36.292,36.292,115.311,1,it helps get them the care they need,9.431,9.431,25.023,1,0,0,68.454,0,yes it makes their health care recovery much better and faster for healing,7.615,14.635,406.384,2,"perspectives of health care for patients,their cultural and financial needs and ways to involve them in their care","Hi and welcome to health care.  You will start your new position in the health care world with many new feelings and will find it hard at times,frustrating at times but you have to know that it can be so rewarding and so satisfying when you help a patient heal and recover or help them be able to deal with their health issues so that they can live a better life

Remember to be kind and caring and to sometimes just Listen to what they want to share with you so that they will open up to you so that you can help them.  Never judge where they come from, how poor or rich they are, what their beliefs are ,what their family members are like or feel, or how they look or deformities or mental issues they have.  Just be kind and empathetic and take the time to listen and look and hear what they need or what they say to you.

Always have the time and effort to involve other health professionals and services that could benefit the patients needs

Enjoy your time and efforts with each patient and all we can do is give our best efforts and time and care for each patient like they mean the world to us    Good luck to you",27.664,586.506,603.419,11,,,,,,,,,,,,,,,,,,,,,,,,,,,,,,,,,,,,,,,,,,,,,,"have been at work now 2 1/2 hours,    assessing, giving medications","medications, rounds am break ","rounds,medications","post assessments,finishing charting","post assessments, charting","break,assessing patients","new assessments, rounds","medications, rounds","completing 2nd shift patients, assessing new patients","medications,charting, assessments","finishing rounds, signing off to 2nd nurse,charting",leaving,n/a,n/a,n/a,n/a,n/a,n/a,n/a,n/a,n/a,n/a,"starting the day, completed all the opening tasks","assessments, rounds,medications",4,4,0,0,4.01,0,0,0,30.117,0,11.774,11.774,15.112,1,5,"5,8",26,0,0,15.015,0,4,4,5,3,5,4,1,4,2,5,3,2,"5,8",39,"Dave still complains of pain, will need mild pain medication, has not done the recommended orders given to him,will need xrays and additional care",0,0,15.021,0,5,4,4,3,5,4,1,2,3,5,3,5,"see if he needs family help,explain dangers of unhealed ankle and need to follow orders","dave has not followed through with orders given to him , may not understand them, see if a family member can help and explain more thoroughly to him of what is needed forhim to do and give written instructions
",4,4,1,1,1,4,4,4,4,3,4,4,4,5,5,2,2,1,2,2,2,1,1,1,2,1,1,70,30,36,nephrology,team leader,26,,82,3,associate degree and futher credits towards degree,1,3,,62,2,,1,,,7,6,4,3,2,Treatment,663a7a64-e097-747b-ff46-e27a69ecb699
2024-05-01 11:57:30,2024-05-01 12:16:09,0,55,1118,0,2024-05-08 12:16:12,R_2HZDEas2u4DuYeW,,,,,,,anonymous,EN,1,3,,,,,,,,,,,,,,,,,,,,,,,,,,,,,,,,,,,,,,,,,,,,,,,,,,,"1,2,6",Doing work ,0,0,29.451,0,To send emails and do work duties ,2.345,2.345,12.385,1,0,0,37.986,0,When our system shut down due to bad storms ,3.545,10.644,22.342,2,Yes. I use them to work ,18.739,18.739,37.467,1,For movies and music ,2.992,2.992,25.826,1,64.226,64.226,66.039,1,To play games and watch TV shows ,3.217,3.217,17.756,1,I read about technology ,Entertainment and technology changed drastically since COVID 19,16.407,114.983,115.847,12,Tired ,Tired ,Sleepy ,Exhausted ,Sleepy ,Exhausted ,Tired ,Sleepy ,Frustrated ,Frustrated ,Tired ,Sleepy ,Exhausted ,Exhausted ,Sleepy ,Frustrated ,Sleepy ,Sleepy ,Tired ,Tired ,Frustrated ,Exhausted ,Exhausted ,Exhausted ,6,6,0,0,4.035,0,0,0,30.036,0,0,0,15.037,0,11,"3,5",100,,,,,,,,,,,,,,,,,,,,,,,,,,,,,,,,,,,,,,,,,,,,,,,,,,,,,,,,,,,,,,,,,,,,,,,,,,,,,,,,,,,,,,,,,Control,66328211-9384-1190-d09d-3e8bd993d9a5
2024-05-01 18:58:01,2024-05-01 19:04:33,0,30,392,0,2024-05-08 19:04:35,R_2mlxYDn76ENReKV,,,,,,,anonymous,EN,1,3,,,,,,,,,,,,,,,,,,,,,,,,,,,,,,,,,,,,,,,,,,,,,,,,,,,8,I use Facebook to keep up with my family and friends with pictures and conversations.,0,0,98.882,0,I use it to communicate within work and outside of work.,3.38,3.38,45.501,1,,,,,,,,,,,,,,,,,,,,,,,,,,,,,,,,,,,,,,,,,,,,,,,,,,,,,,,,,,,,,,,,,,,,,,,,,,,,,,,,,,,,,,,,,,,,,,,,,,,,,,,,,,,,,,,,,,,,,,,,,,,,,,,,,,,,,,,,,,,,,,,,,,,,,,,,,,,,,,,,,,,,Control,6632e30a-f1fd-72c9-b461-af522de01574
2024-05-01 18:50:18,2024-05-01 19:07:23,0,34,1024,0,2024-05-08 19:07:27,R_2k7ZNPgsIVQQERw,,,,,,,anonymous,EN,1,3,,,,,,,,,,,,,,,,,,,,,,,,,,,,,,,,,,,,,,,,,,,,,,,,,,,"1,7,8","I use my laptop in my personal life for affiliate marketing to make extra money because although I have been a nurse for almost 30 years, I still do not make enough money to live on",0,0,22.499,0,"As I said previously, I use my laptop to make extra money. I also use a cell phone to wake me up in the morning, and to talk to my children who live in another state",17.241,17.241,74.029,1,0,0,46.405,0,"One time when my daughter was about 19, she was in a minor car accident. Even though we had AAA, she had never used it and didn't know how. She called me so that I could tell her what to do. It there were no cells phones, she would have had to walk through a dark town at night by herself to try and get some help",35.296,35.296,159.586,1,It makes it easier to talk with my family who all live in another state,,,,,,,,,,,,,,,,,,,,,,,,,,,,,,,,,,,,,,,,,,,,,,,,,,,,,,,,,,,,,,,,,,,,,,,,,,,,,,,,,,,,,,,,,,,,,,,,,,,,,,,,,,,,,,,,,,,,,,,,,,,,,,,,,,,,,,,,,,,,,,,,,,,,,,,,,,Control,6632e164-2c71-448e-aa70-ae2d9bb000a9
2024-05-01 19:41:41,2024-05-01 19:47:37,0,33,356,0,2024-05-08 19:47:38,R_1CgBQRBZdLWVg3G,,,,,,,anonymous,EN,1,3,,,,,,,,,,,,,,,,,,,,,,,,,,,,,,,,,,,,,,,,,,,,,,,,,,,"1,4,5,6,7,8",To communicate or surf for information ,14.639,30.871,31.678,7,To communicate and search for information ,9.354,9.354,35.178,1,4.133,15.196,16.879,10,Zoom for meetings at anytime anywhere,41.01,41.01,78.272,1,,,,,,,,,,,,,,,,,,,,,,,,,,,,,,,,,,,,,,,,,,,,,,,,,,,,,,,,,,,,,,,,,,,,,,,,,,,,,,,,,,,,,,,,,,,,,,,,,,,,,,,,,,,,,,,,,,,,,,,,,,,,,,,,,,,,,,,,,,,,,,,,,,,,,,,,,,,Control,6632ee5d-b2b4-affe-8cc8-f275686316fd
2024-05-01 22:16:18,2024-05-01 22:21:20,0,45,302,0,2024-05-08 22:21:23,R_3CBkWeHYZxjEWy3,,,,,,,anonymous,EN,1,3,,,,,,,,,,,,,,,,,,,,,,,,,,,,,,,,,,,,,,,,,,,,,,,,,,,"1,5,8",yo stay connected,3.756,7.706,15.945,5,for entertainment and to help me with tasks ,1.206,1.206,9.737,1,0,0,15.855,0,i cannot think of a time when that happened at the moment ,2.953,2.953,12.472,1,I can’t think of any examples about that at the moment ,7.835,7.835,16.44,1,yo connect with friends and share details in our lives. to stay connected and watch tv and the news with current events ,2.533,2.533,22.601,1,0,0,16.267,0,Why are you making me read a text book pls let me be done soln,0.707,0.707,11.562,1,I read about technology and ways that it helps us ,entertainment had increased since covid because people became bored and started using technology more because of the lockdown ,1,42.153,44.461,7,woke up,ene toy work,br,bfjd,hfhf,b,hehf,v,hehfh,h,v,hehf,heh,heh,geh,went home,oh fhf,h,h,oh evf,h,he,h,h,3,3,,,,,,,,,,,,,,,,,,,,,,,,,,,,,,,,,,,,,,,,,,,,,,,,,,,,,,,,,,,,,,,,,,,,,,,,,,,,,,,,,,,,,,,,,,,,,,,,,,,,,,,,Control,66331328-9aca-2c34-edb0-bdf3e504d825
2024-05-01 23:39:20,2024-05-01 23:40:43,0,26,83,0,2024-05-08 23:40:50,R_3Jwjk5AQjuTQBS9,,,,,,,anonymous,EN,1,3,,,,,,,,,,,,,,,,,,,,,,,,,,,,,,,,,,,,,,,,,,,,,,,,,,,"1,7,8",I post on social media.,,,,,,,,,,,,,,,,,,,,,,,,,,,,,,,,,,,,,,,,,,,,,,,,,,,,,,,,,,,,,,,,,,,,,,,,,,,,,,,,,,,,,,,,,,,,,,,,,,,,,,,,,,,,,,,,,,,,,,,,,,,,,,,,,,,,,,,,,,,,,,,,,,,,,,,,,,,,,,,,,,,,,,,,,,,,,Control,66332658-53e0-7582-ee47-1eb8920d7cb3
2024-05-02 00:18:52,2024-05-02 00:21:19,0,7,146,0,2024-05-09 00:21:26,R_3nT28tkLvwSx05n,,,,,,,anonymous,EN,1,1,,"9,2",Holistic,9.757,17.234,18.356,6,,,,,,,,,,,,,,,,,,,,,,,,,,,,,,,,,,,,,,,,,,,,,,,,,,,,,,,,,,,,,,,,,,,,,,,,,,,,,,,,,,,,,,,,,,,,,,,,,,,,,,,,,,,,,,,,,,,,,,,,,,,,,,,,,,,,,,,,,,,,,,,,,,,,,,,,,,,,,,,,,,,,,,,,,,,,,,,,,,,,,,,,,,,,,,,,,,,,,,,,,,,,,,,,,,,,,,,,,,Treatment,66332f8a-43e0-b805-1318-5b76be0a5cbc
2024-05-02 15:22:57,2024-05-02 15:27:09,0,6,251,0,2024-05-09 15:27:15,R_5WTdo6WQMVz84Q9,,,,,,,anonymous,EN,1,5,,"7,3,4",Taking responsibility for my actions ,,,,,,,,,,,,,,,,,,,,,,,,,,,,,,,,,,,,,,,,,,,,,,,,,,,,,,,,,,,,,,,,,,,,,,,,,,,,,,,,,,,,,,,,,,,,,,,,,,,,,,,,,,,,,,,,,,,,,,,,,,,,,,,,,,,,,,,,,,,,,,,,,,,,,,,,,,,,,,,,,,,,,,,,,,,,,,,,,,,,,,,,,,,,,,,,,,,,,,,,,,,,,,,,,,,,,,,,,,,,,,Treatment,66340211-bba1-5112-30a4-dcb1d10b020b
2024-05-02 16:58:01,2024-05-02 17:15:10,0,21,1028,0,2024-05-09 17:15:13,R_7L9vgnFVmszMFrz,,,,,,,anonymous,EN,1,3,,"7,9,5",We see a large number of Spanish children and most don’t soeak English. I try my best to since we don’t always have an I interpreter to make sure the parents understand what’s going on and to put their mind at ease,7.324,67.696,69.7,25,"Because  people have different ways of treating illnesses, according to their culture and those ways may seem strange to us. ",1.197,71.698,72.395,11,4.658,41.459,42.6,18,Because they’re embarrassed to say they don’t have the money for the items that they need. It’s frowned upon in their society.,6.615,52.325,54.901,2,5.117,46.564,48.207,20,You can plan A treatment around a patient needs or schedule. ,1.117,16.875,84.375,5,The patient is more likely to adhere to the plan of care. ,5.751,5.751,40.009,1,3.877,22.089,27.943,10,When Patient see that the doctor the nurse and them are all working together. They are more likely to keep on doing the plan of care that you have in mind.,22.625,22.625,65.865,1,The best way to take care of patients from a nursing or doctor perspective,,,,,,,,,,,,,,,,,,,,,,,,,,,,,,,,,,,,,,,,,,,,,,,,,,,,,,,,,,,,,,,,,,,,,,,,,,,,,,,,,,,,,,,,,,,,,,,,,,,,,,,,,,,,,,,,,,,,,,,,,,,,,,,,,,,,,,,,,,,,,,,,,,,,,,,,,,,,,,,,,,,,,,,,,,,,,,,,,,,,Treatment,66341916-fb2c-f4f2-9b0d-d0fc749532af
2024-05-02 15:58:48,2024-05-02 17:25:30,0,26,5202,0,2024-05-09 17:25:31,R_1rAzWwEUJBXLTf2,,,,,,,anonymous,EN,1,3,,,,,,,,,,,,,,,,,,,,,,,,,,,,,,,,,,,,,,,,,,,,,,,,,,,"2,7",reseARCH,,,,,,,,,,,,,,,,,,,,,,,,,,,,,,,,,,,,,,,,,,,,,,,,,,,,,,,,,,,,,,,,,,,,,,,,,,,,,,,,,,,,,,,,,,,,,,,,,,,,,,,,,,,,,,,,,,,,,,,,,,,,,,,,,,,,,,,,,,,,,,,,,,,,,,,,,,,,,,,,,,,,,,,,,,,,,Control,66340c0f-6fc0-ca4c-230c-4d7ebae5bc25
2024-05-02 18:00:15,2024-05-02 18:01:11,0,26,55,0,2024-05-09 18:01:11,R_5ZBmANMGxboQO76,,,,,,,anonymous,EN,1,3,,,,,,,,,,,,,,,,,,,,,,,,,,,,,,,,,,,,,,,,,,,,,,,,,,,"1,2,8",Enjoy browsing the internet,,,,,,,,,,,,,,,,,,,,,,,,,,,,,,,,,,,,,,,,,,,,,,,,,,,,,,,,,,,,,,,,,,,,,,,,,,,,,,,,,,,,,,,,,,,,,,,,,,,,,,,,,,,,,,,,,,,,,,,,,,,,,,,,,,,,,,,,,,,,,,,,,,,,,,,,,,,,,,,,,,,,,,,,,,,,,Control,663428bf-9245-24f0-2803-a605c5c415f0
2024-05-02 18:00:08,2024-05-02 18:01:12,0,6,63,0,2024-05-09 18:01:16,R_2JEs8DrxUtuMbNn,,,,,,,anonymous,EN,1,3,,7,Family ,,,,,,,,,,,,,,,,,,,,,,,,,,,,,,,,,,,,,,,,,,,,,,,,,,,,,,,,,,,,,,,,,,,,,,,,,,,,,,,,,,,,,,,,,,,,,,,,,,,,,,,,,,,,,,,,,,,,,,,,,,,,,,,,,,,,,,,,,,,,,,,,,,,,,,,,,,,,,,,,,,,,,,,,,,,,,,,,,,,,,,,,,,,,,,,,,,,,,,,,,,,,,,,,,,,,,,,,,,,,,,Treatment,663428a7-4ba0-e649-398e-da9d871e80dc
2024-05-01 23:01:16,2024-05-02 19:37:33,0,65,74176,0,2024-05-09 19:37:41,R_1ayFAib6u3PpPO1,,,,,,,anonymous,EN,1,3,,"7,9,5","Sensitivity due to the multicultural diversity, it is important to be emphatic and meet your patients half way, not all of us come from the same background or had same experiences. ",0,0,19.399,0,"We need to understand where they are coming from and meet them halfway, try to understand the why and how through their experiences and background ",4.703,90.31,92.999,5,0,0,21.722,0,"They could be afraid of what we would think about them or judgment. Sometimes they are afraid to ask because they don't feel heard or taken seriously. I have heard, ""This doctor saw me in 15 minutes and didn't even stop to ask me why I was here or my concerns"".",5.912,137.658,141.272,7,0,0,16.272,0,"Medicine does not come in a ""one size fits all"". By understanding our patient's perspectives we learn how to communicate and deliver a message effectively. ",11.994,17.554,82.924,2,"Our patients feel heard and understood and would most likely attached to the treatment better, have a better attitude towards taking care of themselves, and even return for continuity.",7.407,77.25,81.42,4,0,0,16.262,0,"If they don't ""feel it"" they won't comply with any treatment. It is imperative to some sort of understanding and be on the same page to engage both ways and be successful with the care plan and goals. ",6.818,6.818,117.499,1,I read about the importance of providing quality of care by better communicating and understanding our patients perspectives.,"One of the primary reasons I decided to pursue nursing is my innate desire to help people during their most vulnerable moments. The idea of being able to provide comfort, care, and support to individuals in need resonates deeply with me. Nursing offers a unique opportunity to directly contribute to the well-being of others, whether it's through administering medication, comforting patients, or advocating for their needs. Making a tangible difference in someone's life is incredibly rewarding and a constant motivation source.

Furthermore, my own experiences have played a significant role in shaping my decision to pursue nursing. Growing up, I witnessed firsthand the compassionate care provided by nurses to my family members during times of illness. Their dedication, empathy, and unwavering commitment left a lasting impression on me and instilled a sense of admiration for the nursing profession. These experiences ignited my passion to follow in their footsteps and become a source of comfort and support for others in similar situations.

Nursing offers diverse opportunities for growth, specialization, and professional development. From working in hospitals and clinics to community health settings and beyond, the field of nursing presents endless possibilities to explore and expand one's skill set. The prospect of continuously learning and adapting to new challenges excites me and reinforces my decision to pursue a career in nursing.
In conclusion, my decision to pursue a career in nursing is driven by a combination of personal passion, admiration for the profession, and a desire to make a meaningful difference in the lives of others. Inspired by the compassionate care provided by nurses and fueled by my own experiences, I am eager to embark on this rewarding journey and contribute to the health and well-being of individuals and communities alike.
",32.674,68.966,77.147,8,,,,,,,,,,,,,,,,,,,,,,,,,,,,,,,,,,,,,,,,,,,,,,Staff meeting ,Weekly Training,Home Visit 1,Home Visit1,Back to the office to document visit,LUNCH,"Back from lunch, prepare education and forms for next Home Visit",reading through the educational material before departing for Home Visit,Home Visit 2,Home Visit 2,"Drive back to the office, documentation was not completed today, would be completed next day (72 hrs to document)",,,,,,,,,,,,,,4,4,0,0,4.015,0,0,0,30.013,0,0,0,15.012,0,5,"6,7",18,0,0,15.017,0,4,4,5,3,5,1,1,1,3,5,4,5,"5,7",39,"Dave was seen today for a follow up after a nondisplaced fracture of the distal lateral malleolus. 
Dave's pain has not improved from the first visit, I will educate them on the importance of being compliant with recommendations from the provider.
Will order Acetaminophen OTC and hydrocodone for the pain
The patient will follow up if there are no changes to the pain level. ",,,,,,,,,,,,,,,,,,,,,,,,,,,,,,,,,,,,,,,,,,,,,,,,,,,,,,,,,,,,,,,,,,,,,,Treatment,66331c1e-ee52-394a-4511-469bec7e9f36
2024-05-02 20:09:54,2024-05-02 20:56:33,0,31,2799,0,2024-05-09 20:56:41,R_7KGwpsatVTMmCpD,,,,,,,anonymous,EN,1,3,,,,,,,,,,,,,,,,,,,,,,,,,,,,,,,,,,,,,,,,,,,,,,,,,,,"1,6,8",I use my laptop for most things like looking at photos and such. I use Face time to speak with my adult children and grandchildren. And I use my phone for scanning face book and social medial. ,215.86,256.646,258.663,17,I have a mobile phone with a large screen that I use to stream TV shows and movies. I also use Face time to visit with family members. I also use my phone at work to speak with other medical personnel. ,1.3,109.06,111.084,8,4.287,15.317,16.535,5,,,,,,,,,,,,,,,,,,,,,,,,,,,,,,,,,,,,,,,,,,,,,,,,,,,,,,,,,,,,,,,,,,,,,,,,,,,,,,,,,,,,,,,,,,,,,,,,,,,,,,,,,,,,,,,,,,,,,,,,,,,,,,,,,,,,,,,,,,,,,,,,,,,,,,,,,,,,,,,,Control,66344378-94cd-4b85-2b38-605a128a5007
2024-05-02 20:59:40,2024-05-02 21:18:36,0,64,1136,0,2024-05-09 21:18:37,R_55avarN73ywePFT,,,,,,,anonymous,EN,1,3,,"2,5",Taking care of the whole patient is very important. Realizing where they are coming from and their circumstances ,9.952,17.015,17.934,5,It helps better take care of them ,5.096,6.494,17.15,2,4.245,16.608,17.604,11,They might think that we are looking down on them or asking dumb questions ,8.337,8.337,27.801,1,12.756,24.011,24.843,6,You need to explain on their level do they can understand the instructions ,14.43,18.626,39.597,4,If they understand their instructions they will better care for themselves ,6.48,6.48,39.501,1,5.414,16.76,17.65,3,I don’t know how to express this,5.52,5.52,16.447,1,Understanding how we can help patients understand how to better care for themselves and how we can help them,"When you are checking in with a patient look into their eyes. Take time to listen to what they are saying 
For residents listen to the nurses they are the ones that are hands on with the patients the whole shift and can pick up on things you may miss on your 2 minutes of rounds",3.077,150.08,153.685,8,,,,,,,,,,,,,,,,,,,,,,,,,,,,,,,,,,,,,,,,,,,,,,,,,,Get report and asses the ot,Bedside,Bedside give meds,Ask pt how they are doing,Change iv bag,Deliver baby,Assess baby give meds,Assess mom,Call pediatrician , Give report,,,,,,,,,,,4,5,0,0,4.016,0,9.214,22.734,30.12,3,0,0,15.017,0,8,"6,7",19,0,0,15.02,0,4,5,5,2,3,3,1,2,2,5,4,3,"6,7",28,,,,,,,,,,,,,,,,,,,,,,,,,,,,,,,,,,,,,,,,,,,,,,,,,,,,,,,,,,,,,,,,,,,,,,,Treatment,6634524f-7052-080a-ea2f-245b602450b9
2024-05-02 22:03:14,2024-05-02 22:03:59,0,24,44,0,2024-05-09 22:04:00,R_12iLdsXTdH7Eyid,,,,,,,anonymous,EN,1,3,,,,,,,,,,,,,,,,,,,,,,,,,,,,,,,,,,,,,,,,,,,,,,,,,,,"1,2,4,5,6,7,8",,,,,,,,,,,,,,,,,,,,,,,,,,,,,,,,,,,,,,,,,,,,,,,,,,,,,,,,,,,,,,,,,,,,,,,,,,,,,,,,,,,,,,,,,,,,,,,,,,,,,,,,,,,,,,,,,,,,,,,,,,,,,,,,,,,,,,,,,,,,,,,,,,,,,,,,,,,,,,,,,,,,,,,,,,,,,,Control,66346186-2c20-d3ea-9c7a-d88fb98ad046
2024-05-02 22:04:17,2024-05-02 22:11:19,0,43,422,0,2024-05-09 22:11:22,R_3w4foFuF64MW3uu,,,,,,,anonymous,EN,1,3,,,,,,,,,,,,,,,,,,,,,,,,,,,,,,,,,,,,,,,,,,,,,,,,,,,"1,5,7",I treated two covid patients for breathing issues by administering oxygen and Paxlovid. I adjusted medication for a diabetic with out of control A1C),6.955,9.754,152.813,3,I treated two covid patients for breathing issues by administering oxygen and Paxlovid. I adjusted medication for a diabetic with out of control A1C),0.942,1.998,5.867,2,0,0,20.747,0,I treated two covid patients for breathing issues by administering oxygen and Paxlovid. I adjusted medication for a diabetic with out of control A1C),1.016,9.189,11.701,6,I treated two covid patients for breathing issues by administering oxygen and Paxlovid. I adjusted medication for a diabetic with out of control A1C),0,0,24.717,0,I treated two covid patients for breathing issues by administering oxygen and Paxlovid. I adjusted medication for a diabetic with out of control A1C),3.628,4.502,7.147,2,0,0,50.367,0,I treated two covid patients for breathing issues by administering oxygen and Paxlovid. I adjusted medication for a diabetic with out of control A1C),2.396,5.765,8.295,4,I treated two covid patients for breathing issues by administering oxygen and Paxlovid,I treated two covid patients for breathing issues by administering oxygen and Paxlovid. I adjusted medication for a diabetic with out of control A1C),1.498,11.719,17.438,7,,,,,,,,,,,,,,,,,,,,,,,,,,,,,,,,,,,,,,,,,,,,,,,,,,,,,,,,,,,,,,,,,,,,,,,,,,,,,,,,,,,,,,,,,,,,,,,,,,,,,,,,,,,,,,,,,,,,,,,,,,,,,,,,,,Control,663461e8-32b7-c043-496d-c3d1601c2098
2024-05-02 22:25:37,2024-05-02 22:30:41,0,9,303,0,2024-05-09 22:30:49,R_8w1r26gtPLR9HXQ,,,,,,,anonymous,EN,1,3,,"7,9,5","I feel it is important to listen to patient’s and relate to them in a personal matter. When they come to us for care they need someone to care enough to listen to them, which makes treating them easier on everyone. ",8.347,28.4,29.117,8,,,,,,,,,,,,,,,,,,,,,,,,,,,,,,,,,,,,,,,,,,,,,,,,,,,,,,,,,,,,,,,,,,,,,,,,,,,,,,,,,,,,,,,,,,,,,,,,,,,,,,,,,,,,,,,,,,,,,,,,,,,,,,,,,,,,,,,,,,,,,,,,,,,,,,,,,,,,,,,,,,,,,,,,,,,,,,,,,,,,,,,,,,,,,,,,,,,,,,,,,,,,,,,,,,,,,,,,,,Treatment,6634667b-652c-b07c-9ff6-21ce043a5da4
2024-05-03 04:20:46,2024-05-03 04:29:27,0,3,520,0,2024-05-10 04:29:30,R_1axcxbITlmOAm54,,,,,,,anonymous,EN,1,3,,"9,2",,,,,,,,,,,,,,,,,,,,,,,,,,,,,,,,,,,,,,,,,,,,,,,,,,,,,,,,,,,,,,,,,,,,,,,,,,,,,,,,,,,,,,,,,,,,,,,,,,,,,,,,,,,,,,,,,,,,,,,,,,,,,,,,,,,,,,,,,,,,,,,,,,,,,,,,,,,,,,,,,,,,,,,,,,,,,,,,,,,,,,,,,,,,,,,,,,,,,,,,,,,,,,,,,,,,,,,,,,,,,,,Treatment,6634b8c0-5be2-55bb-4922-1a02bb4f0579
2024-05-03 06:38:38,2024-05-03 06:39:39,0,6,60,0,2024-05-10 06:39:42,R_2vwm4ZDkyRskKs1,,,,,,,anonymous,EN,1,5,,"7,9",Be nice to the parents ,,,,,,,,,,,,,,,,,,,,,,,,,,,,,,,,,,,,,,,,,,,,,,,,,,,,,,,,,,,,,,,,,,,,,,,,,,,,,,,,,,,,,,,,,,,,,,,,,,,,,,,,,,,,,,,,,,,,,,,,,,,,,,,,,,,,,,,,,,,,,,,,,,,,,,,,,,,,,,,,,,,,,,,,,,,,,,,,,,,,,,,,,,,,,,,,,,,,,,,,,,,,,,,,,,,,,,,,,,,,,,Treatment,6634d9bb-aeb4-5395-cc28-3c3a015d066d
2024-05-03 07:08:26,2024-05-03 07:10:17,0,6,111,0,2024-05-10 07:10:18,R_3QL0LzVvAvdAukY,,,,,,,anonymous,EN,1,1,,"7,9",I always feel for my patients.,,,,,,,,,,,,,,,,,,,,,,,,,,,,,,,,,,,,,,,,,,,,,,,,,,,,,,,,,,,,,,,,,,,,,,,,,,,,,,,,,,,,,,,,,,,,,,,,,,,,,,,,,,,,,,,,,,,,,,,,,,,,,,,,,,,,,,,,,,,,,,,,,,,,,,,,,,,,,,,,,,,,,,,,,,,,,,,,,,,,,,,,,,,,,,,,,,,,,,,,,,,,,,,,,,,,,,,,,,,,,,Treatment,6634e12e-a478-ee34-c30b-a79e26f282a6
2024-05-03 08:27:16,2024-05-03 08:30:51,0,28,214,0,2024-05-10 08:30:52,R_7q3rkiDPSKtTauo,,,,,,,anonymous,EN,1,3,,,,,,,,,,,,,,,,,,,,,,,,,,,,,,,,,,,,,,,,,,,,,,,,,,,"1,4,7",Communication and information searching,16.707,16.707,25.665,1,,,,,,,,,,,,,,,,,,,,,,,,,,,,,,,,,,,,,,,,,,,,,,,,,,,,,,,,,,,,,,,,,,,,,,,,,,,,,,,,,,,,,,,,,,,,,,,,,,,,,,,,,,,,,,,,,,,,,,,,,,,,,,,,,,,,,,,,,,,,,,,,,,,,,,,,,,,,,,,,,,,,,,,,,Control,6634f2c8-5237-08a4-7468-4c633ba87ef8
2024-05-03 08:42:12,2024-05-03 08:42:36,0,1,24,0,2024-05-10 08:42:37,R_3pRvQ18XUAL13wN,,,,,,,anonymous,EN,,,,,,,,,,,,,,,,,,,,,,,,,,,,,,,,,,,,,,,,,,,,,,,,,,,,,,,,,,,,,,,,,,,,,,,,,,,,,,,,,,,,,,,,,,,,,,,,,,,,,,,,,,,,,,,,,,,,,,,,,,,,,,,,,,,,,,,,,,,,,,,,,,,,,,,,,,,,,,,,,,,,,,,,,,,,,,,,,,,,,,,,,,,,,,,,,,,,,,,,,,,,,,,,,,,,,,,,,,,,,,,,,,,,6634f58a-8a3c-df45-fde9-ea509050683c
2024-05-03 09:36:25,2024-05-03 09:55:00,0,13,1114,0,2024-05-10 09:55:04,R_5hHeNKcMVCskV2m,,,,,,,anonymous,EN,1,1,,"9,4,5",Empathy is extremely important to me. Not only to the overt symptoms my patients display but to deeper feelings.  I have been referred to as an empath because when I examine children I can often pick up on subtle signs that can reflect on their illnesses.  I have picked up on some esoteric things.,0,0,162.38,0,My patients are children who may not fully understand why they do what they do.  But if you approach them carefully you can often pick up on clues as to behavior and what their behavior relates to.  This very hard for me to explain.,21.398,21.398,264.318,1,60.863,60.863,61.751,1,They may be afraid they will get in trouble.  Kids also can be embarrassed about their symptoms —puberty.,9.235,9.235,107.496,1,,,,,,,,,,,,,,,,,,,,,,,,,,,,,,,,,,,,,,,,,,,,,,,,,,,,,,,,,,,,,,,,,,,,,,,,,,,,,,,,,,,,,,,,,,,,,,,,,,,,,,,,,,,,,,,,,,,,,,,,,,,,,,,,,,,,,,,,,,,,,,,,,,,,,,,,,,,,,,,,,,,,,,,,,,,,,,,,,,,,,,,,,,,,,,,,,,,,,,,,,,,,Treatment,66350185-4891-6bc0-c31e-a7c02ed84d92
2024-05-03 11:10:05,2024-05-03 11:33:55,0,9,1429,0,2024-05-10 11:33:56,R_55FJvfeptTwoFmU,,,,,,,anonymous,EN,1,3,,"9,2,4,5","I do be feeling bad for people, I feel it in my heart",130.14,130.871,131.157,3,,,,,,,,,,,,,,,,,,,,,,,,,,,,,,,,,,,,,,,,,,,,,,,,,,,,,,,,,,,,,,,,,,,,,,,,,,,,,,,,,,,,,,,,,,,,,,,,,,,,,,,,,,,,,,,,,,,,,,,,,,,,,,,,,,,,,,,,,,,,,,,,,,,,,,,,,,,,,,,,,,,,,,,,,,,,,,,,,,,,,,,,,,,,,,,,,,,,,,,,,,,,,,,,,,,,,,,,,,Treatment,663517bc-8bd2-3497-3643-09fb6eeee31d
2024-05-03 12:33:13,2024-05-03 12:34:28,0,1,74,0,2024-05-10 12:34:34,R_20oAXB3rxMxQUyR,,,,,,,anonymous,EN,,,,,,,,,,,,,,,,,,,,,,,,,,,,,,,,,,,,,,,,,,,,,,,,,,,,,,,,,,,,,,,,,,,,,,,,,,,,,,,,,,,,,,,,,,,,,,,,,,,,,,,,,,,,,,,,,,,,,,,,,,,,,,,,,,,,,,,,,,,,,,,,,,,,,,,,,,,,,,,,,,,,,,,,,,,,,,,,,,,,,,,,,,,,,,,,,,,,,,,,,,,,,,,,,,,,,,,,,,,,,,,,,,,,66352c95-8161-4ab4-8cce-ba83ac3c4a20
2024-05-03 12:49:52,2024-05-03 12:50:14,0,1,22,0,2024-05-10 12:50:16,R_2mKkelm3xIJDPzO,,,,,,,anonymous,EN,,,,,,,,,,,,,,,,,,,,,,,,,,,,,,,,,,,,,,,,,,,,,,,,,,,,,,,,,,,,,,,,,,,,,,,,,,,,,,,,,,,,,,,,,,,,,,,,,,,,,,,,,,,,,,,,,,,,,,,,,,,,,,,,,,,,,,,,,,,,,,,,,,,,,,,,,,,,,,,,,,,,,,,,,,,,,,,,,,,,,,,,,,,,,,,,,,,,,,,,,,,,,,,,,,,,,,,,,,,,,,,,,,,,66353163-1125-19f2-4f12-457ad8272228
2024-05-03 16:23:26,2024-05-03 16:26:15,0,1,169,0,2024-05-10 16:26:20,R_3ONewWVZFppjPac,,,,,,,anonymous,EN,,,,,,,,,,,,,,,,,,,,,,,,,,,,,,,,,,,,,,,,,,,,,,,,,,,,,,,,,,,,,,,,,,,,,,,,,,,,,,,,,,,,,,,,,,,,,,,,,,,,,,,,,,,,,,,,,,,,,,,,,,,,,,,,,,,,,,,,,,,,,,,,,,,,,,,,,,,,,,,,,,,,,,,,,,,,,,,,,,,,,,,,,,,,,,,,,,,,,,,,,,,,,,,,,,,,,,,,,,,,,,,,,,,,66356325-e449-01cc-e62e-5f392c642866
2024-05-03 18:49:34,2024-05-03 18:50:28,0,24,54,0,2024-05-10 18:50:35,R_2ULlQF1rnbvCpep,,,,,,,anonymous,EN,1,3,,,,,,,,,,,,,,,,,,,,,,,,,,,,,,,,,,,,,,,,,,,,,,,,,,,"1,2,7,8",,,,,,,,,,,,,,,,,,,,,,,,,,,,,,,,,,,,,,,,,,,,,,,,,,,,,,,,,,,,,,,,,,,,,,,,,,,,,,,,,,,,,,,,,,,,,,,,,,,,,,,,,,,,,,,,,,,,,,,,,,,,,,,,,,,,,,,,,,,,,,,,,,,,,,,,,,,,,,,,,,,,,,,,,,,,,,Control,66358536-375e-ae38-1d99-59b7d4d82f44
2024-05-03 19:22:43,2024-05-03 19:25:11,0,26,147,0,2024-05-10 19:25:16,R_5lJRYcCrhIGDMg8,,,,,,,anonymous,EN,1,3,,,,,,,,,,,,,,,,,,,,,,,,,,,,,,,,,,,,,,,,,,,,,,,,,,,"5,8",I use Apple Music on daily drives.,,,,,,,,,,,,,,,,,,,,,,,,,,,,,,,,,,,,,,,,,,,,,,,,,,,,,,,,,,,,,,,,,,,,,,,,,,,,,,,,,,,,,,,,,,,,,,,,,,,,,,,,,,,,,,,,,,,,,,,,,,,,,,,,,,,,,,,,,,,,,,,,,,,,,,,,,,,,,,,,,,,,,,,,,,,,,Control,66358b57-182b-d9ef-7710-b7e3500c03f4
2024-05-03 19:31:01,2024-05-03 19:38:33,0,67,451,0,2024-05-10 19:38:36,R_1t04RqqXzLQq6yb,,,,,,,anonymous,EN,1,3,,"9,3,5",Im not sure,6.431,14.98,15.709,10,Idk,1.028,1.028,5.676,1,10.311,13.342,15.514,5,They aren’t sure if they should or not,1.358,1.358,10.776,1,12.095,13.032,15.61,3,Idk,2.14,2.14,5.997,1,Alot,0.963,0.963,5.62,1,0,0,15.708,0,Idk,0.889,0.889,5.794,1,Doctors and nurses,Idk,0.708,8.664,11.15,4,,,,,,,,,,,,,,,,,,,,,,,,,,,,,,,,,,,,,,,,,,,,,,Notsure,,,,,,,,,,Dont know,,,Sure,,,Ok,,,Yes,,,No,,3,5,0,0,4.013,0,11.539,12.669,30.134,2,10.516,11.841,15.022,3,7,"3,4",60,0,0,15.024,0,4,5,4,2,4,4,1,3,3,5,3,5,"1,3",62,Hasnt done what hes supposed to. Still hurting. Idk.,0,0,16.866,0,,,,,,,,,,,,,,,,,,,,,,,,,,,,,,,,,,,,,,,,,,,,,,,,,,,,,,,,,,,,,,,,,,Treatment,66358f82-3ac8-4e53-f288-e70b515eefeb
2024-05-03 19:49:52,2024-05-03 19:50:46,0,3,54,0,2024-05-10 19:50:49,R_7i3P2hHVFih7NEg,,,,,,,anonymous,EN,1,3,,4,,,,,,,,,,,,,,,,,,,,,,,,,,,,,,,,,,,,,,,,,,,,,,,,,,,,,,,,,,,,,,,,,,,,,,,,,,,,,,,,,,,,,,,,,,,,,,,,,,,,,,,,,,,,,,,,,,,,,,,,,,,,,,,,,,,,,,,,,,,,,,,,,,,,,,,,,,,,,,,,,,,,,,,,,,,,,,,,,,,,,,,,,,,,,,,,,,,,,,,,,,,,,,,,,,,,,,,,,,,,,,,Treatment,66359272-79d7-d675-ba47-2a7cacf7300d
2024-05-03 19:58:37,2024-05-03 22:29:45,0,26,9067,0,2024-05-10 22:29:49,R_1dxL4vcbQi2VMkw,,,,,,,anonymous,EN,1,3,,,,,,,,,,,,,,,,,,,,,,,,,,,,,,,,,,,,,,,,,,,,,,,,,,,"1,7",I use the laptop to shop,,,,,,,,,,,,,,,,,,,,,,,,,,,,,,,,,,,,,,,,,,,,,,,,,,,,,,,,,,,,,,,,,,,,,,,,,,,,,,,,,,,,,,,,,,,,,,,,,,,,,,,,,,,,,,,,,,,,,,,,,,,,,,,,,,,,,,,,,,,,,,,,,,,,,,,,,,,,,,,,,,,,,,,,,,,,,Control,663595ec-cdc3-a58d-ac03-3378a8e38c30
2024-05-03 23:43:38,2024-05-03 23:54:54,0,51,675,0,2024-05-10 23:54:56,R_5S4EUBedcvsboNX,,,,,,,anonymous,EN,1,5,,9,6,2.433,14.054,16.26,18,To make sure that that they get the best care ,21.287,58.689,59.47,3,1.443,11.283,21.078,9,Because some times it gets so busy and doctors get over emotional ,11.8,59.661,61.164,3,9.8,22.716,53.996,3,When we feel that the doctor really understands ,16.917,54.708,55.201,2,It makes me feel understood ,47.601,71.843,72.302,3,0,0,26.087,0,Wonderful ,18.755,32.142,32.5,2,It makes me very happy ,Yale ,1.051,14.385,15.001,6,,,,,,,,,,,,,,,,,,,,,,,,,,,,,,,,,,,,,,,,,,,,,,2,8,1,5,6,8,0,0,0,0,0,3,,,,,,,,,,,,,1,1,0,0,4.07,0,30.174,30.174,30.178,1,,,,,,,,,,,,,,,,,,,,,,,,,,,,,,,,,,,,,,,,,,,,,,,,,,,,,,,,,,,,,,,,,,,,,,,,,,,,,,,,,,,,,,,,,,,,,,,,Treatment,6635ca77-001c-9774-6b49-ef1423fc7f4a
2024-05-03 22:37:29,2024-05-04 00:40:20,0,40,7371,0,2024-05-11 00:40:21,R_1rNVgSxDLscVnHZ,,,,,,,anonymous,EN,1,3,,,,,,,,,,,,,,,,,,,,,,,,,,,,,,,,,,,,,,,,,,,,,,,,,,,"1,6,8",I use Facebook a lot in my personal life. I like being able to keep up with friends and family on there,3.204,15.364,18.88,12,I am on my phone frequently. It keeps me in contact with people and informed on things going on ,1.849,24.8,24.836,2,10.433,10.433,17.289,1,FaceTime allows for you to see people and zoom that otherwise you wouldn’t have been able to see. It also has allowed for work from home opportunities ,5.288,32.139,32.172,2,Yes! I love using FaceTime with family members to see them. It helps my daughter stay familiar with everyone. My goal was to keep them involved in her life. It has helped a lot ,0,0,30.544,0,I use YouTube to keep my child entertained from time to time. I also read Facebook drama for entertainment. I can read magazines on my phone as well! ,35.077,35.077,111.788,1,0,0,49.554,0,I read magazines on my phone and keep my baby entertained with YouTube. ,3.497,28.022,31.723,8,I read about using technology for entertainment and the  advancements of technology especially in covid,,,,,,,,,,,,,,,,,,,,,,,,,,,,,,,,,,,,,,,,,,,,,,,,,,,,,,,,,,,,,,,,,,,,,,,,,,,,,,,,,,,,,,,,,,,,,,,,,,,,,,,,,,,,,,,,,,,,,,,,,,,,,,,,,,,,,,,Control,6635bb07-a152-4b68-698b-85c52021b2b6
2024-05-04 06:53:15,2024-05-04 07:06:47,0,51,812,0,2024-05-11 07:06:52,R_2QAhxYAYENYSyXi,,,,,,,anonymous,EN,1,1,,"9,2,4",I always take my patients background into consideration when I try to approach their treatment,8.087,89.382,90.405,4,Because it really helps you find the right treatment for your patient based on their background,7.917,7.917,21.702,1,1.772,1.772,45.3,1,In the event when they feel like they're not connected with you either on a personal or background level,44.76,44.76,60.774,1,41.142,41.142,42.2,1,It really helps me connect with the patient and find them appropriate treatment,8.455,8.455,21.801,1,They can actually stick to the recovery plan a lot better,4.4,4.4,15.701,1,12.026,14.44,30.202,2,It helps patients to be more connected to you,105.601,105.601,113.877,1,Connection between a doctor and a patient,N/A,2.253,41.459,42.303,11,,,,,,,,,,,,,,,,,,,,,,,,,,,,,,,,,,,,,,,,,,,,,,,,,,,,,,,,,It was on Friday and it was a very hectic day,,,,,,,,,,,,,5,6,0,0,4.055,0,1.719,8.392,30.002,3,,,,,,,,,,,,,,,,,,,,,,,,,,,,,,,,,,,,,,,,,,,,,,,,,,,,,,,,,,,,,,,,,,,,,,,,,,,,,,,,,,,,,,,,,,,,,,,,Treatment,66362f23-5d68-912d-410c-2cc8e3d27485
2024-05-04 08:46:28,2024-05-04 08:55:46,0,19,557,0,2024-05-11 08:55:48,R_2Mgnt42P0ER0kAB,,,,,,,anonymous,EN,1,3,,"9,3,5",I feel like empathy is very important because if I don’t truly care for my patients I can’t give them the best help that they deserve ,3.046,16.146,18.226,5,Sometimes being in a patient’s shoes can be a little nerve wrecking or scary so it’s always good to be understanding ,4.53,4.53,36.518,1,0,0,16.398,0,They think that there lack of knowledge is something to be embarrassed about,6.471,6.471,22.197,1,0,0,16.112,0,Iim not sure how to answer this,10.489,10.489,23.806,1,Being able to understand their perspective goes a long way. The patient will feel comfortable ,11.593,11.593,38.914,1,0,0,54.991,0,,,,,,,,,,,,,,,,,,,,,,,,,,,,,,,,,,,,,,,,,,,,,,,,,,,,,,,,,,,,,,,,,,,,,,,,,,,,,,,,,,,,,,,,,,,,,,,,,,,,,,,,,,,,,,,,,,,,,,,,,,,,,,,,,,,,,,,,,,,,,,,,,,,,,,,,,,,,,,,,,,,,,,,,,,,,,,,,,,,,,,,,,,Treatment,6636495e-af20-5c97-1932-26fd150f5580
2024-05-04 09:33:15,2024-05-04 10:15:22,0,43,2527,0,2024-05-11 10:15:30,R_2ZJ3oEqkiT5kmwh,,,,,,,anonymous,EN,1,3,,"7,9,3","Empathy, because in order to be an effective nurse you have to be understanding and empathetic to those who you are caring for and their needs in every capacity.",3.991,41.949,45.903,16,"Because how else will you help them if you don't see from their mental perspective.  To be effective you need to know their beliefs,  fears , mentality and knowledge. This knowledge will help you speak to them or deal with them at their level.",6.201,6.201,129.793,1,21.14,22.313,48.511,3,Fear of sounding unintelligent. Fear is the main factor. Fear drives the hesitation on several levels. Fear of hearing bad news.,5.888,114.233,134.602,2,21.726,21.726,32.988,1,"It allows you to see through the lens of your clients, which helps me to grow as a   server of my clients. I'm able to know what the needs of my clients are.",10.801,10.801,167.201,1,"They feel that you care. They have someone that they can trust , who they know will have their back and that will go to bat for them to get the best care for them. It lessens their stress levels, which lessen the stress on their systems in their body. ",20.368,20.368,129.091,1,0,0,118.099,0,Again they trust you care for them. They know you understand them and their needs so you know what to do to take care of their needs.,6.676,6.676,99.7,1,I read the Bible and book about Greater Faith in God.,"What I've learned in my years of nursing  concerning, the clients that we serve is that they are afraid to give their trust totally to medical Servers, because they don't won't to trust and then to be let down  and this may stem from their life past experiences.  So it is imperative for us as Health Servers to be able to ascertain the mental facilities of our clients. We need to know what their trust level is in Health servers and why they feel that way. We must ask flat out to know where we need to gather our tools of service to our clients. Trust is very important between clients and Health Servers. We must establish that first. It opens the way to a healthy strong client -Server relationship.  Teaching future Health Servers to establish Trust should be a top priority. 

",14.65,885.546,886.898,84,,,,,,,,,,,,,,,,,,,,,,,,,,,,,,,,,,,,,,,,,,,,,,,,,,,,,,,,,,,,,,,,,,,,,,,,,,,,,,,,,,,,,,,,,,,,,,,,,,,,,,,,,,,,,,,,,,,,,,,,,,,,,,,,,,,,,,,,,,,,,,,,,,,,,,,,,,,,,,,,,,,,,,,,,,,,,,,Treatment,66365406-46af-59da-7330-238f064a8040
2024-05-04 09:25:01,2024-05-04 11:10:48,0,52,6346,0,2024-05-11 11:10:49,R_7daIKaoYr92lDnz,,,,,,,anonymous,EN,1,3,,,,,,,,,,,,,,,,,,,,,,,,,,,,,,,,,,,,,,,,,,,,,,,,,,,2,Notes and record ,1.502,19.742,20.835,14,In computers and X-ray machines EKG machines etc,5.735,5.735,35.528,1,4.35,20.234,20.798,23,By using technology we find things out faster and can help you quickly ,2.294,29.174,68.747,5,By finding out what's wrong faster ,1.885,15.278,16.1,16,Social media ,0.979,29.89,37.587,4,2.525,25.238,26.062,12,Video games ,2.363,7.316,47.953,4,Technology and it's many uses,"Learning about anything at all is easy to do on the Internet 
",2.07,192.534,193.2,16,Punched in ,Looked up my daily chart,Made rounds,Did rechecks,,,,,,,,,,,,,,,,,,,,,3,6,0,0,4.041,0,5.042,30.001,30.001,8,0,0,20.266,0,,,,,,,,,,,,,,,,,,,,,,,,,,,,,,,,,,,,,,,,,,,,,,,,,,,,,,,,,,,,,,,,,,,,,,,,,,,,,,,,,,,,,,,,,,,,Control,6636526e-e263-37cf-17b9-592337f9ba3f
2024-05-04 11:10:19,2024-05-04 11:13:32,0,6,192,0,2024-05-11 11:13:32,R_5p9A8WZuXKFoKPY,,,,,,,anonymous,EN,1,3,,"5,6",My patients are from varied backgrounds but all facing same issues.  Adjusting to a new liver. And life of anti rejection meds.    I am there to guide and educate them ,,,,,,,,,,,,,,,,,,,,,,,,,,,,,,,,,,,,,,,,,,,,,,,,,,,,,,,,,,,,,,,,,,,,,,,,,,,,,,,,,,,,,,,,,,,,,,,,,,,,,,,,,,,,,,,,,,,,,,,,,,,,,,,,,,,,,,,,,,,,,,,,,,,,,,,,,,,,,,,,,,,,,,,,,,,,,,,,,,,,,,,,,,,,,,,,,,,,,,,,,,,,,,,,,,,,,,,,,,,,,,Treatment,66366b0d-1cc2-6217-1131-f3f1534686c3
2024-05-04 11:41:40,2024-05-04 11:42:32,0,23,51,0,2024-05-11 11:42:34,R_1neOW7p6ovqoW6B,,,,,,,anonymous,EN,1,3,,,,,,,,,,,,,,,,,,,,,,,,,,,,,,,,,,,,,,,,,,,,,,,,,,,,,,,,,,,,,,,,,,,,,,,,,,,,,,,,,,,,,,,,,,,,,,,,,,,,,,,,,,,,,,,,,,,,,,,,,,,,,,,,,,,,,,,,,,,,,,,,,,,,,,,,,,,,,,,,,,,,,,,,,,,,,,,,,,,,,,,,,,,,,,,,,,,,,,,,,,,,,,,,,,,,,,,,,,,,,,,,,Control,66366f24-0e10-7cff-6fec-871d872dd383
2024-05-04 11:56:36,2024-05-04 12:02:19,0,21,343,0,2024-05-11 12:02:20,R_10CA9Kw2zUV5HB2,,,,,,,anonymous,EN,1,3,,"9,3",Empathy ,4.336,15.398,16.001,6,Making them feel in control of their lives and care ,9.947,30.694,31.101,2,1.1,6.579,22.901,5,In fear that they sound uneducated or fear of the answer ,4.301,32.336,32.946,2,14.432,15.128,16.1,2,PT care will be better if there is a team approach ,7.992,32.199,32.762,2,Knowing their needs will make for a positive recovery ,4.239,24.249,24.799,4,0,0,18.001,0,Positive on recovery ,9.862,16.793,17.343,2,PT outcomes and needs and how it can benefit them,,,,,,,,,,,,,,,,,,,,,,,,,,,,,,,,,,,,,,,,,,,,,,,,,,,,,,,,,,,,,,,,,,,,,,,,,,,,,,,,,,,,,,,,,,,,,,,,,,,,,,,,,,,,,,,,,,,,,,,,,,,,,,,,,,,,,,,,,,,,,,,,,,,,,,,,,,,,,,,,,,,,,,,,,,,,,,,,,,,,Treatment,66367597-e224-b128-011c-3c24c3a86168
2024-05-04 12:31:26,2024-05-04 12:32:18,0,2,52,0,2024-05-11 12:32:20,R_2lxDdtPT3xsxt6k,,,,,,,anonymous,EN,1,3,,,,,,,,,,,,,,,,,,,,,,,,,,,,,,,,,,,,,,,,,,,,,,,,,,,,,,,,,,,,,,,,,,,,,,,,,,,,,,,,,,,,,,,,,,,,,,,,,,,,,,,,,,,,,,,,,,,,,,,,,,,,,,,,,,,,,,,,,,,,,,,,,,,,,,,,,,,,,,,,,,,,,,,,,,,,,,,,,,,,,,,,,,,,,,,,,,,,,,,,,,,,,,,,,,,,,,,,,,,,,,,,,,66367e1e-a8b8-6722-9ca6-7714aca7c9bd
2024-05-04 13:19:20,2024-05-04 13:29:29,0,28,609,0,2024-05-11 13:29:37,R_3QtFPl246IiNwgL,,,,,,,anonymous,EN,1,3,,,,,,,,,,,,,,,,,,,,,,,,,,,,,,,,,,,,,,,,,,,,,,,,,,,"1,7","use laptop to look up information and to send email, also to do surveys and also increase learning new information",197.884,240.803,242.232,2,,,,,,,,,,,,,,,,,,,,,,,,,,,,,,,,,,,,,,,,,,,,,,,,,,,,,,,,,,,,,,,,,,,,,,,,,,,,,,,,,,,,,,,,,,,,,,,,,,,,,,,,,,,,,,,,,,,,,,,,,,,,,,,,,,,,,,,,,,,,,,,,,,,,,,,,,,,,,,,,,,,,,,,,,Control,66368918-fc92-c344-2edb-3654edb47ef5
2024-05-04 13:55:09,2024-05-04 14:10:56,0,88,946,0,2024-05-11 14:10:58,R_39lSlpp5E4cD25D,,,,,,,anonymous,EN,1,1,,3,I get to work with my patients.,1.5,65.583,66.273,9,"If they need to be cured, they have to listen to what I say they have to do.",5.6,5.6,21.774,1,15.409,15.409,16.124,1,They might be nervous to tell me what’s going on.,1.162,1.162,25.7,1,0,0,16.376,0,"If I can understand my patients, I will know what to do with them. But, if I don’t understand them, I will need some assistance.",1.079,1.079,36.601,1,They won’t be nervous anymore because I’ll know what im doing.,2.875,26.722,37.895,5,11.652,12.891,15.869,2,Some of my goals are aligned with patients goals because sometimes I have a goal to stay healthy.,14.226,14.226,36.101,1,I read about how doctors can do things.,"I like working as a doctor. Thank you for helping me understand what my patients need or want. Thank you for everything you’ve done to help me. Thanks, Lily.",1.054,54.261,57.311,10,,,,,,,,,,,,,,,,,,,,,,,,,,,,,,,,,,,,,,,,,,,,,,It was good,It was good,It was good ,It was good,It was good,It was good,It was good,It was good,It was good,It was good,It was good,It was good,It was good,It was good,It was good,It was good,It was good,It was good,It was good,It was good,It was good,It was good,It was good,It was good,3,3,0,0,4.012,0,9.755,29.999,30.013,2,0,0,15.021,0,6,"3,4",66,0,0,15.122,0,2,2,2,4,4,3,2,4,3,4,3,1,"3,4",67,"Dave’s ankle is not that hurt. It looks like he’s exaggerating. So in that case, I’ll help him a little.",0,0,15.022,0,3,4,2,4,3,4,3,1,4,3,4,5,I would treat him like a regular patient.,"'- Dave is exaggerating 
- Dave isn’t honest
- Dave is not that lazy",5,2,1,2,3,2,3,3,3,3,2,2,2,1,2,2,4,5,5,2,3,,4,4,3,0,0,40,60,5,I work well with patients ,,,,,,,,,,,,,,,,,,,,,Treatment,663691b2-6d38-7c0c-621c-7a1183405469
2024-05-04 15:49:24,2024-05-04 15:49:54,0,23,29,0,2024-05-11 15:49:55,R_5daTT1S8EhV2vax,,,,,,,anonymous,EN,1,5,,,,,,,,,,,,,,,,,,,,,,,,,,,,,,,,,,,,,,,,,,,,,,,,,,,,,,,,,,,,,,,,,,,,,,,,,,,,,,,,,,,,,,,,,,,,,,,,,,,,,,,,,,,,,,,,,,,,,,,,,,,,,,,,,,,,,,,,,,,,,,,,,,,,,,,,,,,,,,,,,,,,,,,,,,,,,,,,,,,,,,,,,,,,,,,,,,,,,,,,,,,,,,,,,,,,,,,,,,,,,,,,,Control,6636ac64-2661-a761-59b7-f357ceaa6b69
2024-05-04 16:07:04,2024-05-04 16:15:26,0,21,501,0,2024-05-11 16:15:35,R_1HitAtvRpqIGTlY,,,,,,,anonymous,EN,1,3,,"9,2,3",I use it everyday I go to work ,0,0,17.349,0,To empathize with them,19.061,44.81,56.658,3,10.377,10.377,38.726,1,They are ashamed ,26.181,26.181,33.645,1,0,0,21.531,0,Be able to treat them effectively ,8.777,8.777,23.268,1,The patient will be reassured and trust you ,14.671,14.671,46.1,1,19.185,19.185,53.125,1,Helps in speedy recovery ,5.903,5.903,18.401,1,Health care providers and their relationships with patients ,,,,,,,,,,,,,,,,,,,,,,,,,,,,,,,,,,,,,,,,,,,,,,,,,,,,,,,,,,,,,,,,,,,,,,,,,,,,,,,,,,,,,,,,,,,,,,,,,,,,,,,,,,,,,,,,,,,,,,,,,,,,,,,,,,,,,,,,,,,,,,,,,,,,,,,,,,,,,,,,,,,,,,,,,,,,,,,,,,,,Treatment,6636b0dd-f41f-e5ad-eacc-ae85a0c9503b
2024-05-04 15:56:23,2024-05-04 16:16:50,0,51,1226,0,2024-05-11 16:16:54,R_1lzzWFDSiZpKoFP,,,,,,,anonymous,EN,1,3,,"7,9,3",We as workers in the medical field should make sure we treat each patient with care regardless of background as if they were our family member ,14.466,35.544,55.282,2,We need to understand how they feel and put ourselves in their shoes so that we can give them the best care and show that we do care and answer any questions or concerns they might have ,2.049,41.108,48.484,2,19.864,40.994,45.968,2,We as nurses Dr's and nurse practioners need to make sure we offer our patients care by asking what their insurance is and do they have a co pay to see kind of where they are with their insurance on what to prescribe them so it's affordable to them,0.601,70.138,70.529,2,19.998,52.462,53.783,3,"By working in the Healthcare system we need to make sure we know if the patient is able to manage their daily activities with the goals and medication we provide them for example I had a patient that had a busy work schedule and couldn't take anything that made them drowsy 
",0.664,62.198,62.934,4,It would let the patient know that you understand and want what's best for them and that you share the same goals they do as a provider ,3.119,33.235,33.701,2,19.825,40.904,48.701,2,It has been beneficial to know my patients personally so that we can make goals together to help them live a healthier life style and for a level of trust ,0.641,43.594,44.248,3,I read about patients and earning their trust and how we as nurses can provide the best care for them,I always try to make sure I answer all the patients questions and make sure they understand the treatment plan. We as providers need to be personal with each of our patients and create a level of trust. ,2.217,89.439,90.593,19,,,,,,,,,,,,,,,,,,,,,,,,,,,,,,,,,,,,,,,,,,,,,,Looked over previous nurses notes for patients ,Made sure patients were ready for Dr's ,Checked that nurse assistants done thorough bed checks ,Got meds ready for patients ,Done charting of the medication ,Done charting of vital signs ,Lunch ,Prepared medicine for lunch ,Administration medicines.,Filed patients vitals ,Paperwork ,Changed colostomy bags.,Provided wound care ,Prepared evening medicaton,Administrated medicine,Noted vitals ,Done patient charting for pill counrlt,Took break,Made sure bedcheck was efficiant ,Covered patient paperwork ,Prepared medication ,Administered medication,Charted medicine,Reviewed patients notes with nurse coming on ro shift ,6,6,0,0,4.013,0,3.058,24.172,30.026,7,,,,,,,,,,,,,,,,,,,,,,,,,,,,,,,,,,,,,,,,,,,,,,,,,,,,,,,,,,,,,,,,,,,,,,,,,,,,,,,,,,,,,,,,,,,,,,,,Treatment,6636ae46-d8a0-161c-cde5-1577c64f5ff3
2024-05-04 16:11:42,2024-05-04 16:23:30,0,43,708,0,2024-05-11 16:23:32,R_5lATVf5SurejonD,,,,,,,anonymous,EN,1,3,,,,,,,,,,,,,,,,,,,,,,,,,,,,,,,,,,,,,,,,,,,,,,,,,,,"1,7,8","I use the computer for email, news, home finance, and some work related documents.",1.87,12.747,16.079,12,"Home finance, email, news, entertainment, some work.",6.477,31.271,32.019,2,1.319,37.334,38.235,19,When I had to testify in court via Zoom.,11.486,37.254,37.893,3,I don't use Zoom in everyday life.,3.124,29.138,29.97,15,I sometimes use technology for movies and games.,11.165,37.077,37.601,3,2.807,20.647,22.655,4,Today I watched two shows via computer.,14.042,32.759,34.765,2,I checked the weather forecast and read about Trump's trial ,"I am learning more about AI. I have used it a small amount, such as with my Alexa device, but I am starting to see larger applications in aiding with decision making, and even diagnosing medical issues.",1.6,208.768,209.386,27,,,,,,,,,,,,,,,,,,,,,,,,,,,,,,,,,,,,,,,,,,,,,,,,,,,,,,,,,,,,,,,,,,,,,,,,,,,,,,,,,,,,,,,,,,,,,,,,,,,,,,,,,,,,,,,,,,,,,,,,,,,,,,,,,,Control,6636b1f0-5685-288d-a08d-e1cd63556f97
2024-05-04 17:06:59,2024-05-04 17:46:41,0,3,2381,0,2024-05-11 17:46:46,R_1Gm4MU3B8zufzxt,,,,,,,anonymous,EN,1,3,,"9,2,3",,,,,,,,,,,,,,,,,,,,,,,,,,,,,,,,,,,,,,,,,,,,,,,,,,,,,,,,,,,,,,,,,,,,,,,,,,,,,,,,,,,,,,,,,,,,,,,,,,,,,,,,,,,,,,,,,,,,,,,,,,,,,,,,,,,,,,,,,,,,,,,,,,,,,,,,,,,,,,,,,,,,,,,,,,,,,,,,,,,,,,,,,,,,,,,,,,,,,,,,,,,,,,,,,,,,,,,,,,,,,,,Treatment,6636bef6-1394-3b55-d376-119285350e15
2024-05-04 17:17:48,2024-05-04 17:50:47,0,87,1978,0,2024-05-11 17:50:55,R_7M5JO6sKDEfpDf9,,,,,,,anonymous,EN,1,3,,"9,4,5",Having empathy for my patients is important to me  Bruce’s I want my patients to know I understand them and I’m not going to judge them no matter what.I also want them to know that working with me is a safe place and they can forever trust me no matter what.,6.093,38.07,38.088,2,It’s understand to patient’s perspectives because it’s help me understand how I can truly help them best.,4.108,4.108,27.038,1,10.258,11.899,20.798,3,"Some reasons would be they think I’m going to judge them,or I’m going to belittle them because they can’t afford every treatment.",2.07,2.896,59.158,2,0,0,50.975,0,It’s might help me realize that we all have struggles and thinks we’re going through and how sometimes we all need someone to listen and not judge us for it,2.114,2.114,88.417,1,"It might cause them have a little bit less stress,worry,and anxiety.",2.815,2.815,24.501,1,3.851,9.143,19.133,3,It’s help the both of us understand that we are in fact on the same page.,3.186,3.186,29.549,1,I read about how when doctors  and nurses aren’t judgement towards thier partners it’s helps create a safe space for not only the patient but doctor/nurse as well,Please know that being a healthcare worker is nothing but hard because you will have to deal with all kinds of insensitive people all the time but you have to choose to not be insensitive back.You also will need to know that you can’t judge your patients no matter what because they come to you for you to help them not judge and belittle them.Lastly you need to know that being an healthcare working will be extremely draining at times but other times it will be extremely awarding to know you might be possibly saving someone life.,0.688,427.362,428.468,16,,,,,,,,,,,,,,,,,,,,,,,,,,,,,,,,,,,,,,,,,,,,,,Calm ,Still calm ,Busier ,Got calmer ,Really hectic ,Still hectic ,Very chill had my lunch break,Pretty draining ,Getting better ,Ready tired ,Still ready tired ,Finally time to go home ,,,,,,,,,,,,,3,4,0,0,5.216,0,1.524,29.966,30.089,10,2.669,10.268,15.122,8,9,"3,8",57,12.735,13.108,15.123,2,3,2,5,1,5,1,1,1,3,5,4,3,"1,2",52,".Take a dose before breakfast and after dinner
.Dont overdose your self
.make sure to get a new dosage ever 4-6 weeks",0.753,14.967,15.12,13,4,4,5,3,5,2,1,3,2,5,3,1,I would make sure I give Dave very clear instructions and make sure I do all the treating so he doesnt forget ,".Make sure to have consistent checkups with Dave 
.Make sure Dave is actually doing what he needs to be doing  and not forgetting 
Lastly make sure to not give him something that’s too hard to apply or to complicated ",6,2,3,3,1,4,3,2,1,3,3,4,2,5,5,2,5,1,5,1,1,1,1,1,1,1,1,56,44,,,,,,,,,,,,,,,,,,,,,,,Treatment,6636bffb-202a-c6fb-d148-8ce44f9995e7
2024-05-04 17:51:48,2024-05-04 17:54:23,0,3,155,0,2024-05-11 17:54:31,R_7fHKXlq1zlE3gcN,,,,,,,anonymous,EN,1,3,,"9,4,5",,,,,,,,,,,,,,,,,,,,,,,,,,,,,,,,,,,,,,,,,,,,,,,,,,,,,,,,,,,,,,,,,,,,,,,,,,,,,,,,,,,,,,,,,,,,,,,,,,,,,,,,,,,,,,,,,,,,,,,,,,,,,,,,,,,,,,,,,,,,,,,,,,,,,,,,,,,,,,,,,,,,,,,,,,,,,,,,,,,,,,,,,,,,,,,,,,,,,,,,,,,,,,,,,,,,,,,,,,,,,,,Treatment,6636c82f-97b5-fa98-488c-447b31161bba
2024-05-04 18:49:54,2024-05-04 18:53:51,0,13,236,0,2024-05-11 18:53:56,R_59IJHoDDnJzekfL,,,,,,,anonymous,EN,1,3,,"9,2,4",Taking care of the pt and understand them is important ,0,0,15.959,0,They have there own reasons and one perspective in life,6.951,6.951,31.151,1,0,0,16.415,0,There anxious because there feeling sick ,12.047,12.047,77.458,1,,,,,,,,,,,,,,,,,,,,,,,,,,,,,,,,,,,,,,,,,,,,,,,,,,,,,,,,,,,,,,,,,,,,,,,,,,,,,,,,,,,,,,,,,,,,,,,,,,,,,,,,,,,,,,,,,,,,,,,,,,,,,,,,,,,,,,,,,,,,,,,,,,,,,,,,,,,,,,,,,,,,,,,,,,,,,,,,,,,,,,,,,,,,,,,,,,,,,,,,,,,,Treatment,6636d4a8-1f80-29ab-7e6f-5dae74770dd6
2024-05-04 18:54:10,2024-05-04 19:00:20,0,31,370,0,2024-05-11 19:00:21,R_81dLq2uWJA4bTst,,,,,,,anonymous,EN,1,1,,,,,,,,,,,,,,,,,,,,,,,,,,,,,,,,,,,,,,,,,,,,,,,,,,,"2,3,7,8",FFFFFFFf,4.413,17.468,18.655,11,"Laptop, e-mail, word processing, accounting, math, engineering, research, writing",4.822,4.822,77.001,1,3.765,15.738,16.776,14,,,,,,,,,,,,,,,,,,,,,,,,,,,,,,,,,,,,,,,,,,,,,,,,,,,,,,,,,,,,,,,,,,,,,,,,,,,,,,,,,,,,,,,,,,,,,,,,,,,,,,,,,,,,,,,,,,,,,,,,,,,,,,,,,,,,,,,,,,,,,,,,,,,,,,,,,,,,,,,,Control,6636d74a-d72d-0338-c1b4-d924d75407dc
2024-05-04 18:46:52,2024-05-04 19:14:56,0,19,1683,0,2024-05-11 19:14:57,R_7jKv8y9P5KRMrCh,,,,,,,anonymous,EN,1,5,,"7,2,4","Holistic approach is always the best measurement when dealing with a member.  A member not only brings themselves  to the , but their families and the communities they come from.",6.457,61.591,62.5,30,"To understand will give a perspective on how successful your intervention will be.  One can also gage your success by family input, and what's  happening in their community.  For example some communities,  would  not accept mental health treatment, until recently. ",1.408,238.075,238.601,12,2.384,28.157,28.725,16,"MY thesis was on this question,  many professionals come into  a community to remake their clients in  their image , or the community they have been  raised, never 
Meeting the clients where they are
",1.718,221.838,222.901,11,1.225,20.264,21.001,9,"If a client perspective is understood by, I can address the nursing plan more successfully, and  expect a more positive outcome 
",2.139,179.476,180.007,7,"By following the care plan and we too have an understanding,  I expect some some relishes,  but overall  I expect a score, maybe small in the beginning a constant move ahead
",10.35,10.35,167.066,1,3.342,28.15,28.881,22,,,,,,,,,,,,,,,,,,,,,,,,,,,,,,,,,,,,,,,,,,,,,,,,,,,,,,,,,,,,,,,,,,,,,,,,,,,,,,,,,,,,,,,,,,,,,,,,,,,,,,,,,,,,,,,,,,,,,,,,,,,,,,,,,,,,,,,,,,,,,,,,,,,,,,,,,,,,,,,,,,,,,,,,,,,,,,,,,,,,,,,,,,Treatment,6636d4fe-8091-fae8-c439-80470f0dcd71
2024-05-04 19:29:59,2024-05-04 19:31:01,0,24,62,0,2024-05-11 19:31:04,R_2Xp1mOmdcMuiO3L,,,,,,,anonymous,EN,1,1,,,,,,,,,,,,,,,,,,,,,,,,,,,,,,,,,,,,,,,,,,,,,,,,,,,"1,2,7",,,,,,,,,,,,,,,,,,,,,,,,,,,,,,,,,,,,,,,,,,,,,,,,,,,,,,,,,,,,,,,,,,,,,,,,,,,,,,,,,,,,,,,,,,,,,,,,,,,,,,,,,,,,,,,,,,,,,,,,,,,,,,,,,,,,,,,,,,,,,,,,,,,,,,,,,,,,,,,,,,,,,,,,,,,,,,Control,6636e08b-e859-ba3d-9c57-d39fced51e5a
2024-05-04 19:49:22,2024-05-04 19:49:57,0,24,34,0,2024-05-11 19:50:02,R_5kZWFYFmL7XI4BH,,,,,,,anonymous,EN,1,3,,,,,,,,,,,,,,,,,,,,,,,,,,,,,,,,,,,,,,,,,,,,,,,,,,,"1,2",,,,,,,,,,,,,,,,,,,,,,,,,,,,,,,,,,,,,,,,,,,,,,,,,,,,,,,,,,,,,,,,,,,,,,,,,,,,,,,,,,,,,,,,,,,,,,,,,,,,,,,,,,,,,,,,,,,,,,,,,,,,,,,,,,,,,,,,,,,,,,,,,,,,,,,,,,,,,,,,,,,,,,,,,,,,,,Control,6636e4b0-bbd2-c327-d592-e3f10dd43cd6
2024-05-04 19:47:37,2024-05-04 19:58:20,0,48,643,0,2024-05-11 19:58:22,R_2wHtJ7Vb3aGJneT,,,,,,,anonymous,EN,1,3,,"3,4,5",Honor being in medical field. If you don’t uphold then no respect for the position you have.,5.408,13.032,16.209,10,Yes part of starting in treatment to healing.,10.651,10.651,30.261,1,13.743,13.743,16.601,1,Presentation of seeing you know your job and truly understand it.,8.577,8.577,36.277,1,11.01,11.01,16.538,1,Trust,10.459,13.676,16.486,2,Trust you understand and know with your education how to provide service they need.,13.781,13.781,44.301,1,0,0,16.557,0,Am black,10.902,10.902,17.601,1,Nursing trust education process of providing care and assure patient will following instructions to go forward in healing and treatments given or plans to achieve.,………………………….i have nothing more to say.,1.498,5.985,32.652,2,,,,,,,,,,,,,,,,,,,,,,,,,,,,,,,,,,,,,,,,,,,,,,7am to 7 pm all aspects of patient needs/care/PT/ot/meds/family /dictors/tx and so on till 7:30pm,,,,,,,,,,,,,,,,,,,,,,,,3,3,0,0,4.016,0,,,,,,,,,,,,,,,,,,,,,,,,,,,,,,,,,,,,,,,,,,,,,,,,,,,,,,,,,,,,,,,,,,,,,,,,,,,,,,,,,,,,,,,,,,,,,,,,,,,,Treatment,6636e398-1696-1ed3-8783-d59acffbffe4
2024-05-04 20:00:16,2024-05-04 20:47:40,0,73,2843,0,2024-05-11 20:47:45,R_7Ztths7QAROIWLn,,,,,,,anonymous,EN,1,3,,"7,2,4",Caring is important since so many hc professionals only wok in hc bcuz of the money,13.337,28.864,29.709,5,Because each person is an individual and we need to respect it. ,4.55,13.197,51.134,6,7.963,20.017,21.639,6,"Because some hc professional talk down to patients
",1.186,7.295,45.201,4,12.491,15.397,16.46,4,Based on how a patient responds helps me to remain positive about the hc industry,12.026,12.026,99.594,1,Patients will have more trust when they know that hc providers care about them.,6.646,85.684,161.748,3,11.777,20.29,20.904,4,It has been beneficial since patients are more compliant with their health goals as a result of knowing that everyone’s goals are the same. ,1.936,109.367,198.426,7,I read about examples of how patients react to hc professionals and how patients perceive hc providers. ,"As u begin your practice remember that the most important person u serve is the patient. Remember to listen, to care, and to understand where the patient is coming from. 
",10.592,177.85,178.845,7,,,,,,,,,,,,,,,,,,,,,,,,,,,,,,,,,,,,,,,,,,,,,,Busy assessing patient load,Busy assessing all assigned patients,Break then busy with new admits,New intakes on patients,Down to mri scanwith critical patients,Lunch then busy with patients,New meds ordered have to give them,New admission ,Pt had seizure intervened,Transferred patient to ICU,Discharged 2 patients,Charting,Change of shift report given off duty,,,,,,,,,,,,5,2,0,0,4.113,0,9.66,27.506,30.126,11,2.581,14.481,15.125,6,5,"6,7",45,0,0,15.022,0,3,2,3,3,2,3,2,3,2,,3,3,"1,5",63,"Remains in pain
Has difficulty bearing weight
Increase pain med; inject steroid locally. ",12.907,14.241,15.12,2,4,4,2,3,4,2,2,2,2,4,,,,,,,,,,,,,,,,,,,,,,,,,,,,,,,,,,,,,,,,,,,,,,,,,,,,,,,,Treatment,6636e66d-bd41-4026-0972-152490f0507e
2024-05-04 21:12:16,2024-05-04 21:40:53,0,38,1716,0,2024-05-11 21:40:54,R_1IQrHX88pN4iHSz,,,,,,,anonymous,EN,1,3,,,,,,,,,,,,,,,,,,,,,,,,,,,,,,,,,,,,,,,,,,,,,,,,,,,"1,7",Looking for information ,2.916,77.951,80.26,42,"Online banking.  Order groceries, pay bills ,check work schedule , birthday (important day reminders
Look up information re lots of things (how to treat itching in dog, home remedies, look up healthcare info for myself , find solutions to problems  , like lawn issues, best plants to buy, places to go, planning vacations, making flight , hotel restaurant reservations, Finding out how to assess my property, get car tags- everything I need I can find o. Computer )
Search for businesses. Shop",1.352,631.018,636.501,41,2.156,88.285,94.294,50,"Online visits w pcp
Scheduling visits
Communicating w several friends at a time via text
Sending invite texts to groups of people.Its easier to send short text to get and receive info- less time spent on other things that come up in “polite” verbal conversation 
",2.607,92.616,283.655,6,I communicate more and more easily via phone text. Especially if I am communicating w someone I’m not particularly fond of 😊,3.424,31.668,34.344,12,"Watch tv  by phone
Look at places like fb for fun groups
Play games 

",3.082,29.695,86.885,9,3.081,37.278,39.3,18,,,,,,,,,,,,,,,,,,,,,,,,,,,,,,,,,,,,,,,,,,,,,,,,,,,,,,,,,,,,,,,,,,,,,,,,,,,,,,,,,,,,,,,,,,,,,,,,,,,,,,,,,,,,,,,,,,,,,,,,,,,,,,,,,,,,,,,,,,,,,Control,6636f59c-6059-6236-1244-dfc286d164c9
2024-05-04 22:48:50,2024-05-04 22:54:42,0,35,351,0,2024-05-11 22:54:51,R_13aeNeKSN6OnPqe,,,,,,,anonymous,EN,1,3,,,,,,,,,,,,,,,,,,,,,,,,,,,,,,,,,,,,,,,,,,,,,,,,,,,"1,7",For work reviewing patient charts,1.035,15.998,17.959,17,"Checking sporrs scores
",5.633,28.808,29.888,12,0.959,16.852,17.488,20,"During an ice storm in town in 2005, the phone lines were down and the only was to communicate was through social media or email",1.438,58.219,59.3,11,By using spellcheck it halped me to type wors better,3.498,23.32,24.533,8,,,,,,,,,,,,,,,,,,,,,,,,,,,,,,,,,,,,,,,,,,,,,,,,,,,,,,,,,,,,,,,,,,,,,,,,,,,,,,,,,,,,,,,,,,,,,,,,,,,,,,,,,,,,,,,,,,,,,,,,,,,,,,,,,,,,,,,,,,,,,,,,,,,,,,Control,66370e82-ea7e-04c1-9f18-59adf7140274
2024-05-05 00:03:56,2024-05-05 00:06:20,0,26,143,0,2024-05-12 00:06:28,R_7MaRCFvc8zQB7O5,,,,,,,anonymous,EN,1,3,,,,,,,,,,,,,,,,,,,,,,,,,,,,,,,,,,,,,,,,,,,,,,,,,,,"1,2,7","Laptop for school and games, tablet for games, samsung galaxy for calls and messages and email for verifying purchases and accounts ",,,,,,,,,,,,,,,,,,,,,,,,,,,,,,,,,,,,,,,,,,,,,,,,,,,,,,,,,,,,,,,,,,,,,,,,,,,,,,,,,,,,,,,,,,,,,,,,,,,,,,,,,,,,,,,,,,,,,,,,,,,,,,,,,,,,,,,,,,,,,,,,,,,,,,,,,,,,,,,,,,,,,,,,,,,,,Control,6637204c-bf6a-9dd4-f030-c0fac45fff2e
2024-05-05 00:09:47,2024-05-05 00:10:40,0,26,53,0,2024-05-12 00:10:44,R_1dLzSww5prNlIRH,,,,,,,anonymous,EN,1,3,,,,,,,,,,,,,,,,,,,,,,,,,,,,,,,,,,,,,,,,,,,,,,,,,,,"1,2,8",Everyday ,,,,,,,,,,,,,,,,,,,,,,,,,,,,,,,,,,,,,,,,,,,,,,,,,,,,,,,,,,,,,,,,,,,,,,,,,,,,,,,,,,,,,,,,,,,,,,,,,,,,,,,,,,,,,,,,,,,,,,,,,,,,,,,,,,,,,,,,,,,,,,,,,,,,,,,,,,,,,,,,,,,,,,,,,,,,,Control,66372233-81e5-9874-c06c-0ffe2fb916b6
2024-05-05 00:20:41,2024-05-05 00:21:29,0,1,48,0,2024-05-12 00:21:31,R_22r0Bu6th6sEwBN,,,,,,,anonymous,EN,,,,,,,,,,,,,,,,,,,,,,,,,,,,,,,,,,,,,,,,,,,,,,,,,,,,,,,,,,,,,,,,,,,,,,,,,,,,,,,,,,,,,,,,,,,,,,,,,,,,,,,,,,,,,,,,,,,,,,,,,,,,,,,,,,,,,,,,,,,,,,,,,,,,,,,,,,,,,,,,,,,,,,,,,,,,,,,,,,,,,,,,,,,,,,,,,,,,,,,,,,,,,,,,,,,,,,,,,,,,,,,,,,,,66372484-6050-1ae6-a812-1f91e14c6902
2024-05-05 00:21:24,2024-05-05 00:23:34,0,6,130,0,2024-05-12 00:23:39,R_7eQYCMpc0hyoMR6,,,,,,,anonymous,EN,1,3,,"9,2","People need to be treated wholly, body mind and spirit. We all deserve to feel good.",,,,,,,,,,,,,,,,,,,,,,,,,,,,,,,,,,,,,,,,,,,,,,,,,,,,,,,,,,,,,,,,,,,,,,,,,,,,,,,,,,,,,,,,,,,,,,,,,,,,,,,,,,,,,,,,,,,,,,,,,,,,,,,,,,,,,,,,,,,,,,,,,,,,,,,,,,,,,,,,,,,,,,,,,,,,,,,,,,,,,,,,,,,,,,,,,,,,,,,,,,,,,,,,,,,,,,,,,,,,,,Treatment,6637248f-c9ef-5281-e9ac-fc3421f31bd1
2024-05-05 06:03:14,2024-05-05 06:03:20,0,1,6,0,2024-05-12 06:03:22,R_57mkg4PP4jpNbd7,,,,,,,anonymous,EN,,,,,,,,,,,,,,,,,,,,,,,,,,,,,,,,,,,,,,,,,,,,,,,,,,,,,,,,,,,,,,,,,,,,,,,,,,,,,,,,,,,,,,,,,,,,,,,,,,,,,,,,,,,,,,,,,,,,,,,,,,,,,,,,,,,,,,,,,,,,,,,,,,,,,,,,,,,,,,,,,,,,,,,,,,,,,,,,,,,,,,,,,,,,,,,,,,,,,,,,,,,,,,,,,,,,,,,,,,,,,,,,,,,,66377483-f836-b1a3-583b-4346bcad6ba8
2024-05-05 06:04:41,2024-05-05 06:06:50,0,26,129,0,2024-05-12 06:06:52,R_4QSQqazZEe9eIsp,,,,,,,anonymous,EN,1,3,,,,,,,,,,,,,,,,,,,,,,,,,,,,,,,,,,,,,,,,,,,,,,,,,,,8,To see friends and family events and pictures ,,,,,,,,,,,,,,,,,,,,,,,,,,,,,,,,,,,,,,,,,,,,,,,,,,,,,,,,,,,,,,,,,,,,,,,,,,,,,,,,,,,,,,,,,,,,,,,,,,,,,,,,,,,,,,,,,,,,,,,,,,,,,,,,,,,,,,,,,,,,,,,,,,,,,,,,,,,,,,,,,,,,,,,,,,,,,Control,663774bb-1338-edda-d1c2-d56df93fb413
2024-05-05 06:10:33,2024-05-05 06:21:35,0,45,662,0,2024-05-12 06:21:40,R_5yJeJmeJ2vB9AnT,,,,,,,anonymous,EN,1,1,,"9,3,5",Always practice with the aim of perfection,2.005,31.45,32.358,5,Have empathy and understand patients concerns,6.431,6.431,27.554,1,3.098,14.451,15.559,5,Most patients accept directives without questioning so full explanations help both patient and caregiver,6.794,6.794,56.52,1,5.342,21.896,23.213,5,They more fully trust and cooperate,6.777,6.777,26.862,1,Seeing their physical and emotional state allows for better patient insight,5.594,5.594,42.263,1,6.763,18.412,19.291,5,Patient cooperation is improved,7.492,7.492,25.975,1,Patient healthcare improved thru reciprocal patient understanding,"Relating to patients personal background, education, and health problems and trying to sympathise with their position improves the quality of care",15.798,98.711,100.462,6,,,,,,,,,,,,,,,,,,,,,,,,,,,,,,,,,,,,,,,,,,,,,,Start image interpretation,,,,,,,,,,End image interpretation,,,,,,,,,,,,,,4,6,,,,,,,,,,,,,,,,,,,,,,,,,,,,,,,,,,,,,,,,,,,,,,,,,,,,,,,,,,,,,,,,,,,,,,,,,,,,,,,,,,,,,,,,,,,,,,,,,,,,,,,,Treatment,663776b2-65ba-b38b-dac1-01b916390f2d
2024-05-05 06:14:06,2024-05-05 06:24:33,0,52,626,0,2024-05-12 06:24:34,R_2Dm0K6DaKLDkD1T,,,,,,,anonymous,EN,1,3,,,,,,,,,,,,,,,,,,,,,,,,,,,,,,,,,,,,,,,,,,,,,,,,,,,1,since medical records are computerized I must use a computer to access them,6.463,6.463,17.671,1,i check my email & text with my adult children,17.12,17.12,35.901,1,0,0,16.68,0,"it did not - i could always contact my family & go visit them. i did not allow the moronic ""lockdowns"", that were not needed may I add, to prohibit me from living my normal life",5.058,8.961,79.114,2,they have not,0,0,20.723,0,i do not really use tech for personal entertainment. i just have directv & really prefer to read books anyway,0.979,2.554,41.834,2,0,0,16.962,0,watch tv,16.361,16.361,25.301,1,an assessment of they ways people use tech for entertainment purposes & to contact people,"I do not use tech that much so i can not tell anyone what I learned. I am not a tech adopter & prefer to live a simple, uncomplicated life.",10.382,21.159,79.367,2,,check email,answer patient calls & address their concerns,answer patient calls & address their concerns,answer patient calls & address their concerns,answer patient calls & address their concerns,answer patient calls & address their concerns,answer patient calls & address their concerns,answer patient calls & address their concerns,answer patient calls & address their concerns,,,,,,,,,,,,,,,5,5,0,0,4.011,0,0,0,30.067,0,0,0,15.012,0,,,,,,,,,,,,,,,,,,,,,,,,,,,,,,,,,,,,,,,,,,,,,,,,,,,,,,,,,,,,,,,,,,,,,,,,,,,,,,,,,,,,,,,,,,,,Control,6637770d-7649-c45e-d561-a74d3eb768b8
2024-05-05 06:06:32,2024-05-05 06:48:19,0,19,2506,0,2024-05-12 06:48:22,R_7DZnaGcyymOQpxG,,,,,,,anonymous,EN,1,3,,"9,2,5",I think that in order to provide good healthcare you need to understand the feelings of the patient in regards to their diagnosis.  As a nurse we are trained to treat the whole patient: physically mentally and emotionally.,3.408,192.995,197.101,8,If you don't understand why a patient does what they do I feel that you cannot treat the patient effectively.  As a healthcare provider you must take into consideration the culture and background of a patient or you could be telling a patient that they need to do certain things which that patient is unable or unwilling to do.  You need to work with the patient on an individual basis and include in their plan of care these cultural differences so they will continue to receive care.  If a patient doesn't believe in doing something that you would normally do to treat them then alternatives need to be offered and included.,4.811,4.811,302.5,1,15.068,123.466,160.601,3,"Many patients feel that if they reveal they don't understand something they will be perceived as ""less than"".  Language barriers can also play a big role.  Quite often, as a nurse, the patients will approach me with the fact that the Dr. is not in the room long enough to ask questions.  They feel as if the Dr does not have time for them.",2.446,6.512,229.406,8,55.214,195.212,218.904,7,"This is where empathy comes into play.  If you are able to understand what your patient is dealing with, not just physically but socially, emotionally, culturally and economically you will be able to recommend treatment that the patient can adhere to.  Developing trust with a patient makes treating them so much easier.  They are happy to see you when you come on your shift and they trust you to do what's right by them, they are not constantly on the call bell. Knowing you have developed this trust with your patient makes you feel good and it makes treating them so much easier.",34.502,309.195,372.68,4,A good experience by the patient always makes for more compliant patients.  Understanding how a patient perceives their illness and what it effects outside of just their physical body gives you an opportunity to create a rapport with that patient and discuss with them the best way to treat them.,18.624,18.624,209.801,1,51.601,159.409,176.187,3,,,,,,,,,,,,,,,,,,,,,,,,,,,,,,,,,,,,,,,,,,,,,,,,,,,,,,,,,,,,,,,,,,,,,,,,,,,,,,,,,,,,,,,,,,,,,,,,,,,,,,,,,,,,,,,,,,,,,,,,,,,,,,,,,,,,,,,,,,,,,,,,,,,,,,,,,,,,,,,,,,,,,,,,,,,,,,,,,,,,,,,,,,Treatment,66377531-c12d-55c7-264f-1a8340d36e03
2024-05-05 06:13:43,2024-05-05 06:48:32,0,76,2089,0,2024-05-12 06:48:33,R_2Jhi5BI7pQMOVuK,,,,,,,anonymous,EN,1,5,,,,,,,,,,,,,,,,,,,,,,,,,,,,,,,,,,,,,,,,,,,,,,,,,,,"1,6",I use to for fast service and to help people that can’t come to doctor offices ,4.941,12.823,16.231,6,Too better connect with people ,5.29,5.29,59.131,1,0,0,16.49,0,To be able to see more people ,1.957,1.957,25.915,1,Yes it was amazing to use,6.15,6.15,22.175,1,To watch movies and shows ,7.971,7.971,21.799,1,11.852,11.852,17.194,1,Watching movies ,12.806,12.806,21.018,1,Technology ,Technology is a way to recover new information and data it helps people to connect with others,0.796,118.449,119.612,14,Wake up,Get dress,Go to work,Work,Work,Lunch ,Work,Work,Work,Get off work,Get home,Relax ,Take bath,Watch tv,Tv,Bed ,Sleep ,Sleep,Sleep ,Sleep ,Sleep ,Sleep ,Sleep ,Wake up,1,1,0,0,4.013,0,5.192,28.976,30.01,2,8.719,8.719,15.016,1,7,"1,5",100,0,0,15.014,0,5,5,5,5,5,3,1,1,5,5,5,5,"3,7",100,"Dave needed help from the doctor
Dave received medication 
Dave pain still the same ",10.333,10.333,15.113,1,2,2,5,5,5,1,1,1,5,5,5,4,Run some test,"Dave needs test done
Meds not working 
Help dave",10,,,,,,,,,,,,,,,,,,,,,,,,,,,,,,,,,,,,,,,,,,,,,,,,,,,Control,6637776a-1066-b843-f9eb-1818a0538656
2024-05-05 07:24:44,2024-05-05 07:30:22,0,43,337,0,2024-05-12 07:30:26,R_52AnRE5aQ8D5XqH,,,,,,,anonymous,EN,1,3,,,,,,,,,,,,,,,,,,,,,,,,,,,,,,,,,,,,,,,,,,,,,,,,,,,"1,5,7,8",to fight boredom and keep in touch,0.201,1.104,17.156,2,doing stupid stuff like this,1.876,17.975,18.918,2,0,0,17.374,0,"face to face
still prefer to talk on the phone",5.999,5.999,23.784,1,don't,0,0,17.577,0,book concert tickets that ticketmaster rapes you with charges,4.652,4.652,34.369,1,0,0,17.229,0,video occaisonally,3.438,3.438,12.014,1,nothing yet,go out and get exercise and meet people,4.488,26.581,29.22,9,,,,,,,,,,,,,,,,,,,,,,,,,,,,,,,,,,,,,,,,,,,,,,,,,,,,,,,,,,,,,,,,,,,,,,,,,,,,,,,,,,,,,,,,,,,,,,,,,,,,,,,,,,,,,,,,,,,,,,,,,,,,,,,,,,Control,663787f5-c54c-39f0-e296-767dca8bf36f
2024-05-05 06:43:11,2024-05-05 07:31:09,0,52,2878,0,2024-05-12 07:31:10,R_72Op2fFXxd9LksN,,,,,,,anonymous,EN,1,3,,,,,,,,,,,,,,,,,,,,,,,,,,,,,,,,,,,,,,,,,,,,,,,,,,,"1,4,6,7,8","used it for education, evangelization , and investment",2.138,36.729,37.49,31,"search for investment, business ideas and financial litteracy",4.169,61.556,62.956,2,1.768,8.4,28.697,11,"whatsapp connected me with my oversea family and i fell as if they are close by, Zoom has allowed global interractions with people that i can't meet in real life within second",8.878,116.3,118.1,2,"searched for eninciation and accent reduction class. i have used it as a plateform for interraction via text, voice message and virtual meetings
",2.888,99.018,175.105,21,"following on social media, youtube music, podcast, video games, ",15.801,69.512,70.437,3,1.669,11.278,16.6,3,"music on youtube, pandora, tiktok",10.641,43.389,45.285,2,technology,"Dear friend the fact that you can read this miles away is enough proof of The bridging potential of technology. it has provided me eith the world at my finger touch, gone are the days when one would relay on the post office to bridge the gap for hours, days months, and years. 
but today a  simple action such as pressing a link ipens the world to the both us and we can interract in unlimited ways",1.362,297.272,298.1,18,sleep ,sleep,sleep,sleep,sleep,sleep,pray,read,homework ,shower ,get ready for work ,work,work,work,work,work,work,work,work,work,work,work,work,work,3,3,0,0,4.028,0,7.689,29.116,30.14,25,2.502,11.052,15.132,5,,,,,,,,,,,,,,,,,,,,,,,,,,,,,,,,,,,,,,,,,,,,,,,,,,,,,,,,,,,,,,,,,,,,,,,,,,,,,,,,,,,,,,,,,,,,Control,66377d6f-798d-6430-083c-7b0ff476e00e
2024-05-05 08:34:35,2024-05-05 08:35:14,0,26,38,0,2024-05-12 08:35:21,R_72a4xX1VpfoJkjQ,,,,,,,anonymous,EN,1,3,,,,,,,,,,,,,,,,,,,,,,,,,,,,,,,,,,,,,,,,,,,,,,,,,,,4,Great,,,,,,,,,,,,,,,,,,,,,,,,,,,,,,,,,,,,,,,,,,,,,,,,,,,,,,,,,,,,,,,,,,,,,,,,,,,,,,,,,,,,,,,,,,,,,,,,,,,,,,,,,,,,,,,,,,,,,,,,,,,,,,,,,,,,,,,,,,,,,,,,,,,,,,,,,,,,,,,,,,,,,,,,,,,,,Control,6637986b-6508-0a62-89d6-0d5ace024c51
2024-05-05 08:53:34,2024-05-05 09:23:40,0,43,1806,0,2024-05-12 09:23:44,R_71voTmrU6QlKfNc,,,,,,,anonymous,EN,1,3,,,,,,,,,,,,,,,,,,,,,,,,,,,,,,,,,,,,,,,,,,,,,,,,,,,"1,3,6,7,8",I use Facebook to stay connected to people. I don’t see very very much.,2.948,65.162,66.127,6,I use technology for entertainment when I’m bored and to pass time and to stay connected with people and society,2.247,2.247,18.401,1,1.666,1.666,23.432,1,I use FaceTime to talk to my mother in a nursing home that I don’t get to see very much and she can’t come to see me,1.022,1.022,30.483,1,I use text messaging for convenience every day,0,0,18.118,0,I like to watch YouTube when I wind down to go to bed,11.036,11.036,17.06,1,0,0,41.671,0,I want to when I’m bored,9.622,14.919,14.95,2,I have been reading a quart of thorns and roses series,I really do not know what to write for this essay,1.365,69.497,81.268,9,,,,,,,,,,,,,,,,,,,,,,,,,,,,,,,,,,,,,,,,,,,,,,,,,,,,,,,,,,,,,,,,,,,,,,,,,,,,,,,,,,,,,,,,,,,,,,,,,,,,,,,,,,,,,,,,,,,,,,,,,,,,,,,,,,Control,66379cfe-b9f3-1911-3b02-eef84baa8ec4
2024-05-05 09:27:35,2024-05-05 09:41:09,0,52,814,0,2024-05-12 09:41:13,R_75FbpkeDX7Izy9u,,,,,,,anonymous,EN,1,1,,"9,4",The patient’s perspective is key. Must fit the medical treatment to the patient’s circumstances.,2.94,16.593,20.59,6,They won’t be able to sustain your treatment plan. It’s all about the patient taking a risk and making them feel safe to bring forward their circumstance.,4.607,4.607,83.001,1,2.782,14.958,17.638,6,There is sometimes a lot of shame. We must be non-judgmental when they come forward.,3.173,3.173,50.667,1,1.059,23.222,24.319,26,Listen carefully.,4.196,4.196,19.601,1,They will stay with the treatment plan.,3.748,3.748,26.1,1,1.571,15.861,16.977,19,Absolutely.,5.335,5.335,17.541,1,Hearing the patient’s perspective.,Reinforces my resolve to understand the setting of the patient to align treatment goals that the patient will follow.,12.407,14.317,73.991,2,,,,,,,,,,,,,,,,,,,,,,,,,,,,,,,,,,,,,,,,,,,,,,,,Patient care,Supervise mid level practitioners and other physicians with a teaching goal,Patient care,Patient care,"Make sure to have some lunch, then patient care",Patient care,Patient care,Patient care,Patient care,Goal is to complete electronic medical record by day’s end.,,,,,,,,,,,,,3,4,0,0,4.011,0,10.475,21.826,30.012,2,14.401,14.401,16.337,1,,,,,,,,,,,,,,,,,,,,,,,,,,,,,,,,,,,,,,,,,,,,,,,,,,,,,,,,,,,,,,,,,,,,,,,,,,,,,,,,,,,,,,,,,,,,Treatment,6637a2b7-9c6e-26b6-61c4-7e994c6ab517
2024-05-05 09:59:23,2024-05-05 10:04:57,0,31,333,0,2024-05-12 10:05:00,R_25F0Yuyll8gmFxq,,,,,,,anonymous,EN,1,3,,,,,,,,,,,,,,,,,,,,,,,,,,,,,,,,,,,,,,,,,,,,,,,,,,,"1,7",I use it to check my emails and message people. I also use it for facetime and zoom meetings and watching videos,0,0,26.631,0,I use it to communicate and do research. I use it for entertainment and for connection,7.332,7.332,33.561,1,0,0,62.234,0,,,,,,,,,,,,,,,,,,,,,,,,,,,,,,,,,,,,,,,,,,,,,,,,,,,,,,,,,,,,,,,,,,,,,,,,,,,,,,,,,,,,,,,,,,,,,,,,,,,,,,,,,,,,,,,,,,,,,,,,,,,,,,,,,,,,,,,,,,,,,,,,,,,,,,,,,,,,,,,,Control,6637ab6f-5555-aeec-5b75-1f44ad225e70
2024-05-05 10:06:40,2024-05-05 10:11:16,0,6,275,0,2024-05-12 10:11:22,R_2MbZcAKsFxS063M,,,,,,,anonymous,EN,1,3,,"2,6","Using a holistic approach to care for pregnant women is important to make sure I consider the many aspects that contribute to where the patient is at the present moment. If I don't do this, the patient will not listen to anything I have to say.",,,,,,,,,,,,,,,,,,,,,,,,,,,,,,,,,,,,,,,,,,,,,,,,,,,,,,,,,,,,,,,,,,,,,,,,,,,,,,,,,,,,,,,,,,,,,,,,,,,,,,,,,,,,,,,,,,,,,,,,,,,,,,,,,,,,,,,,,,,,,,,,,,,,,,,,,,,,,,,,,,,,,,,,,,,,,,,,,,,,,,,,,,,,,,,,,,,,,,,,,,,,,,,,,,,,,,,,,,,,,,Treatment,6637ae04-2069-4535-f11b-cbc6bc017f23
2024-05-05 10:02:15,2024-05-05 10:26:48,0,43,1472,0,2024-05-12 10:26:50,R_2pmZ3PuEj32HlND,,,,,,,anonymous,EN,1,3,,"7,9,2,3,4,5",Sensitivity regarding my patients Their religious and holistic background along with their national Empathy is looking at Patient And understanding Causing their current situation The holistic approach for my Is considering the whole person and the surroundings that they contribute themselves. Knowledge of And Skills A direction of trust and confidence from my patient and their families who we are working with. Accountability is taking into account that not every patient is the same. I must be treated equally no matter what the situation is and understanding how critical my role is.. My commit Is to continue ongoing education and learning more about the nuances within my field of scope,14.22,22.784,23.893,6,"All patients come from a different realm of society, background and social interactions. It is critical to understand all the figures above as this will help to move forward in a critical care plan for the patient in the best way possible.",13.983,16.93,52.701,2,7.951,21.183,22.24,11,"Understaffing the benefactors that create anxiety and hesitation to ask questions or gain trust play an important role in patient care. Again, understanding, the patient background, current situation, and historical instances will help to gain a momentum in trust.",7.119,7.119,51.767,1,2.367,6.098,17.621,7,"Placing a positive influence on patients is by active communication, consistent icon, connection, and body language. There must be empathy no matter who the patient is.",43.975,43.975,74.633,1,Listening and nurturing the patient allows a provider or healthcare influencer to create a plan with the patient and their loved ones for a positive recovery,23.497,23.497,58.171,1,0,0,18.983,0,"Healthcare providers in today’s world need to understand that there are many emotions that come from a patient. Their reactions to your communication and delivery are very important to look out for. To help patients better understand that a provider goals are aligned with their goals is again to communicate, keep open Direction and understand their background and what their future goals are. Providers need to slow down and take a minute to place themselves into their patients shoes. ",3.195,3.195,81.233,1,"I read today how to understand and achieve patient goals, and motivation strategies","It doesn’t matter what your background is or how much education you have. It doesn’t matter if you have a private office or work in the community hospital base system. What matters is that you are assertive with communication pay attention to your patient issues and do not disregard them. Consistently have empathy and understand who the person is who is in front of you. Make sure that you create a trust with your patient and families by not having negative facial expressions or negative body motions. A patient is the key to your success and if your success is important to you , then the relationship with your patience and their families should be top priority. Remember the patient in front of you is not just a number or another paycheck. They are depending on you to guide them in their time of despair. ",9.077,79.16,193.985,5,,,,,,,,,,,,,,,,,,,,,,,,,,,,,,,,,,,,,,,,,,,,,,,,,,,,,,,,,,,,,,,,,,,,,,,,,,,,,,,,,,,,,,,,,,,,,,,,,,,,,,,,,,,,,,,,,,,,,,,,,,,,,,,,,,,,,,,,,,,,,,,,,,,,,,,,,,,,,,,,,,,,,,,,,,,,,,,Treatment,6637ac93-83b2-e842-4bcf-e41ec7a812b9
2024-05-05 10:25:54,2024-05-05 10:39:18,0,43,803,0,2024-05-12 10:39:21,R_7R2mOjBEdiUU65W,,,,,,,anonymous,EN,1,3,,,,,,,,,,,,,,,,,,,,,,,,,,,,,,,,,,,,,,,,,,,,,,,,,,,"1,6,7","Get information I would like in email, forward some to others.  Use Zoom for some doctor’s appointments.",3.524,16.781,17.615,17,"Play games, do surveys fit money, sign up for focus groups, enter Publishers Clearing House raffles, share online posts, send texts and emails, view news, learn online.",2.331,2.331,120.357,1,1.931,5.331,21.897,4,"I do virtual healthcare visits with a provider of mine, convenient before I run to work.",21.608,22.974,77.825,2,"When I can’t get ahold of family members by phone I text them, and they receive my messages.",0,0,39.604,0,Play solitaire and bingo.  Play Publishers Clearing House games.  Watch streaming videos.,3.804,3.804,68.849,1,0,0,29.056,0,"Watch videos, play games.",8.072,8.072,35.319,1,I reserved a rental car for my week of vacation in June.,I was able to make a rental car reservation online.  I made a little money with online surveys.  I was able to see how much money I had.  I texted someone as well as spoke with them.,1.107,45.647,141.149,20,,,,,,,,,,,,,,,,,,,,,,,,,,,,,,,,,,,,,,,,,,,,,,,,,,,,,,,,,,,,,,,,,,,,,,,,,,,,,,,,,,,,,,,,,,,,,,,,,,,,,,,,,,,,,,,,,,,,,,,,,,,,,,,,,,Control,6637b24b-239c-8f1e-ac88-c793fbdcec34
2024-05-05 10:55:21,2024-05-05 10:56:46,0,26,84,0,2024-05-12 10:56:47,R_5fxNYmT6WYhUWC5,,,,,,,anonymous,EN,1,1,,,,,,,,,,,,,,,,,,,,,,,,,,,,,,,,,,,,,,,,,,,,,,,,,,,1,I use my laptop to check the statistics and anologies of my patients.,,,,,,,,,,,,,,,,,,,,,,,,,,,,,,,,,,,,,,,,,,,,,,,,,,,,,,,,,,,,,,,,,,,,,,,,,,,,,,,,,,,,,,,,,,,,,,,,,,,,,,,,,,,,,,,,,,,,,,,,,,,,,,,,,,,,,,,,,,,,,,,,,,,,,,,,,,,,,,,,,,,,,,,,,,,,,Control,6637b907-70c9-e1be-2544-0d0502f9ed61
2024-05-05 11:38:11,2024-05-05 11:40:54,0,3,162,0,2024-05-12 11:40:55,R_52ievf85DCIyIaR,,,,,,,anonymous,EN,1,3,,,,,,,,,,,,,,,,,,,,,,,,,,,,,,,,,,,,,,,,,,,,,,,,,,,,,,,,,,,,,,,,,,,,,,,,,,,,,,,,,,,,,,,,,,,,,,,,,,,,,,,,,,,,,,,,,,,,,,,,,,,,,,,,,,,,,,,,,,,,,,,,,,,,,,,,,,,,,,,,,,,,,,,,,,,,,,,,,,,,,,,,,,,,,,,,,,,,,,,,,,,,,,,,,,,,,,,,,,,,,,,,,Treatment,6637c1f9-aff6-b435-8e96-ff42620086fa
2024-05-05 10:56:01,2024-05-05 12:37:02,0,18,6060,0,2024-05-12 12:37:04,R_3LX7r2dbOs6T8c7,,,,,,,anonymous,EN,1,3,,"9,3,4",Money driven,5.246,17.491,22.658,12,You have to be understanding ,4.032,4.032,22.031,1,2.399,11.676,24.602,5,Fear and finance ,4.928,4.928,17.311,1,6.334,6.334,16.932,1,Empathy,844.91,846.336,852.757,2,",compassion",4.487,13.143,25.151,2,,,,,,,,,,,,,,,,,,,,,,,,,,,,,,,,,,,,,,,,,,,,,,,,,,,,,,,,,,,,,,,,,,,,,,,,,,,,,,,,,,,,,,,,,,,,,,,,,,,,,,,,,,,,,,,,,,,,,,,,,,,,,,,,,,,,,,,,,,,,,,,,,,,,,,,,,,,,,,,,,,,,,,,,,,,,,,,,,,,,,,,,,,,,,,Treatment,6637b966-122e-2cc6-445c-e707fb6297aa
2024-05-05 12:57:40,2024-05-05 13:00:52,0,31,191,0,2024-05-12 13:01:13,R_1NwVxQots7b7aNp,,,,,,,anonymous,EN,1,3,,,,,,,,,,,,,,,,,,,,,,,,,,,,,,,,,,,,,,,,,,,,,,,,,,,"1,5,8",I use Spotify to listen to music and podcasts to decompress and relax.,1.21,15.811,17.005,8,"I use technology for communicating with people, entertainment, and navigating the world (GPS and bus apps).",0.731,11.349,60.805,3,0,0,16.632,0,,,,,,,,,,,,,,,,,,,,,,,,,,,,,,,,,,,,,,,,,,,,,,,,,,,,,,,,,,,,,,,,,,,,,,,,,,,,,,,,,,,,,,,,,,,,,,,,,,,,,,,,,,,,,,,,,,,,,,,,,,,,,,,,,,,,,,,,,,,,,,,,,,,,,,,,,,,,,,,,Control,6637d57d-d6e7-f3a8-4184-f0151bccab14
2024-05-05 13:02:27,2024-05-05 13:04:49,0,26,142,0,2024-05-12 13:04:54,R_7EYz339sAhUpQBr,,,,,,,anonymous,EN,1,3,,,,,,,,,,,,,,,,,,,,,,,,,,,,,,,,,,,,,,,,,,,,,,,,,,,"1,4,6,7,8",I use these for work as well as for entertainment ,,,,,,,,,,,,,,,,,,,,,,,,,,,,,,,,,,,,,,,,,,,,,,,,,,,,,,,,,,,,,,,,,,,,,,,,,,,,,,,,,,,,,,,,,,,,,,,,,,,,,,,,,,,,,,,,,,,,,,,,,,,,,,,,,,,,,,,,,,,,,,,,,,,,,,,,,,,,,,,,,,,,,,,,,,,,,Control,6637d6bb-eefe-4857-8dcd-3311e7b35053
2024-05-05 13:25:37,2024-05-05 13:29:39,0,14,241,0,2024-05-12 13:29:40,R_1LR2XmpRnIh4rqp,,,,,,,anonymous,EN,1,3,,"7,3,5",Everyone should be treated the same,6.258,11.2,16.277,6,Undure,7.242,7.242,14.209,1,0,0,44.829,0,Embarrassed ,0.299,2.865,9.017,2,0,0,40.617,0,,,,,,,,,,,,,,,,,,,,,,,,,,,,,,,,,,,,,,,,,,,,,,,,,,,,,,,,,,,,,,,,,,,,,,,,,,,,,,,,,,,,,,,,,,,,,,,,,,,,,,,,,,,,,,,,,,,,,,,,,,,,,,,,,,,,,,,,,,,,,,,,,,,,,,,,,,,,,,,,,,,,,,,,,,,,,,,,,,,,,,,,,,,,,,,,,,,,,,,,Treatment,6637d965-33fd-d0a1-bb29-0deafc05ac83
2024-05-05 14:24:26,2024-05-05 14:30:02,0,28,336,0,2024-05-12 14:30:04,R_7aWWKG5EXfAoUCm,,,,,,,anonymous,EN,1,3,,,,,,,,,,,,,,,,,,,,,,,,,,,,,,,,,,,,,,,,,,,,,,,,,,,"1,2,3,5,6,7,8","Use for email, news apps, social media, communication, reading books, listening to music",33.419,33.419,36.95,1,,,,,,,,,,,,,,,,,,,,,,,,,,,,,,,,,,,,,,,,,,,,,,,,,,,,,,,,,,,,,,,,,,,,,,,,,,,,,,,,,,,,,,,,,,,,,,,,,,,,,,,,,,,,,,,,,,,,,,,,,,,,,,,,,,,,,,,,,,,,,,,,,,,,,,,,,,,,,,,,,,,,,,,,,Control,6637e727-96bc-a302-0aec-b048afe5c826
2024-05-05 14:44:43,2024-05-05 14:46:24,0,26,101,0,2024-05-12 14:46:25,R_7GtXIyPC3lYYTDP,,,,,,,anonymous,EN,1,3,,,,,,,,,,,,,,,,,,,,,,,,,,,,,,,,,,,,,,,,,,,,,,,,,,,"2,4,6,7,8",To communicate with Dr an other nurses,,,,,,,,,,,,,,,,,,,,,,,,,,,,,,,,,,,,,,,,,,,,,,,,,,,,,,,,,,,,,,,,,,,,,,,,,,,,,,,,,,,,,,,,,,,,,,,,,,,,,,,,,,,,,,,,,,,,,,,,,,,,,,,,,,,,,,,,,,,,,,,,,,,,,,,,,,,,,,,,,,,,,,,,,,,,,Control,6637ef09-af38-6300-d5d2-dadd98ed0cbd
2024-05-05 14:42:49,2024-05-05 14:51:04,0,21,495,0,2024-05-12 14:51:06,R_2YXOgL8dGbmqG6R,,,,,,,anonymous,EN,1,3,,"9,5",when treating a person you have to look at not only where they currently are but what happens when they get home.  also what they hope to accomplish because it may be different than what i want for them,3.813,15.579,16.201,8,it shapes who they are and where and why they are,4.407,24.377,24.9,2,9.634,9.634,16.125,1,They may not live in a place that they think is up to par with everyone else.  they don't want to look stupid,3.7,50.959,52.383,3,11.256,12.352,16.191,3,"don't take things for granted,  handing someone a pamphlet explaining things when they can't read or understand big words",9.095,43.279,68.14,3,if they think that the caregivers care about them then they will try harder to make them proud,9.578,9.578,37.196,1,0,0,19.163,0,helps them get better faster,4.965,14.876,23.451,3,helping patients ,,,,,,,,,,,,,,,,,,,,,,,,,,,,,,,,,,,,,,,,,,,,,,,,,,,,,,,,,,,,,,,,,,,,,,,,,,,,,,,,,,,,,,,,,,,,,,,,,,,,,,,,,,,,,,,,,,,,,,,,,,,,,,,,,,,,,,,,,,,,,,,,,,,,,,,,,,,,,,,,,,,,,,,,,,,,,,,,,,,,Treatment,6637eea1-0b95-e6c7-8cd6-88e4771aa134
2024-05-05 15:18:42,2024-05-05 15:18:46,0,1,3,0,2024-05-12 15:18:47,R_77jl3KvyzYOvJC8,,,,,,,anonymous,EN,,,,,,,,,,,,,,,,,,,,,,,,,,,,,,,,,,,,,,,,,,,,,,,,,,,,,,,,,,,,,,,,,,,,,,,,,,,,,,,,,,,,,,,,,,,,,,,,,,,,,,,,,,,,,,,,,,,,,,,,,,,,,,,,,,,,,,,,,,,,,,,,,,,,,,,,,,,,,,,,,,,,,,,,,,,,,,,,,,,,,,,,,,,,,,,,,,,,,,,,,,,,,,,,,,,,,,,,,,,,,,,,,,,,6637f76a-6fe4-6a1e-96c6-9f1b18c02073
2024-05-05 15:50:56,2024-05-05 15:52:06,0,3,69,0,2024-05-12 15:52:07,R_2mZYJZK1Ti8Lb3V,,,,,,,anonymous,EN,1,3,,"9,6",,,,,,,,,,,,,,,,,,,,,,,,,,,,,,,,,,,,,,,,,,,,,,,,,,,,,,,,,,,,,,,,,,,,,,,,,,,,,,,,,,,,,,,,,,,,,,,,,,,,,,,,,,,,,,,,,,,,,,,,,,,,,,,,,,,,,,,,,,,,,,,,,,,,,,,,,,,,,,,,,,,,,,,,,,,,,,,,,,,,,,,,,,,,,,,,,,,,,,,,,,,,,,,,,,,,,,,,,,,,,,,Treatment,6637fe06-b529-9319-b528-7ae417b8aaf7
2024-05-05 15:56:41,2024-05-05 16:03:31,0,11,409,0,2024-05-12 16:03:37,R_5FaIXMKmKfdzELM,,,,,,,anonymous,EN,1,3,,"9,4,6","In healthcare, we need to strive to be more patient oriented and understand our patients. As both a nurse and chronic illness patient myself, as a female, I understand the problems that are so prevalent in the medical community. I strive to make my patients feel comfortable and safe with me. ",0,0,26.663,0,They deserve to be understood and respected. We need to trust that patients know when they are feeling different. We should not dismiss someone simply because a test comes back negative or inconclusive. ,2.325,2.325,54.985,1,4.164,14.212,34.974,4,,,,,,,,,,,,,,,,,,,,,,,,,,,,,,,,,,,,,,,,,,,,,,,,,,,,,,,,,,,,,,,,,,,,,,,,,,,,,,,,,,,,,,,,,,,,,,,,,,,,,,,,,,,,,,,,,,,,,,,,,,,,,,,,,,,,,,,,,,,,,,,,,,,,,,,,,,,,,,,,,,,,,,,,,,,,,,,,,,,,,,,,,,,,,,,,,,,,,,,,,,,,,,,,,Treatment,6637ff5e-87a3-9fe4-df0d-a882c7eb5761
2024-05-05 15:43:46,2024-05-05 16:07:25,0,43,1419,0,2024-05-12 16:07:27,R_6hRs2l9EJBFoQra,,,,,,,anonymous,EN,1,3,,"2,3,5","It helps me feel as they do, making me more compassionate and understanding",1.194,15.896,20.159,11,"So you can understand, be empathetic thus helping",32.93,64.931,73.176,4,1.103,15.126,16,5,"Fear of appearing stupid, anxiety causing them not to think what to ask, fear other answer",7.745,53.784,59.389,3,0.984,0.984,25.667,1,He me make a decision that is best for them,67.22,116.91,120.384,4,"Doing what is most receptive to, aiding in his positivity and chance of compliance.",5.832,69.042,70.39,6,2.11,7.376,24.734,3,"Helping them understand, thinking , positively and complying",13.455,131.225,132.163,10,Attitude and patient treatment,"Take time, listen, be empathetic, patient, listen, explain",0.511,97.187,100.97,18,,,,,,,,,,,,,,,,,,,,,,,,,,,,,,,,,,,,,,,,,,,,,,,,,,,,,,,,,,,,,,,,,,,,,,,,,,,,,,,,,,,,,,,,,,,,,,,,,,,,,,,,,,,,,,,,,,,,,,,,,,,,,,,,,,,,,,,,,,,,,,,,,,,,,,,,,,,,,,,,,,,,,,,,,,,,,,,Treatment,6637fc97-9b7e-61f5-5831-73a310fa069b
2024-05-05 16:04:47,2024-05-05 16:13:06,0,40,498,0,2024-05-12 16:13:13,R_2N2kzixbbVeJhAU,,,,,,,anonymous,EN,1,3,,,,,,,,,,,,,,,,,,,,,,,,,,,,,,,,,,,,,,,,,,,,,,,,,,,"1,7",for contact/ messaging family,0,0,27.762,0,"fitbit for activity & sleep
computer at work doing patient info.
personal computer at home for information/ keeping in touch with family, also iphone",2.414,2.414,99.09,1,0,0,24.185,0,"iphone when traveling , in car or hiking",11.721,11.721,35.753,1,yes iphone for quick messages,0,0,19.119,0,"computer for streaming , firbit for meditation",8.099,8.161,37.677,2,0,0,27.85,0,"laptop for social sites, messages",7.329,7.329,76.126,1,different uses of techonolgy,,,,,,,,,,,,,,,,,,,,,,,,,,,,,,,,,,,,,,,,,,,,,,,,,,,,,,,,,,,,,,,,,,,,,,,,,,,,,,,,,,,,,,,,,,,,,,,,,,,,,,,,,,,,,,,,,,,,,,,,,,,,,,,,,,,,,,,Control,663801cd-b97d-f230-37f6-1f55b543ac3d
2024-05-05 16:47:45,2024-05-05 16:59:55,0,21,730,0,2024-05-12 16:59:58,R_5A1idm2bode1tuG,,,,,,,anonymous,EN,1,3,,"9,3,5",Commitment is very important and it is a compete change in lifestyle to helping others,0.944,0.944,62.643,1,to better help them to follow after care instructions,110.438,110.438,129.186,1,87.5,87.5,88.371,1,afraid to be perceived as inferior or dumb,28.999,28.999,44.781,1,1.029,1.029,38.141,1,it makes it easier to communicate effectively,8.219,8.219,17.955,1,effective communication and an improved outcome,3.064,3.064,16.387,1,1.531,1.531,16.841,1,trust and building a good relationship ,6.42,6.42,16.303,1,I have been reading about patient care,,,,,,,,,,,,,,,,,,,,,,,,,,,,,,,,,,,,,,,,,,,,,,,,,,,,,,,,,,,,,,,,,,,,,,,,,,,,,,,,,,,,,,,,,,,,,,,,,,,,,,,,,,,,,,,,,,,,,,,,,,,,,,,,,,,,,,,,,,,,,,,,,,,,,,,,,,,,,,,,,,,,,,,,,,,,,,,,,,,,Treatment,66380b6f-3f08-336f-3dde-86de26f33544
2024-05-05 14:20:52,2024-05-05 17:25:28,0,43,11075,0,2024-05-12 17:25:31,R_13jUowSf1bV5UbL,,,,,,,anonymous,EN,1,1,,,,,,,,,,,,,,,,,,,,,,,,,,,,,,,,,,,,,,,,,,,,,,,,,,,"1,4,7","I use my desktop computer every day for catching up on emails, doing online banking, and sometimes storing photos. ",0,0,2326.58,0,"I use email, texting, messenger daily.  I check on the news on my phone.  I keep in touch with my family.  I sometimes get coupons for my shopping on my phone. ",2.306,2.306,45.295,1,0,0,21.616,0,"My children live far away, and I can easily connect with them by messenger, or video call when we want to see each other. ",5.673,5.673,37.043,1,"The messenger app makes it so easy to just touch base with someone, share a thought, a photo or an idea. ",0,0,16.966,0,"I check on the news and on sporting event scores on my phone.  When I am with my family, we often turn to Google to learn more about a topic that comes up.",8.45,8.45,42.898,1,0,0,21.137,0,"I check on current events, sporting events. ",2.805,2.805,21.135,1,"Today I read about the different ways people use technology for communication, productivity, and entertainment in their personal lives. ","Start with some very basic simple things like sending a text or a short email.  Connecting with people you miss or don't see very often is the best reward from using technology.  It took me a very long time to use a smartphone, but now it let's me communicate so easily with my children at any moment during my day.  I don't have to worry that I am interrupting them.  I don't have to wait for the perfect time.  It is a great way to keep in touch.",29.937,29.937,144.053,1,,,,,,,,,,,,,,,,,,,,,,,,,,,,,,,,,,,,,,,,,,,,,,,,,,,,,,,,,,,,,,,,,,,,,,,,,,,,,,,,,,,,,,,,,,,,,,,,,,,,,,,,,,,,,,,,,,,,,,,,,,,,,,,,,,Control,6637e95c-d0de-be11-0b7c-c73439e3a07a
2024-05-05 17:28:09,2024-05-05 17:34:38,0,13,388,0,2024-05-12 17:34:42,R_2SdCHXyHMi8xZaf,,,,,,,anonymous,EN,1,3,,"9,3,5",I want to always feel empathy toward patients  you need to quit practicing when the feelings are no longer there,3.172,9.765,17.86,8,You are the  better able to provide individualized care ,3.317,3.317,22.289,1,2.533,15.178,15.976,10,Feel helpless or that no one will losten,4.449,211.973,221.434,19,,,,,,,,,,,,,,,,,,,,,,,,,,,,,,,,,,,,,,,,,,,,,,,,,,,,,,,,,,,,,,,,,,,,,,,,,,,,,,,,,,,,,,,,,,,,,,,,,,,,,,,,,,,,,,,,,,,,,,,,,,,,,,,,,,,,,,,,,,,,,,,,,,,,,,,,,,,,,,,,,,,,,,,,,,,,,,,,,,,,,,,,,,,,,,,,,,,,,,,,,,,,Treatment,66381548-a5a8-b881-fd90-ce9ea5f3a49b
2024-05-05 17:35:46,2024-05-05 17:36:32,0,3,46,0,2024-05-12 17:36:34,R_74uXtHAugYspjh3,,,,,,,anonymous,EN,1,3,,"7,9,4",,,,,,,,,,,,,,,,,,,,,,,,,,,,,,,,,,,,,,,,,,,,,,,,,,,,,,,,,,,,,,,,,,,,,,,,,,,,,,,,,,,,,,,,,,,,,,,,,,,,,,,,,,,,,,,,,,,,,,,,,,,,,,,,,,,,,,,,,,,,,,,,,,,,,,,,,,,,,,,,,,,,,,,,,,,,,,,,,,,,,,,,,,,,,,,,,,,,,,,,,,,,,,,,,,,,,,,,,,,,,,,Treatment,663816eb-2ce6-bd66-c649-4fc2fa2e8eab
2024-05-05 17:35:44,2024-05-05 17:38:39,0,28,174,0,2024-05-12 17:38:40,R_26Ue9MT0K6mOT8B,,,,,,,anonymous,EN,1,1,,,,,,,,,,,,,,,,,,,,,,,,,,,,,,,,,,,,,,,,,,,,,,,,,,,"2,7,8",I am able to get most personal tasks requiring internet done on my tablet,9.891,15.866,16.634,5,,,,,,,,,,,,,,,,,,,,,,,,,,,,,,,,,,,,,,,,,,,,,,,,,,,,,,,,,,,,,,,,,,,,,,,,,,,,,,,,,,,,,,,,,,,,,,,,,,,,,,,,,,,,,,,,,,,,,,,,,,,,,,,,,,,,,,,,,,,,,,,,,,,,,,,,,,,,,,,,,,,,,,,,,Control,6638166d-e9ec-35b1-f617-5af48c90be40
2024-05-05 18:54:58,2024-05-05 18:55:30,0,26,32,0,2024-05-12 18:55:34,R_3EcBXtPmt3OfZAk,,,,,,,anonymous,EN,1,1,,,,,,,,,,,,,,,,,,,,,,,,,,,,,,,,,,,,,,,,,,,,,,,,,,,"4,5,6",great,,,,,,,,,,,,,,,,,,,,,,,,,,,,,,,,,,,,,,,,,,,,,,,,,,,,,,,,,,,,,,,,,,,,,,,,,,,,,,,,,,,,,,,,,,,,,,,,,,,,,,,,,,,,,,,,,,,,,,,,,,,,,,,,,,,,,,,,,,,,,,,,,,,,,,,,,,,,,,,,,,,,,,,,,,,,,Control,663829f1-bd9b-a9bd-5252-a56ecc972efe
2024-05-05 19:07:27,2024-05-05 19:08:31,0,26,63,0,2024-05-12 19:08:33,R_5rg0849pBbtLSsF,,,,,,,anonymous,EN,1,3,,,,,,,,,,,,,,,,,,,,,,,,,,,,,,,,,,,,,,,,,,,,,,,,,,,2,I play video games. Search Facebook and take surveys. ,,,,,,,,,,,,,,,,,,,,,,,,,,,,,,,,,,,,,,,,,,,,,,,,,,,,,,,,,,,,,,,,,,,,,,,,,,,,,,,,,,,,,,,,,,,,,,,,,,,,,,,,,,,,,,,,,,,,,,,,,,,,,,,,,,,,,,,,,,,,,,,,,,,,,,,,,,,,,,,,,,,,,,,,,,,,,Control,66382c29-fda6-e36b-0f8d-83986e57d415
2024-05-05 19:14:30,2024-05-05 19:15:01,0,1,30,0,2024-05-12 19:15:04,R_5Ic5VBiLcCdY8CP,,,,,,,anonymous,EN,,,,,,,,,,,,,,,,,,,,,,,,,,,,,,,,,,,,,,,,,,,,,,,,,,,,,,,,,,,,,,,,,,,,,,,,,,,,,,,,,,,,,,,,,,,,,,,,,,,,,,,,,,,,,,,,,,,,,,,,,,,,,,,,,,,,,,,,,,,,,,,,,,,,,,,,,,,,,,,,,,,,,,,,,,,,,,,,,,,,,,,,,,,,,,,,,,,,,,,,,,,,,,,,,,,,,,,,,,,,,,,,,,,,66382e64-3f42-1d1f-7681-a04e6cd09ff6
2024-05-05 18:56:55,2024-05-05 19:17:43,0,53,1248,0,2024-05-12 19:17:45,R_2rYqCnpdch0b2st,,,,,,,anonymous,EN,1,3,,"9,3",Jonesty,3.418,26.097,27.926,20,It provides the ability to provided better care for them,6.094,8.701,46.505,4,91.3,93.449,94.796,3,Revealing the truth,1.395,22.749,23.502,8,31.672,31.672,33.256,1,It allowed the sense of trust to be established ,1.425,33.573,34.534,5,When you trust and get good treatment you heal taster,59.026,100.175,100.878,5,2.458,13.501,16.429,16,The have a better outcome,7.78,26.371,26.815,5,Providing health care with a sense of understanding ,I am trusting on you to provide great care to me. With your level of experience I trust you will provide good care. The expectation is on the same page as me,17.001,150.584,151.981,21,,,,,,,,,,,,,,,,,,,,,,,,,,,,,,,,,,,,,,,,,,,,,,Get report,Pass medications,Pass medications ,Pass medications,Take abreak,Pass medications,Pass medications ,Chart ,Give report,Leave,,,,,,,,,,,,,,,2,2,0,0,4.049,0,1.042,29.658,30.1,10,2.696,14.5,15.042,14,6,,,,,,,,,,,,,,,,,,,,,,,,,,,,,,,,,,,,,,,,,,,,,,,,,,,,,,,,,,,,,,,,,,,,,,,,,,,,,,,,,,,,,,,,,,,Treatment,66382a02-fe01-db60-02c1-e9ebbd0f9bfe
2024-05-05 19:25:05,2024-05-05 19:50:11,0,43,1506,0,2024-05-12 19:50:15,R_246ML06tWXIKRxH,,,,,,,anonymous,EN,1,3,,,,,,,,,,,,,,,,,,,,,,,,,,,,,,,,,,,,,,,,,,,,,,,,,,,"5,7,8","Music is a necessity in my life. Music calms my heart, replenishes my spirit and buoys my soul. ",0,0,34.869,0,"Start to finish~ wake up to my phone alarm, track my day with my calendar app, write notes throughout the day, listen to music as much as possible and keep connected with friends and family through social media and personalized chat groups. Is it noon yet?",10.926,203.797,211.758,5,0,0,39.213,0,The obvious answer is during the COVID pandemic. As one of 9 siblings we needed to “see” each other during the extended separation.  Our mom is in a nursing home so we would video chat as our means of communication when the facility was locked down.,8.393,164.502,165.075,2,Working nights often keeps me out of the loop. Social media and private chat groups allow me to stay connected to my tribes even though our schedules are diametrically opposed.  ,0,0,16.858,0,"My main use is music, frequently throughout the day, everyday. With a few minutes of downtime I can play a game of cards, solve a sudoku puzzle or watch a funny video. Sometimes those few minutes distracted from my day are the refresher I need. ",8.45,109.162,142.401,5,14.472,14.472,17.126,1,"I listen to music, I watch funny pet videos trash talk my friends through questionable memes. ",13.274,13.274,109.039,1,I read about the crucial impact of technology in our daily lives ,"Sharing information is critical to quality caregiving.  Having shared access to current and  complete information allows the team to help our patients achieve desired outcomes. In today’s healthcare environment there aren’t any extra resources, manpower or materials to waste backtracking. ",52.303,409.847,414.47,32,,,,,,,,,,,,,,,,,,,,,,,,,,,,,,,,,,,,,,,,,,,,,,,,,,,,,,,,,,,,,,,,,,,,,,,,,,,,,,,,,,,,,,,,,,,,,,,,,,,,,,,,,,,,,,,,,,,,,,,,,,,,,,,,,,Control,6638304d-fd3d-f3c0-42a5-5ea6a5c6d39e
2024-05-05 19:55:37,2024-05-05 20:04:35,0,44,538,0,2024-05-12 20:04:38,R_5sdlVwtWOO3NVt2,,,,,,,anonymous,EN,1,3,,"7,3",Important to look at the patient all around.  Assess their personal situation work to help,10.19,18.358,19.671,4,To understand why they make the choices they do for better or worse.  Are they worse due to inability I ubnderstand or lack resources.  ,7.073,7.073,57.388,1,2.59,2.59,16.231,1,Fearful of feeling incompetent.  Embarrassed to lack resources ,3.278,3.278,30.846,1,0,0,15.893,0,Effective communication allows for the start of a trusting relationship ,1.675,1.675,32.043,1,Allows patient to trust you and understand you are working with them to help them ,7.392,7.392,37.369,1,0,0,15.917,0,Very beneficial.  Allows for smoother transition in reaching the goal,6.399,6.399,47.745,1,Patient trust,Allowing time to establish effective communication with patients usually ensures developing a trusting relationship which in turn will help when establishing goals. ,1.376,86.56,87.501,8,,,,,,,,,,,,,,,,,,,,,,,,,,,,,,,,,,,,,,,,,,,,,,,Start,Paperwork,,,,,,,End ,,,,,,,,,,,,,,,4,,,,,,,,,,,,,,,,,,,,,,,,,,,,,,,,,,,,,,,,,,,,,,,,,,,,,,,,,,,,,,,,,,,,,,,,,,,,,,,,,,,,,,,,,,,,,,,,,,,,,,,,,Treatment,66383808-d1ed-df4f-cbdf-65cc7c39234d
2024-05-05 20:05:03,2024-05-05 20:35:45,0,48,1842,0,2024-05-12 20:35:45,R_5reZw5e1YXp5kM9,,,,,,,anonymous,EN,1,3,,"9,4",It’s important to empathize with my patient because the resident is more susceptible to following through with their care,3.665,65.056,66.086,38,It’s critical to understand a patient’s reason for doing the things they do because it’s easier for a nurse or MD to make a care plan that best fits the patient and they will follow through with their care,13.857,13.857,95.701,1,2.616,41.511,42.955,10,A patient may be anxious or hesitant to ask questions because they feel their provider thinks less of them because of their social class or income level ,1.55,8.832,59.302,3,2.58,50.658,51.294,22,Understanding a patients perspective has a positive influence on me and my recommendations because it gives the patient more self confidence and trust and they are more apt to folllow through with their treatment ,1.265,2.79,87.201,3,Understanding a patients perspective has a positive influence on their recovery because they are more apt to follow through with treatment ,3.679,203.057,308.777,2,4.178,36.064,37.044,20,It’s beneficial to help a patient see that your goals are aligned with their goals because it builds trust,1.428,10.536,76.676,7,I read about understanding how to empathize with my parient ,It’s best for the healthcare provider to empathize with their patient because a patient is more apt to follow through with their plan of treatment if they have built trust with the provider ,27.032,28.176,91.349,3,,,,,,,,,,,,,,,,,,,,,,,,,,,,,,,,,,,,,,,,,,,,,,Pass meds ,Pass meds,Pass meds,Pass meds,Wound care,Wound care,Pass meds ,Pass neds,Report to oncoming nurse,Count drugs,Chart,Chart,,,,,,,,,,,,,6,6,0,0,4.112,0,,,,,,,,,,,,,,,,,,,,,,,,,,,,,,,,,,,,,,,,,,,,,,,,,,,,,,,,,,,,,,,,,,,,,,,,,,,,,,,,,,,,,,,,,,,,,,,,,,,,Treatment,66383a1c-9b2e-9746-cd18-eec837447e40
2024-05-05 20:33:51,2024-05-05 20:35:49,0,1,117,0,2024-05-12 20:35:55,R_7D2vRxSQmeOEt2H,,,,,,,anonymous,EN,,,,,,,,,,,,,,,,,,,,,,,,,,,,,,,,,,,,,,,,,,,,,,,,,,,,,,,,,,,,,,,,,,,,,,,,,,,,,,,,,,,,,,,,,,,,,,,,,,,,,,,,,,,,,,,,,,,,,,,,,,,,,,,,,,,,,,,,,,,,,,,,,,,,,,,,,,,,,,,,,,,,,,,,,,,,,,,,,,,,,,,,,,,,,,,,,,,,,,,,,,,,,,,,,,,,,,,,,,,,,,,,,,,,663840f4-bf04-d036-c245-3a5f50bc8efe
2024-05-05 20:20:56,2024-05-05 20:40:07,0,78,1150,0,2024-05-12 20:40:08,R_3P5JUFeGAYY8pIz,,,,,,,anonymous,EN,1,3,,,,,,,,,,,,,,,,,,,,,,,,,,,,,,,,,,,,,,,,,,,,,,,,,,,"1,7,8",I use my email and social media daily to keep in touch with friends and family.,3.796,15.024,16.18,7,"I use social media daily as a way to keep in touch with friends and family, in addition to it being an outlet of stress relief ",1.401,33.4,77.283,4,12.809,12.809,18.733,1,I was able to video chat with my family during the pandemic,7.101,7.101,48.729,1,Yes,14.211,14.8,16.288,2,Watching videos on tiktok,6.4,6.4,15.486,1,0.901,13.09,15.9,4,"Tiktok, YouTube",5.401,5.401,19.459,1,I read about a fatal car accident that happened in a nearby town,FFFFFFFFFFFFFFFFFFFFFFFFFFFFFFFFFFFFFFFFFFFFFFFFFFFFFFFFFFFFFFFFFFFFFFFFFFFFFFFFFFFFFFFF,4.922,45.014,45.901,10,"Shift change, get report","Med passes, assessments","Med passes, assessments",Charting/rounding,Charting/rounding,Med passes - insulin for diabetics,Charting/rounding,Charting/rounding,Charting/rounding ,Start evening med passes ,Evening med passes,"Med passes, preparing for shift change","Shift change, giving report",Go home,,,,,,,,,,,3,2,0,0,4.155,0,10.612,10.612,30.087,1,0,0,15.067,0,7,"5,7",,0,0,15.065,0,4,4,5,3,5,2,1,3,3,5,5,5,"1,6",73,"Pain not improving - changed pain medication
Recommended steroid injection",0,0,15.064,0,5,4,4,3,4,4,3,3,,5,3,5,Refer him to an orthopedic surgeon or pain specialist ,,5,3,3,2,,,,,,,,,,,,,,,,,,,,,,,,,,,,,,,,,,,,,,,,,,,,,,,,Control,66383cfe-3860-e160-d9f4-fabd3ecbfef5
2024-05-05 21:44:09,2024-05-05 21:45:13,0,3,64,0,2024-05-12 21:45:21,R_7E76X9SgHg5TtgM,,,,,,,anonymous,EN,1,3,,"7,3,4",,,,,,,,,,,,,,,,,,,,,,,,,,,,,,,,,,,,,,,,,,,,,,,,,,,,,,,,,,,,,,,,,,,,,,,,,,,,,,,,,,,,,,,,,,,,,,,,,,,,,,,,,,,,,,,,,,,,,,,,,,,,,,,,,,,,,,,,,,,,,,,,,,,,,,,,,,,,,,,,,,,,,,,,,,,,,,,,,,,,,,,,,,,,,,,,,,,,,,,,,,,,,,,,,,,,,,,,,,,,,,,Treatment,6638518e-ceb3-6ce1-417c-ae512f06e96a
2024-05-05 21:56:58,2024-05-05 21:57:06,0,1,8,0,2024-05-12 21:57:10,R_7f1kU0W8YrjQEkb,,,,,,,anonymous,EN,,,,,,,,,,,,,,,,,,,,,,,,,,,,,,,,,,,,,,,,,,,,,,,,,,,,,,,,,,,,,,,,,,,,,,,,,,,,,,,,,,,,,,,,,,,,,,,,,,,,,,,,,,,,,,,,,,,,,,,,,,,,,,,,,,,,,,,,,,,,,,,,,,,,,,,,,,,,,,,,,,,,,,,,,,,,,,,,,,,,,,,,,,,,,,,,,,,,,,,,,,,,,,,,,,,,,,,,,,,,,,,,,,,,663853c8-c55a-21be-1b5a-86384d42f8eb
2024-05-05 22:16:24,2024-05-05 22:17:10,0,6,45,0,2024-05-12 22:17:16,R_3Ym2qw11GTHiWTF,,,,,,,anonymous,EN,1,3,,"7,9,2,3,4,5",To be compassionate and help others,,,,,,,,,,,,,,,,,,,,,,,,,,,,,,,,,,,,,,,,,,,,,,,,,,,,,,,,,,,,,,,,,,,,,,,,,,,,,,,,,,,,,,,,,,,,,,,,,,,,,,,,,,,,,,,,,,,,,,,,,,,,,,,,,,,,,,,,,,,,,,,,,,,,,,,,,,,,,,,,,,,,,,,,,,,,,,,,,,,,,,,,,,,,,,,,,,,,,,,,,,,,,,,,,,,,,,,,,,,,,,Treatment,66385902-02a1-57e9-b673-6db3e321952d
2024-05-05 22:45:34,2024-05-05 22:46:25,0,26,51,0,2024-05-12 22:46:30,R_5LptI08kFuNsKCn,,,,,,,anonymous,EN,1,1,,,,,,,,,,,,,,,,,,,,,,,,,,,,,,,,,,,,,,,,,,,,,,,,,,,1,i use it to email,,,,,,,,,,,,,,,,,,,,,,,,,,,,,,,,,,,,,,,,,,,,,,,,,,,,,,,,,,,,,,,,,,,,,,,,,,,,,,,,,,,,,,,,,,,,,,,,,,,,,,,,,,,,,,,,,,,,,,,,,,,,,,,,,,,,,,,,,,,,,,,,,,,,,,,,,,,,,,,,,,,,,,,,,,,,,Control,66386012-b7b1-d28a-0ae6-e15fd3c8eeaa
2024-05-06 00:17:38,2024-05-06 01:08:50,0,14,3072,0,2024-05-13 01:08:56,R_1HK3J6xZj1ow2o9,,,,,,,anonymous,EN,1,3,,"9,4,5",I BELIEVE EMPATHY ISat homeneeded to put myself  in the place of my clients and treat each one as I would like to be treated.I seek to  try to make them as it puts IMPORTANT,8.393,15.275,16.302,3,IT ALLOWS TH E BEST OUTCOME IN HELPING EACH ONE DETERMINE THEIR ROLE IN HEALING ,10.495,149.294,149.802,7,0,0,320.394,0,"They may blame.themselves for their medical condition. They may feel like they are being punished
They might not want to face a more dire diagnosis",21.364,221.398,222.735,2,7.269,10.188,23.578,2,,,,,,,,,,,,,,,,,,,,,,,,,,,,,,,,,,,,,,,,,,,,,,,,,,,,,,,,,,,,,,,,,,,,,,,,,,,,,,,,,,,,,,,,,,,,,,,,,,,,,,,,,,,,,,,,,,,,,,,,,,,,,,,,,,,,,,,,,,,,,,,,,,,,,,,,,,,,,,,,,,,,,,,,,,,,,,,,,,,,,,,,,,,,,,,,,,,,,,,,Treatment,66386f9d-3f7e-df28-b206-dc283374df70
2024-05-06 02:14:09,2024-05-06 02:31:37,0,63,1047,0,2024-05-13 02:31:39,R_3PGqKGkmXj2hKOF,,,,,,,anonymous,EN,1,3,,"9,4,6",Sometimes all you need is one person who understands,3.828,16.36,17.831,14,It's critical to understand reason and perspective with patients because it can often answer questions that face been lingering.,1.625,27.835,34.702,8,0,0,16.77,0,"Patients could be anxious or hesitant, in my experience 9/10 for the following reasons: Embarrassment, fear of looking dumb, or maybe they're afraid to mention things that could get back to friends and close family.",2.304,58.393,89.7,6,16.784,16.784,18.102,1,"Understanding my patients perspective may have a positive influence on me in the Sense that you would be surprised what you could learn from even the oldest, ""craziest"", sickest people. ",0.548,61.249,98.684,16,Understanding the Patient could have a positive influence in their recovery because it could influence them to focus more on in getting better,0.829,36.616,38,7,0,0,23.777,0,It's been beneficial to see that but parties goals are aligned in my experiences because then communication and action are smooth sailing.,2.014,39.4,42.694,6,I read about understanding a patients perspective.,"I work for Bayada home care- meaning I have individuals (old and young, and of all ailments) that are assigned to my care. I go to their homes to care for them because 9/10 they cannot care for themselves almost at all. My patient now is a low-functioning autistic 11 year old who is also wheel chair bound due to Muscular Dystrophy. I provide sensitivity and an understanding to the family more than most only because my youngest sibling had almost the same diagnosis.",1.024,236.103,236.601,39,,,,,,,,,,,,,,,,,,,,,,,,,,,,,,,,,,,,,,,,,,,,,,N/A,Work day begins ,Patients sleeping,Patients sleeping,Patients sleeping,Feed patient through tube,Administer meds,He watched cartoons as I tidy'd the house,He watched cartoons as I tidy'd the house,He watched cartoons as I tidy'd the house,Work day ends,N/A,N/A,N/A,N/A,N/A,N/A,N/A,N/A,N/A,N/A,N/A,N/A,N/A,4,3,0,0,4.114,0,13.143,23.563,30.213,4,2.032,10.702,15.024,6,5,"7,8",60,2.103,5.401,15.22,2,5,4,5,2,5,4,1,3,1,5,3,,,,,,,,,,,,,,,,,,,,,,,,,,,,,,,,,,,,,,,,,,,,,,,,,,,,,,,,,,,,,,,,,,,,,,,,,,Treatment,663890ae-029b-c6ef-352d-4b82418af4aa
2024-05-06 02:35:27,2024-05-06 02:54:25,0,47,1138,0,2024-05-13 02:54:27,R_7scTxH5IriRNqdD,,,,,,,anonymous,EN,1,3,,,,,,,,,,,,,,,,,,,,,,,,,,,,,,,,,,,,,,,,,,,,,,,,,,,"1,5,7",Music streaming apps are used daily for multiple hours in my personal life. I use music to help me focus on tests at hand or to relax. Or to elici a specific emotional response. For example if I'm feeling anxious I have one particular song that I will put on that immediately helps me to relax myself head to toe and certain navigates that fight or flight response. I guess you could call it conditioning much like have Love's dog so to speakt,0,0,18.189,0,All my favorite form of technology to use is a music streaming apps. My first degree is in music theory and it has been a large part of my life,2.901,2.901,28.274,1,0,0,27.954,0,Well the use of technology has made the world a much smaller place and have many people much more kind to want that instant gratification so to speak. Long gone are the days where you could dial a number and get a person on the other end to answer only if they happen to be home and nearby the bringing telephone that was connected to the wall. Now however we are able to dial a number and get the person to answer the phone no matter where they are in the world. It's been helpful and in some ways but in others is really been a distraction and I believe his calls us to be much less productive,9.7,9.7,79.696,1,The ability to text a message is invaluable the person is able to receive the message instantly and respond at their convenience. Has really helped in emergency situations and for those that like to scream your calls,13.435,13.435,16.655,1,Mostly I use my,4.601,8.465,19.155,2,4.126,13.457,16.002,2,Two scroll through social media sites such as Facebook play games and as previously stated I mostly use my smartphone for music streaming,5.901,5.901,37.095,1,Today right about use of technology in personal life,The use of technology having increased for entertainment purposes during the covid-19 pandemic is not really shocking. People are more isolated and the use of technology helps us to feel connected in terms of being able to chat face to face through video. For myself however I don't believe that it's so much has increased in terms of my use of technology for communication purposes. I've always caught my cell phone on a music streaming app and on do not disturb as well so that my music is not interrupted I check my messages periodically throughout the day but I do not like to be available 100% of the time so to speak. I like to answer my calls and my messages on my terms when I'm ready to do so. Otherwise the cell phone was mostly a distraction and decreases my productivity,10.24,187.207,188.731,13,Report and bedside vhecks,Med pass,Round with dr,Order entry,Accuchecks,Meds pass,Documentation,Possibly lunch break ,Documentation/calllights,Accuchecks ,Medpass,Documentation/call lights,Report,Make up excuses when you can't work overtime for the 5th 12hour show ft in a row,It's not our job as nurses to catch ourselves on fire to keep the rest of the world warm,Ot,Ot,Ot,Ot,Ot,Ot,Ot,Ot,Ot,2,1,,,,,,,,,,,,,,,,,,,,,,,,,,,,,,,,,,,,,,,,,,,,,,,,,,,,,,,,,,,,,,,,,,,,,,,,,,,,,,,,,,,,,,,,,,,,,,,,,,,,,,,,Control,66389597-0dea-59f0-f3eb-eac3c9698f92
2024-05-06 04:49:56,2024-05-06 04:51:37,0,26,101,0,2024-05-13 04:51:41,R_7wLdmqK88JWe9Id,,,,,,,anonymous,EN,1,3,,,,,,,,,,,,,,,,,,,,,,,,,,,,,,,,,,,,,,,,,,,,,,,,,,,"7,8",Keeping in touch with people,,,,,,,,,,,,,,,,,,,,,,,,,,,,,,,,,,,,,,,,,,,,,,,,,,,,,,,,,,,,,,,,,,,,,,,,,,,,,,,,,,,,,,,,,,,,,,,,,,,,,,,,,,,,,,,,,,,,,,,,,,,,,,,,,,,,,,,,,,,,,,,,,,,,,,,,,,,,,,,,,,,,,,,,,,,,,Control,6638b567-b6ee-6c3a-24c7-8e2158f4eb03
2024-05-06 06:40:29,2024-05-06 06:47:59,0,16,450,0,2024-05-13 06:48:03,R_3nEizX1X5u69Y1X,,,,,,,anonymous,EN,1,3,,"9,3,5",It is important for the patient to feel that you understand what they are going through in order to build trust ,8.419,23.056,24.426,9,If patients feel that you understand what they are feeling then they will more readily trust you ,5.722,5.722,52.467,1,3.508,61.928,63.076,20,They may fell judged,1.337,5.335,20.19,4,3.613,13.753,35.755,6,If a patient feels like they have a relationship with you and you understand them then they will be more willing to trust you ,10.23,10.23,79.296,1,,,,,,,,,,,,,,,,,,,,,,,,,,,,,,,,,,,,,,,,,,,,,,,,,,,,,,,,,,,,,,,,,,,,,,,,,,,,,,,,,,,,,,,,,,,,,,,,,,,,,,,,,,,,,,,,,,,,,,,,,,,,,,,,,,,,,,,,,,,,,,,,,,,,,,,,,,,,,,,,,,,,,,,,,,,,,,,,,,,,,,,,,,,,,,,,,,,Treatment,6638cee5-6690-a1d3-879a-5f61a8348cba
2024-05-06 07:04:01,2024-05-06 07:05:15,0,23,74,0,2024-05-13 07:05:37,R_1qb5H885OCVf6bl,,,,,,,anonymous,EN,1,5,,,,,,,,,,,,,,,,,,,,,,,,,,,,,,,,,,,,,,,,,,,,,,,,,,,,,,,,,,,,,,,,,,,,,,,,,,,,,,,,,,,,,,,,,,,,,,,,,,,,,,,,,,,,,,,,,,,,,,,,,,,,,,,,,,,,,,,,,,,,,,,,,,,,,,,,,,,,,,,,,,,,,,,,,,,,,,,,,,,,,,,,,,,,,,,,,,,,,,,,,,,,,,,,,,,,,,,,,,,,,,,,,Control,6638d444-eda5-054e-349a-4ac892a0f46d
2024-05-06 04:00:09,2024-05-06 07:58:53,0,40,14324,0,2024-05-13 07:58:58,R_3PTUoLSAkZbnHmF,,,,,,,anonymous,EN,1,3,,,,,,,,,,,,,,,,,,,,,,,,,,,,,,,,,,,,,,,,,,,,,,,,,,,"1,7,8",I use my laptop to complete work related chart notes for patient visits. It is so much easier to complete these tasks on my laptop as opposed to doing it on my mobile device or tablet,4.55,15.887,16.803,6,"I use technology to communicate with family and friends on a daily basis, for fun like when playing games on my phone or when my children and I go to a movie or an arcade room. ",1.541,750.968,942.564,4,4.352,29.128,30.994,22,Technology was the very most important when the pandemic hit and so many of us were not able to see visit members even if they lived close by. Technology allowed us the see each other over video chat and allowed us to talk to each other when we were not able to. ,14.223,58.359,123.354,4,"Living so far away from my children has been hard but with the help of technology we have been able to stay as close as possible even if we do not speak on a daily basis. We are able to send pictures, emails, text messages and videos to let each other know that we are ok and just to say hi and that we miss each other",11.398,11.398,22.484,1,"Music, streaming, and social media",219.575,261.134,274.817,6,0,0,36.726,0,"Listen to music, stream movies and shows, and interact with others on social media platforms",31.924,31.924,119.734,1,I have read about how technology is  used today,,,,,,,,,,,,,,,,,,,,,,,,,,,,,,,,,,,,,,,,,,,,,,,,,,,,,,,,,,,,,,,,,,,,,,,,,,,,,,,,,,,,,,,,,,,,,,,,,,,,,,,,,,,,,,,,,,,,,,,,,,,,,,,,,,,,,,,Control,6638a5a8-93ea-6a49-9e7a-0973981357dc
2024-05-06 08:44:41,2024-05-06 08:54:30,0,48,589,0,2024-05-13 08:54:32,R_3xWQqrVgd9aN3wY,,,,,,,anonymous,EN,1,3,,,,,,,,,,,,,,,,,,,,,,,,,,,,,,,,,,,,,,,,,,,,,,,,,,,"4,7",Use ro communicate with my colleagues ,1.475,7.563,24.09,6,I use it such as social media and a means of communication ,3.287,36.611,37.372,2,1.829,12.244,16.854,4,It allows to speak to persons in other countries without having to pay for a call,10.16,10.16,65.272,1,There is easy access ,25.767,25.767,33.778,1,It watch music videos ,7.173,22.81,23.665,2,12.849,12.849,17.66,1,I use it to keep in contact with others ,7.079,32.608,33.649,2,I read about technology ,Technology breaks down barriers.  So we can communicate and keep abreast of what is happening in other countries ,0.998,98.68,99.86,15,,,,,,,,,,,,,,,,,,,,,,,,,5,3,0,0,4.13,0,,,,,,,,,,,,,,,,,,,,,,,,,,,,,,,,,,,,,,,,,,,,,,,,,,,,,,,,,,,,,,,,,,,,,,,,,,,,,,,,,,,,,,,,,,,,,,,,,,,,Control,6638ebdb-1456-5a1a-96db-c2ca5cb6cbbf
2024-05-06 09:24:28,2024-05-06 09:33:45,0,21,556,0,2024-05-13 09:33:52,R_3969MFtoKSNyoy5,,,,,,,anonymous,EN,1,1,,"7,9,3",I put myself in the position of a layman patient,17.071,17.071,22.838,1,Patients have limited medical knowledge and put their trust in physicians ,6.446,6.446,40.779,1,3.971,3.971,17.714,1,"Fear of costly treatments, prior experience with unsympathetic care givers.",4.457,4.457,42.769,1,12.306,12.306,17.325,1,I have to be aware that each patient is unique.,3.581,3.581,27.919,1,They feel better if they trust that I understand their circumstances ,3.114,3.114,142.958,1,10.718,10.718,17.018,1,I use layman’s term to explain diagnoses and proposed therapies. I tell them my main concern is their benefit.,4.602,4.602,68.503,1,Relationships between physicians and patients.,,,,,,,,,,,,,,,,,,,,,,,,,,,,,,,,,,,,,,,,,,,,,,,,,,,,,,,,,,,,,,,,,,,,,,,,,,,,,,,,,,,,,,,,,,,,,,,,,,,,,,,,,,,,,,,,,,,,,,,,,,,,,,,,,,,,,,,,,,,,,,,,,,,,,,,,,,,,,,,,,,,,,,,,,,,,,,,,,,,,Treatment,6638f58a-40f1-959b-7c4a-12be94f51099
2024-05-06 10:24:00,2024-05-06 10:29:43,0,9,342,0,2024-05-13 10:29:44,R_3E7k01dadZIXVqR,,,,,,,anonymous,EN,1,3,,"7,4,5","I always spend time every evening before bed, reflecting on my day. I try to decide if everything that i did was good for me and how i could improve, if not.",30.031,30.031,46.666,1,,,,,,,,,,,,,,,,,,,,,,,,,,,,,,,,,,,,,,,,,,,,,,,,,,,,,,,,,,,,,,,,,,,,,,,,,,,,,,,,,,,,,,,,,,,,,,,,,,,,,,,,,,,,,,,,,,,,,,,,,,,,,,,,,,,,,,,,,,,,,,,,,,,,,,,,,,,,,,,,,,,,,,,,,,,,,,,,,,,,,,,,,,,,,,,,,,,,,,,,,,,,,,,,,,,,,,,,,,Treatment,6639027c-036e-8e9c-fbb3-c6ed359ddf81
2024-05-06 10:41:12,2024-05-06 10:42:10,0,3,57,0,2024-05-13 10:42:22,R_1pfqRWdKAmdEvjE,,,,,,,anonymous,EN,1,3,,"9,3,5",,,,,,,,,,,,,,,,,,,,,,,,,,,,,,,,,,,,,,,,,,,,,,,,,,,,,,,,,,,,,,,,,,,,,,,,,,,,,,,,,,,,,,,,,,,,,,,,,,,,,,,,,,,,,,,,,,,,,,,,,,,,,,,,,,,,,,,,,,,,,,,,,,,,,,,,,,,,,,,,,,,,,,,,,,,,,,,,,,,,,,,,,,,,,,,,,,,,,,,,,,,,,,,,,,,,,,,,,,,,,,,Treatment,663907a9-6911-aaa3-48cf-8b860729e2b6
2024-05-06 09:34:37,2024-05-06 11:14:05,0,30,5968,0,2024-05-13 11:16:17,R_3cY5f57fqbfwUYm,,,,,,,anonymous,EN,1,3,,,,,,,,,,,,,,,,,,,,,,,,,,,,,,,,,,,,,,,,,,,,,,,,,,,"6,7,8",Wanted to accomplish seeing my family in Pennsylvania.Face Time works fine.,7.24,18.165,19.051,7,"Computer at work for charting about clients; cellphone for personal use ( messages, etc).",95.273,95.725,180.455,2,,,,,,,,,,,,,,,,,,,,,,,,,,,,,,,,,,,,,,,,,,,,,,,,,,,,,,,,,,,,,,,,,,,,,,,,,,,,,,,,,,,,,,,,,,,,,,,,,,,,,,,,,,,,,,,,,,,,,,,,,,,,,,,,,,,,,,,,,,,,,,,,,,,,,,,,,,,,,,,,,,,,Control,6638f3e4-5904-75a3-73ae-c3d6162c85b2
2024-05-06 12:41:39,2024-05-06 12:41:47,0,1,8,0,2024-05-13 12:41:48,R_3dX4aOD7sXOCEEG,,,,,,,anonymous,EN,,,,,,,,,,,,,,,,,,,,,,,,,,,,,,,,,,,,,,,,,,,,,,,,,,,,,,,,,,,,,,,,,,,,,,,,,,,,,,,,,,,,,,,,,,,,,,,,,,,,,,,,,,,,,,,,,,,,,,,,,,,,,,,,,,,,,,,,,,,,,,,,,,,,,,,,,,,,,,,,,,,,,,,,,,,,,,,,,,,,,,,,,,,,,,,,,,,,,,,,,,,,,,,,,,,,,,,,,,,,,,,,,,,,6636e398-1696-1ed3-8783-d59acffbffe4
2024-05-06 12:50:39,2024-05-06 12:51:33,0,26,54,0,2024-05-13 12:51:36,R_1QUdSGN3mtprwg9,,,,,,,anonymous,EN,1,3,,,,,,,,,,,,,,,,,,,,,,,,,,,,,,,,,,,,,,,,,,,,,,,,,,,"2,7",Charting ,,,,,,,,,,,,,,,,,,,,,,,,,,,,,,,,,,,,,,,,,,,,,,,,,,,,,,,,,,,,,,,,,,,,,,,,,,,,,,,,,,,,,,,,,,,,,,,,,,,,,,,,,,,,,,,,,,,,,,,,,,,,,,,,,,,,,,,,,,,,,,,,,,,,,,,,,,,,,,,,,,,,,,,,,,,,,Control,663925d4-bcc1-d374-b91c-0cb0fd00d061
2024-05-06 12:58:01,2024-05-06 12:58:50,0,24,48,0,2024-05-13 12:58:53,R_2LOkOAKyJAUcjea,,,,,,,anonymous,EN,1,3,,,,,,,,,,,,,,,,,,,,,,,,,,,,,,,,,,,,,,,,,,,,,,,,,,,"1,7,8",,,,,,,,,,,,,,,,,,,,,,,,,,,,,,,,,,,,,,,,,,,,,,,,,,,,,,,,,,,,,,,,,,,,,,,,,,,,,,,,,,,,,,,,,,,,,,,,,,,,,,,,,,,,,,,,,,,,,,,,,,,,,,,,,,,,,,,,,,,,,,,,,,,,,,,,,,,,,,,,,,,,,,,,,,,,,,Control,66392784-6cc8-97e8-51e0-9375615e94a5
2024-05-06 13:22:15,2024-05-06 13:35:35,0,51,799,0,2024-05-13 13:35:38,R_2HqsB2kMpvoMxjR,,,,,,,anonymous,EN,1,3,,"9,3,6",Empathy is super important. We often lose sight of a patients thoughts and feelings. ,6.313,20.021,21.401,11,It helps you to remain focused and keep your own feelings in check. ,6.798,36.924,37.5,3,0,0,16.202,0,They are often scared and don't want to come across as uneducated. ,3.901,30.435,31.001,2,0,0,31.301,0,It helps to prevent misunderstandings and negative outcomes. ,4.301,32.374,32.901,2,It makes them place greater trust in their provider. ,6.192,27.317,27.877,2,0,0,27.379,0,It strengthens the trust and the patient provider bond. Patients are less likely to skip appointments.,13.239,54.853,55.401,2,I read about patient and provider perspectives. ,I am placing my trust in the knowledge and training you have within your field. This is a scary uncertain time for me but with open communication we can have a positive experience. ,1.645,132.679,133.301,10,,,,,,,,,,,,,,,,,,,,,,,,,,,,,,,,,,,,,,,,,,,,,,Bed change,Change of staff,Bed change,Bed meds,Bed meds,Meal,Mealbwd,Bed meds,Bed change,Change meds,Chart meds,Chart meds,Shift change,,,,,,,,,,,,5,2,0,0,4.057,0,1.869,18.6,30.099,4,,,,,,,,,,,,,,,,,,,,,,,,,,,,,,,,,,,,,,,,,,,,,,,,,,,,,,,,,,,,,,,,,,,,,,,,,,,,,,,,,,,,,,,,,,,,,,,,Treatment,66392cec-5e94-165e-f939-342cbed549c0
2024-05-06 15:25:57,2024-05-06 15:47:27,0,51,1290,0,2024-05-13 15:47:29,R_17e73GajYQefPKF,,,,,,,anonymous,EN,1,3,,"7,9,4","The US is multicultural so it is important for me to be sensitive to patients’ feelings and thoughts in relation to their background. Empathy is an inherent part of nursing. Without it, it would be hard to care for others.",2.999,15.236,18.467,8,"it is important to see their perspectives to know where someone is coming from, why they do the things they do.",3.038,33.255,85.335,5,0,0,15.952,0,they don’t trust the healthcare provider yet,2.696,27.87,40.823,2,0,0,16.085,0,It helps me to better give care by knowing what the patients really think or feel.,5.083,6.822,35.652,2,They feel that they can rely on the healthcare provider so they are more open and are willing to participate in their own care.,2.887,2.887,41.197,1,0,0,16.471,0,Patient outcomes are better and they are more willing to follow up with their care.,25.613,25.613,107.94,1,This was all about patient care and how being more understanding and empathetic can be beneficial.,It would be very helpful to be more empathetic. Patient-centered care involves being more empathetic and seeing the patient’s perspective. It helps continuity of care because they are likely to follow up with their care.,1.781,314.918,315.79,42,,,,,,,,,,,,,,,,,,,,,,,,,,,,,,,,,,,,,,,,,,,,,,,,Injections start.,,,,,,,,,,,,,,,,,,,,Injections end.,,4,6,0,0,4.014,0,3.637,15.107,30.023,4,,,,,,,,,,,,,,,,,,,,,,,,,,,,,,,,,,,,,,,,,,,,,,,,,,,,,,,,,,,,,,,,,,,,,,,,,,,,,,,,,,,,,,,,,,,,,,,,Treatment,66394a1a-d4e0-88c7-4fab-3bc8f568bf9f
2024-05-06 16:24:08,2024-05-06 16:26:33,0,6,145,0,2024-05-13 16:26:35,R_5LnSgV5cA0z6VGe,,,,,,,anonymous,EN,1,3,,"2,3,4",It is important to take a holistic approach when treating a person. You can’t give accurate treatment with only one piece of the story. A person who is depressed may have all physical ailments and never have their depression ever called into question or treated. ,,,,,,,,,,,,,,,,,,,,,,,,,,,,,,,,,,,,,,,,,,,,,,,,,,,,,,,,,,,,,,,,,,,,,,,,,,,,,,,,,,,,,,,,,,,,,,,,,,,,,,,,,,,,,,,,,,,,,,,,,,,,,,,,,,,,,,,,,,,,,,,,,,,,,,,,,,,,,,,,,,,,,,,,,,,,,,,,,,,,,,,,,,,,,,,,,,,,,,,,,,,,,,,,,,,,,,,,,,,,,,Treatment,663957ab-affe-0df9-2896-dac5aae5a344
2024-05-06 15:48:49,2024-05-06 16:41:26,0,82,3157,0,2024-05-13 16:41:31,R_2duzIioBxvmNk4e,,,,,,,anonymous,EN,1,3,,,,,,,,,,,,,,,,,,,,,,,,,,,,,,,,,,,,,,,,,,,,,,,,,,,"2,5,7",Used tablet to film myself stripping and putting out there,110.083,110.083,110.9,1,"I use it to make extra money by doing surveys.
",11.101,62.93,65.403,10,8.726,12.32,40.838,3,"When I did not pay my phone bill. I had to use an app on my computer that I got from play store text now,
.",15.1,15.1,86.1,1,My goal was to be able to contact others and others to myself with good results.,114.963,114.963,115.54,1,I look at porn. I also film me and my bf having sex.,6.887,6.887,41.4,1,5.525,5.525,63.36,1,"I play games on my computer 
. I watch other people's channels.",17.221,18.003,42.867,2,How I used technology in different situations ,"I wanted to share with you and others my own personal positive and not so positive experience with the new technology that is out now in this planet we all have been calling Earth. For a good example here you and I are two worlds apart from one another, and here we are able to communicate on a computer or what have you just as if we were in the same room together. I can see you on video live, as well as you me. Pretty amazing huh? That my friend is of course my positive experience. Now, the Debbie downer experience is very few times the internet has been down. Nothing, unable to use, this causes major setbacks in work, personal, life.  But anyways my dear friend, I am so happy to have this chance to meet you and talk about this. Much love..",76.101,548.557,549.467,8,Report,Check in with my pts,Meds,Treatments ,Meds and fingersticks,Lunch ,More meds,Labs to be drawn,Report any labs that are abnormal,Chart on patients,New admissions,Verify new admits orders,Charting ,Report to oncoming nurse,Off unit but charting until ,Charting,Home,Eat dinner at home,Watch tv,Try to sleep,Alarm goes off ,Back to work ,Report to nurse ,Called in early,4,6,0,0,4.125,0,0,0,30.041,0,7.678,10.9,15.029,5,7,"7,8",52,0,0,15.029,0,4,5,5,5,5,4,1,3,3,5,3,3,"6,8",75,pt stated no relief from pain from prior visit but also admits has not followed the recommended treatment plan that we both agreed upon on our last visit. New orders written for pain and pt stated an understanding.,0,0,15.129,0,5,5,3,1,5,4,4,3,1,5,3,2,I would suggest he see a physical therapist ,"Pt remains unmotivated and uncooperative with care. At this time I feel there is nothing more on my end that I can do, will have Dave see physical therapist and have some x-rays done",2,5,1,2,1,4,4,4,4,,,,,,,,,,,,,,,,,,,,,,,,,,,,,,,,,,,,,,,,,,,Control,66394c2b-5c5e-fd1d-ca25-9ec8dcb9d252
2024-05-06 17:04:35,2024-05-06 17:06:30,0,26,114,0,2024-05-13 17:06:37,R_5cp3Ty6lne1tF97,,,,,,,anonymous,EN,1,3,,,,,,,,,,,,,,,,,,,,,,,,,,,,,,,,,,,,,,,,,,,,,,,,,,,"4,5,8",Facebook ,,,,,,,,,,,,,,,,,,,,,,,,,,,,,,,,,,,,,,,,,,,,,,,,,,,,,,,,,,,,,,,,,,,,,,,,,,,,,,,,,,,,,,,,,,,,,,,,,,,,,,,,,,,,,,,,,,,,,,,,,,,,,,,,,,,,,,,,,,,,,,,,,,,,,,,,,,,,,,,,,,,,,,,,,,,,,Control,663961ac-ce9e-55bb-6c63-5fd2b721a496
2024-05-06 17:20:23,2024-05-06 17:20:52,0,3,29,0,2024-05-13 17:20:54,R_18MPnW2Ajv4bZUR,,,,,,,anonymous,EN,1,5,,5,,,,,,,,,,,,,,,,,,,,,,,,,,,,,,,,,,,,,,,,,,,,,,,,,,,,,,,,,,,,,,,,,,,,,,,,,,,,,,,,,,,,,,,,,,,,,,,,,,,,,,,,,,,,,,,,,,,,,,,,,,,,,,,,,,,,,,,,,,,,,,,,,,,,,,,,,,,,,,,,,,,,,,,,,,,,,,,,,,,,,,,,,,,,,,,,,,,,,,,,,,,,,,,,,,,,,,,,,,,,,,,Treatment,6639651c-ca6b-b0fa-4034-5ef72cf53bc5
2024-05-06 17:50:49,2024-05-06 17:54:01,0,24,192,0,2024-05-13 17:54:04,R_3iW12sesdviOjvL,,,,,,,anonymous,EN,1,3,,,,,,,,,,,,,,,,,,,,,,,,,,,,,,,,,,,,,,,,,,,,,,,,,,,"1,7",,,,,,,,,,,,,,,,,,,,,,,,,,,,,,,,,,,,,,,,,,,,,,,,,,,,,,,,,,,,,,,,,,,,,,,,,,,,,,,,,,,,,,,,,,,,,,,,,,,,,,,,,,,,,,,,,,,,,,,,,,,,,,,,,,,,,,,,,,,,,,,,,,,,,,,,,,,,,,,,,,,,,,,,,,,,,,Control,66396ae1-b7a6-02af-2fed-7f0a2a43d797
2024-05-06 19:49:29,2024-05-06 19:54:02,0,33,272,0,2024-05-13 19:54:08,R_2nIuo9pKdyBDgFP,,,,,,,anonymous,EN,1,1,,,,,,,,,,,,,,,,,,,,,,,,,,,,,,,,,,,,,,,,,,,,,,,,,,,"1,7,8",I use a laptop computer for viewing and saving family photos.,8.24,13.714,22.856,6,I use Facebook to keep in touch with family and friends and a laptop computer to check email.,4.944,4.944,40.57,1,2.447,15.37,16.1,5,We started having annual video chats with members of my extended family. We would otherwise not be able to all meet at the same time and in the same place.,6.582,6.582,55.221,1,,,,,,,,,,,,,,,,,,,,,,,,,,,,,,,,,,,,,,,,,,,,,,,,,,,,,,,,,,,,,,,,,,,,,,,,,,,,,,,,,,,,,,,,,,,,,,,,,,,,,,,,,,,,,,,,,,,,,,,,,,,,,,,,,,,,,,,,,,,,,,,,,,,,,,,,,,,Control,66398791-207f-4c0a-41e4-571b6170fecf
2024-05-06 20:15:22,2024-05-06 20:30:29,0,64,906,0,2024-05-13 20:30:32,R_50AcAz8z4ODpSqY,,,,,,,anonymous,EN,1,3,,"7,9,2",I believe it’s important to have empathy for each other because we often don’t know what each other is going through. When you’ve gone through something difficult yourself and can relate to that patient it often gives you more empathy for them ,7.181,16.03,16.055,8,We need to understand why people do what they do to get to the root cause and help them heal ,3.231,23.895,24.62,2,4.394,15.234,16.118,7,"I think this is because they may not understand what’s going on, they need more time to process the circumstances, they don’t want to sound dumb, or they don’t want to question the doctors authority ",2.612,2.612,54.17,1,5.354,15.504,16.847,4,If you understand where your patient is coming from you can give them more personalized recommendations and even change outcomes more positively because you’re addressing them as an individual. Not just a textbook answer ,3.833,3.833,51.321,1,They patient will feel seen and heard and probably receive better treatment ,2.631,2.631,18.618,1,0,0,24.841,0,I think it helps build a trusting relationship because they feel you’re on their side ,1.406,1.406,29.168,1,Caring for patients,I think it’s important to empathize with our patients and meet them where they’re at. Everyone is different and it’s going to be different for each person with the same problem. I think if we try to see from their perspective it will build trust and help them feel seen and heard. This is critical to establish a relationship.  ,1.899,39.129,138.28,8,,,,,,,,,,,,,,,,,,,,,,,,,,,,,,,,,,,,,,,,,,,,,,,,Got to work and prepared for my first patient. ,Took care of my first patient.,Had another patient ,Has another patient ,Had another patient ,Waited for a patient ,Had my last patient,Left work ,,,,,,,,,,,,,,,2,1,0,0,4.013,0,3.749,27.387,30.087,13,3.885,14.969,15.009,17,7,"2,5",66,10.345,14.961,15.017,11,4,4,4,3,4,3,3,3,3,4,3,3,"2,6",100,,,,,,,,,,,,,,,,,,,,,,,,,,,,,,,,,,,,,,,,,,,,,,,,,,,,,,,,,,,,,,,,,,,,,,,Treatment,66398dff-3bc8-7348-251c-e8b8a5a4a340
2024-05-04 16:23:01,2024-05-06 20:44:47,0,3,188506,0,2024-05-13 20:44:54,R_1ONAKxHuXpsQRl9,,,,,,,anonymous,EN,1,3,,"7,9,2,3,4,5,6",,,,,,,,,,,,,,,,,,,,,,,,,,,,,,,,,,,,,,,,,,,,,,,,,,,,,,,,,,,,,,,,,,,,,,,,,,,,,,,,,,,,,,,,,,,,,,,,,,,,,,,,,,,,,,,,,,,,,,,,,,,,,,,,,,,,,,,,,,,,,,,,,,,,,,,,,,,,,,,,,,,,,,,,,,,,,,,,,,,,,,,,,,,,,,,,,,,,,,,,,,,,,,,,,,,,,,,,,,,,,,,Treatment,6636b483-437e-e3c0-93ac-5dcf0bb44dd4
2024-05-07 01:01:24,2024-05-07 01:06:19,0,37,295,0,2024-05-14 01:06:22,R_72jINqFNWGrmjmx,,,,,,,anonymous,EN,1,3,,,,,,,,,,,,,,,,,,,,,,,,,,,,,,,,,,,,,,,,,,,,,,,,,,,"1,2,4,5,6,7,8",I use my smartphone for everyday purposes. I used my tablet and laptop to further my education. ,15.536,15.536,16.575,1,I use it for research and streaming services. ,2.198,2.198,21,1,5.617,9.093,16.942,4,To video chat my family and friends that live out of state. ,2.039,15.9,37.898,4,I use these devices for research and streaming services. I videoed my family that lives out of state. ,11.068,15.907,17.478,2,I use technology for entertainment by using streaming services for music and movies and shows. ,3,3,29.997,1,,,,,,,,,,,,,,,,,,,,,,,,,,,,,,,,,,,,,,,,,,,,,,,,,,,,,,,,,,,,,,,,,,,,,,,,,,,,,,,,,,,,,,,,,,,,,,,,,,,,,,,,,,,,,,,,,,,,,,,,,,,,,,,,,,,,,,,,,,,,,,,,,Control,6639d0db-f101-cf04-0fd6-bb8e304400b7
2024-05-07 02:04:23,2024-05-07 02:08:41,0,18,258,0,2024-05-14 02:08:45,R_7svpPCa4mB74vfz,,,,,,,anonymous,EN,1,3,,"9,3",I think it is important to be able to understand your patients. This helps care for them properly.,0,0,19.143,0,It helps you relate to them. Also gives understanding and compassion,0.897,0.897,31.824,1,0,0,15.833,0,They don't want to know the answers sometimes. They could even be untrusting.,2.469,2.469,34.231,1,0,0,15.662,0,It helps to know where or when to refer them,5.5,5.5,25.995,1,If their care is centered around them they will have a more positive experience ,1.5,1.5,32.337,1,,,,,,,,,,,,,,,,,,,,,,,,,,,,,,,,,,,,,,,,,,,,,,,,,,,,,,,,,,,,,,,,,,,,,,,,,,,,,,,,,,,,,,,,,,,,,,,,,,,,,,,,,,,,,,,,,,,,,,,,,,,,,,,,,,,,,,,,,,,,,,,,,,,,,,,,,,,,,,,,,,,,,,,,,,,,,,,,,,,,,,,,,,,,,,Treatment,6639dfcf-73e0-c86b-4bf1-4e6f2fe9f81f
2024-05-07 02:18:57,2024-05-07 02:19:16,0,1,19,0,2024-05-14 02:19:20,R_1oJ5gdEs7bFj5S1,,,,,,,anonymous,EN,,,,,,,,,,,,,,,,,,,,,,,,,,,,,,,,,,,,,,,,,,,,,,,,,,,,,,,,,,,,,,,,,,,,,,,,,,,,,,,,,,,,,,,,,,,,,,,,,,,,,,,,,,,,,,,,,,,,,,,,,,,,,,,,,,,,,,,,,,,,,,,,,,,,,,,,,,,,,,,,,,,,,,,,,,,,,,,,,,,,,,,,,,,,,,,,,,,,,,,,,,,,,,,,,,,,,,,,,,,,,,,,,,,,6639e232-ca0b-d8cb-a1bb-4dcf7ec59118
2024-05-07 05:56:49,2024-05-07 06:04:29,0,35,459,0,2024-05-14 06:04:56,R_2kTChP81okIXLbP,,,,,,,anonymous,EN,1,3,,,,,,,,,,,,,,,,,,,,,,,,,,,,,,,,,,,,,,,,,,,,,,,,,,,"2,5,6","i use it any many ways to contact loved ones , to listen to music , to write down important things in my notes etc",9.169,17.079,17.736,12,"to scroll on social media , to keep notes , to educate myself and to be entertained or some out of many ways i use technology ",2.48,2.48,44.18,1,0,0,55.741,0,when i needed to reach someone as soon as possible my phone was rigbt there,9.98,9.98,41.546,1,i was able to reach my loved ones easier and quicker ,0,0,45.805,0,,,,,,,,,,,,,,,,,,,,,,,,,,,,,,,,,,,,,,,,,,,,,,,,,,,,,,,,,,,,,,,,,,,,,,,,,,,,,,,,,,,,,,,,,,,,,,,,,,,,,,,,,,,,,,,,,,,,,,,,,,,,,,,,,,,,,,,,,,,,,,,,,,,,,,Control,663a166d-c0d9-dafc-b310-c30f0af3391d
2024-05-07 06:02:40,2024-05-07 06:12:22,0,13,582,0,2024-05-14 06:12:43,R_2D8gNzYhYac51Me,,,,,,,anonymous,EN,1,3,,"9,2,3",Empathy is most important so you can try to understand what a patient is feeling and anticipate their needs ,0,0,227.436,0,To understand what they think about healthcare and how they treat themselves ,10.748,10.748,42.567,1,0,0,98.317,0,"Fears of being judged, feeling helpless, afraid of being treated differently",2.719,2.719,35.556,1,,,,,,,,,,,,,,,,,,,,,,,,,,,,,,,,,,,,,,,,,,,,,,,,,,,,,,,,,,,,,,,,,,,,,,,,,,,,,,,,,,,,,,,,,,,,,,,,,,,,,,,,,,,,,,,,,,,,,,,,,,,,,,,,,,,,,,,,,,,,,,,,,,,,,,,,,,,,,,,,,,,,,,,,,,,,,,,,,,,,,,,,,,,,,,,,,,,,,,,,,,,,Treatment,663a17aa-daa0-2e93-5034-3b82150723f8
2024-05-07 07:53:38,2024-05-07 08:12:21,0,48,1122,0,2024-05-14 08:12:24,R_2y7x8bn4QA3clPo,,,,,,,anonymous,EN,1,1,,,,,,,,,,,,,,,,,,,,,,,,,,,,,,,,,,,,,,,,,,,,,,,,,,,8,Great ,3.418,17.93,19.658,10,Everything ,1.098,5.428,9.741,3,2.761,2.761,17.062,1,Social media ,37.374,37.374,51.588,1,Good,0,0,61.625,0,Better way of living and income ,55.6,55.6,69.162,1,1.31,1.31,45.262,1,Laptop,18.762,18.762,28.69,1,This survey,I love it,0.777,11.163,11.992,4,0,0,0,0,0,0,0,0,0,0,0,1,0,0,0,0,0,0,1,0,0,0,0,0,2,3,0,0,4.184,0,,,,,,,,,,,,,,,,,,,,,,,,,,,,,,,,,,,,,,,,,,,,,,,,,,,,,,,,,,,,,,,,,,,,,,,,,,,,,,,,,,,,,,,,,,,,,,,,,,,,Control,663a3200-264f-e4af-b906-b686cd5ad6bb
2024-05-07 08:08:12,2024-05-07 08:34:24,0,33,1572,0,2024-05-14 08:34:29,R_7tbOnLb3sWs6sXx,,,,,,,anonymous,EN,1,3,,,,,,,,,,,,,,,,,,,,,,,,,,,,,,,,,,,,,,,,,,,,,,,,,,,"1,7","I use laptop to read my emails, do online continuing education, shop, look up recipes and other information.",1.357,13.641,18.108,2,"to communicate with others, for education,shopping and general information",4.378,4.378,46.262,1,0,0,29.9,0,was able to zoom for meeting when unable to be present in person,7.655,53.033,53.996,2,,,,,,,,,,,,,,,,,,,,,,,,,,,,,,,,,,,,,,,,,,,,,,,,,,,,,,,,,,,,,,,,,,,,,,,,,,,,,,,,,,,,,,,,,,,,,,,,,,,,,,,,,,,,,,,,,,,,,,,,,,,,,,,,,,,,,,,,,,,,,,,,,,,,,,,,,,,Control,663a34b9-23db-8677-9a95-095db49cf315
2024-05-07 10:21:32,2024-05-07 10:24:53,0,1,200,0,2024-05-14 10:24:55,R_1sgcZj5ZAj8NdlE,,,,,,,anonymous,EN,,,,,,,,,,,,,,,,,,,,,,,,,,,,,,,,,,,,,,,,,,,,,,,,,,,,,,,,,,,,,,,,,,,,,,,,,,,,,,,,,,,,,,,,,,,,,,,,,,,,,,,,,,,,,,,,,,,,,,,,,,,,,,,,,,,,,,,,,,,,,,,,,,,,,,,,,,,,,,,,,,,,,,,,,,,,,,,,,,,,,,,,,,,,,,,,,,,,,,,,,,,,,,,,,,,,,,,,,,,,,,,,,,,,663a53b1-c72e-a37d-1fe8-8c503fd0aab9
2024-05-07 11:35:25,2024-05-07 11:45:20,0,76,595,0,2024-05-14 11:45:24,R_5r36IL1U6vt8I7O,,,,,,,anonymous,EN,1,1,,"7,9,5",.,3.541,15.842,17.296,9,…,1.166,1.964,6.969,3,1.42,6.051,22.306,6,…,13.496,13.496,15.001,1,2.547,2.547,19.216,1,…,0.792,4.586,5.74,4,_.>?zhh,1.723,1.723,5.6,1,6.331,14.632,16.286,3,..&.:@9.,0.757,0.757,5.787,1,..,LFMSIFNEIDNEIDMEIDNAKRUALLMDOASIFNSOLMFAISIDJSIRNE,0.812,13.552,14.393,6,,,,,,,,,,,,,,,,,,,,,,,,,,,,,,,,,,,,,,,,,,,,,,A,,,,,,,,,Fjdj,,,,,,,,,,,,Djdjend,,,1,1,0.496,2.668,4.013,2,5.209,12.11,30.163,9,2.631,14.008,15.096,9,7,"3,4",51,11.251,11.251,15.02,1,4,,5,5,5,3,3,3,3,3,3,3,"7,8",68,…,0,0,15.021,0,1,5,5,5,5,,5,5,5,,5,5,Let him die ,…,8,,,,,,,,,,,,,,,,,,,,,,,,,,,,,,,,,,,,,,,,,,,,,,,,,,,Treatment,663a65eb-6652-f179-4f1c-32d114bf102a
2024-05-07 12:27:45,2024-05-07 12:30:35,0,9,170,0,2024-05-14 12:30:37,R_5dPQmSAvLIUDvR7,,,,,,,anonymous,EN,1,3,,"9,3,4",You have to understand where the patient is in their healthcare journey ,3.221,31.825,32.621,5,,,,,,,,,,,,,,,,,,,,,,,,,,,,,,,,,,,,,,,,,,,,,,,,,,,,,,,,,,,,,,,,,,,,,,,,,,,,,,,,,,,,,,,,,,,,,,,,,,,,,,,,,,,,,,,,,,,,,,,,,,,,,,,,,,,,,,,,,,,,,,,,,,,,,,,,,,,,,,,,,,,,,,,,,,,,,,,,,,,,,,,,,,,,,,,,,,,,,,,,,,,,,,,,,,,,,,,,,,Treatment,663a721b-c5cd-d14d-0d71-502336c1ff5a
2024-05-07 14:05:01,2024-05-07 14:05:11,0,1,10,0,2024-05-14 14:05:13,R_56AyvwwBvUfyKjf,,,,,,,anonymous,EN,,,,,,,,,,,,,,,,,,,,,,,,,,,,,,,,,,,,,,,,,,,,,,,,,,,,,,,,,,,,,,,,,,,,,,,,,,,,,,,,,,,,,,,,,,,,,,,,,,,,,,,,,,,,,,,,,,,,,,,,,,,,,,,,,,,,,,,,,,,,,,,,,,,,,,,,,,,,,,,,,,,,,,,,,,,,,,,,,,,,,,,,,,,,,,,,,,,,,,,,,,,,,,,,,,,,,,,,,,,,,,,,,,,,663a890f-cde7-dd83-6021-4dcf16b2a154
2024-05-07 20:37:49,2024-05-07 21:45:56,0,10,4087,0,2024-05-14 21:46:01,R_1yl8LqH6Al0QSiG,,,,,,,anonymous,EN,1,3,,"7,9,5",I feel empathy even if i don't understand or agree because its about them. Commitment means I'm here. We get along better when we realize we all have different backgrounds with some common ground most of the time.,0,0,453.618,0,"Mainly because it's about them, so you must learn to listen and observe them so you can see what they are saying and feeling.",47.923,144.535,2820.334,2,,,,,,,,,,,,,,,,,,,,,,,,,,,,,,,,,,,,,,,,,,,,,,,,,,,,,,,,,,,,,,,,,,,,,,,,,,,,,,,,,,,,,,,,,,,,,,,,,,,,,,,,,,,,,,,,,,,,,,,,,,,,,,,,,,,,,,,,,,,,,,,,,,,,,,,,,,,,,,,,,,,,,,,,,,,,,,,,,,,,,,,,,,,,,,,,,,,,,,,,,,,,,,,,,,,,,Treatment,663ae22b-83a4-0bdc-5382-20a9ec480d05