StartDate,EndDate,Status,Progress,Duration..in.seconds.,Finished,RecordedDate,ResponseId,RecipientLastName,RecipientFirstName,RecipientEmail,ExternalReference,LocationLatitude,LocationLongitude,DistributionChannel,UserLanguage,screener1,screener2,screener2_7_TEXT,valuesTreatment,valuesOpenTreatment_3,ypTreatment1,ypTreatment2,ypTreatment3a,ypTreatment3b,ypTreatment4,manipCheckOpen_T,sayingTreatment,valuesControl,valuesOpenControl_1,ypControl1,ypControl2a,ypControl2b,ypControl3,ypControl4,manipCheckOpen_C,sayingControl,dayDetail_1,dayDetail_4,dayDetail_5,dayDetail_6,dayDetail_7,dayDetail_8,dayDetail_9,dayDetail_10,dayDetail_11,dayDetail_12,dayDetail_14,dayDetail_15,dayDetail_16,dayDetail_18,dayDetail_19,dayDetail_20,dayDetail_21,dayDetail_22,dayDetail_23,dayDetail_24,dayDetail_25,dayDetail_26,dayDetail_27,dayDetail_28,manipCheck2,manipCheck1,severe,moveForwardOpen,ladder_Patient,insurance_Patient,income_Patient,ed_Patient,manipCheckName,sdoh1,sdoh2,culturalCompetancy1,culturalCompetancy2,PFI1_1,PFI1_2,PFI1_3,PFI1_4,PFI1_5,PFI1_6,PFI2_1,PFI2_2,PFI2_3,PFI2_4,PFI3_1,PFI3_2,PFI3_3,PFI3_4,PFI3_5,PFI3_6,petition1,petition2,donation_1,donation_2,yearsWork_1,specialty,jobTitle,yearsWorkCurrent_1,workWhere,workInsurancePercent_1,edOwn,trainingDegree,trainingWhere,trainingWhere_US,trainingWhere_notUS,age,gender,gender_5_TEXT,race,race_6_TEXT,race_7_TEXT,ladder,politics,income,edFather,edMother,Condition,aid,treatRecode1_1,treatRecode2_1,treatRecode1_2,treatRecode2_2,strike,treat1,treat2,treatSum,treatAvg,treatmentDose,frustrating,initiative,honest,exaggerate,deserve,difficult,givingUp,lazy,motivated,healthImproves,intelligent,attributions,notes
2024-05-01 14:21:44,2024-05-01 15:25:25,0,100,3820,1,2024-05-01 15:25:26,R_7komjDtb8qr0Zts,,,,,41.6325,-81.4034,anonymous,EN,1,3,,"7,3,5",It is imperative to know the differences in medicine and how it can be treated across different cultures. Even the way in which someone from a different culture will perceive and react to certain criteria and protocols taken to protect the patient. ,"It’s important because my way may not be the patient’s way. What I mean by that is my way of care can be different than the quality or type of care a patient expects or is accustomed to. It’s important to know how comfortable a patient is with touch, with eye contact, with a direct approach or a more soft approach. We all take in and process information differently, and we all need to be respectful of our patient’s needs. ","In my experience some patients feel less than when they don’t have insurance or have Medicare. It’s important for a patient to have agency. To feel like they are the ones making the decisions, and the healthcare providers are the ones making the recommendations. Patients with a lack of insurance ask the least amount of questions. It’s crucial to know when this happens and make every patient, regardless of their ability to pay, feel they are going to be taken care of and just as important as the next patient. ","Taking a perspective from the previous model I just read I would like to say that understanding and having knowledge of your patient’s lifestyle, work and home life is so important. When a patient feels understood, they are more open and more receptive to recommendations. ",Understanding a patient’s perspective has a positive influence on the patient because they feel heard and seen. They may feel as if the health care provider is a friend and feel safer with any recommendations given. ,"I find when I can give goals that are simple and easy to comprehend, the patient feels as if it’s the first step in taking control over their health. It’s always important to find out what the patient wants to happen or what actionable goal they desire and then set up ways for them to do that. In order to get to step C, we must do A and B first. ",Today I read about the patient’s perspective when it comes to their health care provider. ,"It is of the utmost importance that you look at and treat your patient as a family member or as someone looking into the mirror. Yes, YOU. Treat your patients how you expect and want to be treated. 

Learn who they are, not just their diseases or maladies. Learn about what makes them happy and what kind of lifestyle they have. Learn about help they have or may not have. Keep in mind that you are not just a number to your patient, and your patient should never be just a number to you. 

Some patients are easy and malleable. However, there will be times when your patience is tested. Good! How you treat the patient in these trying times speaks to who you are as a medical professional. You’ll notice that I didn’t say what you are as a medical professional. That’s because you are a human being; not a what, but a who. Treat every patient with that in mind and it will make all the difference. ",,,,,,,,,,Receive reports on patients ,Met patients and did head to toe body assessments ,Check blood sugar for diabetic patients ,"Administer medications, charting, follow Dr. Orders ","Draw ordered labs, call dr’s with patient issues, charting ",Discharge patients ,Admit new patie,Do the same from 7 am to end of day,,,,,,,,,,,,,,,,,1,2,8,I would ask him to come in for continuing care and get a more detailed profile of what is happening in his life and how we can better assist his health. ,5,3,3,3,1,5,5,5,5,4,5,4,4,5,5,2,3,2,2,1,1,1,1,1,1,1,1,80,20,13,RN,RN,10,,60,3,Bachelor of Science,1,22,,33,2,,1,,,8,4,5,4,4,Treatment,6632a2ca-51f2-44db-f437-077ac2e62b90,2,2,2,2,1,5,6,4,2,86,5,4,5,1,5,2,1,1,5,5,5,5,"Dave is in a high level of pain after 3 weeks
Dave did not follow Dr’s suggestions
Dave’s schedule makes it difficult for him to follow the prescribed treatment plan"
2024-05-01 14:21:44,2024-05-01 15:25:25,0,100,3820,1,2024-05-01 15:25:26,R_7komjDtb8qr0Zts,,,,,41.6325,-81.4034,anonymous,EN,1,3,,"7,3,5",It is imperative to know the differences in medicine and how it can be treated across different cultures. Even the way in which someone from a different culture will perceive and react to certain criteria and protocols taken to protect the patient. ,"It’s important because my way may not be the patient’s way. What I mean by that is my way of care can be different than the quality or type of care a patient expects or is accustomed to. It’s important to know how comfortable a patient is with touch, with eye contact, with a direct approach or a more soft approach. We all take in and process information differently, and we all need to be respectful of our patient’s needs. ","In my experience some patients feel less than when they don’t have insurance or have Medicare. It’s important for a patient to have agency. To feel like they are the ones making the decisions, and the healthcare providers are the ones making the recommendations. Patients with a lack of insurance ask the least amount of questions. It’s crucial to know when this happens and make every patient, regardless of their ability to pay, feel they are going to be taken care of and just as important as the next patient. ","Taking a perspective from the previous model I just read I would like to say that understanding and having knowledge of your patient’s lifestyle, work and home life is so important. When a patient feels understood, they are more open and more receptive to recommendations. ",Understanding a patient’s perspective has a positive influence on the patient because they feel heard and seen. They may feel as if the health care provider is a friend and feel safer with any recommendations given. ,"I find when I can give goals that are simple and easy to comprehend, the patient feels as if it’s the first step in taking control over their health. It’s always important to find out what the patient wants to happen or what actionable goal they desire and then set up ways for them to do that. In order to get to step C, we must do A and B first. ",Today I read about the patient’s perspective when it comes to their health care provider. ,"It is of the utmost importance that you look at and treat your patient as a family member or as someone looking into the mirror. Yes, YOU. Treat your patients how you expect and want to be treated. 

Learn who they are, not just their diseases or maladies. Learn about what makes them happy and what kind of lifestyle they have. Learn about help they have or may not have. Keep in mind that you are not just a number to your patient, and your patient should never be just a number to you. 

Some patients are easy and malleable. However, there will be times when your patience is tested. Good! How you treat the patient in these trying times speaks to who you are as a medical professional. You’ll notice that I didn’t say what you are as a medical professional. That’s because you are a human being; not a what, but a who. Treat every patient with that in mind and it will make all the difference. ",,,,,,,,,,Receive reports on patients ,Met patients and did head to toe body assessments ,Check blood sugar for diabetic patients ,"Administer medications, charting, follow Dr. Orders ","Draw ordered labs, call dr’s with patient issues, charting ",Discharge patients ,Admit new patie,Do the same from 7 am to end of day,,,,,,,,,,,,,,,,,1,2,8,I would ask him to come in for continuing care and get a more detailed profile of what is happening in his life and how we can better assist his health. ,5,3,3,3,1,5,5,5,5,4,5,4,4,5,5,2,3,2,2,1,1,1,1,1,1,1,1,80,20,13,RN,RN,10,,60,3,Bachelor of Science,1,22,,33,2,,1,,,8,4,5,4,4,Treatment,6632a2ca-51f2-44db-f437-077ac2e62b90,2,2,2,2,2,5,6,4,2,98,4,4,3,3,5,3,1,3,3,5,3,5,"After 6 weeks, Dave is still in the same amount of pain
Dave did not follow a treatment plan as referenced 
Dave needs additional follow up"
2024-05-01 15:58:24,2024-05-01 16:46:49,0,100,2905,1,2024-05-01 16:46:50,R_2nT0XyfkRiFb0hH,,,,,37.7759,-90.4071,anonymous,EN,1,3,,,,,,,,,,,"1,7,8",I use my laptop for lots of daily activities like my shopping and my banking and for personal apps like facebook,to complete banking transactions or to get on face book to pass time,I was shopping on line at walmart and it showed me all previous things I have ordered what my favorites are then I got to see other peoples comments on the same product,getting to chat with friends and family everyday ,helps me keep a record of my daily eating habbits how many calories ,to watch the news,different ways that I use technology in my daily life,technology keeps me entertained on a daily basis,passing morning meds,helping patients get dressed for breakfast,helping patients eat breakfast,helping give residents showes,helping patients get laid down for naps,passing afternoon meds,helping patients eat lunch,charting daily patient activities,visiting residents,,,,,,,,,,,,,,,,3,5,2,tell him again if he wants results he needs to take medication as perscribed,6,2,3,2,1,4,4,4,4,4,4,4,4,4,4,2,2,2,2,1,1,1,1,1,1,1,1,50,50,8,oncology,charge nurse,4,,100,3,associate degree,1,26,,53,2,,1,,,7,5,3,3,3,Control,6632b978-418c-c800-da62-38a1ef69d781,2,2,2,2,1,5,6,4,2,15,4,4,4,2,4,4,2,2,2,4,4,3,take medication as prescribed per doctors orders
2024-05-01 15:58:24,2024-05-01 16:46:49,0,100,2905,1,2024-05-01 16:46:50,R_2nT0XyfkRiFb0hH,,,,,37.7759,-90.4071,anonymous,EN,1,3,,,,,,,,,,,"1,7,8",I use my laptop for lots of daily activities like my shopping and my banking and for personal apps like facebook,to complete banking transactions or to get on face book to pass time,I was shopping on line at walmart and it showed me all previous things I have ordered what my favorites are then I got to see other peoples comments on the same product,getting to chat with friends and family everyday ,helps me keep a record of my daily eating habbits how many calories ,to watch the news,different ways that I use technology in my daily life,technology keeps me entertained on a daily basis,passing morning meds,helping patients get dressed for breakfast,helping patients eat breakfast,helping give residents showes,helping patients get laid down for naps,passing afternoon meds,helping patients eat lunch,charting daily patient activities,visiting residents,,,,,,,,,,,,,,,,3,5,2,tell him again if he wants results he needs to take medication as perscribed,6,2,3,2,1,4,4,4,4,4,4,4,4,4,4,2,2,2,2,1,1,1,1,1,1,1,1,50,50,8,oncology,charge nurse,4,,100,3,associate degree,1,26,,53,2,,1,,,7,5,3,3,3,Control,6632b978-418c-c800-da62-38a1ef69d781,2,2,2,2,2,5,6,4,2,40,4,4,4,2,4,4,2,4,2,4,2,2,do not need to keep seeing you if your not gonna take the meds
2024-05-01 16:23:39,2024-05-01 17:01:58,0,100,2298,1,2024-05-01 17:01:58,R_3q2hl6xJgwXbTYZ,,,,,32.0563,-81.05,anonymous,EN,1,1,,"7,9,5",I value my patients very well and they deserve patience. It's absolutely okay to listen to your patients concerns.,You should understand your patients perspective because you will understand what they are going through. What feelings that go through their head.,Some patients may be scared that their doctors won't listen to their concerns. Or they might brush them off.,Understanding a patients perspective might help the patient be more comfortable with their doctor. ,It might make them less stressed and it may help them come to more appointments.,It helps patients be more comfortable with me and open up more about their symptoms. It helps them see that someone is actually listening.,When patients have someone listening to them they will feel less stressed.,I am listening to your problems. I hear you and want to be there for you. I am a doctor that truly cares and will do everything in my power to help you.,,,,,,,,,,It was very calm,I got to see the other fellow doctors,I was called in for a code blue,The hospital had another code blue,It was time for a surgery.,It was lunch time for me and I went to the cafeteria to eat.,There was a code red,There was another code red.,I took care of my last patients for the day,I went home,N/a,N/a,N/a,N/a,N/a,N/a,N/a,N/a,N/a,N/a,N/a,N/a,N/a,N/a,1,1,10,Get him surgery ,8,3,3,2,1,5,5,5,5,5,4,4,5,5,4,1,2,1,2,1,1,1,1,1,1,0,0,50,50,11,Doctor,Doctor,11,,58,4,Doctorate,1,11,,35,2,,3,,,8,2,5,4,3,Treatment,6632bf4a-6f4a-37f8-036a-93ab321dbf50,4,4,3,3,1,1,2,8,4,68,3,5,4,1,5,1,1,1,2,5,4,5,"Get lots of rest
Please take your meds
When better schedule a physical therapist."
2024-05-01 16:23:39,2024-05-01 17:01:58,0,100,2298,1,2024-05-01 17:01:58,R_3q2hl6xJgwXbTYZ,,,,,32.0563,-81.05,anonymous,EN,1,1,,"7,9,5",I value my patients very well and they deserve patience. It's absolutely okay to listen to your patients concerns.,You should understand your patients perspective because you will understand what they are going through. What feelings that go through their head.,Some patients may be scared that their doctors won't listen to their concerns. Or they might brush them off.,Understanding a patients perspective might help the patient be more comfortable with their doctor. ,It might make them less stressed and it may help them come to more appointments.,It helps patients be more comfortable with me and open up more about their symptoms. It helps them see that someone is actually listening.,When patients have someone listening to them they will feel less stressed.,I am listening to your problems. I hear you and want to be there for you. I am a doctor that truly cares and will do everything in my power to help you.,,,,,,,,,,It was very calm,I got to see the other fellow doctors,I was called in for a code blue,The hospital had another code blue,It was time for a surgery.,It was lunch time for me and I went to the cafeteria to eat.,There was a code red,There was another code red.,I took care of my last patients for the day,I went home,N/a,N/a,N/a,N/a,N/a,N/a,N/a,N/a,N/a,N/a,N/a,N/a,N/a,N/a,1,1,10,Get him surgery ,8,3,3,2,1,5,5,5,5,5,4,4,5,5,4,1,2,1,2,1,1,1,1,1,1,0,0,50,50,11,Doctor,Doctor,11,,58,4,Doctorate,1,11,,35,2,,3,,,8,2,5,4,3,Treatment,6632bf4a-6f4a-37f8-036a-93ab321dbf50,4,4,3,3,2,3,4,6,3,73,5,5,2,1,5,5,1,1,2,5,4,2,"Scheduling surgery
Prescribing methadone
Prescribing fentanyl "
2024-05-01 16:40:22,2024-05-01 17:56:37,0,100,4575,1,2024-05-01 17:56:39,R_2RwFXHsFuvWNSyt,,,,,42.6896,-72.4488,anonymous,EN,1,3,,,,,,,,,,,"1,6,7","My laptop is to research and use internet, Zoom is for communication with friends and family,  and email is for more in depth and formal communication.  ","Technology has worked it's way into most of my life.  My alarm on my phone wakes me up. I then have Alexa turn off thr white noise that helps me sleep.  I then ask Alexa what the weather will be so I know what to wear.  When I go to new places, I rely on Google Maps to keep me from getting lost.  All my communication is done electronically either by call on my cell,  text, email or video.  I research any vacations that I take online looking for the best price and the book it all on line.  Who needs a travel agent anymore.   My music is a streamed or on satellite radio.   I order food delivery from my phone on an app, and if I'm in the city, another app calls me a ride.  Then I monitor my steps, activity,  heart rate,  oxygen saturation,  and sleep patterns on my smart watch.  I'm sure there is more,  but that is enough for now.  ","I was able to arrange a family reunion through Facebook and communicate with all involved people at the same time.   It went very well, by the way.  ","I have been able to improve communication with my PCP by means of the electronic portal.  When I used to wait for a phone call for a message that was passed on, I now get to communicate with the provider directly. ",All of my music is streamed or on satellite radio.   My TV is a smart TV and I can now use only streaming services to watch whatever I want.  I plan and book all my vacations on line.   I can find and purchase concert and event tickets right from my phone.  ,My greatest entertainment is reading.   All the books I want are now held in my hand and don't end up taking up boxes of space in my attic. ,I read about how technology is very much an integral part of our life. ,"Technology is not really scary. It opens up new worlds and makes the current world easier to maneuver in.  Imagine playing a computer game in real time with people from around the world.  My son has good friends that he has been playing with for years.   Now that he is grown, he is able to travel and meet these friends.  I can meet face to face with my doctor and never leave my house.   When you are really sick, the last thing you want to do is go to the doctors.  So, technology is definitely worth looking into. ",Not at work ,"Arrive, check email, check calendar,  return emails, message team about plans for the day ",Message my supervisor for additional tasks.  ,Interview in person ,Interview in person ,Email a facility re: new admission.  Complete admissions ,Set up on call schedules and communications that are starting next week.   ,Communicate with client's pcp via TigerConnect to get new orders.  ,Set up OWL camera/microphone for staff meeting so staff can attend from home.  Held staff meeting ,Met in person with team for rounds,,,,,,,,,,,,,,,1,1,8,Continue with previous plan with sooner follow up.   Talk to Dave about ideas to help him manage his med compliance.  Try to determine if there are underlying reasons that he might not want to take the medication.   ,5,3,4,2,1,4,2,4,2,3,3,4,3,4,4,2,2,3,3,2,3,2,2,2,3,0,0,50,50,35,Behavioral Health ,Nurse Manager ,4,,83,3,Associates ,1,22,,54,2,,1,,,6,5,5,2,2,Control,6632c340-c299-8122-23df-ebd23cbe3c43,1,1,2,1,1,7,8,2,1,24,5,4,4,3,5,3,1,1,3,5,3,5,Circumstances preventing David from complying with meds. Will continue lidocaine and add tramadol which can be dosed less frequently.  Dave may also use Tylenol in conjunction with this change.  
2024-05-01 16:40:22,2024-05-01 17:56:37,0,100,4575,1,2024-05-01 17:56:39,R_2RwFXHsFuvWNSyt,,,,,42.6896,-72.4488,anonymous,EN,1,3,,,,,,,,,,,"1,6,7","My laptop is to research and use internet, Zoom is for communication with friends and family,  and email is for more in depth and formal communication.  ","Technology has worked it's way into most of my life.  My alarm on my phone wakes me up. I then have Alexa turn off thr white noise that helps me sleep.  I then ask Alexa what the weather will be so I know what to wear.  When I go to new places, I rely on Google Maps to keep me from getting lost.  All my communication is done electronically either by call on my cell,  text, email or video.  I research any vacations that I take online looking for the best price and the book it all on line.  Who needs a travel agent anymore.   My music is a streamed or on satellite radio.   I order food delivery from my phone on an app, and if I'm in the city, another app calls me a ride.  Then I monitor my steps, activity,  heart rate,  oxygen saturation,  and sleep patterns on my smart watch.  I'm sure there is more,  but that is enough for now.  ","I was able to arrange a family reunion through Facebook and communicate with all involved people at the same time.   It went very well, by the way.  ","I have been able to improve communication with my PCP by means of the electronic portal.  When I used to wait for a phone call for a message that was passed on, I now get to communicate with the provider directly. ",All of my music is streamed or on satellite radio.   My TV is a smart TV and I can now use only streaming services to watch whatever I want.  I plan and book all my vacations on line.   I can find and purchase concert and event tickets right from my phone.  ,My greatest entertainment is reading.   All the books I want are now held in my hand and don't end up taking up boxes of space in my attic. ,I read about how technology is very much an integral part of our life. ,"Technology is not really scary. It opens up new worlds and makes the current world easier to maneuver in.  Imagine playing a computer game in real time with people from around the world.  My son has good friends that he has been playing with for years.   Now that he is grown, he is able to travel and meet these friends.  I can meet face to face with my doctor and never leave my house.   When you are really sick, the last thing you want to do is go to the doctors.  So, technology is definitely worth looking into. ",Not at work ,"Arrive, check email, check calendar,  return emails, message team about plans for the day ",Message my supervisor for additional tasks.  ,Interview in person ,Interview in person ,Email a facility re: new admission.  Complete admissions ,Set up on call schedules and communications that are starting next week.   ,Communicate with client's pcp via TigerConnect to get new orders.  ,Set up OWL camera/microphone for staff meeting so staff can attend from home.  Held staff meeting ,Met in person with team for rounds,,,,,,,,,,,,,,,1,1,8,Continue with previous plan with sooner follow up.   Talk to Dave about ideas to help him manage his med compliance.  Try to determine if there are underlying reasons that he might not want to take the medication.   ,5,3,4,2,1,4,2,4,2,3,3,4,3,4,4,2,2,3,3,2,3,2,2,2,3,0,0,50,50,35,Behavioral Health ,Nurse Manager ,4,,83,3,Associates ,1,22,,54,2,,1,,,6,5,5,2,2,Control,6632c340-c299-8122-23df-ebd23cbe3c43,1,1,2,1,2,6,8,3,1.5,49,5,4,4,3,5,3,4,3,3,5,3,2,Dave continues with medication noncompliance.   Discussing with Dave if he had reasons for not wanting to take medications to alleviate his pain.  Dave states that his sister has opioid use disorder and it started after treatment for a fractured ankle.   Dave is fearful that he will become addicted also. 
2024-05-01 18:14:58,2024-05-01 18:46:55,0,100,1917,1,2024-05-01 18:46:56,R_72Ra29qtafFXO8Q,,,,,25.8119,-80.2318,anonymous,EN,1,3,,"9,4,5",I like to try to understand how I might feel if I were in the patients role.   Calm fears and provide reassurance ,Because we are all human and have things going on in our life ,"Language barrier, age, disabilities ",The patient may feel more comfortable and agreeable to treatment.  ,The patient will have less recovery time and effort when they feel safe and heard by their healthcare providers ,By explaining to the patient in terms they understand ,I read about patient perspective ,I have been a nurse for over 20 years and things are always changing.   You can either embrace the changes and learn and grow with them or stay stuck and struggle to grow as a nurse,,,,,,,,,,,,,,,,,,,,,,Start assume charge ,Triage patients ,Triage patients ,Triage patients ,Triage patients ,Triage patients ,Triage patients ,Triage patients ,Triage patients ,Triage patients ,Emergency cesarean section ,Recover patients give shift report ,3,2,8,Recommend that he follow with the treatment ,6,2,5,3,1,3,3,4,4,3,4,4,3,4,4,3,4,3,4,3,3,3,3,3,3,0,0,75,25,31,RN,RNC OB charge ,15,,21,3,BSN,1,36,,52,2,,1,,,7,6,6,1,1,Treatment,6632da21-53fc-06bf-3751-9246c3dbe037,2,1,4,3,1,5,7,3,1.5,NA,3,4,4,2,4,3,1,1,4,4,4,3,"Dave has had worsening pain 
Dave was recommended a treatment plan, but has not fully completed recommended treatment.
Dave will be recommended to try a new medication and treatment "
2024-05-01 18:14:58,2024-05-01 18:46:55,0,100,1917,1,2024-05-01 18:46:56,R_72Ra29qtafFXO8Q,,,,,25.8119,-80.2318,anonymous,EN,1,3,,"9,4,5",I like to try to understand how I might feel if I were in the patients role.   Calm fears and provide reassurance ,Because we are all human and have things going on in our life ,"Language barrier, age, disabilities ",The patient may feel more comfortable and agreeable to treatment.  ,The patient will have less recovery time and effort when they feel safe and heard by their healthcare providers ,By explaining to the patient in terms they understand ,I read about patient perspective ,I have been a nurse for over 20 years and things are always changing.   You can either embrace the changes and learn and grow with them or stay stuck and struggle to grow as a nurse,,,,,,,,,,,,,,,,,,,,,,Start assume charge ,Triage patients ,Triage patients ,Triage patients ,Triage patients ,Triage patients ,Triage patients ,Triage patients ,Triage patients ,Triage patients ,Emergency cesarean section ,Recover patients give shift report ,3,2,8,Recommend that he follow with the treatment ,6,2,5,3,1,3,3,4,4,3,4,4,3,4,4,3,4,3,4,3,3,3,3,3,3,0,0,75,25,31,RN,RNC OB charge ,15,,21,3,BSN,1,36,,52,2,,1,,,7,6,6,1,1,Treatment,6632da21-53fc-06bf-3751-9246c3dbe037,2,1,4,3,2,1,3,7,3.5,NA,4,4,4,3,4,2,1,2,2,5,3,3,"Dave has not had any improvement with his pain, due to not following suggested treatment. 
Advised Dave to try to follow treatment plan.  
Will follow up to see how Dave is doing with his treatment and explore why he may not be following treatment plan. "
2024-05-01 18:37:33,2024-05-01 18:54:04,0,100,991,1,2024-05-01 18:54:04,R_2waYfAJ0A5qNNM0,,,,,42.101,-72.5737,anonymous,EN,1,5,,"9,3,5",Its important to gain patients trust to be able to treat them effectively,Because it offers insight into their experience,Embarassment or pride,I can provide tailored recommendstions to fit their lofestly,Because the med regimen would work for them,They typicaly adhere better to their regimen,How to better tailor regimens to patients,Its important to understand where patients come from. Background and access play an important role. By building trust we can better outcomes,,,,,,,,,,Driving to work,Start seeing first patient,Third patient,Fourth patient,Fifth patient,Lunch,First patient atfer lunch,See patient,See patient,See patient,Leave work,Drive home,Dinner,Decompress,Watch tv,Sleep,Sleep,Sleep,Sleep,Sleep,Sleep,Sleep,Wake up,Drive to work,4,3,4,Encourage compliance by addressing barriers,4,4,3,2,1,3,2,3,2,2,2,2,2,3,2,2,3,3,2,1,1,1,1,1,1,0,0,0,100,8,Endocrine,Nurse,8,,82,4,Masters,1,11,,32,2,,2,,,7,3,6,4,3,Treatment,6632dfdb-2147-d564-7c30-c624dc4b9022,1,1,4,1,1,7,8,2,1,58,3,4,4,2,4,4,2,2,3,4,2,2,"Acute pain is now not improving
Has tried other pain meds
Not motivated"
2024-05-01 18:37:33,2024-05-01 18:54:04,0,100,991,1,2024-05-01 18:54:04,R_2waYfAJ0A5qNNM0,,,,,42.101,-72.5737,anonymous,EN,1,5,,"9,3,5",Its important to gain patients trust to be able to treat them effectively,Because it offers insight into their experience,Embarassment or pride,I can provide tailored recommendstions to fit their lofestly,Because the med regimen would work for them,They typicaly adhere better to their regimen,How to better tailor regimens to patients,Its important to understand where patients come from. Background and access play an important role. By building trust we can better outcomes,,,,,,,,,,Driving to work,Start seeing first patient,Third patient,Fourth patient,Fifth patient,Lunch,First patient atfer lunch,See patient,See patient,See patient,Leave work,Drive home,Dinner,Decompress,Watch tv,Sleep,Sleep,Sleep,Sleep,Sleep,Sleep,Sleep,Wake up,Drive to work,4,3,4,Encourage compliance by addressing barriers,4,4,3,2,1,3,2,3,2,2,2,2,2,3,2,2,3,3,2,1,1,1,1,1,1,0,0,0,100,8,Endocrine,Nurse,8,,82,4,Masters,1,11,,32,2,,2,,,7,3,6,4,3,Treatment,6632dfdb-2147-d564-7c30-c624dc4b9022,1,1,4,1,2,1,7,5,2.5,60,4,5,5,2,4,4,2,2,2,4,2,2,"Non compliant
Unmotivated
Not taking recommendations"
2024-05-01 19:00:22,2024-05-01 19:33:49,0,100,2007,1,2024-05-01 19:33:50,R_7nGXCXSWDaNxKOB,,,,,38.5317,-89.9988,anonymous,EN,1,3,,"7,9,5",The values are important to me everyday. I treat everyone the same way.,I don't know why patients do what they do. I just treat everyone the same,That they will be judged,Cause you understand more on how they feel and can treat them accordingly ,Cause they feel heard,It's been a great experience ,About patient perspective on how they are treated ,"To whom it may concern,
      I have found that if you try to get to know the patient and find out they're concerns makes it a more pleasant experience for both you and they patient. They feel like they have been heard. ",,,,,,,,,,Got report,Get my meds ready to pass out ,Pass meds,Pass meds,Do discharges,Send patients to procures they might have scheduled ,Try to eat lunch,More paperwork ,Afternoon meds,Paperwork,Evening meds,Paperwork ,To evening report ,,,,,,,,,,,,1,2,8,Tell him to go to the er and get an X-ray ,3,3,3,2,1,3,3,3,2,3,4,4,4,5,5,1,2,2,2,2,2,2,1,1,2,0,0,50,50,5,Register nursing ,Register nurse,4,,76,3,LPN license ,1,26,,29,2,,3,,,3,4,4,2,2,Treatment,6632e495-12c2-48c5-b5f2-328911990722,2,2,2,1,1,5,6,4,2,90,4,4,5,3,4,4,2,4,2,4,3,3,"Dave doesn't seem motivated to help himself
If Dave doesn't help then I won't prescribe anything else"
2024-05-01 19:00:22,2024-05-01 19:33:49,0,100,2007,1,2024-05-01 19:33:50,R_7nGXCXSWDaNxKOB,,,,,38.5317,-89.9988,anonymous,EN,1,3,,"7,9,5",The values are important to me everyday. I treat everyone the same way.,I don't know why patients do what they do. I just treat everyone the same,That they will be judged,Cause you understand more on how they feel and can treat them accordingly ,Cause they feel heard,It's been a great experience ,About patient perspective on how they are treated ,"To whom it may concern,
      I have found that if you try to get to know the patient and find out they're concerns makes it a more pleasant experience for both you and they patient. They feel like they have been heard. ",,,,,,,,,,Got report,Get my meds ready to pass out ,Pass meds,Pass meds,Do discharges,Send patients to procures they might have scheduled ,Try to eat lunch,More paperwork ,Afternoon meds,Paperwork,Evening meds,Paperwork ,To evening report ,,,,,,,,,,,,1,2,8,Tell him to go to the er and get an X-ray ,3,3,3,2,1,3,3,3,2,3,4,4,4,5,5,1,2,2,2,2,2,2,1,1,2,0,0,50,50,5,Register nursing ,Register nurse,4,,76,3,LPN license ,1,26,,29,2,,3,,,3,4,4,2,2,Treatment,6632e495-12c2-48c5-b5f2-328911990722,2,2,2,1,2,5,7,3,1.5,63,5,5,4,3,3,5,5,5,1,3,3,3,"The patient isn't motivated in helping himself. 
My recommendation is to send him for an X-ray "
2024-05-01 19:44:46,2024-05-01 20:03:14,0,100,1107,1,2024-05-01 20:03:14,R_5rOBXJ9kjU1C0I8,,,,,47.1443,-122.2545,anonymous,EN,1,3,,"9,3,6",Concern for others,To personalize care,Embarrassed,Honest information,Piece of mind,Mentally puts patients at ease,I forgot,I learned more useful information,,,,,,,,,,,,,,,,,,,,,,,,,,,,,,,,,,5,4,6,Inform him of the risks involved with not listening,6,3,3,3,1,3,3,5,5,5,5,4,5,5,5,5,5,5,5,5,5,5,5,5,5,1,1,0,100,16,LPN,NURSE,24,,39,3,Assiciates,1,49,,53,1,,1,,,6,1,4,3,3,Treatment,6632ef93-2034-f812-eaf6-f137390455b6,2,1,2,1,1,5,7,3,1.5,72,3,5,5,3,5,1,1,1,1,5,5,4,check at home care orders
2024-05-01 19:44:46,2024-05-01 20:03:14,0,100,1107,1,2024-05-01 20:03:14,R_5rOBXJ9kjU1C0I8,,,,,47.1443,-122.2545,anonymous,EN,1,3,,"9,3,6",Concern for others,To personalize care,Embarrassed,Honest information,Piece of mind,Mentally puts patients at ease,I forgot,I learned more useful information,,,,,,,,,,,,,,,,,,,,,,,,,,,,,,,,,,5,4,6,Inform him of the risks involved with not listening,6,3,3,3,1,3,3,5,5,5,5,4,5,5,5,5,5,5,5,5,5,5,5,5,5,1,1,0,100,16,LPN,NURSE,24,,39,3,Assiciates,1,49,,53,1,,1,,,6,1,4,3,3,Treatment,6632ef93-2034-f812-eaf6-f137390455b6,2,1,2,1,2,6,7,3,1.5,64,5,5,5,1,3,4,5,3,1,3,3,2,Patient needs motivation
2024-05-01 20:19:42,2024-05-01 21:04:06,0,100,2664,1,2024-05-01 21:04:07,R_1dIMyCma4MApAXL,,,,,40.112,-88.2365,anonymous,EN,1,1,,,,,,,,,,,"1,8","I could start a session, and openly communicate with helpful beings, that are currently accessible.","I add the equipment that gives, me the best success actuation, with my, open investments.","I have been able to send finances with the computer formalities, openly.","Have had the abilities to control and design, great models, openly, with the computer.","I watch the media that, is openly displayed, on my screens, about success.","I want to create, an openly profitable, financial portfolio.","Computers, and open communications.","N/A, ","N/A,",Openness ,Openness ,Openness ,Openness ,Openness ,Openness ,Openness ,Openness ,Openness,"N/A,","N/A,","N/A,","N/A,","N/A,","N/A,","N/A,","N/A,","N/A,","N/A,","N/A,","N/A,","N/A,","N/A,",1,1,4,"I would add a few prescriptions, that are for openly, the inquirer.",6,1,5,3,1,4,4,5,5,4,5,4,4,5,4,1,1,1,1,1,2,2,1,2,1,1,1,16,84,7,Dermatology,Business Director,7,,87,4,MD,1,14,,30,1,,1,,,10,2,5,4,4,Control,6632f6ef-585e-7d0e-2c20-e5c6e9ed3791,2,1,2,1,1,5,8,3,1.5,68,1,1,4,3,4,2,1,1,5,5,4,1,"The inquirer is openly, needing real, medical help, for returning to normal health."
2024-05-01 20:19:42,2024-05-01 21:04:06,0,100,2664,1,2024-05-01 21:04:07,R_1dIMyCma4MApAXL,,,,,40.112,-88.2365,anonymous,EN,1,1,,,,,,,,,,,"1,8","I could start a session, and openly communicate with helpful beings, that are currently accessible.","I add the equipment that gives, me the best success actuation, with my, open investments.","I have been able to send finances with the computer formalities, openly.","Have had the abilities to control and design, great models, openly, with the computer.","I watch the media that, is openly displayed, on my screens, about success.","I want to create, an openly profitable, financial portfolio.","Computers, and open communications.","N/A, ","N/A,",Openness ,Openness ,Openness ,Openness ,Openness ,Openness ,Openness ,Openness ,Openness,"N/A,","N/A,","N/A,","N/A,","N/A,","N/A,","N/A,","N/A,","N/A,","N/A,","N/A,","N/A,","N/A,","N/A,",1,1,4,"I would add a few prescriptions, that are for openly, the inquirer.",6,1,5,3,1,4,4,5,5,4,5,4,4,5,4,1,1,1,1,1,2,2,1,2,1,1,1,16,84,7,Dermatology,Business Director,7,,87,4,MD,1,14,,30,1,,1,,,10,2,5,4,4,Control,6632f6ef-585e-7d0e-2c20-e5c6e9ed3791,2,1,2,1,2,5,8,3,1.5,83,3,3,2,2,5,2,2,1,5,5,4,3,"We should see the inquirer, openly return to their natural health, in a timely manner."
2024-05-01 20:41:25,2024-05-01 21:07:08,0,100,1543,1,2024-05-01 21:07:08,R_1mDfzNILuefsINE,,,,,41.4136,-81.9031,anonymous,EN,1,3,,"7,9,5","Empathy, because i treat them the way i would want to be treated or how a loved one would be treated. ","You have to understand their perspective,  put yourself in their shoes,  because then you'll see what they want for their health. Everything we do is for them,  even if they decline a treatment or a medication. ","They probably think that we'll think they are stupid. At least my residents are all elderly and back in their day,  you didn't question what the doctor gave you. ","If they tell me what they want,  and I follow that,  then their trust in me strengthens and we end up working well together. ","If you do what they ask,  then they'll most likely have a positive attitude toward you. ",They see that I'm their advocate. It's an amazing relationship. ,Working in Healthcare. ,"My only advice is to trust your education and yourself,  develop trusting relationships with your residents or patients.",,,,,,,,,,None,None,None,None,None,None,None,None,Day starts by passing pre- dinner meds.,Meds,Dinner for residents,Dinner,Passing bedtime meds,Passing meds,Charting ,Charting,Day over,None,None,None,None,None,None,None,4,1,6,"Recommend ibuprofen for any swelling or pain,  review exercises with pt ",3,4,2,2,1,2,2,1,1,5,5,5,5,5,5,1,1,1,1,1,1,1,1,1,1,0,1,50,50,16,Hospice/dementia,Registered Nurse,16,,100,3,Bachelor's ,1,39,,47,2,,1,,,7,6,7,2,2,Treatment,6632fc82-381c-95e6-d370-e4a006c15815,2,1,1,1,1,6,8,3,1.5,49,5,5,5,2,4,5,2,4,1,5,2,2,"Pt did not do recommended exercises,  pt reports pain is still severe,  will explain to pt that pain medication will not be refilled and that he must do recommended exercises. "
2024-05-01 20:41:25,2024-05-01 21:07:08,0,100,1543,1,2024-05-01 21:07:08,R_1mDfzNILuefsINE,,,,,41.4136,-81.9031,anonymous,EN,1,3,,"7,9,5","Empathy, because i treat them the way i would want to be treated or how a loved one would be treated. ","You have to understand their perspective,  put yourself in their shoes,  because then you'll see what they want for their health. Everything we do is for them,  even if they decline a treatment or a medication. ","They probably think that we'll think they are stupid. At least my residents are all elderly and back in their day,  you didn't question what the doctor gave you. ","If they tell me what they want,  and I follow that,  then their trust in me strengthens and we end up working well together. ","If you do what they ask,  then they'll most likely have a positive attitude toward you. ",They see that I'm their advocate. It's an amazing relationship. ,Working in Healthcare. ,"My only advice is to trust your education and yourself,  develop trusting relationships with your residents or patients.",,,,,,,,,,None,None,None,None,None,None,None,None,Day starts by passing pre- dinner meds.,Meds,Dinner for residents,Dinner,Passing bedtime meds,Passing meds,Charting ,Charting,Day over,None,None,None,None,None,None,None,4,1,6,"Recommend ibuprofen for any swelling or pain,  review exercises with pt ",3,4,2,2,1,2,2,1,1,5,5,5,5,5,5,1,1,1,1,1,1,1,1,1,1,0,1,50,50,16,Hospice/dementia,Registered Nurse,16,,100,3,Bachelor's ,1,39,,47,2,,1,,,7,6,7,2,2,Treatment,6632fc82-381c-95e6-d370-e4a006c15815,2,1,1,1,2,7,8,2,1,73,5,5,5,2,5,5,4,4,1,5,4,1,"Pt did not do recommended exercises,  I recommend no refills on pain meds,  pt has been advised to do recommended exercises for pain relief. "
2024-05-01 21:18:12,2024-05-01 21:47:55,0,100,1782,1,2024-05-01 21:47:55,R_3jmisd33q9h6L8l,,,,,41.4139,-75.6827,anonymous,EN,1,3,,,,,,,,,,,"1,2,6,7,8",I play games ,I play games ,I contacted people during a fire ,Makes life better ,I play games ,I play games ,Yankees game ,Don’t be afraid. It’s great ,Go home ,,,,,,,,,,,,Get to work ,Do rounds ,Med pass,,,,,,,,Get ups,,4,4,4,Kill him. ,5,2,4,3,1,4,4,3,4,4,3,3,4,3,4,4,3,2,2,2,2,2,2,2,2,0,0,50,50,25,Icu ,Rn,24,,42,3,Masters ,1,33,,44,1,,3,,,3,4,5,2,2,Control,6633050f-3598-d238-14a9-15bc272daf89,2,1,2,1,1,5,8,3,1.5,53,4,3,3,4,4,3,2,2,4,4,3,2,He’s an ass. Cut him off 
2024-05-01 21:18:12,2024-05-01 21:47:55,0,100,1782,1,2024-05-01 21:47:55,R_3jmisd33q9h6L8l,,,,,41.4139,-75.6827,anonymous,EN,1,3,,,,,,,,,,,"1,2,6,7,8",I play games ,I play games ,I contacted people during a fire ,Makes life better ,I play games ,I play games ,Yankees game ,Don’t be afraid. It’s great ,Go home ,,,,,,,,,,,,Get to work ,Do rounds ,Med pass,,,,,,,,Get ups,,4,4,4,Kill him. ,5,2,4,3,1,4,4,3,4,4,3,3,4,3,4,4,3,2,2,2,2,2,2,2,2,0,0,50,50,25,Icu ,Rn,24,,42,3,Masters ,1,33,,44,1,,3,,,3,4,5,2,2,Control,6633050f-3598-d238-14a9-15bc272daf89,2,1,2,1,2,6,7,3,1.5,26,4,4,4,2,4,4,3,4,3,4,4,4,Death to Dave. 
2024-05-01 21:53:29,2024-05-01 22:18:47,0,100,1518,1,2024-05-01 22:18:48,R_7r0XMzb9WWAChsG,,,,,40.1444,-89.3648,anonymous,EN,1,3,,"7,9,2,6",It is imperative to understand various backgrounds of persons that you are caring for being empathetic and taking their perspective to how they're feeling into consideration also helps to assist them and improving their health a holistic approach includes considering various aspects of their lives that pertain to their health and the most important thing is making everything better and healthier for all parties involved,Every individual is different and has different histories and experiences therefore that impacts decisions they make on their own health keeping patients informed and helping them understand what their role is in their own health care helps them to make better decisions,Is important to establish a relationship with patience which helps them gain trust,Have a good relationship with your patients helps them to trust the things you tell them more,Patients have various experiences in history also their cultures matter in making important health Care decisions,It is important to establish those goals and make sure that patients doctors and nurses are all on the same page in order to achieve those goals,This is the first survey I've had that pertains directly to me as I am a registered nurse and I work in the healthcare fee,I appreciate you establishing me as a new patient I hope that you and I can build a trusting relationship together I hope that you can interpret for me some of the healthcare jargon and help me understand so that I can make better healthcare decisions for myself,,,,,,,,,,Get report and begin passing medication,Passing medications,P passing medication,Charting and checking charts faxing physicians making phone calls to physicians and,P preparing for lunchtime medic,Passing medications and sharing residents are enjoying their meals,Sitting talking with residents making sure everyone's eating their lunch,Charting faxing speaking with doctors and families,Enjoying time with residence speaking with doctors and families charting faxing,Preparing for dinner time medications,Meal Time dinner time medication,Preparing for oncoming nurse,,,,,,,,,,,,,4,1,8,Remind Dave to follow the recommendations initially given,7,3,3,3,1,4,4,4,4,3,3,2,2,5,5,3,4,4,3,3,3,3,2,2,2,1,1,50,50,12,Registered nurse ,Registered nurse ,12,,94,4,Master's ,1,14,,55,2,,3,,,7,4,4,3,4,Treatment,66330d98-c3e5-a8ff-e74b-793aa28c7dd9,2,1,2,2,1,6,7,3,1.5,44,2,2,3,3,5,3,1,1,3,5,3,3,"Is it still complains of pain 
Dates paying his unapproved x-ray area
"
2024-05-01 21:53:29,2024-05-01 22:18:47,0,100,1518,1,2024-05-01 22:18:48,R_7r0XMzb9WWAChsG,,,,,40.1444,-89.3648,anonymous,EN,1,3,,"7,9,2,6",It is imperative to understand various backgrounds of persons that you are caring for being empathetic and taking their perspective to how they're feeling into consideration also helps to assist them and improving their health a holistic approach includes considering various aspects of their lives that pertain to their health and the most important thing is making everything better and healthier for all parties involved,Every individual is different and has different histories and experiences therefore that impacts decisions they make on their own health keeping patients informed and helping them understand what their role is in their own health care helps them to make better decisions,Is important to establish a relationship with patience which helps them gain trust,Have a good relationship with your patients helps them to trust the things you tell them more,Patients have various experiences in history also their cultures matter in making important health Care decisions,It is important to establish those goals and make sure that patients doctors and nurses are all on the same page in order to achieve those goals,This is the first survey I've had that pertains directly to me as I am a registered nurse and I work in the healthcare fee,I appreciate you establishing me as a new patient I hope that you and I can build a trusting relationship together I hope that you can interpret for me some of the healthcare jargon and help me understand so that I can make better healthcare decisions for myself,,,,,,,,,,Get report and begin passing medication,Passing medications,P passing medication,Charting and checking charts faxing physicians making phone calls to physicians and,P preparing for lunchtime medic,Passing medications and sharing residents are enjoying their meals,Sitting talking with residents making sure everyone's eating their lunch,Charting faxing speaking with doctors and families,Enjoying time with residence speaking with doctors and families charting faxing,Preparing for dinner time medications,Meal Time dinner time medication,Preparing for oncoming nurse,,,,,,,,,,,,,4,1,8,Remind Dave to follow the recommendations initially given,7,3,3,3,1,4,4,4,4,3,3,2,2,5,5,3,4,4,3,3,3,3,2,2,2,1,1,50,50,12,Registered nurse ,Registered nurse ,12,,94,4,Master's ,1,14,,55,2,,3,,,7,4,4,3,4,Treatment,66330d98-c3e5-a8ff-e74b-793aa28c7dd9,2,1,2,2,2,5,6,4,2,47,3,4,4,3,5,,1,3,3,5,3,3,"Increase pain medication 
Remind Dave to implement recommendations 
Follow up with Dave

"
2024-05-01 21:22:09,2024-05-01 22:21:45,0,100,3576,1,2024-05-01 22:21:46,R_1xV25XqDo3iM2K9,,,,,42.6193,-82.961,anonymous,EN,1,3,,"7,9,5","Empathy is essential in my nursing practice. This helps me to build a connection which fosters trust and understanding. Patients are often terrified, alone, and overwhelmed. I treat all patients as I would want those whom I love the most to be treated.","It is critical to understand patient's perspectives as this will allow the healthcare team to tailor the plan of care. It takes all aspects of the patient's life in consideration. There are many and sundry reasons why patients develop unhealthy habits, do not seek care, and/or are non-compliant. It is essential to tap into what has caused a patient to do things a certain way. ",Many times I feel that providers are dismissive and/or outright judgemental. They can be short with patients or give the impression that they are hurrying them along. Many patients are intimidated by medical professionals and they do not feel confident asking questions or requesting clarification.,It enhances patient care when a provider can verbalize the sentiments of the patient. It assists in repore. This allows the patient to feel as though they are on the 'same page' as the provider. ,The patient will feel heard. Care will be individualized allowing the patient to feel involved and as if the provider actually cares about their outcome.,It has been very beneficial. Working with patients on a tailored plan that takes in consideration their views and daily life allows them to be confident. ,I read about the importance in having empathy with patients and considering them as individuals.,"Welcome to the rewarding and often complicated world of medicine. 

You will see a myriad of patients with varying levels of medical knowledge. This is where you will deliver possibly the most important service you can provide, in teaching. Learn about your patients, this will help immensely in creating a comprehensive care plan that they will adhere to. Talk to them, not at them. Hear what they have to say. You will be their advocate. Ask yourself daily, how would I treat the person I love the most, what would my plan of care look like? Then execute it as if the person, who you love was seated in front of you.

Invite questions 
Teach, do not lecture
Do not judge
Listen 
Involve family
Offer viable options and small measurable goals
Be encouraging 
Share a personal story, which will help humanize, in a time where patients are scared and/or intimated
Most of all, be empathetic. 

You will see patients from all walks of life. Please treat them with the utmost respect, devoid of judgement. Their very life depends on you. 

Good luck and God speed.",,,,,,,,,,"Arrival, report, and rounds",Begin administering medications,Continue meds/assessments,Conclude med admin,Meet with families,Review labs/make contact with physicians as needed,Medication admin/rounds,Continue with tasks/wound care/etc,"Wind down, document, report",N/A,N/A,N/A,N/A,N/A,N/A,N/A,N/A,N/A,N/A,N/A,N/A,N/A,N/A,N/A,1,2,2,Conversation regarding barriers to self care,3,4,3,2,1,5,5,5,5,4,4,4,4,4,5,2,3,2,2,1,1,1,1,1,1,0,1,100,0,21,Med surg telemetry ,Registered Nurse,21,,60,3,ADN,1,23,,49,2,,1,,,6,5,5,3,3,Treatment,66330532-b265-6a2b-6331-fd31d8738454,1,1,2,1,1,7,8,2,1,35,4,4,5,1,5,1,1,1,3,5,3,5,"Patient returns. Non-compliant with directives. Ordered tramadol for intractable pain, higher dose lidocaine patch. Patient to return in 1 month or before if pain worsens. Provided teaching."
2024-05-01 21:22:09,2024-05-01 22:21:45,0,100,3576,1,2024-05-01 22:21:46,R_1xV25XqDo3iM2K9,,,,,42.6193,-82.961,anonymous,EN,1,3,,"7,9,5","Empathy is essential in my nursing practice. This helps me to build a connection which fosters trust and understanding. Patients are often terrified, alone, and overwhelmed. I treat all patients as I would want those whom I love the most to be treated.","It is critical to understand patient's perspectives as this will allow the healthcare team to tailor the plan of care. It takes all aspects of the patient's life in consideration. There are many and sundry reasons why patients develop unhealthy habits, do not seek care, and/or are non-compliant. It is essential to tap into what has caused a patient to do things a certain way. ",Many times I feel that providers are dismissive and/or outright judgemental. They can be short with patients or give the impression that they are hurrying them along. Many patients are intimidated by medical professionals and they do not feel confident asking questions or requesting clarification.,It enhances patient care when a provider can verbalize the sentiments of the patient. It assists in repore. This allows the patient to feel as though they are on the 'same page' as the provider. ,The patient will feel heard. Care will be individualized allowing the patient to feel involved and as if the provider actually cares about their outcome.,It has been very beneficial. Working with patients on a tailored plan that takes in consideration their views and daily life allows them to be confident. ,I read about the importance in having empathy with patients and considering them as individuals.,"Welcome to the rewarding and often complicated world of medicine. 

You will see a myriad of patients with varying levels of medical knowledge. This is where you will deliver possibly the most important service you can provide, in teaching. Learn about your patients, this will help immensely in creating a comprehensive care plan that they will adhere to. Talk to them, not at them. Hear what they have to say. You will be their advocate. Ask yourself daily, how would I treat the person I love the most, what would my plan of care look like? Then execute it as if the person, who you love was seated in front of you.

Invite questions 
Teach, do not lecture
Do not judge
Listen 
Involve family
Offer viable options and small measurable goals
Be encouraging 
Share a personal story, which will help humanize, in a time where patients are scared and/or intimated
Most of all, be empathetic. 

You will see patients from all walks of life. Please treat them with the utmost respect, devoid of judgement. Their very life depends on you. 

Good luck and God speed.",,,,,,,,,,"Arrival, report, and rounds",Begin administering medications,Continue meds/assessments,Conclude med admin,Meet with families,Review labs/make contact with physicians as needed,Medication admin/rounds,Continue with tasks/wound care/etc,"Wind down, document, report",N/A,N/A,N/A,N/A,N/A,N/A,N/A,N/A,N/A,N/A,N/A,N/A,N/A,N/A,N/A,1,2,2,Conversation regarding barriers to self care,3,4,3,2,1,5,5,5,5,4,4,4,4,4,5,2,3,2,2,1,1,1,1,1,1,0,1,100,0,21,Med surg telemetry ,Registered Nurse,21,,60,3,ADN,1,23,,49,2,,1,,,6,5,5,3,3,Treatment,66330532-b265-6a2b-6331-fd31d8738454,1,1,2,1,2,6,8,3,1.5,63,4,5,5,1,5,3,1,1,3,5,3,1,Patient returns 3 weeks later. No improvement in pain. Non-compliant. Teaching provided.
2024-05-01 22:05:35,2024-05-01 22:26:10,0,100,1235,1,2024-05-01 22:26:11,R_5DcnW6RGBNTvDdD,,,,,37.386,-79.2191,anonymous,EN,1,3,,,,,,,,,,,"1,6",I use this at work to have proof of my residents vitals,Getting on survey apps and applying for more jobs ,I connect on zoom it’s an easier way to contact your employees ,Yes it improved my work a lot ,I use it to find more jobs in my area and use it to do my surveys for more money ,To do surveys and play games ,I read about technology and how to use it ,Covid-19 has really increased since people hasn’t been wearing there mask and babies are getting sick easily,Fed the residents ,Got there food up,Changed them ,Have them lunch ,Cleaned up there tray ,Bathe them,Play activities ,Take them to there room ,Clock out,,,,,,,,,,,,,,,,6,3,10,Ask him is there anything else you can help him with and try to send him on ,6,3,2,1,1,2,5,1,2,2,3,1,2,4,1,3,1,5,3,1,4,5,1,4,2,0,1,50,50,3,Certified nurse,Nurse,41,,25,3,Finished college ,1,48,,19,2,,3,,,9,7,6,3,2,Control,66331070-4a64-82c6-1073-78cc6f0f47b1,2,1,4,2,1,5,7,3,1.5,61,4,3,2,5,5,3,1,1,2,5,5,5,Nothing just reward me already 
2024-05-01 22:05:35,2024-05-01 22:26:10,0,100,1235,1,2024-05-01 22:26:11,R_5DcnW6RGBNTvDdD,,,,,37.386,-79.2191,anonymous,EN,1,3,,,,,,,,,,,"1,6",I use this at work to have proof of my residents vitals,Getting on survey apps and applying for more jobs ,I connect on zoom it’s an easier way to contact your employees ,Yes it improved my work a lot ,I use it to find more jobs in my area and use it to do my surveys for more money ,To do surveys and play games ,I read about technology and how to use it ,Covid-19 has really increased since people hasn’t been wearing there mask and babies are getting sick easily,Fed the residents ,Got there food up,Changed them ,Have them lunch ,Cleaned up there tray ,Bathe them,Play activities ,Take them to there room ,Clock out,,,,,,,,,,,,,,,,6,3,10,Ask him is there anything else you can help him with and try to send him on ,6,3,2,1,1,2,5,1,2,2,3,1,2,4,1,3,1,5,3,1,4,5,1,4,2,0,1,50,50,3,Certified nurse,Nurse,41,,25,3,Finished college ,1,48,,19,2,,3,,,9,7,6,3,2,Control,66331070-4a64-82c6-1073-78cc6f0f47b1,2,1,4,2,2,2,5,6,3,99,3,5,1,4,3,5,3,1,3,4,1,4,It’s really no follow up he doesn’t want to go to the doctor or be seen 
2024-05-01 22:57:36,2024-05-01 23:24:21,0,100,1604,1,2024-05-01 23:24:21,R_73UcAqURhR9YZXO,,,,,43.0584,-71.4578,anonymous,EN,1,3,,,,,,,,,,,"1,2,3,4,5,6,7,8",I use it for many things streamign tv social media and takking with family,"I use it to watch TV streaming videos,music listening and I use it for scoal media and also with family and friends on zoom live chats",When covid hit the world shut down and I am in medical field so I had to rely on technology with my kids and husband because we had to be apart because I was exposed everyday to covid and worked on covid units.So we would do video chats and talk and even fall asleep togeathwr with video ,It helped me stay I. Contact and keep my relationships strong through the roughest times.,I use it for streaming services such as Netflix hulu amazon.I also use it to.watch movies,I watch movies I stream music and I also use it for Facebook ,I read about technology and what I use it for in my personal life.,Technology has helped me in so many parts of my life.Like Covid times especially I am Nurse and my normal floor I worked on became a covid floor this took me away from my family because I spent longer hours longer shifts so I was exposed to covid for lomg periods of time.So I had to separate from husband and children so I wouldn't get them sick or expose them.Technolodgy my computer my phone my tablet that was my form of communication with them we would talk and do live video and even fall asleep with eachtother on the computer this kept our marriage strong and our kids happy just to see and hear my voice and see my face.I am so great ful with Technology we have because I wouldn't of made it without it.,,,,,,,,,,,,,,,,,,,,,,,,,6,2,4,I would tell Dave until he follows treatment plan and he has refused to do so that there is nomore we can do for him until he follows orders.,8,1,4,3,1,4,4,4,4,5,5,5,5,5,5,2,3,1,2,2,2,2,1,1,NA,0,0,50,50,8,Registered Nurse,Registered Nurse ,8,,79,4,Bachelor ,1,22,,34,2,,4,,,10,4,6,4,3,Control,66331bd2-9314-e088-096a-0a10c156c95d,4,2,1,1,1,1,6,6,3,NA,4,5,4,4,5,2,2,5,1,5,3,5,Dave needs to do treatment plan as directed and taken over the counter medications
2024-05-01 22:57:36,2024-05-01 23:24:21,0,100,1604,1,2024-05-01 23:24:21,R_73UcAqURhR9YZXO,,,,,43.0584,-71.4578,anonymous,EN,1,3,,,,,,,,,,,"1,2,3,4,5,6,7,8",I use it for many things streamign tv social media and takking with family,"I use it to watch TV streaming videos,music listening and I use it for scoal media and also with family and friends on zoom live chats",When covid hit the world shut down and I am in medical field so I had to rely on technology with my kids and husband because we had to be apart because I was exposed everyday to covid and worked on covid units.So we would do video chats and talk and even fall asleep togeathwr with video ,It helped me stay I. Contact and keep my relationships strong through the roughest times.,I use it for streaming services such as Netflix hulu amazon.I also use it to.watch movies,I watch movies I stream music and I also use it for Facebook ,I read about technology and what I use it for in my personal life.,Technology has helped me in so many parts of my life.Like Covid times especially I am Nurse and my normal floor I worked on became a covid floor this took me away from my family because I spent longer hours longer shifts so I was exposed to covid for lomg periods of time.So I had to separate from husband and children so I wouldn't get them sick or expose them.Technolodgy my computer my phone my tablet that was my form of communication with them we would talk and do live video and even fall asleep with eachtother on the computer this kept our marriage strong and our kids happy just to see and hear my voice and see my face.I am so great ful with Technology we have because I wouldn't of made it without it.,,,,,,,,,,,,,,,,,,,,,,,,,6,2,4,I would tell Dave until he follows treatment plan and he has refused to do so that there is nomore we can do for him until he follows orders.,8,1,4,3,1,4,4,4,4,5,5,5,5,5,5,2,3,1,2,2,2,2,1,1,NA,0,0,50,50,8,Registered Nurse,Registered Nurse ,8,,79,4,Bachelor ,1,22,,34,2,,4,,,10,4,6,4,3,Control,66331bd2-9314-e088-096a-0a10c156c95d,4,2,1,1,2,7,8,2,1,NA,5,5,5,5,5,5,5,5,1,5,1,2,Dave has refused to do his treatment plan we gave him all the medications and reduced them after so many weeks and he keeps coming back saying he did not do his treatment as directed and he keeps medication seeking this seems more like another issue that needs addressing.
2024-05-01 23:07:29,2024-05-01 23:54:22,0,100,2812,1,2024-05-01 23:54:23,R_59d5rQwsvDAvpRv,,,,,47.2573,-122.4921,anonymous,EN,1,1,,,,,,,,,,,"1,5,8",sent an email uising my laptop,doing work tasks and for communicating,through socia media,"by reaching out to people about health and environmental conservation
",by searching for new shows and gamings,listening to music,the war in middle east an ukraine,"Science, Technology & Society (STS) is an interdisciplinary field of study that seeks to explore and understand the many ways that modern science and technology shape modern culture, values, and institutions, and how modern values shape science and technology.",departing to work,get to my officee,day to day work,tea break,atttending to atients,lunch break,lunch break,back to my officee,attending to patients,close the office,drive home,arrive home,take a nap,take a nap,have my dinner,take my night tea,sleep,sleep,slepp,sleep,sleep,sleep,wake up,prepare,1,1,8,giving hi a weekly appointment,9,1,5,3,1,5,5,5,5,5,5,5,5,5,5,1,1,1,1,1,1,1,1,1,1,1,1,50,50,16,general care,owner,11,,82,3,bachelor,1,1,,49,1,,3,,,10,1,6,3,3,Control,66331eea-3a8b-1ca9-44a1-306899696427,4,3,4,3,1,2,3,7,3.5,100,1,1,5,1,5,1,1,1,5,5,5,5,"visit aftrer one week
get screened for his injuries
visiot a gaion after one week"
2024-05-01 23:07:29,2024-05-01 23:54:22,0,100,2812,1,2024-05-01 23:54:23,R_59d5rQwsvDAvpRv,,,,,47.2573,-122.4921,anonymous,EN,1,1,,,,,,,,,,,"1,5,8",sent an email uising my laptop,doing work tasks and for communicating,through socia media,"by reaching out to people about health and environmental conservation
",by searching for new shows and gamings,listening to music,the war in middle east an ukraine,"Science, Technology & Society (STS) is an interdisciplinary field of study that seeks to explore and understand the many ways that modern science and technology shape modern culture, values, and institutions, and how modern values shape science and technology.",departing to work,get to my officee,day to day work,tea break,atttending to atients,lunch break,lunch break,back to my officee,attending to patients,close the office,drive home,arrive home,take a nap,take a nap,have my dinner,take my night tea,sleep,sleep,slepp,sleep,sleep,sleep,wake up,prepare,1,1,8,giving hi a weekly appointment,9,1,5,3,1,5,5,5,5,5,5,5,5,5,5,1,1,1,1,1,1,1,1,1,1,1,1,50,50,16,general care,owner,11,,82,3,bachelor,1,1,,49,1,,3,,,10,1,6,3,3,Control,66331eea-3a8b-1ca9-44a1-306899696427,4,3,4,3,2,2,4,7,3.5,61,1,1,5,1,5,1,5,1,5,5,5,5,"checking how his injury is
whether he is taking his medication"
2024-05-01 22:31:52,2024-05-02 00:11:26,0,100,5974,1,2024-05-02 00:11:27,R_2ah2UnlPXsnuggx,,,,,41.6997,-70.9087,anonymous,EN,1,3,,"9,2,6","Empathy is an important value to have as a Registered Nurse because we see patients at some of the worst times in their lives when they are vulnerable, scared, and hurting in some way whether physically/psychologically or often times both.  It is important to remember as humans we all experience suffering and often times need validation of our experiences, education on the unknown, and knowing someone is there with us through this time and that's the role of the nurse, to say I see you are suffering, and I am here to help you through that, whatever that means to you. ","By taking the time to listen to our patients perspectives we can provide patient-centered care that focuses on what the patient sees as a priority.  By focusing our care on the highest needs of our patient we start to establish trust and can engage in shared-decision making.  When decisions are shared and prioritized with patient's needs in mind, patients tend to increase adherence to the plan of care and patient outcomes and satisfaction improves. ","In my experience, some reasons patients or families may be anxious or hesitate to ask questions is because 1. they don't speak the same language and this creates a barrier to communication effectively and efficiently at times, especially depending on communication services available. 2. Another reason is due to time constraints, provider has limited time and patient feels rushed, they may not be made to feel like a priority. 3.The patient or family member may not know what to ask because they do not know what is important or 4. they are unfamiliar with the US healthcare system and or the 5. unfamiliar with diagnosis, limited understanding of medical terminology or use of medical facilities. 5. Sometimes patients and family members are in shock depending on the medical situation and they may not be cognitively able to even process what is happening never-mind know what questions to ask, they may feel overwhelmed and have sensory and information overload.",Understanding a patient's perspective will have a positive effect on patient adherence to plan of care. ,"When the patient feels heard and respected which helps them trust their provider, the patient will increasingly adhering to a plan of care which is likely designed to improve patients health and get patient back to whichever goal they originally set together. It's a win-win for both. ","It has been beneficial to engage the patient in shared-decision making when it comes to their goals as it builds trust between the provider and patient and sometimes we have limited time to build that trust.  Patients are much more likely to engage in behaviors that will complete the goals if they are driven by their own wants and needs and they feel they have support and are not alone.  A nurses role is much of the time educating, supporting, and guiding our patients to the best course of action based  on their wishes, values, and needs. increased patient satisfaction is also likely when the patient provider relationship is based on trust, utilizes active communication, and shared decision making. 
",I read about ways that providers and patients can establish better relationships which with improve patient outcomes and make the patient feel heard. ,"It is important you understand as healthcare providers we provide care to our patient and it's up to them to decide if they want to use it.  Please listen to your patients, from day one.  Listen to their story, it will give you the answers to what they value most, what is most important to them, and it will establish trust in your relationship. Take the time to listen to your patients and ask them personal questions about themselves and their families and who they are.  In listening to their story you will identify key details to their health journey and what they value the most which can help us as healthcare providers guide our patients to the best avenue for them to receive the care that is in alignment with their needs and wants.  It is not our job to make decisions for our patients, it is our job to provide them with the knowledge, support, and the resources they need to make the best decision for themselves.
",,,,,,,,,,Receive report from RN for one patient/introduce myself to patient and her husband/establish goals for the evening and plan for the night and ways to reach me when husband leaves and addressed all questions/ provided ice packs for headache/stopped IV antibiotic/Flushed PICC/IV lines/answered other roomate call light and provided medication administration,"Neuro exam, full physical assessment, EKG, I&O, medications administered, turned/repositioned/reassess pain, provided eye drops/ointment","reassess pain, patient received bed on another unit, packed patient up, called pt's husband and let him know patient was transferring to another unit, communicated with physcian to place transfer orders and give md to md report and let me know when that was completed, then found a strether, collaborated with PCA to transfer pt over to stretcher, drew and sent timed labs prior to transfer so there would not be delay in results, called report and transferred patient  myself to unit above ours, made our front desk aware patient was being transferred and grabbed written chart to hand off to next unit, signed transfer note, noted belongings","helped settle patient to new unit, cleaned stretcher and brought back down to unit. did a round on the unit to see if any one needed assistance with adls, labs, IV placement, turns. ","was able to eat, got told I was getting an adminission from the ed. did chart check on patient of provdier notes, labs taken, medications ghivn, and reviwed current neuro exam and plan of care, recieved report from ed nurse, paged pca about incoming patient needs and assisted her with getting room set up for patient arrival","patient arrived to our unit, neuro exam qhr, labs assessed, reversal of anticoagulation continued, ivf bolus given, set pt up on heart monitor, ekg, temp, weight, bp cycles every 30 minutes, spot continuous monitoring on, full physical assessment, additional iv access placed, belongings went through, hcp verfied,","MD at bedside for neuro exam, clarifying medications and plan of care, collaborate with PCA to set pt up for Head CT, need travel monitor at bedside, reposition patient",Travel to CT department with ICU bed and back,pt sleep,"neuro exam, turn, reposition, i&O, pain assessment, ","assessing orders, communicating with physician about need for wound rn consult and social sevices consult and case management referalls. also, asking for updates on head ct-which was stable","Neuro surgery department assess performing neuro exam with rn at bedside, discuss nonsurgical plan of care due to stability of scan and exam, pt no longer need to be npo, neuro icu md paged to change order , diet order placed and pt given ensure per request, turn, mouth care provided, all needs met and questions answered",in between this night also had moments I was able to help nurses with repositions and baths. helped with a code situation and admitting another patient. gave report to oncoming nurse. ,drive home 1 hr,get home,shower,replay day in my head,do school work,go to bed,sleep,sleep,sleep,sleep,sleep,4,1,4,"Assess thoughts he has about pain management, history of pain medication usage, pt/ot consult, orthopedic consult for more recocommendations, psychological assessment to find if depression could have anything to do with lack of motivation, are their other issues hindering him from being compliant that i can help with? I think there is more assessment I would want to do. ",5,3,4,2,1,5,5,4,4,2,4,4,2,4,5,4,4,4,4,1,3,1,3,3,4,1,1,50,50,14,Neuro ICU,Staff Nurse,6,,60,3,"BSN, currently in Master's Degree Program for Psychiatric Mental Health Nurse Practitioner",1,22,,34,2,,1,,,6,2,5,2,3,Treatment,663314d8-2136-9232-ead7-bfa8f74fb572,2,1,2,1,1,6,7,3,1.5,46,4,4,5,1,5,3,1,1,3,5,3,1,"'-After further assessment, pt unable to obtain medications from pharmacy.
-Pt was introduced to a pharmacy service where they can deliver the medication to him,.
-Plan to follow up in one week, continue to use ice packs and elevate as needed, 
-Orthopedic consult placed "
2024-05-01 22:31:52,2024-05-02 00:11:26,0,100,5974,1,2024-05-02 00:11:27,R_2ah2UnlPXsnuggx,,,,,41.6997,-70.9087,anonymous,EN,1,3,,"9,2,6","Empathy is an important value to have as a Registered Nurse because we see patients at some of the worst times in their lives when they are vulnerable, scared, and hurting in some way whether physically/psychologically or often times both.  It is important to remember as humans we all experience suffering and often times need validation of our experiences, education on the unknown, and knowing someone is there with us through this time and that's the role of the nurse, to say I see you are suffering, and I am here to help you through that, whatever that means to you. ","By taking the time to listen to our patients perspectives we can provide patient-centered care that focuses on what the patient sees as a priority.  By focusing our care on the highest needs of our patient we start to establish trust and can engage in shared-decision making.  When decisions are shared and prioritized with patient's needs in mind, patients tend to increase adherence to the plan of care and patient outcomes and satisfaction improves. ","In my experience, some reasons patients or families may be anxious or hesitate to ask questions is because 1. they don't speak the same language and this creates a barrier to communication effectively and efficiently at times, especially depending on communication services available. 2. Another reason is due to time constraints, provider has limited time and patient feels rushed, they may not be made to feel like a priority. 3.The patient or family member may not know what to ask because they do not know what is important or 4. they are unfamiliar with the US healthcare system and or the 5. unfamiliar with diagnosis, limited understanding of medical terminology or use of medical facilities. 5. Sometimes patients and family members are in shock depending on the medical situation and they may not be cognitively able to even process what is happening never-mind know what questions to ask, they may feel overwhelmed and have sensory and information overload.",Understanding a patient's perspective will have a positive effect on patient adherence to plan of care. ,"When the patient feels heard and respected which helps them trust their provider, the patient will increasingly adhering to a plan of care which is likely designed to improve patients health and get patient back to whichever goal they originally set together. It's a win-win for both. ","It has been beneficial to engage the patient in shared-decision making when it comes to their goals as it builds trust between the provider and patient and sometimes we have limited time to build that trust.  Patients are much more likely to engage in behaviors that will complete the goals if they are driven by their own wants and needs and they feel they have support and are not alone.  A nurses role is much of the time educating, supporting, and guiding our patients to the best course of action based  on their wishes, values, and needs. increased patient satisfaction is also likely when the patient provider relationship is based on trust, utilizes active communication, and shared decision making. 
",I read about ways that providers and patients can establish better relationships which with improve patient outcomes and make the patient feel heard. ,"It is important you understand as healthcare providers we provide care to our patient and it's up to them to decide if they want to use it.  Please listen to your patients, from day one.  Listen to their story, it will give you the answers to what they value most, what is most important to them, and it will establish trust in your relationship. Take the time to listen to your patients and ask them personal questions about themselves and their families and who they are.  In listening to their story you will identify key details to their health journey and what they value the most which can help us as healthcare providers guide our patients to the best avenue for them to receive the care that is in alignment with their needs and wants.  It is not our job to make decisions for our patients, it is our job to provide them with the knowledge, support, and the resources they need to make the best decision for themselves.
",,,,,,,,,,Receive report from RN for one patient/introduce myself to patient and her husband/establish goals for the evening and plan for the night and ways to reach me when husband leaves and addressed all questions/ provided ice packs for headache/stopped IV antibiotic/Flushed PICC/IV lines/answered other roomate call light and provided medication administration,"Neuro exam, full physical assessment, EKG, I&O, medications administered, turned/repositioned/reassess pain, provided eye drops/ointment","reassess pain, patient received bed on another unit, packed patient up, called pt's husband and let him know patient was transferring to another unit, communicated with physcian to place transfer orders and give md to md report and let me know when that was completed, then found a strether, collaborated with PCA to transfer pt over to stretcher, drew and sent timed labs prior to transfer so there would not be delay in results, called report and transferred patient  myself to unit above ours, made our front desk aware patient was being transferred and grabbed written chart to hand off to next unit, signed transfer note, noted belongings","helped settle patient to new unit, cleaned stretcher and brought back down to unit. did a round on the unit to see if any one needed assistance with adls, labs, IV placement, turns. ","was able to eat, got told I was getting an adminission from the ed. did chart check on patient of provdier notes, labs taken, medications ghivn, and reviwed current neuro exam and plan of care, recieved report from ed nurse, paged pca about incoming patient needs and assisted her with getting room set up for patient arrival","patient arrived to our unit, neuro exam qhr, labs assessed, reversal of anticoagulation continued, ivf bolus given, set pt up on heart monitor, ekg, temp, weight, bp cycles every 30 minutes, spot continuous monitoring on, full physical assessment, additional iv access placed, belongings went through, hcp verfied,","MD at bedside for neuro exam, clarifying medications and plan of care, collaborate with PCA to set pt up for Head CT, need travel monitor at bedside, reposition patient",Travel to CT department with ICU bed and back,pt sleep,"neuro exam, turn, reposition, i&O, pain assessment, ","assessing orders, communicating with physician about need for wound rn consult and social sevices consult and case management referalls. also, asking for updates on head ct-which was stable","Neuro surgery department assess performing neuro exam with rn at bedside, discuss nonsurgical plan of care due to stability of scan and exam, pt no longer need to be npo, neuro icu md paged to change order , diet order placed and pt given ensure per request, turn, mouth care provided, all needs met and questions answered",in between this night also had moments I was able to help nurses with repositions and baths. helped with a code situation and admitting another patient. gave report to oncoming nurse. ,drive home 1 hr,get home,shower,replay day in my head,do school work,go to bed,sleep,sleep,sleep,sleep,sleep,4,1,4,"Assess thoughts he has about pain management, history of pain medication usage, pt/ot consult, orthopedic consult for more recocommendations, psychological assessment to find if depression could have anything to do with lack of motivation, are their other issues hindering him from being compliant that i can help with? I think there is more assessment I would want to do. ",5,3,4,2,1,5,5,4,4,2,4,4,2,4,5,4,4,4,4,1,3,1,3,3,4,1,1,50,50,14,Neuro ICU,Staff Nurse,6,,60,3,"BSN, currently in Master's Degree Program for Psychiatric Mental Health Nurse Practitioner",1,22,,34,2,,1,,,6,2,5,2,3,Treatment,663314d8-2136-9232-ead7-bfa8f74fb572,2,1,2,1,2,6,7,3,1.5,NA,5,4,5,1,5,,1,1,3,5,3,1,"Upon futher assessment, Dave is unable to get his prescriptions due to his pharmacies hours and therefore he was assisted to set up delivery service and now will have the medication delivered to him. He states he is nervous about using pain medication therefore he was educated on tramadol and acetaminophen and also alternative therpay such as ice and using a brace. orthopedic consult was placed. follow up in one week to assess for usage of medication, pain relief. Depression screening. PT/OT consult. "
2024-05-01 21:36:29,2024-05-02 00:17:58,0,100,9688,1,2024-05-02 00:17:59,R_2hLLg0gIB9eybFc,,,,,38.8015,-90.2062,anonymous,EN,1,3,,"9,3,5",I feel like it's showing empathy to your patience is very important if you don't show them everything how would your patient think that you care and why would I trust you to put they like to put you in a life in advance,Video Livermore I need to be taken a little bit more spirit because this is more important than anything,Because they're not doctors they don't know anything about position some people might know but a lot of people don't know and who wouldn't ask questions about their health and isn't somebody else's hands,Understanding of patience perspective on thing will most definitely make it a much smoother appointment for them and them and us just been on the same page,Listening in the patients perspective in a positive influence can most definitely helpful patient be very confident in their disease and having you been confident as well,Being able to see my patients' perspective and side of things about their healthy most definitely help us to have a better relationship when it comes to certain things,I just read about how patients feel about the Healthcare System,Dear new healthcare provider please do not get offended by the questions asked about your patients please take your job seriously and please care a lot because the wrong mistake can cost you your whole career,,,,,,,,,,,,,,,,,This was a very busy day for me I was very tired and exhausted when I came in,Around this time I was doing my rounds and I was checking on,I giving out medications giving people new RV bags,Around this time I go outside for a quick smoke break,Then I go around to make sure that all the patients are happy with their their dinner that they're having,Around helping everybody making sure that everybody shift is clean and just making sure that the,Helping everybody making sure that everybody shift is clean and just making sure that the patients doesn't this is when I take my hour break and I decide to have my lunch eat at the cafeteria, this is when I take my hour break and I decide to have my lunch eat at the cafeteria I,Sometimes I stayed over to help everybody,,,,,,,,,1,5,9,I will give Dave a few options I will let him know he will have to do this or if not only brother we just going to have to do surgery,5,1,3,3,1,5,4,5,4,4,5,5,4,4,5,1,2,1,1,1,1,1,1,2,2,1,1,45,55,7,Regristed nurse ,Regristed r,5,,72,3,6,1,26,,24,2,,3,,,5,1,3,2,3,Treatment,66330986-d966-6c23-7a2d-5adc3daa3eb8,4,3,4,3,1,2,4,7,3.5,100,3,5,5,1,5,3,1,4,1,5,1,1,Dave is still complaining about the pain and he said that he has not been doing with I have prescribed for him to do for the pain
2024-05-01 21:36:29,2024-05-02 00:17:58,0,100,9688,1,2024-05-02 00:17:59,R_2hLLg0gIB9eybFc,,,,,38.8015,-90.2062,anonymous,EN,1,3,,"9,3,5",I feel like it's showing empathy to your patience is very important if you don't show them everything how would your patient think that you care and why would I trust you to put they like to put you in a life in advance,Video Livermore I need to be taken a little bit more spirit because this is more important than anything,Because they're not doctors they don't know anything about position some people might know but a lot of people don't know and who wouldn't ask questions about their health and isn't somebody else's hands,Understanding of patience perspective on thing will most definitely make it a much smoother appointment for them and them and us just been on the same page,Listening in the patients perspective in a positive influence can most definitely helpful patient be very confident in their disease and having you been confident as well,Being able to see my patients' perspective and side of things about their healthy most definitely help us to have a better relationship when it comes to certain things,I just read about how patients feel about the Healthcare System,Dear new healthcare provider please do not get offended by the questions asked about your patients please take your job seriously and please care a lot because the wrong mistake can cost you your whole career,,,,,,,,,,,,,,,,,This was a very busy day for me I was very tired and exhausted when I came in,Around this time I was doing my rounds and I was checking on,I giving out medications giving people new RV bags,Around this time I go outside for a quick smoke break,Then I go around to make sure that all the patients are happy with their their dinner that they're having,Around helping everybody making sure that everybody shift is clean and just making sure that the,Helping everybody making sure that everybody shift is clean and just making sure that the patients doesn't this is when I take my hour break and I decide to have my lunch eat at the cafeteria, this is when I take my hour break and I decide to have my lunch eat at the cafeteria I,Sometimes I stayed over to help everybody,,,,,,,,,1,5,9,I will give Dave a few options I will let him know he will have to do this or if not only brother we just going to have to do surgery,5,1,3,3,1,5,4,5,4,4,5,5,4,4,5,1,2,1,1,1,1,1,1,2,2,1,1,45,55,7,Regristed nurse ,Regristed r,5,,72,3,6,1,26,,24,2,,3,,,5,1,3,2,3,Treatment,66330986-d966-6c23-7a2d-5adc3daa3eb8,4,3,4,3,2,2,3,7,3.5,100,1,5,5,1,5,5,1,5,1,5,2,2,Dave is still talking about he having pain and he's not following the doctor's orders
2024-05-02 13:53:10,2024-05-02 14:16:13,0,100,1383,1,2024-05-02 14:16:14,R_15NERubxk6kidjH,,,,,39.1091,-84.6082,anonymous,EN,1,3,,,,,,,,,,,"5,6,7,8",None. ,Communication health ,During COVID best communication was through social media platforms ,None,None,Nonetheless ,I read about the effectiveness of technology ,Technology can be useful in many different ways.   To check on family to check in at your home when not there and to simply check the weather.  ,Good,Good,Good,Smooth,,,,,,,,Good,,,,,,,,,,,,,4,5,7,Pain meds,5,2,3,2,1,5,3,5,3,5,5,5,5,4,3,1,1,4,1,3,3,1,2,2,3,1,1,50,50,10,None,Rn,5,,88,2,B,1,36,,36,2,,3,,,7,7,5,2,2,Control,6633ee23-9261-0781-def6-c0934f7ea80e,3,3,4,3,1,3,4,6,3,63,1,5,5,3,5,1,1,2,3,5,4,3,None
2024-05-02 13:53:10,2024-05-02 14:16:13,0,100,1383,1,2024-05-02 14:16:14,R_15NERubxk6kidjH,,,,,39.1091,-84.6082,anonymous,EN,1,3,,,,,,,,,,,"5,6,7,8",None. ,Communication health ,During COVID best communication was through social media platforms ,None,None,Nonetheless ,I read about the effectiveness of technology ,Technology can be useful in many different ways.   To check on family to check in at your home when not there and to simply check the weather.  ,Good,Good,Good,Smooth,,,,,,,,Good,,,,,,,,,,,,,4,5,7,Pain meds,5,2,3,2,1,5,3,5,3,5,5,5,5,4,3,1,1,4,1,3,3,1,2,2,3,1,1,50,50,10,None,Rn,5,,88,2,B,1,36,,36,2,,3,,,7,7,5,2,2,Control,6633ee23-9261-0781-def6-c0934f7ea80e,3,3,4,3,2,1,3,7,3.5,58,4,5,5,5,5,4,2,4,2,5,3,3,None
2024-05-02 18:34:01,2024-05-02 19:14:53,0,100,2451,1,2024-05-02 19:14:54,R_1EBLe6srS5wArEB,,,,,42.4248,-83.1951,anonymous,EN,1,3,,"9,3,5",Because I care about my patients ,Because some of my patients are very sick and fragile and need me the most ,Some patients do like to hear the truth ,I want my patients to be honest with me so I can give them the best recommendations ,By doing what they are supposed to do and take their medication ,It has been my pleasure to assist them and being honest with them ,My patients and caring for them ,"I am very happy with my job and would continue to assist with my patients 
",,,,,,,,,,Got ready for work ,Started my shift ,Did my rounds,Gave them their medicine ,They're vitals,Did paper work ,Had lunch ,Gave them more medicine ,Did more paper work ,Clocked out,,,,,,,,,,,,,,,4,4,4,Up the doses ,5,3,2,3,1,3,3,4,4,4,3,4,3,3,3,3,2,1,1,1,1,1,1,1,1,0,0,50,50,16,Manger ,Manger ,10,,68,4,High school graduate ,1,23,,46,2,,3,,,8,6,2,2,2,Treatment,66342fe6-c86d-5b3d-b5c7-799c023576e6,3,2,3,2,1,3,5,5,2.5,29,3,3,5,3,5,1,1,1,4,5,4,2,Dave pain is no improvement 
2024-05-02 18:34:01,2024-05-02 19:14:53,0,100,2451,1,2024-05-02 19:14:54,R_1EBLe6srS5wArEB,,,,,42.4248,-83.1951,anonymous,EN,1,3,,"9,3,5",Because I care about my patients ,Because some of my patients are very sick and fragile and need me the most ,Some patients do like to hear the truth ,I want my patients to be honest with me so I can give them the best recommendations ,By doing what they are supposed to do and take their medication ,It has been my pleasure to assist them and being honest with them ,My patients and caring for them ,"I am very happy with my job and would continue to assist with my patients 
",,,,,,,,,,Got ready for work ,Started my shift ,Did my rounds,Gave them their medicine ,They're vitals,Did paper work ,Had lunch ,Gave them more medicine ,Did more paper work ,Clocked out,,,,,,,,,,,,,,,4,4,4,Up the doses ,5,3,2,3,1,3,3,4,4,4,3,4,3,3,3,3,2,1,1,1,1,1,1,1,1,0,0,50,50,16,Manger ,Manger ,10,,68,4,High school graduate ,1,23,,46,2,,3,,,8,6,2,2,2,Treatment,66342fe6-c86d-5b3d-b5c7-799c023576e6,3,2,3,2,2,3,5,5,2.5,41,3,3,5,2,5,1,1,1,5,1,5,2,Dave pain haven't gotten better 
2024-05-02 18:52:47,2024-05-02 19:46:39,0,100,3231,1,2024-05-02 19:46:39,R_5g6eXfGMgqZ9PUM,,,,,33.6563,-112.1706,anonymous,EN,1,3,,,,,,,,,,,"1,5,7","I use spotify to listen to music in my free time. It provides all my favorite music, including contemporary hawaiian music which is nice because i no longer live in Hawaii ","Text my family, check weather,  check email ",Zoom meetings for work during the pandemic helped us to keep in touch with each other when our schools closed down ,I don't really utilize zoom for meetings since we are back to in-person learning,"I stream movies and shows on Netflix, Hulu and Max. I also watch videos on YouTube ",After work i sometimes watch my favorite shows like Seinfeld on netflixnif there's nothing good on TV. If i miss the local news I watch it on the app.,Technology has improved access to communication and entertainment ,Did you know that you can use your smartphone to do a video call with a loved one from lives far away? You can also order groceries online and have it delivered to your door- you can go shopping without leaving your home. You can watch movies that you love whenever you want from the comfort of your home. You can order your medications online and have it delivered to your door. Technology makes it easier to access many necessary things.  ,Open up office at 730a. Prep meds for the day.,School starts.  Administer meds as ordered. See injured/ill students,See injured/ill students,See injured/ill students,Administer meds as ordered. See injured/ill students,Daily meds. See injured/ill students. ,See injured/ill students,See injured/ill students. Complete charting,"Finish charting,  any reports. School ends. Work done at 330.",,,,,,,,,,,,,,,,3,4,5,"I would recommend following up with therapy, no more prescription pain meds , he needs to follow up with recommendations ",5,2,3,2,1,4,3,4,4,3,3,4,3,4,3,2,3,2,3,2,2,2,2,2,2,1,1,90,10,28,Community health/school nursing ,School Nurse RN,6,,75,3,BSN,1,3,,53,2,,2,,,6,4,6,2,2,Control,66343453-41ff-a096-a324-f176b80097ee,2,1,2,1,1,6,8,3,1.5,21,3,2,4,2,5,2,1,3,3,5,5,5,Not responding to low dose of tramadol and lidocaine.  Recommend slightly higher dose but encourage follow up with recommendations 
2024-05-02 18:52:47,2024-05-02 19:46:39,0,100,3231,1,2024-05-02 19:46:39,R_5g6eXfGMgqZ9PUM,,,,,33.6563,-112.1706,anonymous,EN,1,3,,,,,,,,,,,"1,5,7","I use spotify to listen to music in my free time. It provides all my favorite music, including contemporary hawaiian music which is nice because i no longer live in Hawaii ","Text my family, check weather,  check email ",Zoom meetings for work during the pandemic helped us to keep in touch with each other when our schools closed down ,I don't really utilize zoom for meetings since we are back to in-person learning,"I stream movies and shows on Netflix, Hulu and Max. I also watch videos on YouTube ",After work i sometimes watch my favorite shows like Seinfeld on netflixnif there's nothing good on TV. If i miss the local news I watch it on the app.,Technology has improved access to communication and entertainment ,Did you know that you can use your smartphone to do a video call with a loved one from lives far away? You can also order groceries online and have it delivered to your door- you can go shopping without leaving your home. You can watch movies that you love whenever you want from the comfort of your home. You can order your medications online and have it delivered to your door. Technology makes it easier to access many necessary things.  ,Open up office at 730a. Prep meds for the day.,School starts.  Administer meds as ordered. See injured/ill students,See injured/ill students,See injured/ill students,Administer meds as ordered. See injured/ill students,Daily meds. See injured/ill students. ,See injured/ill students,See injured/ill students. Complete charting,"Finish charting,  any reports. School ends. Work done at 330.",,,,,,,,,,,,,,,,3,4,5,"I would recommend following up with therapy, no more prescription pain meds , he needs to follow up with recommendations ",5,2,3,2,1,4,3,4,4,3,3,4,3,4,3,2,3,2,3,2,2,2,2,2,2,1,1,90,10,28,Community health/school nursing ,School Nurse RN,6,,75,3,BSN,1,3,,53,2,,2,,,6,4,6,2,2,Control,66343453-41ff-a096-a324-f176b80097ee,2,1,2,1,2,5,8,3,1.5,44,4,4,4,4,4,3,3,3,2,4,4,3,"Has been given low and moderate doses of pain meds, reports no pain improvement but has not been compliant with treatment recommendations "
2024-05-02 19:23:39,2024-05-02 20:34:50,0,100,4270,1,2024-05-02 20:34:51,R_2pYitnVvKlIpr33,,,,,42.3291,-71.1815,anonymous,EN,1,1,,"7,9,3",I believe and each motivational interviewing and ways to address psychosocial issues dealing with chronic illnesses,"Lots of medical problems involve patient compliance. However, this must be balanced with learning issues, sufficient time from the medical team to interact with patients in a positive, empowered, motivational interviewing style to share informaton about their illness, share their key role as a family member or as the patient and to help them understand their own needs, barriers and address how these can work together to make them healthier, take the appropriate decisions about their lifestyle, take medications corretly and improe their own outcomes. un","Too little time from HCP with patients. HCP always in a rush to see next patient, order tests, write prescriptions and too little time to use empowerment and motivational interviewing available to engage with the patient in an age-appropriate, social and family-friendly manner. To little contact with fathers or other family care-givers (grandparents, older siblings). Too little attention to providing knowledge in a less frightening and less burdensome manner.  Too little attention to open discussions about such issues to ease tensions, help understand what needs to be done by the patient/family and help assist the steps to make progress. ","Have done self-efficacy studies with adolescent diabetes patients and lectured about these as well as published. Have lectured about empowerment and motivational interviewing with chronic pediatric, adolescent and young adult diabetes and endocrinology disorders and taught these topics in 65 countries to date. Have used group teaching, individual teaching and multidisciplinary team approaches successfully to improve care, understanding, compliance as well as improve lab outcomes as well as decreased hospitalization/emergency room visits as well as improved long term health outcomes. Also have taught this in low-resource and middle-resource systems with excellent response and results.","Helps to have HCPs understand learning needs, how to motivate and encourage open discussions and not just ""giving orders"" which then aren't often followed, improves understanding and then adherence/compliance also improves even with difficult tasks with both acute and chronic conditions.  Better for patient and family. Better for HCP because goals are easier to achieve so more satisfaction and less stress on both sides.   ","Open-ended questions and not rapid orders are key.  Discussing psychosocial factors, financial factors and opening up discussions means having a unified multidisciplinary team approach that is internally consistent, utilizes the same empowering style of interactions and allows patients/family members to feel safe and more open about problem discussions, questions or worries while learning in a style that works for them. 
 Needs more time than most HCPs in USA and around the world typically have available to them so needs a different style approach from the healthcare system.  Can be done individually, with whole family, as well as with patient group teaching or even several family-group teaching especially applied to weekend or evening support sessions using the same useful empowerment and motivational interviewing and sharing style. ","Intriguing presentations about what my entire healthcare life has focused on:  patient/family/HCP interactions that promote improved knowledge sharing, compliance, adherence, short and long term healthier outcomes.  ","The best health care providers use empowerment and motivational techniques to help share information that is often complicated, scary and hard to follow because of learning difficulties, reading or math difficulties or other psychosocial issues. Too often patients and their families are too scared or unsure that they can express their questions or concerns and they often end up with compliance and adherence issues because the HCP is stuck with old-style autocratic sharing of information in too little time to promote open discussions about such issues.  By not simply telling people what you as a HCP have learned they should do but empowering the patient and family participation in the process, outcomes improve, compliance and adherence issues can be better addressed openly and without anger or frustration by HCPs to solve many of the short and long term issues of delivering medical information and having fewer problems n the process. ",,,,,,,,,,,Chart review for tomorrow's patient's lab orders,Two followup patients: one adolescent with IDDM; one acquired hypothyroid young adult,Two followup patients: one preschooler with IDDM with only mom not dad present;  one patient with Turner Syndrome treated with growth hormone and here to discuss timing of starting estrogen to maximize final height,Two followup diabetes patients; one elementary school child embarrassed to have to go to nurse for BG testing every day and being teased; second IDDM patient struggling with obesity as well as T1DM and higher BG levels as a result of the food issues,Lunchbreak and some phone calls and chart review/letters to PCPs,First half hour ongoing letter dictations; another teen patient with thyroid and GH deficiency following bicycle vs automobile accident and being treated with thyroxine and GH very successfully. Discussions about adding oxandrolone to delay epiphyseal closure and maximize GH height response. ,"Two followup patients with diabetes. First a preteen witih obesity and insulin resistance, hypercholesterolemia, borderline hypertension and positive family history of same with empowerment discussions about exercise, food choices, possible medication needs. Second patient with congenital adrenal hyperplasia diagnosed on newborn screening tests with excellent results on hydrocortisone treatment twice-a-day, no emergency room visits and excellent growth. ","Two college patients, longstanding with excellent compiance and being treated with insulin pumps, hybrid closed loop continuous glucose monitoring and excellent results vis-a-vis tie-in-range, minimized hypoglycemia and minimized hyperglyemia.","Two more adolescent diabetes patients one with multidose-insulin regimen and considering insulin pump as well as CGMS integrated monitoring because of higher than optimal A1c levels.  Second adolescent patient with hypoglycemia unawareness syndrome and too frequent hypoglycemia as well as intermittent severe hypoglycemia because of not utilizing own BG  monitoring results in a consistent manner. Discussions about optimizing pump and CSII systems that would allow computer algorithms to help with management issues, making deciisons easier and more automatically and ease the fears by being able to eliminate most if not all hypoglycemic events.","Return phone calls to patients, parents and referring HCPs",Chart review from previous day's patients and letter writing,Home for dinner,Journal reading,,,,,,,,,,,1,1,4,"Open ended questions to try to build a relationship, involve Dave in discussions about what he would like to do, what has been some of the barriers towards taking the pain meds, wearing the ankle support and whether or not he is able to avoid long hours t work standng which interferes with healing. Don't give ""orders"" but encourage his participation with nonjudgemental open-ended queries to empower his taking, participating and figuring out together what might be a next step.",4,4,2,2,1,5,1,5,1,5,5,5,5,5,5,1,1,1,1,1,1,1,1,1,1,1,1,80,20,42,"Pediatric, adolescent and young adult endocrinology and diabetes",Senior Endocrinologist at NEDEC,39,,100,4,MD and Honorary PhD for international education in Romania ,1,5,,76,1,,1,,,9,2,7,1,2,Treatment,66343b58-9ff1-51d7-ea84-f1208ee42cd0,1,1,2,2,1,7,8,2,1,63,4,4,5,2,5,2,1,1,4,5,5,5,Important to have Dave call if pain persists and not just wait for followup session. Likely needs xrays done to make sure no fracture that might need orthopedic followup and/or cast or other support.  Increase pain medication and reinforce using such support and avoiding weight bearing as much as possible to promote healing.  
2024-05-02 19:23:39,2024-05-02 20:34:50,0,100,4270,1,2024-05-02 20:34:51,R_2pYitnVvKlIpr33,,,,,42.3291,-71.1815,anonymous,EN,1,1,,"7,9,3",I believe and each motivational interviewing and ways to address psychosocial issues dealing with chronic illnesses,"Lots of medical problems involve patient compliance. However, this must be balanced with learning issues, sufficient time from the medical team to interact with patients in a positive, empowered, motivational interviewing style to share informaton about their illness, share their key role as a family member or as the patient and to help them understand their own needs, barriers and address how these can work together to make them healthier, take the appropriate decisions about their lifestyle, take medications corretly and improe their own outcomes. un","Too little time from HCP with patients. HCP always in a rush to see next patient, order tests, write prescriptions and too little time to use empowerment and motivational interviewing available to engage with the patient in an age-appropriate, social and family-friendly manner. To little contact with fathers or other family care-givers (grandparents, older siblings). Too little attention to providing knowledge in a less frightening and less burdensome manner.  Too little attention to open discussions about such issues to ease tensions, help understand what needs to be done by the patient/family and help assist the steps to make progress. ","Have done self-efficacy studies with adolescent diabetes patients and lectured about these as well as published. Have lectured about empowerment and motivational interviewing with chronic pediatric, adolescent and young adult diabetes and endocrinology disorders and taught these topics in 65 countries to date. Have used group teaching, individual teaching and multidisciplinary team approaches successfully to improve care, understanding, compliance as well as improve lab outcomes as well as decreased hospitalization/emergency room visits as well as improved long term health outcomes. Also have taught this in low-resource and middle-resource systems with excellent response and results.","Helps to have HCPs understand learning needs, how to motivate and encourage open discussions and not just ""giving orders"" which then aren't often followed, improves understanding and then adherence/compliance also improves even with difficult tasks with both acute and chronic conditions.  Better for patient and family. Better for HCP because goals are easier to achieve so more satisfaction and less stress on both sides.   ","Open-ended questions and not rapid orders are key.  Discussing psychosocial factors, financial factors and opening up discussions means having a unified multidisciplinary team approach that is internally consistent, utilizes the same empowering style of interactions and allows patients/family members to feel safe and more open about problem discussions, questions or worries while learning in a style that works for them. 
 Needs more time than most HCPs in USA and around the world typically have available to them so needs a different style approach from the healthcare system.  Can be done individually, with whole family, as well as with patient group teaching or even several family-group teaching especially applied to weekend or evening support sessions using the same useful empowerment and motivational interviewing and sharing style. ","Intriguing presentations about what my entire healthcare life has focused on:  patient/family/HCP interactions that promote improved knowledge sharing, compliance, adherence, short and long term healthier outcomes.  ","The best health care providers use empowerment and motivational techniques to help share information that is often complicated, scary and hard to follow because of learning difficulties, reading or math difficulties or other psychosocial issues. Too often patients and their families are too scared or unsure that they can express their questions or concerns and they often end up with compliance and adherence issues because the HCP is stuck with old-style autocratic sharing of information in too little time to promote open discussions about such issues.  By not simply telling people what you as a HCP have learned they should do but empowering the patient and family participation in the process, outcomes improve, compliance and adherence issues can be better addressed openly and without anger or frustration by HCPs to solve many of the short and long term issues of delivering medical information and having fewer problems n the process. ",,,,,,,,,,,Chart review for tomorrow's patient's lab orders,Two followup patients: one adolescent with IDDM; one acquired hypothyroid young adult,Two followup patients: one preschooler with IDDM with only mom not dad present;  one patient with Turner Syndrome treated with growth hormone and here to discuss timing of starting estrogen to maximize final height,Two followup diabetes patients; one elementary school child embarrassed to have to go to nurse for BG testing every day and being teased; second IDDM patient struggling with obesity as well as T1DM and higher BG levels as a result of the food issues,Lunchbreak and some phone calls and chart review/letters to PCPs,First half hour ongoing letter dictations; another teen patient with thyroid and GH deficiency following bicycle vs automobile accident and being treated with thyroxine and GH very successfully. Discussions about adding oxandrolone to delay epiphyseal closure and maximize GH height response. ,"Two followup patients with diabetes. First a preteen witih obesity and insulin resistance, hypercholesterolemia, borderline hypertension and positive family history of same with empowerment discussions about exercise, food choices, possible medication needs. Second patient with congenital adrenal hyperplasia diagnosed on newborn screening tests with excellent results on hydrocortisone treatment twice-a-day, no emergency room visits and excellent growth. ","Two college patients, longstanding with excellent compiance and being treated with insulin pumps, hybrid closed loop continuous glucose monitoring and excellent results vis-a-vis tie-in-range, minimized hypoglycemia and minimized hyperglyemia.","Two more adolescent diabetes patients one with multidose-insulin regimen and considering insulin pump as well as CGMS integrated monitoring because of higher than optimal A1c levels.  Second adolescent patient with hypoglycemia unawareness syndrome and too frequent hypoglycemia as well as intermittent severe hypoglycemia because of not utilizing own BG  monitoring results in a consistent manner. Discussions about optimizing pump and CSII systems that would allow computer algorithms to help with management issues, making deciisons easier and more automatically and ease the fears by being able to eliminate most if not all hypoglycemic events.","Return phone calls to patients, parents and referring HCPs",Chart review from previous day's patients and letter writing,Home for dinner,Journal reading,,,,,,,,,,,1,1,4,"Open ended questions to try to build a relationship, involve Dave in discussions about what he would like to do, what has been some of the barriers towards taking the pain meds, wearing the ankle support and whether or not he is able to avoid long hours t work standng which interferes with healing. Don't give ""orders"" but encourage his participation with nonjudgemental open-ended queries to empower his taking, participating and figuring out together what might be a next step.",4,4,2,2,1,5,1,5,1,5,5,5,5,5,5,1,1,1,1,1,1,1,1,1,1,1,1,80,20,42,"Pediatric, adolescent and young adult endocrinology and diabetes",Senior Endocrinologist at NEDEC,39,,100,4,MD and Honorary PhD for international education in Romania ,1,5,,76,1,,1,,,9,2,7,1,2,Treatment,66343b58-9ff1-51d7-ea84-f1208ee42cd0,1,1,2,2,2,5,6,4,2,72,4,4,4,2,5,4,1,1,3,5,5,3,"Followup of ankle injury continuing pain. Empowerment discussions re: severity of pain, ability to utilize ankle support, whether or not there were worries about medication prescribed but not taken. Dave seemed more calm and less worried after this open-ended approach to our conversation and I suggested that we talk on the telephone in 2 days to see how things were going. Might consider a face-to-face session next if the tele-health sessions still not showing some improvement."
2024-05-02 20:51:08,2024-05-02 21:12:06,0,100,1257,1,2024-05-02 21:12:07,R_29N4yK5M1d28Xp7,,,,,39.6663,-104.8343,anonymous,EN,1,3,,,,,,,,,,,"1,3,8",I use a kindle to read while decompressing from my shift. I also use a computer to check my emails and work on any job applications. ,I use it to check social media and to also talk to my family that lives out of state. I use it to communicate with work and my husband as well. ,I have long distance friends that I can talk to from the tip of my fingers instead of writing letters and waiting days,"I can check in on my friends whenever I want to using texts, or any form of social media. I can talk to someone essentially whenever I want. ","I use it to watch netflix, to watch tiktok, and to watch youtube",I use it to play games on my phone and to watch videos whether they are educational or just entertainment ,I read about the use of remdisivir in treating covid patients in the ICU,"Internet access and technology can seem so intimidating with the world at your fingertips, but you can use it in any way you need. For entertainment, for educational purposes, or to communicate with your friends and family any time you want. It can be a harsh place, but you can choose to consume whatever media you want. ",setting up room,getting first case back,morning break & turnovers,more cases & turnovers,lunch break,more cases,turning down the room,helping other rooms,leaving,home,dinner,watch tv,watch tv,sit on phone,sleep,sleep,sleep,sleep,sleep,sleep,sleep,sleep,sleep ,wake up,1,2,4,"I would not change medications, and would further ask him questions about his pain and give other methods of pain relief. ",6,4,3,2,1,5,5,5,5,3,2,4,3,5,5,2,3,2,3,1,3,1,1,1,2,1,1,50,50,5,OR,OR RN,4,,82,3,bachelors,1,6,,25,2,,1,,,7,2,5,2,2,Control,6634500c-ae52-7f31-cdc9-bcdd62e9e90e,2,2,3,3,1,5,6,4,2,NA,4,4,5,1,5,1,1,2,3,5,5,2,"• pain not being relieved
• pt stated he “has had no time to do the recommendations provided”
• prescribed a stronger opioid to help relieve pain and will continue to follow up with pt. "
2024-05-02 20:51:08,2024-05-02 21:12:06,0,100,1257,1,2024-05-02 21:12:07,R_29N4yK5M1d28Xp7,,,,,39.6663,-104.8343,anonymous,EN,1,3,,,,,,,,,,,"1,3,8",I use a kindle to read while decompressing from my shift. I also use a computer to check my emails and work on any job applications. ,I use it to check social media and to also talk to my family that lives out of state. I use it to communicate with work and my husband as well. ,I have long distance friends that I can talk to from the tip of my fingers instead of writing letters and waiting days,"I can check in on my friends whenever I want to using texts, or any form of social media. I can talk to someone essentially whenever I want. ","I use it to watch netflix, to watch tiktok, and to watch youtube",I use it to play games on my phone and to watch videos whether they are educational or just entertainment ,I read about the use of remdisivir in treating covid patients in the ICU,"Internet access and technology can seem so intimidating with the world at your fingertips, but you can use it in any way you need. For entertainment, for educational purposes, or to communicate with your friends and family any time you want. It can be a harsh place, but you can choose to consume whatever media you want. ",setting up room,getting first case back,morning break & turnovers,more cases & turnovers,lunch break,more cases,turning down the room,helping other rooms,leaving,home,dinner,watch tv,watch tv,sit on phone,sleep,sleep,sleep,sleep,sleep,sleep,sleep,sleep,sleep ,wake up,1,2,4,"I would not change medications, and would further ask him questions about his pain and give other methods of pain relief. ",6,4,3,2,1,5,5,5,5,3,2,4,3,5,5,2,3,2,3,1,3,1,1,1,2,1,1,50,50,5,OR,OR RN,4,,82,3,bachelors,1,6,,25,2,,1,,,7,2,5,2,2,Control,6634500c-ae52-7f31-cdc9-bcdd62e9e90e,2,2,3,3,2,3,4,6,3,NA,5,5,2,3,5,3,2,5,1,5,5,2,"•pt stating pain has not improved at all with higher dose of medication. 
• pt stated the recommendations given to him “slipped his mind.”
• pt went home with other non-medicinal pain control recommendations. "
2024-05-02 21:21:02,2024-05-02 22:18:29,0,100,3447,1,2024-05-02 22:18:30,R_5e36ZotYmpm8Acm,,,,,44.9618,-93.2638,anonymous,EN,1,3,,"4,5",Charting accurately and following through with provider orders are essential in making sure our patients get the care they are here for. Accurate and thorough assessments and charting helps plan the patients care while here. Owning up to mistakes or being off schedule can help explain variances in patient condition . ,"A persons experiences and beliefs shape the way they currently and will continue tk live their life, including what they’ll do after care. Taking this into account allows for planning to health adherence, as well as trying to understand why they might do things in certain ways","They get various advice from professionals and other sources that they believe to be accurate (family, Facebook, etc)… Heakthcare providers sometimes shoot down patient thoughts or opinions, and can make them feel unworthy of asking or like they’re taking up time of someone in hurry ","You can better anticipate what to educate a patient on while in care, which can make you feel like you’re making a positive difference.",Better planning and focus on individual needs can prevent further hospitalizations ,Just having the conversation about what is realistic and obtainable with the patient can help identify barriers and create mini goals ,Ways to enhance patient provider relationship.,Your patient has a voice - encourage them to use it and listen to what they have to say. Evaluates their health literacy and what they express as their own goals and obstacles are essential for creating patient centered care. Remember that this is a stressful situation for them to navigate. One good experience can help foster future health compliance.,,,,,,,,,,,,,,,,,,Report,"Assessing, vitals, meds","Assessing, vitals, meds",Meds,Charting,"Vitals, meds","Mess, glucose",Charting,Handoff,,,,,,,,3,4,6,"Ask Dave how he has been managing pain besides medicine, what limitations this is causing, for in person cray and followup",3,4,2,2,1,5,5,5,5,3,2,2,2,2,4,NA,4,3,4,3,3,3,3,3,3,1,1,65,35,4,Med surg,RN PHN,2,,66,3,BSN,1,24,,37,2,,1,,,7,2,7,2,2,Treatment,6634570f-662b-18b7-84cc-3e937ccb0924,2,2,2,2,1,5,6,4,2,61,3,2,4,2,4,4,1,1,4,4,3,3,"Patient fell and cracked ankle. Reporting high levels of pain. Oxy and tramadol prescribed, plans to follow up with in person care"
2024-05-02 21:21:02,2024-05-02 22:18:29,0,100,3447,1,2024-05-02 22:18:30,R_5e36ZotYmpm8Acm,,,,,44.9618,-93.2638,anonymous,EN,1,3,,"4,5",Charting accurately and following through with provider orders are essential in making sure our patients get the care they are here for. Accurate and thorough assessments and charting helps plan the patients care while here. Owning up to mistakes or being off schedule can help explain variances in patient condition . ,"A persons experiences and beliefs shape the way they currently and will continue tk live their life, including what they’ll do after care. Taking this into account allows for planning to health adherence, as well as trying to understand why they might do things in certain ways","They get various advice from professionals and other sources that they believe to be accurate (family, Facebook, etc)… Heakthcare providers sometimes shoot down patient thoughts or opinions, and can make them feel unworthy of asking or like they’re taking up time of someone in hurry ","You can better anticipate what to educate a patient on while in care, which can make you feel like you’re making a positive difference.",Better planning and focus on individual needs can prevent further hospitalizations ,Just having the conversation about what is realistic and obtainable with the patient can help identify barriers and create mini goals ,Ways to enhance patient provider relationship.,Your patient has a voice - encourage them to use it and listen to what they have to say. Evaluates their health literacy and what they express as their own goals and obstacles are essential for creating patient centered care. Remember that this is a stressful situation for them to navigate. One good experience can help foster future health compliance.,,,,,,,,,,,,,,,,,,Report,"Assessing, vitals, meds","Assessing, vitals, meds",Meds,Charting,"Vitals, meds","Mess, glucose",Charting,Handoff,,,,,,,,3,4,6,"Ask Dave how he has been managing pain besides medicine, what limitations this is causing, for in person cray and followup",3,4,2,2,1,5,5,5,5,3,2,2,2,2,4,NA,4,3,4,3,3,3,3,3,3,1,1,65,35,4,Med surg,RN PHN,2,,66,3,BSN,1,24,,37,2,,1,,,7,2,7,2,2,Treatment,6634570f-662b-18b7-84cc-3e937ccb0924,2,2,2,2,2,5,6,4,2,92,5,,2,4,5,,2,4,2,4,2,3,"Dave reporting continued pain, care regimen in notes has not been followed. Would recommend follow up in person to investigate cause of pain further. Recommendations for medication as well as lifestyle adjustment"
2024-05-02 22:27:46,2024-05-02 23:25:19,0,100,3452,1,2024-05-02 23:25:20,R_3CKbR8XkWyDz7jH,,,,,35.7614,-78.6015,anonymous,EN,1,3,,,,,,,,,,,"3,7",I went to google books to find books on  binge overeating and ways to control it it was very regimented and not what i am willing to do at present,"Smart phone to wake up,make appts with clients,resource family input and constantly asking google questions about definitions of words and terms also go to utube for videos for entertainment and make me feel a certain way when I hear different genres of music",ZOOM has let me communicate with my mental health nurse practices and occas talk to my grandson,As previous have been able to have update appts with my mental health NP,"Transfer funds through CASH APP, USING DOOR DASH OCCASIONALLY FOR MORE VARIETY AT MEALTIME,LISTEN TO COMEDY CHARACTERS ON UTUBE ON MY PHONE AND TV,USE RELAXATION MUSIC TO FALL ASLEEP TO",I do world's of wanders word games and connect 2024 word games because I read so much about it stimulating aging brains and memory,Read Axios for daily updates on many subjects on my gmail site,"I have been reluctant to use new tech I get very flustered when I can't access ordering sites and continually get message about wrong passwords,I have to go to my children for help I do not have a PC only my cell.i can't remember how to respond to emails cause I don't do much in that area my daughter tells me I must try to upgrade my skills ",,,Woke up,Forgot my cell at home and without Google maps I had to go back home and get phone,"Arrived at client home ,interacted with wife about my client her husband",Returned to office and did discharges on clients that have expired or changed care providers,This was it for today I cam only work a few shifts a week due to receiving SSDI PAYMENTS MONTHLY,,,,,,,,,,,,,,,,,,2,1,6,"Xrays,hot and cold applications,NSAIDS,P.T.",4,4,1,2,1,4,4,4,4,2,2,2,2,2,3,3,2,3,2,2,2,3,2,3,3,1,0,70,30,41,"Geriatrics,cardiac,mental health",RN doing supervisory visits on clients every 3 months,11,,90,,ADN,1,34,,64,2,,1,,,4,2,3,2,1,Control,663465a1-e39f-c635-0e90-4436acaeb7c1,2,1,2,1,1,6,7,3,1.5,56,4,4,4,3,4,3,1,3,,4,3,3,"X-rays of foot,application of cold and hot ,use NSAIDS reinforce med usage,and gradual weight bearing through P.T."
2024-05-02 22:27:46,2024-05-02 23:25:19,0,100,3452,1,2024-05-02 23:25:20,R_3CKbR8XkWyDz7jH,,,,,35.7614,-78.6015,anonymous,EN,1,3,,,,,,,,,,,"3,7",I went to google books to find books on  binge overeating and ways to control it it was very regimented and not what i am willing to do at present,"Smart phone to wake up,make appts with clients,resource family input and constantly asking google questions about definitions of words and terms also go to utube for videos for entertainment and make me feel a certain way when I hear different genres of music",ZOOM has let me communicate with my mental health nurse practices and occas talk to my grandson,As previous have been able to have update appts with my mental health NP,"Transfer funds through CASH APP, USING DOOR DASH OCCASIONALLY FOR MORE VARIETY AT MEALTIME,LISTEN TO COMEDY CHARACTERS ON UTUBE ON MY PHONE AND TV,USE RELAXATION MUSIC TO FALL ASLEEP TO",I do world's of wanders word games and connect 2024 word games because I read so much about it stimulating aging brains and memory,Read Axios for daily updates on many subjects on my gmail site,"I have been reluctant to use new tech I get very flustered when I can't access ordering sites and continually get message about wrong passwords,I have to go to my children for help I do not have a PC only my cell.i can't remember how to respond to emails cause I don't do much in that area my daughter tells me I must try to upgrade my skills ",,,Woke up,Forgot my cell at home and without Google maps I had to go back home and get phone,"Arrived at client home ,interacted with wife about my client her husband",Returned to office and did discharges on clients that have expired or changed care providers,This was it for today I cam only work a few shifts a week due to receiving SSDI PAYMENTS MONTHLY,,,,,,,,,,,,,,,,,,2,1,6,"Xrays,hot and cold applications,NSAIDS,P.T.",4,4,1,2,1,4,4,4,4,2,2,2,2,2,3,3,2,3,2,2,2,3,2,3,3,1,0,70,30,41,"Geriatrics,cardiac,mental health",RN doing supervisory visits on clients every 3 months,11,,90,,ADN,1,34,,64,2,,1,,,4,2,3,2,1,Control,663465a1-e39f-c635-0e90-4436acaeb7c1,2,1,2,1,2,6,7,3,1.5,71,5,4,3,3,5,4,1,3,1,4,3,5,"Not being compliant with care,possibly drug seeking,and needs more explanation of his plan of care"
2024-05-03 00:37:03,2024-05-03 00:56:03,0,100,1139,1,2024-05-03 00:56:03,R_61a8u3WUBoH17ah,,,,,41.0909,-85.1605,anonymous,EN,1,3,,"3,4",knowledge and experience is such a big part of being able to handle unique situations as a nurse,because this is their life. you have to see things thru their perspective to find the best way to treat them,for fear of getting in trouble or judged,"if you put things in a way they understand, they are more likely to follow your professional advice",they will trust your advice and understand it,yes,patient doctor relationships,"Hi, Doctor____

I read articles today on the importance of doctor patient relationships. I think the most important and simple thing about it, is how important it is to see everything and relay everything thru the patients perspective. if they feel understood and understand what you're saying, the outcomes are better for everyone.",,,,,,,,,,looking at my residents schedules for the day,"checking BS, breakfast",morning meds,morning meds,charting,treatments,afternoon meds,charting,off,off,off,off,off,off,off,off,off,off,off,off,off,off,off,off,3,3,6,refer to ortho,5,1,4,2,1,5,5,5,5,5,5,5,5,5,5,2,3,2,2,1,1,1,1,1,1,1,1,50,50,10,"geriatrics, neuro",registered nurse,3,,79,3,asn,1,15,,31,2,,1,,,6,4,5,2,2,Treatment,663485a2-3dbe-8ed6-6f7d-a3f377497f2d,2,1,2,2,1,5,7,3,1.5,63,3,2,5,3,5,4,1,1,4,4,4,2,"increased pain medication dose due to no improved pain.
recomended walking boot 
follow up in 2 weeks"
2024-05-03 00:37:03,2024-05-03 00:56:03,0,100,1139,1,2024-05-03 00:56:03,R_61a8u3WUBoH17ah,,,,,41.0909,-85.1605,anonymous,EN,1,3,,"3,4",knowledge and experience is such a big part of being able to handle unique situations as a nurse,because this is their life. you have to see things thru their perspective to find the best way to treat them,for fear of getting in trouble or judged,"if you put things in a way they understand, they are more likely to follow your professional advice",they will trust your advice and understand it,yes,patient doctor relationships,"Hi, Doctor____

I read articles today on the importance of doctor patient relationships. I think the most important and simple thing about it, is how important it is to see everything and relay everything thru the patients perspective. if they feel understood and understand what you're saying, the outcomes are better for everyone.",,,,,,,,,,looking at my residents schedules for the day,"checking BS, breakfast",morning meds,morning meds,charting,treatments,afternoon meds,charting,off,off,off,off,off,off,off,off,off,off,off,off,off,off,off,off,3,3,6,refer to ortho,5,1,4,2,1,5,5,5,5,5,5,5,5,5,5,2,3,2,2,1,1,1,1,1,1,1,1,50,50,10,"geriatrics, neuro",registered nurse,3,,79,3,asn,1,15,,31,2,,1,,,6,4,5,2,2,Treatment,663485a2-3dbe-8ed6-6f7d-a3f377497f2d,2,1,2,2,2,5,6,4,2,100,4,4,4,3,5,3,1,1,3,5,3,2,"referred patient to ortho
nwb on ankle
follow up in one month"
2024-05-03 06:19:04,2024-05-03 06:33:54,0,100,889,1,2024-05-03 06:33:55,R_2RjClkOdCq9slum,,,,,40.7641,-74.1654,anonymous,EN,1,1,,,,,,,,,,,7,none,look up information ,none,none,none,none,isreal vd hamas war,none at this time,none ,,,,,,,,,,,,,,,,,,,,,,,,5,4,8,none,7,3,3,2,1,4,3,3,3,3,3,3,3,3,3,3,4,4,3,3,4,3,3,3,2,1,1,50,50,4,,case manager ,4,,69,2,,1,31,,34,2,,3,,,4,5,3,2,,Control,6634d572-4379-fb44-4916-86e7bba3636d,4,3,3,2,1,2,4,7,3.5,69,5,5,3,4,3,5,4,4,3,5,3,2,none
2024-05-03 06:19:04,2024-05-03 06:33:54,0,100,889,1,2024-05-03 06:33:55,R_2RjClkOdCq9slum,,,,,40.7641,-74.1654,anonymous,EN,1,1,,,,,,,,,,,7,none,look up information ,none,none,none,none,isreal vd hamas war,none at this time,none ,,,,,,,,,,,,,,,,,,,,,,,,5,4,8,none,7,3,3,2,1,4,3,3,3,3,3,3,3,3,3,3,4,4,3,3,4,3,3,3,2,1,1,50,50,4,,case manager ,4,,69,2,,1,31,,34,2,,3,,,4,5,3,2,,Control,6634d572-4379-fb44-4916-86e7bba3636d,4,3,3,2,2,3,5,5,2.5,61,3,,3,3,4,3,2,4,3,3,4,2,none
2024-05-03 06:36:51,2024-05-03 06:56:33,0,100,1181,1,2024-05-03 06:56:34,R_3i4AVD0RUhsoobn,,,,,29.4231,-98.5705,anonymous,EN,1,3,,,,,,,,,,,"1,2,4",Apple ,Technology is user every day in many ways from home to work ,Communication is key in todays world ,I have used these devices for so many different things from making my job easier to keeping in contact ,I use technology in my personal life to watch tv and to keep in touch with friends and family among other things ,I use technology in my personal life to keep in touch by phone and I use personal technologies for social media ,I read about technology today ,This is a great way to keep in touch with people I know and to make my days much easier and much more productive ,My day begins ,Breakfast ,Work ,Work ,Work ,Lunch ,Work ,Work ,Work ,Work ,Work ,Work ,Work ,Dinner ,Bedtime ,Sleep ,Sleep ,Sleep ,Sleep ,Sleep ,Sleep ,Sleep ,Wake up ,Get ready to start my day ,1,5,6,I would tell him to do the same thing he did before and examine him to make sure he didn’t get worse ,5,3,4,2,1,5,5,5,5,5,5,5,5,5,4,5,4,5,5,1,1,1,1,1,1,1,1,50,50,16,Nursing ,Registered nurse ,16,,49,3,16,1,37,,44,2,,1,,,7,5,4,3,3,Control,6634d9d1-19fc-e7ea-69ce-e44564b06685,2,1,2,1,1,5,7,3,1.5,36,5,5,5,3,4,1,1,1,1,5,5,1,Dave didn’t follow instructions so he’s still in a lot of pain 
2024-05-03 06:36:51,2024-05-03 06:56:33,0,100,1181,1,2024-05-03 06:56:34,R_3i4AVD0RUhsoobn,,,,,29.4231,-98.5705,anonymous,EN,1,3,,,,,,,,,,,"1,2,4",Apple ,Technology is user every day in many ways from home to work ,Communication is key in todays world ,I have used these devices for so many different things from making my job easier to keeping in contact ,I use technology in my personal life to watch tv and to keep in touch with friends and family among other things ,I use technology in my personal life to keep in touch by phone and I use personal technologies for social media ,I read about technology today ,This is a great way to keep in touch with people I know and to make my days much easier and much more productive ,My day begins ,Breakfast ,Work ,Work ,Work ,Lunch ,Work ,Work ,Work ,Work ,Work ,Work ,Work ,Dinner ,Bedtime ,Sleep ,Sleep ,Sleep ,Sleep ,Sleep ,Sleep ,Sleep ,Wake up ,Get ready to start my day ,1,5,6,I would tell him to do the same thing he did before and examine him to make sure he didn’t get worse ,5,3,4,2,1,5,5,5,5,5,5,5,5,5,4,5,4,5,5,1,1,1,1,1,1,1,1,50,50,16,Nursing ,Registered nurse ,16,,49,3,16,1,37,,44,2,,1,,,7,5,4,3,3,Control,6634d9d1-19fc-e7ea-69ce-e44564b06685,2,1,2,1,2,5,7,3,1.5,27,5,5,5,1,5,1,1,1,1,5,5,3,In the future Dave should follow the orders of his dr 
2024-05-03 06:52:36,2024-05-03 07:16:23,0,100,1426,1,2024-05-03 07:16:23,R_1rkpYamncAkNura,,,,,35.5144,-97.5865,anonymous,EN,1,1,,"2,3,5",I am a DO and this is the osteopathic approach to medicine. ,This is crucial to developing repport and trust with the patient. It is also a way to relate to them on a different level. ,They might be intimidated by the physician or be unsure as to what to ask. ,This human connection between a patient and the provider is always a good feeling and therefore always has a positive influence. ,This level of positivity related to understanding a patient's perspective is from our innately social nature. ,It means you care and have put in an effort to treat the patient. ,I read a peer reviewed medical journal today. ,"It has come to my attention that relating on a level with a patient is crucial to their longterm welfare and recovery. I ask that you engage with your patients with every bit of your interpersonal skills and work hard to engage appropriately and seek knowledge of their interests. This sparks positivity and will foster a good working relationship with you, the provider, as well as the patient. 

Thanks, 

Physician",,,,,,,,,,Slow,On call,Will go in,Eventually,Arrived,Busy,Epidural administered,Lunch,Back,To,Work,Busy,Busy,Leaving work,At home,Asleep,Asleep,Asleep,Asleep,Asleep,Asleep,Asleep,Asleep,Awake,1,3,4,Firing the patient,2,2,2,2,1,4,5,4,4,5,5,5,4,5,5,1,1,1,1,1,1,2,1,1,1,0,0,35,65,6,Nephrology,Physician,6,,86,4,Doctor of Osteopathic Medicine,1,37,,37,1,,1,,,8,3,7,3,3,Treatment,6634dd60-8162-460f-cf78-9bc9ffcb8f92,3,2,2,1,1,3,5,5,2.5,28,4,3,5,2,4,4,2,2,2,4,4,5,Dave has been a patient that has not been following his treatment plan. He has been prescribed narcotics and tylenol and is in the process of recovery. 
2024-05-03 06:52:36,2024-05-03 07:16:23,0,100,1426,1,2024-05-03 07:16:23,R_1rkpYamncAkNura,,,,,35.5144,-97.5865,anonymous,EN,1,1,,"2,3,5",I am a DO and this is the osteopathic approach to medicine. ,This is crucial to developing repport and trust with the patient. It is also a way to relate to them on a different level. ,They might be intimidated by the physician or be unsure as to what to ask. ,This human connection between a patient and the provider is always a good feeling and therefore always has a positive influence. ,This level of positivity related to understanding a patient's perspective is from our innately social nature. ,It means you care and have put in an effort to treat the patient. ,I read a peer reviewed medical journal today. ,"It has come to my attention that relating on a level with a patient is crucial to their longterm welfare and recovery. I ask that you engage with your patients with every bit of your interpersonal skills and work hard to engage appropriately and seek knowledge of their interests. This sparks positivity and will foster a good working relationship with you, the provider, as well as the patient. 

Thanks, 

Physician",,,,,,,,,,Slow,On call,Will go in,Eventually,Arrived,Busy,Epidural administered,Lunch,Back,To,Work,Busy,Busy,Leaving work,At home,Asleep,Asleep,Asleep,Asleep,Asleep,Asleep,Asleep,Asleep,Awake,1,3,4,Firing the patient,2,2,2,2,1,4,5,4,4,5,5,5,4,5,5,1,1,1,1,1,1,2,1,1,1,0,0,35,65,6,Nephrology,Physician,6,,86,4,Doctor of Osteopathic Medicine,1,37,,37,1,,1,,,8,3,7,3,3,Treatment,6634dd60-8162-460f-cf78-9bc9ffcb8f92,3,2,2,1,2,5,7,3,1.5,55,5,5,4,5,2,5,4,4,2,3,2,4,"Not following treatment plan

Difficult

Drug seeking"
2024-05-03 06:51:07,2024-05-03 07:31:16,0,100,2408,1,2024-05-03 07:31:16,R_3RR3kDK0IvKTwSp,,,,,44.7258,-68.7831,anonymous,EN,1,3,,"9,3,5",Empathy is the hallmark of nursing. If you are unable to have empathy for your fellow man your in the wrong profession.,"I work in Oncology and it is totally the main part of my job as a healthcare provider to understand my patients perspective. If they are scared, afraid or unsure how to proceed with treatment it is my job my place to help them in any way I can.",What is really unfortunate is that the new nurses coming out today do not have this skill.  It causes fear and anxiety frequently and they are there for the paycheck and this is especially true with traveling nurses. They are not vested in the community and causes much distrust from patients.,"Patient confidence is paramount to a good outcome. If you cannot make a good ""connection"" with a patient its time to hand of to someone who they can relate to immediately.","Well, not all patents have the same educational abilities, Know your patient and each to th correct level of understanding.","Well, it is going to be a long day if you do not connect with the patient. They need you to make eye contact with them and the human touch works wonders. Nurses and doctors do not touch there patients much anymore.",How important is it to make compassion and empathy part of your practice as a health care provider.,"Good Morning,

         I have been a Registerred Nurse for over 40 years. The changes in healthcare are enormous in all aspects. I went in to nursing to provide care for living breathing humans. People that I love. That is missing in most health care providers now. Empathy does not exist as it did in the past. 
         Traveling nurses have destroyed compassion and empathy. They are not vested in the community they are working in and the quality of there care is proof. People need compassion to get well, to recover, to fight the good fight and to believe they will survive. You can ask any nurse in America today and they will tell you that traveling nurses are not a boon for any hospital.",,,,,,,,,,open clinic,set up infusions,"bring in patients one at a time for treatment ( make a connection to each person, first name bases if allowed","access ports, make eye contact talk and reassure","order drugs, talk and reassure.","infuse drugs, comfort measures","infuse drugs, watch for reactions, taking constant VS","infuse drugs, watch for reactions, taking constant VS","infuse drugs, watch for reactions, taking constant VS","infuse drugs, watch for reactions, taking constant VS","infuse drugs, watch for reactions, taking constant VS/ Discharge instructions ect",close clinic,,,,,,,,,,,,,1,1,6,Repeat Xray and Physical therapy evaluation. ,5,3,2,2,1,5,4,3,3,4,4,4,4,4,5,1,1,1,1,1,1,1,1,1,1,0,0,100,0,42,oncology,Infusion nurse,12,,81,4,masters in nursing,1,20,,65,2,,1,,,6,7,7,3,3,Treatment,6634dcc5-f130-6028-c0f3-d4827b4eef2e,2,1,2,1,1,6,7,3,1.5,NA,4,4,4,2,5,3,1,1,3,5,4,5,"Patient unable to RICE ( rest, elevate compress elevate) ankle do to lifestlye and work constraints. Will contine with treatment plan but will order Bunny Boot support for ambulation."
2024-05-03 06:51:07,2024-05-03 07:31:16,0,100,2408,1,2024-05-03 07:31:16,R_3RR3kDK0IvKTwSp,,,,,44.7258,-68.7831,anonymous,EN,1,3,,"9,3,5",Empathy is the hallmark of nursing. If you are unable to have empathy for your fellow man your in the wrong profession.,"I work in Oncology and it is totally the main part of my job as a healthcare provider to understand my patients perspective. If they are scared, afraid or unsure how to proceed with treatment it is my job my place to help them in any way I can.",What is really unfortunate is that the new nurses coming out today do not have this skill.  It causes fear and anxiety frequently and they are there for the paycheck and this is especially true with traveling nurses. They are not vested in the community and causes much distrust from patients.,"Patient confidence is paramount to a good outcome. If you cannot make a good ""connection"" with a patient its time to hand of to someone who they can relate to immediately.","Well, not all patents have the same educational abilities, Know your patient and each to th correct level of understanding.","Well, it is going to be a long day if you do not connect with the patient. They need you to make eye contact with them and the human touch works wonders. Nurses and doctors do not touch there patients much anymore.",How important is it to make compassion and empathy part of your practice as a health care provider.,"Good Morning,

         I have been a Registerred Nurse for over 40 years. The changes in healthcare are enormous in all aspects. I went in to nursing to provide care for living breathing humans. People that I love. That is missing in most health care providers now. Empathy does not exist as it did in the past. 
         Traveling nurses have destroyed compassion and empathy. They are not vested in the community they are working in and the quality of there care is proof. People need compassion to get well, to recover, to fight the good fight and to believe they will survive. You can ask any nurse in America today and they will tell you that traveling nurses are not a boon for any hospital.",,,,,,,,,,open clinic,set up infusions,"bring in patients one at a time for treatment ( make a connection to each person, first name bases if allowed","access ports, make eye contact talk and reassure","order drugs, talk and reassure.","infuse drugs, comfort measures","infuse drugs, watch for reactions, taking constant VS","infuse drugs, watch for reactions, taking constant VS","infuse drugs, watch for reactions, taking constant VS","infuse drugs, watch for reactions, taking constant VS","infuse drugs, watch for reactions, taking constant VS/ Discharge instructions ect",close clinic,,,,,,,,,,,,,1,1,6,Repeat Xray and Physical therapy evaluation. ,5,3,2,2,1,5,4,3,3,4,4,4,4,4,5,1,1,1,1,1,1,1,1,1,1,0,0,100,0,42,oncology,Infusion nurse,12,,81,4,masters in nursing,1,20,,65,2,,1,,,6,7,7,3,3,Treatment,6634dcc5-f130-6028-c0f3-d4827b4eef2e,2,1,2,1,2,6,7,3,1.5,50,4,5,2,4,5,,1,3,3,5,3,3,"Patient continues to have discomfort in ankle, but unable to comply with prescribed instructions for treatment. Will repeat Xray to rule out fracture and proceed with bunny boot and physical therapy. Meds as previously ordered."
2024-05-03 07:17:16,2024-05-03 07:43:54,0,100,1598,1,2024-05-03 07:43:55,R_7xOYVmowVXMtzqJ,,,,,40.7653,-73.9589,anonymous,EN,1,1,,,,,,,,,,,"1,7","This is used for gathering information about news, medical information, practice information and all aspects of my lufe","I use it for communication, data gathering, and information",I communicated with ill patients who were home bound and needed treatmentt,My goal was good communication in order to treat the patient,"I use technology to gather local , national and international news. I use it to research entertainment options",I check my email. I research events of interest in my vicinity,I read about student protests at Ivy League schools about the war in gaza,I have learned that Israel is under attack from many groups who believe Israel is causing destruction. Demonstrations by students in Ivy League universities have needed police intervention,Arrive and see patients,See patients,See patuents,15 minute break and continue to see oatients,See patients,See patients,Lunch,See patients,See patients,Go home,Dinner,Housework,Housework,Watch TV,Watch TV,Exercise and shiwer,Goo to hed,,,,,,,,2,1,9,I would continue to counsel him,1,5,2,2,1,5,5,5,5,4,4,4,4,4,4,1,1,1,1,1,1,1,1,1,1,1,1,100,0,31,Primary carw,MD,31,,72,4,MD,1,33,,66,2,,1,,,7,4,2,4,2,Control,6634e2e2-46d8-ccec-5d88-9792d4a311c8,1,1,1,1,1,7,8,2,1,100,5,5,5,4,5,4,1,3,2,5,3,1,Dave continues to complain of pain. No improvement of symptoms. Poor compliance to kefication
2024-05-03 07:17:16,2024-05-03 07:43:54,0,100,1598,1,2024-05-03 07:43:55,R_7xOYVmowVXMtzqJ,,,,,40.7653,-73.9589,anonymous,EN,1,1,,,,,,,,,,,"1,7","This is used for gathering information about news, medical information, practice information and all aspects of my lufe","I use it for communication, data gathering, and information",I communicated with ill patients who were home bound and needed treatmentt,My goal was good communication in order to treat the patient,"I use technology to gather local , national and international news. I use it to research entertainment options",I check my email. I research events of interest in my vicinity,I read about student protests at Ivy League schools about the war in gaza,I have learned that Israel is under attack from many groups who believe Israel is causing destruction. Demonstrations by students in Ivy League universities have needed police intervention,Arrive and see patients,See patients,See patuents,15 minute break and continue to see oatients,See patients,See patients,Lunch,See patients,See patients,Go home,Dinner,Housework,Housework,Watch TV,Watch TV,Exercise and shiwer,Goo to hed,,,,,,,,2,1,9,I would continue to counsel him,1,5,2,2,1,5,5,5,5,4,4,4,4,4,4,1,1,1,1,1,1,1,1,1,1,1,1,100,0,31,Primary carw,MD,31,,72,4,MD,1,33,,66,2,,1,,,7,4,2,4,2,Control,6634e2e2-46d8-ccec-5d88-9792d4a311c8,1,1,1,1,2,7,8,2,1,99,5,5,5,4,5,5,1,3,1,5,3,1,Patient is non complaint to treatment despite no improvement in pain. He does keep his appointments
2024-05-03 07:02:29,2024-05-03 08:09:36,0,100,4026,1,2024-05-03 08:09:37,R_4OJO0Ui9lXx9H34,,,,,29.4553,-98.5677,anonymous,EN,1,1,,,,,,,,,,,"1,7","My personal pc is my information hub.  Email is my preferred tool to communicate with patients/peers.  I am very careful with the amount of my ""social"" accessibililty.  ","I have made a very purposeful decision to remain relatively low tech.  I do have a personal pc that I use for most of my communication.  I had a cell phone when it was required for work, but got rid of it the moment I felt I could.  Constant access is problematic, in my view, I know many will disagree, but I find access all the time to be detrimental to my mental health.  In rare cases of true emergencies, people know how to reach me.  I have owned a tablet and a laptop as well.  Both have come in handy when I am unable to access my pc, but neither can fully replace the pc's utility.  Otherwise, the most up-to-date piece of technology I have is a firestick to stream a movie during down time.  ","I have used messenger when e-mail proves to be too cumbersome to communicate with friends/colleagues that are far away.  Otherwise, I prefer to meet face to face.","I don't feel they do improve communication in everyday life.  Messenger is problematic because you can't see body/facial reactions.  Phone communication shares the same problem.  Email is problematic because you can't have a flow of conversation.  Video calls are problematic because they require both parties to have the same technological know-how/savvy and access to required hardware.  Every sort of replacement tech meaning to ""improve"" upon face to face interaction is inferior; necessary at times, but still inferior.","I use my personal pc for both work and for personal entertainment.  Access to the internet allows for video gaming or viewing videos at any time, or contacting a friend for a meet up.  As previously mentioned, I also have the firestick to provide streaming entertainment whenever I desire.  That has proven to be pretty convenient.    ","I use technology to stream movies for entertainment, and I spend time reading articles to stay informed/entertained on what is happening in the ""real"" world.  I also have a steam account that provides gaming entertainment whenever I desire.",Information was provided about how technology has influenced/changed our lives professionally and personally and how technology usage has greatly increased with time.,"While many of the advancements regarding technology can be viewed as detrimental, occasionally it has its uses.  I am probably the last person that should be trying to convince you of the benefits of technology, but being aware of that fact may make the point a little more valid.  There are going to be times when a face-to-face meeting will simply be impossible to achieve.  Perhaps that's due to temporal differences, perhaps that's due to physical distances, or perhaps there are physical limitations that cannot be overcome.  Regardless what the reason may be, technology can serve to overcome situations in which communication may otherwise be an impossibility.  It does have its uses.  As a side-benefit, if you update your technological abilities a little bit you open up a whole new world of entertainment to access......not that we have the time necessary to really benefit from such an overwhelming library, but regardless.  Keep your mind open about the possibilities.  Yes, there are many drawbacks to constant communication/internet access, but at times, it serves its purpose as well.  ",Depending on how full my schedule is I'll start reading up on first patients to be better mentally prepared.,See first patients and write notes until a brief break around noon.,,,,,Force a brief break.,,,,,,Work until the last patient is seen and notes completed.,Prep dinner and wind down for rest of night.,,,,,,,,,Get up and do it again.  Throw something together for breakfast if there is time after a quick shower.,,1,1,4,More aggressive communication and fact-finding.  Is Dave depressed?  Is Dave to preoccupied to care for himself?  What is going on in Dave's life?  All you have to do as his doctor is care about Dave...............,3,3,2,2,1,5,5,5,5,3,5,5,2,5,5,3,3,2,4,1,3,1,1,1,3,1,1,90,10,6,family/psych,Doctor,3,,10,4,md,1,45,,44,1,,6,,,6,1,1,1,2,Control,6634df28-30c4-3932-8cf9-2fe3b20a4d5b,1,1,1,1,1,7,8,2,1,54,2,1,5,1,5,3,1,1,3,5,3,5,"Dave has expressed difficulty in finding time to properly treat his sprained ankle, therefore, an assessment regarding whether this pain management is sufficient is not currently possible.  More information needs to be gathered on what difficulties Dave is facing in his day-to-day life that is hindering his ability to get better.  I have no idea and no excuses as to why I didn't ascertain this information myself.  Maybe I'm a bad doctor."
2024-05-03 07:02:29,2024-05-03 08:09:36,0,100,4026,1,2024-05-03 08:09:37,R_4OJO0Ui9lXx9H34,,,,,29.4553,-98.5677,anonymous,EN,1,1,,,,,,,,,,,"1,7","My personal pc is my information hub.  Email is my preferred tool to communicate with patients/peers.  I am very careful with the amount of my ""social"" accessibililty.  ","I have made a very purposeful decision to remain relatively low tech.  I do have a personal pc that I use for most of my communication.  I had a cell phone when it was required for work, but got rid of it the moment I felt I could.  Constant access is problematic, in my view, I know many will disagree, but I find access all the time to be detrimental to my mental health.  In rare cases of true emergencies, people know how to reach me.  I have owned a tablet and a laptop as well.  Both have come in handy when I am unable to access my pc, but neither can fully replace the pc's utility.  Otherwise, the most up-to-date piece of technology I have is a firestick to stream a movie during down time.  ","I have used messenger when e-mail proves to be too cumbersome to communicate with friends/colleagues that are far away.  Otherwise, I prefer to meet face to face.","I don't feel they do improve communication in everyday life.  Messenger is problematic because you can't see body/facial reactions.  Phone communication shares the same problem.  Email is problematic because you can't have a flow of conversation.  Video calls are problematic because they require both parties to have the same technological know-how/savvy and access to required hardware.  Every sort of replacement tech meaning to ""improve"" upon face to face interaction is inferior; necessary at times, but still inferior.","I use my personal pc for both work and for personal entertainment.  Access to the internet allows for video gaming or viewing videos at any time, or contacting a friend for a meet up.  As previously mentioned, I also have the firestick to provide streaming entertainment whenever I desire.  That has proven to be pretty convenient.    ","I use technology to stream movies for entertainment, and I spend time reading articles to stay informed/entertained on what is happening in the ""real"" world.  I also have a steam account that provides gaming entertainment whenever I desire.",Information was provided about how technology has influenced/changed our lives professionally and personally and how technology usage has greatly increased with time.,"While many of the advancements regarding technology can be viewed as detrimental, occasionally it has its uses.  I am probably the last person that should be trying to convince you of the benefits of technology, but being aware of that fact may make the point a little more valid.  There are going to be times when a face-to-face meeting will simply be impossible to achieve.  Perhaps that's due to temporal differences, perhaps that's due to physical distances, or perhaps there are physical limitations that cannot be overcome.  Regardless what the reason may be, technology can serve to overcome situations in which communication may otherwise be an impossibility.  It does have its uses.  As a side-benefit, if you update your technological abilities a little bit you open up a whole new world of entertainment to access......not that we have the time necessary to really benefit from such an overwhelming library, but regardless.  Keep your mind open about the possibilities.  Yes, there are many drawbacks to constant communication/internet access, but at times, it serves its purpose as well.  ",Depending on how full my schedule is I'll start reading up on first patients to be better mentally prepared.,See first patients and write notes until a brief break around noon.,,,,,Force a brief break.,,,,,,Work until the last patient is seen and notes completed.,Prep dinner and wind down for rest of night.,,,,,,,,,Get up and do it again.  Throw something together for breakfast if there is time after a quick shower.,,1,1,4,More aggressive communication and fact-finding.  Is Dave depressed?  Is Dave to preoccupied to care for himself?  What is going on in Dave's life?  All you have to do as his doctor is care about Dave...............,3,3,2,2,1,5,5,5,5,3,5,5,2,5,5,3,3,2,4,1,3,1,1,1,3,1,1,90,10,6,family/psych,Doctor,3,,10,4,md,1,45,,44,1,,6,,,6,1,1,1,2,Control,6634df28-30c4-3932-8cf9-2fe3b20a4d5b,1,1,1,1,2,7,8,2,1,49,3,3,3,3,5,4,1,2,3,5,3,5,"Dave has been unable to adhere to his recommended treatment plan.  He has stated that ""it slipped his mind.""  Why aren't follow-up questions being asked of Dave as to what is going on in his life?  Can we please talk to Dave and actually show him that we care? Let's collectively be better professionals."
2024-05-02 14:22:09,2024-05-03 08:26:38,0,100,65069,1,2024-05-03 08:26:39,R_5FaF6Y67bqziKK5,,,,,43.0034,-73.842,anonymous,EN,1,1,,"9,3,5","i just saw a patient who is going through a very trumatic experience. I have to know when to use meds, when not to, to make sure she has support, to advise her on how to handle things, she does not exist in a vacuum","not all things are as simple as if a then b; sometimes there are a lot of issues to unpack. For example the diabetic may never have learned to read a label, how to cook, how to afford better foods. It is too easy to say go see a nutritionist, but they and we have to identify barriers to care. this works for many conditions, mental as well as physical",partly because they dont even know what questions to ask. some were taught you dont question a doctor. some cannot read. some dont have english as a first language. some are anxious at the visit and forget what they wanted to ask,it is no longer and has not been for some time appropriate for a paternalistic viewpoint. there has to be a give and take,they feel like they are being understood makes it more likely that they will give to the relationship and buy in. if they feel like they are involved and consulted that helps,"i always offer my patients options if possible. i always remind them that they dont have to make a decision in that moment, especially if i gave them a lot of information and it wont affect them to wait a short amount of time. patients feel like they are helping to decide and figuring out what would work best for them",the patient doctor relationship and how to be sensitive to issues,"I know right now it is overwhelming. You have drunk from the firehose of knowledge and ran and ran to meet your goal. What you now have to realize is that the sprint was just the first stage. Now comes developing your skills: physical, mental and interpersonal. I have been doing this for 25 years and look back and am amazed.

You can do it too. One day at a time. One patient at a time. I know we are all busy and thinking of other things but the best thing I can tell you is to focus on the person in front of you. Believe me, they can tell if you aren't paying attention. Put down the computer, ignore the scribe, forget the few minutes you are allotted. Talk to them.",,,,,,,,,,,,,"my day officially starts. my own office, my hours. but i am usually here a little early to take care of leftovers from last night and start my day",patients,lunch,patients,patients,patients,patients,patients,technically closed but lots of work to do,maybe still at office,finally home,,,,,,,,,,,4,3,6,get another xray and see if ankle is healing. ask what is stopping him from getting it taken care of since it cant feel good to be up and about on a fracture,5,2,2,2,1,2,2,2,2,2,2,2,2,2,2,3,3,3,3,2,2,2,2,2,2,0,0,100,0,26,Family Medicine,Physician,26,,92,4,MD,1,14,,51,2,,1,,,9,4,5,3,2,Treatment,6633f4fb-b13b-b4ef-7fee-1095b60c513e,4,2,4,2,1,2,5,6,3,NA,4,4,5,2,4,2,3,2,3,3,3,5,"make patient is referred to ortho
make sure patient has time off from work
make sure patient has transport"
2024-05-02 14:22:09,2024-05-03 08:26:38,0,100,65069,1,2024-05-03 08:26:39,R_5FaF6Y67bqziKK5,,,,,43.0034,-73.842,anonymous,EN,1,1,,"9,3,5","i just saw a patient who is going through a very trumatic experience. I have to know when to use meds, when not to, to make sure she has support, to advise her on how to handle things, she does not exist in a vacuum","not all things are as simple as if a then b; sometimes there are a lot of issues to unpack. For example the diabetic may never have learned to read a label, how to cook, how to afford better foods. It is too easy to say go see a nutritionist, but they and we have to identify barriers to care. this works for many conditions, mental as well as physical",partly because they dont even know what questions to ask. some were taught you dont question a doctor. some cannot read. some dont have english as a first language. some are anxious at the visit and forget what they wanted to ask,it is no longer and has not been for some time appropriate for a paternalistic viewpoint. there has to be a give and take,they feel like they are being understood makes it more likely that they will give to the relationship and buy in. if they feel like they are involved and consulted that helps,"i always offer my patients options if possible. i always remind them that they dont have to make a decision in that moment, especially if i gave them a lot of information and it wont affect them to wait a short amount of time. patients feel like they are helping to decide and figuring out what would work best for them",the patient doctor relationship and how to be sensitive to issues,"I know right now it is overwhelming. You have drunk from the firehose of knowledge and ran and ran to meet your goal. What you now have to realize is that the sprint was just the first stage. Now comes developing your skills: physical, mental and interpersonal. I have been doing this for 25 years and look back and am amazed.

You can do it too. One day at a time. One patient at a time. I know we are all busy and thinking of other things but the best thing I can tell you is to focus on the person in front of you. Believe me, they can tell if you aren't paying attention. Put down the computer, ignore the scribe, forget the few minutes you are allotted. Talk to them.",,,,,,,,,,,,,"my day officially starts. my own office, my hours. but i am usually here a little early to take care of leftovers from last night and start my day",patients,lunch,patients,patients,patients,patients,patients,technically closed but lots of work to do,maybe still at office,finally home,,,,,,,,,,,4,3,6,get another xray and see if ankle is healing. ask what is stopping him from getting it taken care of since it cant feel good to be up and about on a fracture,5,2,2,2,1,2,2,2,2,2,2,2,2,2,2,3,3,3,3,2,2,2,2,2,2,0,0,100,0,26,Family Medicine,Physician,26,,92,4,MD,1,14,,51,2,,1,,,9,4,5,3,2,Treatment,6633f4fb-b13b-b4ef-7fee-1095b60c513e,4,2,4,2,2,2,5,6,3,NA,4,4,4,3,3,3,4,3,2,3,3,2,"followup on why it ""slipped his mind""
check on work status
recheck pain level"
2024-05-03 08:29:34,2024-05-03 08:52:03,0,100,1348,1,2024-05-03 08:52:04,R_1JKtz4UHdEKmfiH,,,,,38.3015,-85.7469,anonymous,EN,1,4,,,,,,,,,,,"1,4,6",Where we put all the patients record is on the compute and we use zoom when we have telephone visit ,I watch tv and scroll through social media I make sure my family is healthy and good,We used it when we were trying to reach family members ,To communicate in a good and healthy way to make sure everyone is where they need to be ,To watch shows. look at social media. To see what’s going on in the world,To watch television ,I read about all the things that we use technology for and how it impacts and effects people’s day,It’s okay if you don’t understand it right now.  Just keep trying and you will then understand. It make take a few times to get it and that’s okay. In the end you will be satisfied with using it and can find that it will be easier to connect with family in friends via call text or FaceTime. You will find that it will be easier to look things up that interest you or if you don’t know what something is that it’s one click away ,Wake up,Drive to work,Check patient in,Check patient ,Put information in chart,Give shots,Go in break,Help doctor,Have meeting with doctor,Check patient in,Put in all patients info in chart ,Head jome,,,,,,,,,,,,,5,5,4,If it keeps slipping his mind give him some in house medicine ,7,4,1,2,1,4,4,4,4,4,3,3,3,3,3,2,3,4,4,3,4,3,3,3,3,0,0,50,50,3,Medical assistance ,Medical assistance ,2,,86,3,Bachelor ,1,15,,20,2,,1,,,4,5,2,3,3,Control,6634f30d-948b-0355-fed6-81861250c932,2,2,2,2,1,5,6,4,2,51,4,4,3,3,3,4,3,4,2,4,2,2,Didn’t have time to follow the instructions 
2024-05-03 08:29:34,2024-05-03 08:52:03,0,100,1348,1,2024-05-03 08:52:04,R_1JKtz4UHdEKmfiH,,,,,38.3015,-85.7469,anonymous,EN,1,4,,,,,,,,,,,"1,4,6",Where we put all the patients record is on the compute and we use zoom when we have telephone visit ,I watch tv and scroll through social media I make sure my family is healthy and good,We used it when we were trying to reach family members ,To communicate in a good and healthy way to make sure everyone is where they need to be ,To watch shows. look at social media. To see what’s going on in the world,To watch television ,I read about all the things that we use technology for and how it impacts and effects people’s day,It’s okay if you don’t understand it right now.  Just keep trying and you will then understand. It make take a few times to get it and that’s okay. In the end you will be satisfied with using it and can find that it will be easier to connect with family in friends via call text or FaceTime. You will find that it will be easier to look things up that interest you or if you don’t know what something is that it’s one click away ,Wake up,Drive to work,Check patient in,Check patient ,Put information in chart,Give shots,Go in break,Help doctor,Have meeting with doctor,Check patient in,Put in all patients info in chart ,Head jome,,,,,,,,,,,,,5,5,4,If it keeps slipping his mind give him some in house medicine ,7,4,1,2,1,4,4,4,4,4,3,3,3,3,3,2,3,4,4,3,4,3,3,3,3,0,0,50,50,3,Medical assistance ,Medical assistance ,2,,86,3,Bachelor ,1,15,,20,2,,1,,,4,5,2,3,3,Control,6634f30d-948b-0355-fed6-81861250c932,2,2,2,2,2,5,6,4,2,NA,3,5,3,2,4,3,4,3,3,4,4,4,Probably didn’t do it
2024-05-03 08:52:44,2024-05-03 09:07:56,0,100,911,1,2024-05-03 09:07:56,R_3s4MDQwE6eKJHDH,,,,,28.6344,-81.6221,anonymous,EN,1,4,,,,,,,,,,,"2,7",Easy-to-use ,To stay informed ,Safety measures are not always good. ,Nothing ,Relaxing room to watch tv,Good for the future ,Technology ,Technology is the future of the world. ,,,,,,,,,,,,,,,,,,,,,,,,,5,5,2,Tell him what you suggested and it is upto him.,4,3,6,3,1,3,3,4,4,4,4,4,1,4,3,1,2,1,1,1,1,1,1,1,1,0,0,0,100,21,Physicians assistant in cardiology ,Physicians assistant ,21,,89,3,Bachelor's ,1,39,,52,2,,1,,,8,7,6,2,2,Control,6634f9ab-a93d-ad86-4621-087386b9d10e,2,2,2,2,1,5,6,4,2,30,4,4,4,1,4,1,1,1,4,4,4,3,Patient needs assistance in pain in his ankle. 
2024-05-03 08:52:44,2024-05-03 09:07:56,0,100,911,1,2024-05-03 09:07:56,R_3s4MDQwE6eKJHDH,,,,,28.6344,-81.6221,anonymous,EN,1,4,,,,,,,,,,,"2,7",Easy-to-use ,To stay informed ,Safety measures are not always good. ,Nothing ,Relaxing room to watch tv,Good for the future ,Technology ,Technology is the future of the world. ,,,,,,,,,,,,,,,,,,,,,,,,,5,5,2,Tell him what you suggested and it is upto him.,4,3,6,3,1,3,3,4,4,4,4,4,1,4,3,1,2,1,1,1,1,1,1,1,1,0,0,0,100,21,Physicians assistant in cardiology ,Physicians assistant ,21,,89,3,Bachelor's ,1,39,,52,2,,1,,,8,7,6,2,2,Control,6634f9ab-a93d-ad86-4621-087386b9d10e,2,2,2,2,2,5,6,4,2,36,4,4,4,3,3,4,4,4,1,4,3,3,Patient condition is not better. Didn't follow my plan.
2024-05-03 08:49:26,2024-05-03 09:10:06,0,100,1240,1,2024-05-03 09:10:07,R_2AHzCoNVjl2rBol,,,,,42.2284,-87.9722,anonymous,EN,1,5,,"7,9,2,3,4,5,6","Ambitious, kind, caring, funny, understanding",Having empathy,Past negative experiences ,To be able to provide excellent patient care,Speed up the patients process of healing,Provides the patents with a sense of purpose and vaue,I read about medical practices and patient care,To be able to provide effective care with patients is to understand them. Is to demonstrate empathy and an effective bedside manner. To give them a sense of purpose and value,,,,,,,,,,Shift work,Clinical,Shift work,Shift work,Clinical ,Clinical,Supervison,N/A,N/A,N/A,Shift work,Shift work,Clinical,Off,Clinical ,Off,Off,Off,Off,Off,Off,Off,Off,Off,3,3,5,Refer him to another professional ,6,2,4,2,1,4,4,4,4,3,4,3,4,3,4,2,2,2,2,2,2,2,2,2,2,0,0,50,50,11,Therapy,APN,11,,83,4,APN,1,14,,37,1,,1,,,8,3,7,4,4,Treatment,6634f90e-4049-0145-0366-b3e43b44e40f,3,2,4,3,1,3,6,5,2.5,62,3,4,3,4,5,3,4,5,4,3,4,3,Provide David with meds. Follow up. Give Dave a pyshical
2024-05-03 08:49:26,2024-05-03 09:10:06,0,100,1240,1,2024-05-03 09:10:07,R_2AHzCoNVjl2rBol,,,,,42.2284,-87.9722,anonymous,EN,1,5,,"7,9,2,3,4,5,6","Ambitious, kind, caring, funny, understanding",Having empathy,Past negative experiences ,To be able to provide excellent patient care,Speed up the patients process of healing,Provides the patents with a sense of purpose and vaue,I read about medical practices and patient care,To be able to provide effective care with patients is to understand them. Is to demonstrate empathy and an effective bedside manner. To give them a sense of purpose and value,,,,,,,,,,Shift work,Clinical,Shift work,Shift work,Clinical ,Clinical,Supervison,N/A,N/A,N/A,Shift work,Shift work,Clinical,Off,Clinical ,Off,Off,Off,Off,Off,Off,Off,Off,Off,3,3,5,Refer him to another professional ,6,2,4,2,1,4,4,4,4,3,4,3,4,3,4,2,2,2,2,2,2,2,2,2,2,0,0,50,50,11,Therapy,APN,11,,83,4,APN,1,14,,37,1,,1,,,8,3,7,4,4,Treatment,6634f90e-4049-0145-0366-b3e43b44e40f,3,2,4,3,2,1,4,7,3.5,66,4,3,5,3,4,5,4,5,4,5,4,1,"Bill insuranse company, meet with Dave, discharge him from care"
2024-05-03 09:04:59,2024-05-03 09:38:17,0,100,1998,1,2024-05-03 09:38:17,R_7h0b2yusPGqBvpg,,,,,38.2254,-82.4369,anonymous,EN,1,3,,"9,3,4",It’s important to empathize with my patient because understanding how they may feel I’m able to provide the best care for them ,It’s critical to understand a patients perspective for doing what they do because everyone has different beliefs and grew up in areas where certain things were a way of life. Some things I believe is the way of life may not be the same way another person was raised ,Some patients are anxious and hesitate to ask questions because they feel embarrassed about their way of life and the doctor or nurse has not talked to fhem on their level making them feel comfortable to discuss certain things ,Understanding a patients perspectives has a positive influence on my recommendations because I can t then make a care plan for treatment that the patient is more likely to follow making the quality of care outcome better for the patient ,Understanding a patients perspective has a positive influence on their recovery because they are more likely to follow through with the proper treatment needed ,It’s beneficial to help patients see that your goals are aligned with their goals because it makes the patient feel more comfortable to talk to the doctor about their healthcare needs in return the patient is inclined to follow through with proper treatment ,I read about how important patient relationship with their provider is for the patient to have the best outcome of their care ,It’s important to have a personal relationship with your patient because it makes the patient feel more comfortable to talk to you and to adhere to proper treatments needed for their care ,,,,,,,,,,Start of shift receive report from night nurse ,Count narcotics ,Begin passing meds ,Passing meds,Passing meds ,Begin wound care treatments ,Wound care ,Pass meds ,Pass meds ,Meet with doctor ,Receive new orders for patients ,Vital signs and assessments ,Charting and report to new nurse ,,,,,,,,,,,,2,2,6,I would send Dave for more X-rays of the ankle,3,4,3,2,1,3,4,4,4,2,2,2,2,2,2,2,3,2,3,2,2,2,2,2,2,1,1,75,25,16,Long term care,Lpn ,3,,80,3,Associate ,1,50,,44,2,,1,,,5,4,5,1,2,Treatment,6634fc98-7a45-dc93-57e9-1ddf3a51e2e0,2,1,2,2,1,6,7,3,1.5,86,3,4,3,2,5,3,2,2,3,5,4,4,Dave has continued  with increase in pain . Patient states he has had no time to adhere to request from last visit 
2024-05-03 09:04:59,2024-05-03 09:38:17,0,100,1998,1,2024-05-03 09:38:17,R_7h0b2yusPGqBvpg,,,,,38.2254,-82.4369,anonymous,EN,1,3,,"9,3,4",It’s important to empathize with my patient because understanding how they may feel I’m able to provide the best care for them ,It’s critical to understand a patients perspective for doing what they do because everyone has different beliefs and grew up in areas where certain things were a way of life. Some things I believe is the way of life may not be the same way another person was raised ,Some patients are anxious and hesitate to ask questions because they feel embarrassed about their way of life and the doctor or nurse has not talked to fhem on their level making them feel comfortable to discuss certain things ,Understanding a patients perspectives has a positive influence on my recommendations because I can t then make a care plan for treatment that the patient is more likely to follow making the quality of care outcome better for the patient ,Understanding a patients perspective has a positive influence on their recovery because they are more likely to follow through with the proper treatment needed ,It’s beneficial to help patients see that your goals are aligned with their goals because it makes the patient feel more comfortable to talk to the doctor about their healthcare needs in return the patient is inclined to follow through with proper treatment ,I read about how important patient relationship with their provider is for the patient to have the best outcome of their care ,It’s important to have a personal relationship with your patient because it makes the patient feel more comfortable to talk to you and to adhere to proper treatments needed for their care ,,,,,,,,,,Start of shift receive report from night nurse ,Count narcotics ,Begin passing meds ,Passing meds,Passing meds ,Begin wound care treatments ,Wound care ,Pass meds ,Pass meds ,Meet with doctor ,Receive new orders for patients ,Vital signs and assessments ,Charting and report to new nurse ,,,,,,,,,,,,2,2,6,I would send Dave for more X-rays of the ankle,3,4,3,2,1,3,4,4,4,2,2,2,2,2,2,2,3,2,3,2,2,2,2,2,2,1,1,75,25,16,Long term care,Lpn ,3,,80,3,Associate ,1,50,,44,2,,1,,,5,4,5,1,2,Treatment,6634fc98-7a45-dc93-57e9-1ddf3a51e2e0,2,1,2,2,2,5,6,4,2,90,4,4,3,3,4,4,2,2,3,4,4,1,Patient has continued with pain to his ankle. Dave has a new order to receive another X-ray for follow up
2024-05-03 10:07:44,2024-05-03 10:29:34,0,100,1310,1,2024-05-03 10:29:35,R_2dihnevP9iawqZ2,,,,,30.236,-92.0075,anonymous,EN,1,5,,,,,,,,,,,"1,2,5",I feel that this is very good to use ,I use technology to better my education in life ,The technology that allowed me to connect with others were google and my cellular device ,Yes I used to this to better my technique ,In 2-3 ways this helps my environment,Some ways are developed technologies ,I read about technology in entertainment and etc,I would like the tech to be more useful. The environment has trouble using the technology ,Clock in ,Logging in patients ,Working medicine ,Taking care of patients ,Cleaning floors ,Picking up trash ,Clock out ,Move ,Move ,Go home ,Get dinner ,Cook ,Shower ,Feed pets ,Make bed,Clean house ,Go to sleep ,Sleep ,Sleep ,Sleep ,Sleep ,Sleep ,Wake up,Get ready ,6,6,10,Get treatment ,6,1,2,4,1,5,5,5,5,5,5,4,4,4,4,5,5,5,5,5,5,5,5,5,5,1,1,50,50,8, Nurse,Nurse ,4,,66,3,Associate ,1,19,,40,2,,3,,,10,7,5,3,3,Control,66350b97-54be-ec9a-bcdd-3ea6235dbcca,4,4,1,1,1,1,2,8,4,77,5,5,5,5,5,5,1,1,5,5,5,5,"Check Medicaid
Get medicine 
Involve smile "
2024-05-03 10:07:44,2024-05-03 10:29:34,0,100,1310,1,2024-05-03 10:29:35,R_2dihnevP9iawqZ2,,,,,30.236,-92.0075,anonymous,EN,1,5,,,,,,,,,,,"1,2,5",I feel that this is very good to use ,I use technology to better my education in life ,The technology that allowed me to connect with others were google and my cellular device ,Yes I used to this to better my technique ,In 2-3 ways this helps my environment,Some ways are developed technologies ,I read about technology in entertainment and etc,I would like the tech to be more useful. The environment has trouble using the technology ,Clock in ,Logging in patients ,Working medicine ,Taking care of patients ,Cleaning floors ,Picking up trash ,Clock out ,Move ,Move ,Go home ,Get dinner ,Cook ,Shower ,Feed pets ,Make bed,Clean house ,Go to sleep ,Sleep ,Sleep ,Sleep ,Sleep ,Sleep ,Wake up,Get ready ,6,6,10,Get treatment ,6,1,2,4,1,5,5,5,5,5,5,4,4,4,4,5,5,5,5,5,5,5,5,5,5,1,1,50,50,8, Nurse,Nurse ,4,,66,3,Associate ,1,19,,40,2,,3,,,10,7,5,3,3,Control,66350b97-54be-ec9a-bcdd-3ea6235dbcca,4,4,1,1,2,7,8,2,1,73,5,5,5,5,5,5,5,5,5,5,5,5,Not sure 
2024-05-03 10:34:35,2024-05-03 11:51:02,0,100,4587,1,2024-05-03 11:51:03,R_7R8PGkx3ci2nk4u,,,,,42.143,-77.0457,anonymous,EN,1,3,,,,,,,,,,,"1,7","I use my laptop and email to communicate, research, learn and accomplish my goals.","I use my cellphone alarm to wake me up, I use my cellphone to keep me connected to important events, emails, messages I need to respond to or review. My laptop is used to respond to emails, stay up-to-date with local/national and world news every morning. I use the video conferencing capabilities on my cellphone and laptop to stay connected and have meetings for my work (and personal). I also use my cellphone and laptop to stream music that helps me be more productive or energize/calm me down.","Using SKYPE on my laptop has allowed to stay in touch with family and friends that are working in remote areas overseas, as well as during the COVID-19 pandemic when getting together with others was not recommended.","I have used my cellphone and laptop to improve communication in my everyday life by taking advantage of features that I previously did not utilize-like Facetime. SKYPE, Zoom. Not that I have embraced the technology and feel significantly more comfortable using them, I am able to stay in closer contact with family/friends and also have more successful outcomes in my professional interactions. My goal was to learn, grow and become proficient using this technology. I did it by watching You Tube videos, asking friends and coworkers to teach me and then by just practicing and using the technology until I got comfortable and proficient! It worked! I now feel very confident holding meetings/taking calls/interacting on video calls.","In my personal life, I use technology in ways such as: using my laptop or cellphone to search the internet for information, directions, look up product information, recipes, business addresses. I also use them to stay informed about the weather, news, find recipes, engage in researching, and write/ journal. Music is also important to me and I can utilize m cellphone and laptop to stream a variety of music (and podcasts) for entertainment and relaxation.","Ways I use technology in my personal life for entertainment purposes include viewing social media apps (Instagram, Facebook), streaming music or podcasts, taking photos, looking at the internet (news, weather, topics of interest). Both my laptop and cellphone are utilized in these manners.",I read about technology and it's personal impact.,"Being able to stay in touch with loved ones, family and friends has been shown to be very important-being connected to those we care about is crucial for our physical and mental health. Research has proven this. Technology has made achieving this very easy-so easy my 81 year Mom has mastered using video calling technology to see and talk to her children and grandchildren on a regular basis!

There are a number of applications that are easy to download to your cellphone or computer that will enable you to see and talk live with others-for free! They are easy to use and can be used in any setting! Learning to use this type of exciting technology will enhance your life and relationships with others! Try it and see-you won't regret it!",Drive to Work,Respond to emails. Prepare for 9AM ZOOM meeting,Weekly Epidemiology State-Wide Update via ZOOM,Weekly Epidemiology State-Wide Update via ZOOM,Administer vaccines at clinic,Lunch,Staff Meeting,State Grant Work,State Grant Work,Work on TB Policy Updates for presentation next week,Drive Home.,-,-,-,-,Go to Sleep,-,-,-,-,-,-,-,Wake Up,3,1,4,I would ask him what would be most helpful to him to ensure successful treatment of his injury..,5,3,3,2,1,5,5,5,5,4,4,3,3,4,4,3,2,2,2,2,2,2,2,2,2,0,0,80,20,26,ER/Public Health,Supervisor,3,,30,3,BSN,1,39,,54,2,,1,,,7,4,5,4,4,Control,663510a2-b197-1c02-fdaa-b0725f049529,2,1,2,1,1,6,7,3,1.5,1,5,5,5,2,5,3,1,2,1,5,4,3,Pt reports unimproved ankle pain but admits to non-compliance with recommended treatment regimen.Treatment plan/recommendations reviewed with pt again and importance of compiance to plan emphasized to pt. Pt verbalized understanding and had no questions for me.
2024-05-03 10:34:35,2024-05-03 11:51:02,0,100,4587,1,2024-05-03 11:51:03,R_7R8PGkx3ci2nk4u,,,,,42.143,-77.0457,anonymous,EN,1,3,,,,,,,,,,,"1,7","I use my laptop and email to communicate, research, learn and accomplish my goals.","I use my cellphone alarm to wake me up, I use my cellphone to keep me connected to important events, emails, messages I need to respond to or review. My laptop is used to respond to emails, stay up-to-date with local/national and world news every morning. I use the video conferencing capabilities on my cellphone and laptop to stay connected and have meetings for my work (and personal). I also use my cellphone and laptop to stream music that helps me be more productive or energize/calm me down.","Using SKYPE on my laptop has allowed to stay in touch with family and friends that are working in remote areas overseas, as well as during the COVID-19 pandemic when getting together with others was not recommended.","I have used my cellphone and laptop to improve communication in my everyday life by taking advantage of features that I previously did not utilize-like Facetime. SKYPE, Zoom. Not that I have embraced the technology and feel significantly more comfortable using them, I am able to stay in closer contact with family/friends and also have more successful outcomes in my professional interactions. My goal was to learn, grow and become proficient using this technology. I did it by watching You Tube videos, asking friends and coworkers to teach me and then by just practicing and using the technology until I got comfortable and proficient! It worked! I now feel very confident holding meetings/taking calls/interacting on video calls.","In my personal life, I use technology in ways such as: using my laptop or cellphone to search the internet for information, directions, look up product information, recipes, business addresses. I also use them to stay informed about the weather, news, find recipes, engage in researching, and write/ journal. Music is also important to me and I can utilize m cellphone and laptop to stream a variety of music (and podcasts) for entertainment and relaxation.","Ways I use technology in my personal life for entertainment purposes include viewing social media apps (Instagram, Facebook), streaming music or podcasts, taking photos, looking at the internet (news, weather, topics of interest). Both my laptop and cellphone are utilized in these manners.",I read about technology and it's personal impact.,"Being able to stay in touch with loved ones, family and friends has been shown to be very important-being connected to those we care about is crucial for our physical and mental health. Research has proven this. Technology has made achieving this very easy-so easy my 81 year Mom has mastered using video calling technology to see and talk to her children and grandchildren on a regular basis!

There are a number of applications that are easy to download to your cellphone or computer that will enable you to see and talk live with others-for free! They are easy to use and can be used in any setting! Learning to use this type of exciting technology will enhance your life and relationships with others! Try it and see-you won't regret it!",Drive to Work,Respond to emails. Prepare for 9AM ZOOM meeting,Weekly Epidemiology State-Wide Update via ZOOM,Weekly Epidemiology State-Wide Update via ZOOM,Administer vaccines at clinic,Lunch,Staff Meeting,State Grant Work,State Grant Work,Work on TB Policy Updates for presentation next week,Drive Home.,-,-,-,-,Go to Sleep,-,-,-,-,-,-,-,Wake Up,3,1,4,I would ask him what would be most helpful to him to ensure successful treatment of his injury..,5,3,3,2,1,5,5,5,5,4,4,3,3,4,4,3,2,2,2,2,2,2,2,2,2,0,0,80,20,26,ER/Public Health,Supervisor,3,,30,3,BSN,1,39,,54,2,,1,,,7,4,5,4,4,Control,663510a2-b197-1c02-fdaa-b0725f049529,2,1,2,1,2,6,7,3,1.5,4,5,5,5,3,5,3,2,3,1,5,4,3,"Pt continues to report unresolved pain. He reports continued non-compliance with recommended treatment plan, stating ""it slipped my mind"". Pt encouraged to verbalize factors that would self-motivate him to be compliant with treatment paln. "
2024-05-03 11:31:47,2024-05-03 11:52:07,0,100,1219,1,2024-05-03 11:52:08,R_3IcSR2Fol9AjCR1,,,,,36.102,-115.1447,anonymous,EN,1,3,,"7,4,5",Responsibility is amust,Because of what they are suffering ,Because of fear ,In help in treatment ,Will increase it,It give you happiness ,Addiction ,I can't do that ,,,,,,,,,,Goood,Good,Good,Good,Good,Good,Good,Good,Good,Good,Good,Good,Good,Good,Good,Good,Good,Good,Good,Good,Good,Good,Good,Good,5,4,5,May be surgery ,4,3,3,2,1,4,1,3,3,2,2,3,2,2,3,3,2,2,3,4,2,1,1,1,NA,0,1,23,77,5,Rn,Rn,5,,40,3,,1,45,,,1,,6,No,,6,4,4,3,3,Treatment,66351db8-9e0f-275f-8e9d-c4a5719dfffc,4,2,3,3,1,2,6,6,3,NA,3,3,4,4,5,4,4,3,5,3,4,3,What doctor sew os good
2024-05-03 11:31:47,2024-05-03 11:52:07,0,100,1219,1,2024-05-03 11:52:08,R_3IcSR2Fol9AjCR1,,,,,36.102,-115.1447,anonymous,EN,1,3,,"7,4,5",Responsibility is amust,Because of what they are suffering ,Because of fear ,In help in treatment ,Will increase it,It give you happiness ,Addiction ,I can't do that ,,,,,,,,,,Goood,Good,Good,Good,Good,Good,Good,Good,Good,Good,Good,Good,Good,Good,Good,Good,Good,Good,Good,Good,Good,Good,Good,Good,5,4,5,May be surgery ,4,3,3,2,1,4,1,3,3,2,2,3,2,2,3,3,2,2,3,4,2,1,1,1,NA,0,1,23,77,5,Rn,Rn,5,,40,3,,1,45,,,1,,6,No,,6,4,4,3,3,Treatment,66351db8-9e0f-275f-8e9d-c4a5719dfffc,4,2,3,3,2,3,4,6,3,NA,4,3,4,3,3,4,3,3,,,4,3,What doctor see is good
2024-05-03 12:25:33,2024-05-03 13:24:05,0,100,3511,1,2024-05-03 13:24:06,R_2WIr3T7WmOMEODe,,,,,41.6435,-91.5685,anonymous,EN,1,5,,,,,,,,,,,1,personal calendar,"the phone, the laptop, the phone as a clock for alarms, the calander",texting after a tornado when there is no electric and days without power but the cell phone has reception as long as its charged. ,"daily texting, easy calls, sending photos",streaming is less expensive than  cable and more entertaining. ,"streaming, youtube",use of technology. ,"as technology continues to advance, it is important to see the great possibility that awaits the every day person in daily life. both daily life and daily work will be positively impacted and AI will make each day easier. we will continue to be able to communicate but in a more global fashion. ",taking informal then formal report,first round of medications and complete physical assessments,still physical assessments. ,"medications, transfer one to surgery, talk to pharmacy","again talk to pharmacy, send another to dialysis. ","patient is in pacu, prepare for their return",get 2 admission.,"still admitting,", surgery patient is back,get another admission. 1600 medications.,still 1600 medications.,"take pt to the morgue, called funeral home, called coroner, called gift of life","catch up charting, start informal report, complete formal report. ",,,,,,,,,,,,4,6,3,start over. ,5,3,3,3,1,3,3,3,3,3,3,3,2,2,3,3,3,4,4,3,3,3,3,2,2,0,0,0,100,26,"GI, INT MED, GERIATRIC",ARNP,7,,29,4,DNP,1,26,,47,2,,7,,NATIVE,6,2,6,4,4,Control,66352a95-f743-4391-781f-64be61ba940d,1,1,2,1,1,7,8,2,1,36,3,3,3,3,4,4,3,3,3,4,3,3,"Patient present today with Ortho issue, pain in lower ext joint, negative for fall, accident or injury; no application of ice or heat; ordered x-ray and PT and low dose tramadol, sxs that warrant ER reviewed. "
2024-05-03 12:25:33,2024-05-03 13:24:05,0,100,3511,1,2024-05-03 13:24:06,R_2WIr3T7WmOMEODe,,,,,41.6435,-91.5685,anonymous,EN,1,5,,,,,,,,,,,1,personal calendar,"the phone, the laptop, the phone as a clock for alarms, the calander",texting after a tornado when there is no electric and days without power but the cell phone has reception as long as its charged. ,"daily texting, easy calls, sending photos",streaming is less expensive than  cable and more entertaining. ,"streaming, youtube",use of technology. ,"as technology continues to advance, it is important to see the great possibility that awaits the every day person in daily life. both daily life and daily work will be positively impacted and AI will make each day easier. we will continue to be able to communicate but in a more global fashion. ",taking informal then formal report,first round of medications and complete physical assessments,still physical assessments. ,"medications, transfer one to surgery, talk to pharmacy","again talk to pharmacy, send another to dialysis. ","patient is in pacu, prepare for their return",get 2 admission.,"still admitting,", surgery patient is back,get another admission. 1600 medications.,still 1600 medications.,"take pt to the morgue, called funeral home, called coroner, called gift of life","catch up charting, start informal report, complete formal report. ",,,,,,,,,,,,4,6,3,start over. ,5,3,3,3,1,3,3,3,3,3,3,3,2,2,3,3,3,4,4,3,3,3,3,2,2,0,0,0,100,26,"GI, INT MED, GERIATRIC",ARNP,7,,29,4,DNP,1,26,,47,2,,7,,NATIVE,6,2,6,4,4,Control,66352a95-f743-4391-781f-64be61ba940d,1,1,2,1,2,6,7,3,1.5,32,4,4,4,3,3,3,3,3,3,3,3,3,"patient returns, same as prior, ankle pain, by his own admission he is not following prior plan of care. "
2024-05-03 14:49:07,2024-05-03 15:32:18,0,100,2591,1,2024-05-03 15:32:19,R_1qJPeYoP6wZYvOP,,,,,34.7523,-79.4566,anonymous,EN,1,4,,,,,,,,,,,"1,2,7",To make contact with family and friends,"Make calls, drive, contact clients, purchase items etc",Via video calling,Time management,"Music, smart speakers, purchasing tickets online,  making calls","Parties, intimate gatherings, weddings, game night, movie night",I read about a toddler face down in pool after he vanishes from mum,"The new technologies allow us to contact And speak with anyone, anywhere. Video calls, zoom, meet, FaceTime, we use tech to deliver information through emails, telegram, text.  We can fly drones, taking the most breathtaking pictures, we can use headgear to react and move in virtual world. We can see every aspect of our homes away from home. The list goes on",Making rounds,Checking on clients,Dog attack,Heart attack,Domestic violence emergency,Rounds,Break,Break,Er duties,||,II,II,II,Rounds,Paperwork,Home,,,,,,,,,1,1,3,Sending reoccurring notes to follow plan given and follow up on two weeks,6,1,3,3,1,5,5,5,5,5,5,5,5,5,4,1,3,1,2,1,1,1,1,1,1,1,1,50,50,19,Obstetrics ,P.A.,3,,76,4,Doctorate,1,45,,49,2,,4,,,8,4,7,4,4,Control,66354d00-f6fb-08f1-3549-a1403c4e941b,1,1,1,1,1,7,8,2,1,100,1,3,5,1,5,1,1,1,5,5,5,3,"Dave should elevate his ankle above his heart and take OTC as directed,  stay off ankle as much as possible and stay hydrated. "
2024-05-03 14:49:07,2024-05-03 15:32:18,0,100,2591,1,2024-05-03 15:32:19,R_1qJPeYoP6wZYvOP,,,,,34.7523,-79.4566,anonymous,EN,1,4,,,,,,,,,,,"1,2,7",To make contact with family and friends,"Make calls, drive, contact clients, purchase items etc",Via video calling,Time management,"Music, smart speakers, purchasing tickets online,  making calls","Parties, intimate gatherings, weddings, game night, movie night",I read about a toddler face down in pool after he vanishes from mum,"The new technologies allow us to contact And speak with anyone, anywhere. Video calls, zoom, meet, FaceTime, we use tech to deliver information through emails, telegram, text.  We can fly drones, taking the most breathtaking pictures, we can use headgear to react and move in virtual world. We can see every aspect of our homes away from home. The list goes on",Making rounds,Checking on clients,Dog attack,Heart attack,Domestic violence emergency,Rounds,Break,Break,Er duties,||,II,II,II,Rounds,Paperwork,Home,,,,,,,,,1,1,3,Sending reoccurring notes to follow plan given and follow up on two weeks,6,1,3,3,1,5,5,5,5,5,5,5,5,5,4,1,3,1,2,1,1,1,1,1,1,1,1,50,50,19,Obstetrics ,P.A.,3,,76,4,Doctorate,1,45,,49,2,,4,,,8,4,7,4,4,Control,66354d00-f6fb-08f1-3549-a1403c4e941b,1,1,1,1,2,7,8,2,1,98,1,5,5,1,5,1,1,3,3,5,5,4,Encourages following care plan and I will follow up on 14 days
2024-05-03 06:44:44,2024-05-03 16:03:37,0,100,33532,1,2024-05-03 16:03:38,R_2nN7fxK5f7QrZMB,,,,,42.8482,-73.7863,anonymous,EN,1,5,,,,,,,,,,,"1,7","I am able to keep up with distant friends and family. I love being able to keep up with medical news, and to do CME online.","I subscribe to multiple medical online magazines and news sites. I try to read several articles a day, and skim the rest. I often listen to a lecture or read the transcript of a podcast. I do CME weekly.
On a personnel level I can look up gardening info and browse quilting patterns and fabrics.",During the pandemic doing a video visit with my patients improved my care and their satisfaction via phone alone.,I use a smart phone daily to read my medical articles. I send texts and pictures with my sisters in Florida. I was recently injured and the smart phone and email helped me to stay in contact with my grandchildren. Being able to send pictures to my medical team helped in my care.,"I do have a smart TV with hulu, netflix, etc. I am able to watch different shows, do yoga, and exercise when I want. On my phone I do play bookworm and wordle when waiting at a doctors office. My husband and I will play wordle will waiting together.","I do not read ebooks as I much prefer a real book. But I will read the news and medical articles online. I do several games-bookworm, suduko, solitare and wordle","Today I read about the tornados in the west, and the floods in texas. I did watch one interview of a family  and how his whole family was saved by hiding in the basement.","I know tech can be overwhelming, but I beg you to try it out. Repeated tries will make you more proficient and will be easier each time. Always ask for help, my grandsons and children often help me. I have gone to the mobile phone store numerous times for help, and feel proud when I can do it on my own.
Zoom calls can be a lot of fun, I even had a zoom baby shower in the midst of covid for my daughter in law.
Using the calender on my phone has made all the difference in organizing my life.
A friend suggested using youtube to help with gardening, and now I know how to prune my blueberry and raspberry plants. I follow a specic local yoga teacher on youtube for her free classes on my own time.
I send local pictures and funny pictures to my sisters daily, and we laugh long distance!",arrived an hour early to avoid traffic. I review pt charts for the day.,see 1st pt,see 2 follow up pts this hour. Continue to moniter labs on child on depokte,"1 no show, but I spend the entire time reviewing labs, sending messages. I direct my nurse to make some f/u calls, while I also make calls to familes.",2 f/u pts.,"30 minutes of lunch, i eat while trying to chart. I wait 15 min to do prior auth with ins company.","new pt with epilepsy. I start on med, review side effects, discuss safety and write note for school","1 f/u migraine, and 1 no show pt. I chart and also call the no show family to see what is happening.",2 f/u pts.,"1 ER follow up for possible seizures, I order MRI and EEG",charting,charting and more review of messages and labs from today,drive home and eat leftovers with my husband.,walk dog for 20 min,watch tv,go to bed,,,,,,,,,1,5,5,have a inperson visit. See what causes pain. Prescribe motrin or ibuprophen. See if PT would help,5,2,3,2,1,4,4,4,4,3,5,4,2,4,5,3,3,2,2,2,1,2,1,1,2,0,0,90,10,42,pediatric neurology,PNP,18,,93,4,MSN,1,33,,68,2,,1,,,7,4,5,3,2,Control,6634db09-8cf3-ef2b-ab76-a67b5a9bf32c,1,1,1,1,1,7,8,2,1,94,5,5,4,3,5,3,2,4,3,4,3,2,"Still complains of pain.
Admits he has not used the meds prescribed.
Perhaps physical therapy would be helpful."
2024-05-03 06:44:44,2024-05-03 16:03:37,0,100,33532,1,2024-05-03 16:03:38,R_2nN7fxK5f7QrZMB,,,,,42.8482,-73.7863,anonymous,EN,1,5,,,,,,,,,,,"1,7","I am able to keep up with distant friends and family. I love being able to keep up with medical news, and to do CME online.","I subscribe to multiple medical online magazines and news sites. I try to read several articles a day, and skim the rest. I often listen to a lecture or read the transcript of a podcast. I do CME weekly.
On a personnel level I can look up gardening info and browse quilting patterns and fabrics.",During the pandemic doing a video visit with my patients improved my care and their satisfaction via phone alone.,I use a smart phone daily to read my medical articles. I send texts and pictures with my sisters in Florida. I was recently injured and the smart phone and email helped me to stay in contact with my grandchildren. Being able to send pictures to my medical team helped in my care.,"I do have a smart TV with hulu, netflix, etc. I am able to watch different shows, do yoga, and exercise when I want. On my phone I do play bookworm and wordle when waiting at a doctors office. My husband and I will play wordle will waiting together.","I do not read ebooks as I much prefer a real book. But I will read the news and medical articles online. I do several games-bookworm, suduko, solitare and wordle","Today I read about the tornados in the west, and the floods in texas. I did watch one interview of a family  and how his whole family was saved by hiding in the basement.","I know tech can be overwhelming, but I beg you to try it out. Repeated tries will make you more proficient and will be easier each time. Always ask for help, my grandsons and children often help me. I have gone to the mobile phone store numerous times for help, and feel proud when I can do it on my own.
Zoom calls can be a lot of fun, I even had a zoom baby shower in the midst of covid for my daughter in law.
Using the calender on my phone has made all the difference in organizing my life.
A friend suggested using youtube to help with gardening, and now I know how to prune my blueberry and raspberry plants. I follow a specic local yoga teacher on youtube for her free classes on my own time.
I send local pictures and funny pictures to my sisters daily, and we laugh long distance!",arrived an hour early to avoid traffic. I review pt charts for the day.,see 1st pt,see 2 follow up pts this hour. Continue to moniter labs on child on depokte,"1 no show, but I spend the entire time reviewing labs, sending messages. I direct my nurse to make some f/u calls, while I also make calls to familes.",2 f/u pts.,"30 minutes of lunch, i eat while trying to chart. I wait 15 min to do prior auth with ins company.","new pt with epilepsy. I start on med, review side effects, discuss safety and write note for school","1 f/u migraine, and 1 no show pt. I chart and also call the no show family to see what is happening.",2 f/u pts.,"1 ER follow up for possible seizures, I order MRI and EEG",charting,charting and more review of messages and labs from today,drive home and eat leftovers with my husband.,walk dog for 20 min,watch tv,go to bed,,,,,,,,,1,5,5,have a inperson visit. See what causes pain. Prescribe motrin or ibuprophen. See if PT would help,5,2,3,2,1,4,4,4,4,3,5,4,2,4,5,3,3,2,2,2,1,2,1,1,2,0,0,90,10,42,pediatric neurology,PNP,18,,93,4,MSN,1,33,,68,2,,1,,,7,4,5,3,2,Control,6634db09-8cf3-ef2b-ab76-a67b5a9bf32c,1,1,1,1,2,7,8,2,1,97,5,5,4,3,4,4,3,3,1,4,3,2,"Still complains of pain, but states he forgets to take the meds. Concerned if there is something else causing discomfort. Want to do inperson visit and may rec. PT"
2024-05-03 15:10:08,2024-05-03 16:22:27,0,100,4339,1,2024-05-03 16:22:28,R_7taENQ0ALe3WoM1,,,,,33.1922,-111.5318,anonymous,EN,1,3,,"7,9,4",I want to treat others as I would want to be treated. It is the Golden Rule of Life. I do my best to understand where my patients come from and try to identify and empathize with them. ,So I can understand better how to help them and educate them about their current medical condition and how to improve it. ,The patient is too sick to be able to ask and understand what is being taught or discussed. Other patients are too busy on their cell phones to pay attention to important information. Others feel they may be judged and mistreated for questioning the care they are receiving. ,Ask the patient what works best for their lifestyle and tailor the plan of care and treatment around their schedule as best as possible ,Understanding the patient needs and home environment. ,By assessing the patient needs and family and social history planning care that is tailored to their schedule and needs. Taking the time to talk to patient about their current situation and understanding of what they think is going on with their health ,How to better communicate with patients to provide patient centered care ,Take the time to truly listen to your patients and family. Treat them as if they’re your parents or grandparents or children. Understand that they don’t have a medical background like you and need to have their medical condition explained in simple basic terms. Ask the patient what works best for them and what has not been working and how you can help them to improve their health and wellbeing on their terms.  Encourage family involvement.  Meet your patient on their level not yours. Most of all remember you are human just like your patient. ,,,,,,,,,,Not at work ,Not at work ,Not at work ,N/a,Na,N/A,N/A,N/A,N/A,N/A,B/A,Shift change report in ED ,The ED is extremely busy and we are minimally staffed for nurses ,I am doing my best to keep up but the wheels have fallen off the wagon and rolling down the street (it is extremely busy with. A full ED and lobby of people waiting to be seen) ,It is still busy and the ambulances are rolling in and out . I need to go to the bathroom but I just don’t have the time. ,Still busy caring for patients still running around and still have to go to the bathroom but just. can’t.  It gets very frustrating not having adequate staff to care for our patients ,"Oh well , 6 people who were checked in to be seen have left without being seen. I guess it wasn’t an emergency.","Well now things are getting better patients are getting moved to another facility, admitted or discharged so now we can see light at the end of the tunnel. I feel awful that 6 people walked out without being triaged and I am sure our Director of Nursing will be very unhappy about that. But what do you expect when you can’t give us enough staff?",I actually got to go to the bathroom finally and attempt to ea bit to eat. ,Finally everyone except for a few patients are gone we succeeded to survive the craziness of the early evening ,Still calm and chilled . I guess I will go do the housekeeping job and clean rooms because this place is too cheap to pay for a house keeping staff anymore during the night. They didn’t tell me I would be doing housekeepings job in addition to my nursing job when I was hired on last year. ,Still calm only 3-4 patients waiting for transfer.,Oh there goes the calm now an ambulance comes in with a patient with a blood glucose of 25 to 35 not good. But the patient is awake and talking. Nice older gentleman  hard to believe he is so alert with such a low blood sugar.,"Ahhh there is the dayshift coming in.. report given and time for this nurse to go home to sleep.  What a crazy night it has been dealing with belligerent drunks, angry inmates an impatient patients. I love my job as a ED nurse!   ",2,3,4,Refer David to an orthopedic specialist and have X-ray taken of his ankle to add for fractures,7,3,4,3,1,4,4,4,4,3,2,3,4,4,4,2,3,2,2,2,2,2,2,2,2,1,1,80,20,33,Registered Nurse Pediatrics for 30 years and now ER nurse in small rural community hospital.,Staff Registered Nurse ,2,,80,4,Master Degree in Nursing Education ,1,23,,62,2,,1,,,8,4,6,2,2,Treatment,6635517e-e86a-bb5a-65eb-9c4f081477fc,2,1,2,1,1,6,8,3,1.5,9,3,4,5,2,4,3,2,3,3,4,3,5,"Non compliance with initial treatment recommendations 
Recommend patient have X-ray of affected ankle to assess for fracture
Assess patient needs and develop reasonable plan of care to improve compliance with recommended treatment plan "
2024-05-03 15:10:08,2024-05-03 16:22:27,0,100,4339,1,2024-05-03 16:22:28,R_7taENQ0ALe3WoM1,,,,,33.1922,-111.5318,anonymous,EN,1,3,,"7,9,4",I want to treat others as I would want to be treated. It is the Golden Rule of Life. I do my best to understand where my patients come from and try to identify and empathize with them. ,So I can understand better how to help them and educate them about their current medical condition and how to improve it. ,The patient is too sick to be able to ask and understand what is being taught or discussed. Other patients are too busy on their cell phones to pay attention to important information. Others feel they may be judged and mistreated for questioning the care they are receiving. ,Ask the patient what works best for their lifestyle and tailor the plan of care and treatment around their schedule as best as possible ,Understanding the patient needs and home environment. ,By assessing the patient needs and family and social history planning care that is tailored to their schedule and needs. Taking the time to talk to patient about their current situation and understanding of what they think is going on with their health ,How to better communicate with patients to provide patient centered care ,Take the time to truly listen to your patients and family. Treat them as if they’re your parents or grandparents or children. Understand that they don’t have a medical background like you and need to have their medical condition explained in simple basic terms. Ask the patient what works best for them and what has not been working and how you can help them to improve their health and wellbeing on their terms.  Encourage family involvement.  Meet your patient on their level not yours. Most of all remember you are human just like your patient. ,,,,,,,,,,Not at work ,Not at work ,Not at work ,N/a,Na,N/A,N/A,N/A,N/A,N/A,B/A,Shift change report in ED ,The ED is extremely busy and we are minimally staffed for nurses ,I am doing my best to keep up but the wheels have fallen off the wagon and rolling down the street (it is extremely busy with. A full ED and lobby of people waiting to be seen) ,It is still busy and the ambulances are rolling in and out . I need to go to the bathroom but I just don’t have the time. ,Still busy caring for patients still running around and still have to go to the bathroom but just. can’t.  It gets very frustrating not having adequate staff to care for our patients ,"Oh well , 6 people who were checked in to be seen have left without being seen. I guess it wasn’t an emergency.","Well now things are getting better patients are getting moved to another facility, admitted or discharged so now we can see light at the end of the tunnel. I feel awful that 6 people walked out without being triaged and I am sure our Director of Nursing will be very unhappy about that. But what do you expect when you can’t give us enough staff?",I actually got to go to the bathroom finally and attempt to ea bit to eat. ,Finally everyone except for a few patients are gone we succeeded to survive the craziness of the early evening ,Still calm and chilled . I guess I will go do the housekeeping job and clean rooms because this place is too cheap to pay for a house keeping staff anymore during the night. They didn’t tell me I would be doing housekeepings job in addition to my nursing job when I was hired on last year. ,Still calm only 3-4 patients waiting for transfer.,Oh there goes the calm now an ambulance comes in with a patient with a blood glucose of 25 to 35 not good. But the patient is awake and talking. Nice older gentleman  hard to believe he is so alert with such a low blood sugar.,"Ahhh there is the dayshift coming in.. report given and time for this nurse to go home to sleep.  What a crazy night it has been dealing with belligerent drunks, angry inmates an impatient patients. I love my job as a ED nurse!   ",2,3,4,Refer David to an orthopedic specialist and have X-ray taken of his ankle to add for fractures,7,3,4,3,1,4,4,4,4,3,2,3,4,4,4,2,3,2,2,2,2,2,2,2,2,1,1,80,20,33,Registered Nurse Pediatrics for 30 years and now ER nurse in small rural community hospital.,Staff Registered Nurse ,2,,80,4,Master Degree in Nursing Education ,1,23,,62,2,,1,,,8,4,6,2,2,Treatment,6635517e-e86a-bb5a-65eb-9c4f081477fc,2,1,2,1,2,5,7,3,1.5,77,4,5,5,1,4,4,2,3,1,5,3,5,Pt is continuing to have pain pt states he has not been following his recommendations for care . Referral given to patient for orthopedic specialist and for X-ray to be obtained to assess for fracture.  Assess patient for his ability to participate in his care and follow up. Assess for barriers for compliance in care.  
2024-05-03 15:33:50,2024-05-03 16:37:03,0,100,3792,1,2024-05-03 16:37:04,R_51Am23jfheijhZF,,,,,33.8782,-117.9567,anonymous,EN,1,3,,,,,,,,,,,"1,4,6,7,8",I use it to communicate with family and friends.,"I use it to do online shopping, communicating with family, making appointments, and social media.",It allowed me to stay connected and feel like I didn't miss out. I was able to attend special events.,I have used it to send event invitations for special evnts. I also used it to be involved with chuch.,I use it to waych movies. I also used it to date my fiance. ,I use it to meditate and do my exercises and workout.,I read about using technology and it's uses.,Technology is a good source of communication. You will be able to talk with family and friends as well as entertaining. You can also do lots of shopping from home.,,,Patient vitals,,,Patient meals,,Personal shopping,,Online studies or surveys,,,,Games,,,,,,,,,,,1,6,3,Yes,7,2,2,3,1,2,4,5,5,1,1,1,1,1,1,1,2,1,2,1,1,1,1,1,1,1,1,50,50,16,Home Health Nurse,Nurse,16,,100,3,AA,1,5,,50,2,,3,,,8,4,3,3,3,Control,6635576e-906a-c035-5e9f-0b7a5a800850,2,2,1,1,1,5,6,4,2,43,4,5,5,3,5,3,1,3,4,5,3,1,I have upped Dave's prescription. I also encourage him to exercise.
2024-05-03 15:33:50,2024-05-03 16:37:03,0,100,3792,1,2024-05-03 16:37:04,R_51Am23jfheijhZF,,,,,33.8782,-117.9567,anonymous,EN,1,3,,,,,,,,,,,"1,4,6,7,8",I use it to communicate with family and friends.,"I use it to do online shopping, communicating with family, making appointments, and social media.",It allowed me to stay connected and feel like I didn't miss out. I was able to attend special events.,I have used it to send event invitations for special evnts. I also used it to be involved with chuch.,I use it to waych movies. I also used it to date my fiance. ,I use it to meditate and do my exercises and workout.,I read about using technology and it's uses.,Technology is a good source of communication. You will be able to talk with family and friends as well as entertaining. You can also do lots of shopping from home.,,,Patient vitals,,,Patient meals,,Personal shopping,,Online studies or surveys,,,,Games,,,,,,,,,,,1,6,3,Yes,7,2,2,3,1,2,4,5,5,1,1,1,1,1,1,1,2,1,2,1,1,1,1,1,1,1,1,50,50,16,Home Health Nurse,Nurse,16,,100,3,AA,1,5,,50,2,,3,,,8,4,3,3,3,Control,6635576e-906a-c035-5e9f-0b7a5a800850,2,2,1,1,2,7,8,2,1,82,4,1,5,3,3,4,2,5,1,5,3,1,Dave needs encouragment. I would also suggest physical therapy. 
2024-05-03 17:03:30,2024-05-03 17:58:04,0,100,3273,1,2024-05-03 17:58:05,R_3CZQaIcTGQ9EEsw,,,,,41.4453,-81.6991,anonymous,EN,1,3,,,,,,,,,,,"1,7",I completed my bills with online banking. ,Contacting loved ones without having to speak to anyone at all times of the day. Looking up information without picking up a book. Complete my banking & postal needs from my own home. ,Teams meetings or Zoom with multiple people keeps me connected 24/7.,We have a Zoom call after church every weekend with the whole family. Everyone lives so far away from each other. It keeps us updated and allows my grand children to see what I look like between in-person visits. I think it’s important to stay connected. ,Download movies. Banking at your fingertips. Cashing a check by just taking a picture. Sharing important life events with friends & family. ,E-books. Daily devotional. Texts with my children & grandchildren. ,Listening in the dark; tuning into your own thoughts,Today I watched a video about taking pictures with my phone. It was amazing how there are so many different ways to change things. IA can put you in areas that you would never have imagined. I took a picture of the cat & made it look like she went to Disney with us. ,Report. Doctors rounding,Assessments. Medications,"New admission, baths",Down to CT,Before lunch blood sugars,Assist patients with eating. Pass more medication’s,go to the bathroom and grab a granola bar,Rehang new IV bags.update doctor about labs. Start CRRT. ,Transfer patient to pulmonary Floor,New patient from ER. Pass more medication,Call the doctors with assessment. Residence two rooms.,Assist patients with meals. Prepare patient for next shift,Give report,One hour drive home. ,"Eat something, shower ",Bedtime ,"Lay in bed, awake thinking about how I could’ve done it better",Sleep ,Sleep,Sleep,Sleep,Up at 430,"Shower, eat & leave for work",One hour drive to work,5,5,4,Order X-rays. ,3,4,2,2,1,4,1,2,1,2,3,3,4,4,4,3,3,3,4,3,3,3,3,3,3,1,0,60,40,27,Float pool,RN Clinical Manager ,5,,45,4,Masters,1,39,,57,2,,1,,,6,5,7,2,2,Control,66356c1a-851a-0f27-8e15-9541e705e0a5,1,1,2,1,1,7,8,2,1,66,4,5,5,3,5,3,2,3,3,5,3,4,"Pain continued 
Continues to seek treatment 
Did not follow recommendations 
"
2024-05-03 17:03:30,2024-05-03 17:58:04,0,100,3273,1,2024-05-03 17:58:05,R_3CZQaIcTGQ9EEsw,,,,,41.4453,-81.6991,anonymous,EN,1,3,,,,,,,,,,,"1,7",I completed my bills with online banking. ,Contacting loved ones without having to speak to anyone at all times of the day. Looking up information without picking up a book. Complete my banking & postal needs from my own home. ,Teams meetings or Zoom with multiple people keeps me connected 24/7.,We have a Zoom call after church every weekend with the whole family. Everyone lives so far away from each other. It keeps us updated and allows my grand children to see what I look like between in-person visits. I think it’s important to stay connected. ,Download movies. Banking at your fingertips. Cashing a check by just taking a picture. Sharing important life events with friends & family. ,E-books. Daily devotional. Texts with my children & grandchildren. ,Listening in the dark; tuning into your own thoughts,Today I watched a video about taking pictures with my phone. It was amazing how there are so many different ways to change things. IA can put you in areas that you would never have imagined. I took a picture of the cat & made it look like she went to Disney with us. ,Report. Doctors rounding,Assessments. Medications,"New admission, baths",Down to CT,Before lunch blood sugars,Assist patients with eating. Pass more medication’s,go to the bathroom and grab a granola bar,Rehang new IV bags.update doctor about labs. Start CRRT. ,Transfer patient to pulmonary Floor,New patient from ER. Pass more medication,Call the doctors with assessment. Residence two rooms.,Assist patients with meals. Prepare patient for next shift,Give report,One hour drive home. ,"Eat something, shower ",Bedtime ,"Lay in bed, awake thinking about how I could’ve done it better",Sleep ,Sleep,Sleep,Sleep,Up at 430,"Shower, eat & leave for work",One hour drive to work,5,5,4,Order X-rays. ,3,4,2,2,1,4,1,2,1,2,3,3,4,4,4,3,3,3,4,3,3,3,3,3,3,1,0,60,40,27,Float pool,RN Clinical Manager ,5,,45,4,Masters,1,39,,57,2,,1,,,6,5,7,2,2,Control,66356c1a-851a-0f27-8e15-9541e705e0a5,1,1,2,1,2,6,8,3,1.5,73,4,5,2,4,5,3,3,3,2,4,3,2,"Pt c/o continued discomfort, but not taking OTC meds d/t it has “slipped his mind”. No self treatment. Non-compliant with recommendations. Obtain X-ray to look for acute reasons for discomfort. Suspect contusion. Consider Ortho consult. 
"
2024-05-03 17:57:37,2024-05-03 18:10:25,0,100,768,1,2024-05-03 18:10:26,R_2oF4NNRQkluGqPP,,,,,41.8883,-87.7613,anonymous,EN,1,3,,"3,4",Having more control over your life ,Because we need more sympathy and more advisors around ,No particular reason except annoying them,Having a better understanding in medicine and critical care ,Having the time and patience ,They have a better understanding of setting up their life goals and accomplishments ,Medical ,"Hello,

I'm hoping and wishing a great success. Having the time, energy and effort in my medical background, training and knowledge.  

Sincerely, 

Medical student.",,,,,,,,,,,,,,,,,,,,,,,,,,,Great ,Great ,Fun,Peace,Quiet,Nice,Observations ,3,6,6,Should continue with basic follow ups,7,1,4,3,1,5,5,5,4,5,5,5,5,5,4,3,5,3,5,4,3,3,3,3,3,1,1,40,60,7,Registered nurse,Registered nurse,7,,87,3,Bachelor's degree,1,14,,27,2,,1,,,10,1,5,3,3,Treatment,66357923-778f-96e4-b98b-95ef6f0a0ae4,2,2,4,2,1,5,6,4,2,67,3,5,5,1,4,,3,1,5,4,4,1,"High medicine, low dosages, follow ups"
2024-05-03 17:57:37,2024-05-03 18:10:25,0,100,768,1,2024-05-03 18:10:26,R_2oF4NNRQkluGqPP,,,,,41.8883,-87.7613,anonymous,EN,1,3,,"3,4",Having more control over your life ,Because we need more sympathy and more advisors around ,No particular reason except annoying them,Having a better understanding in medicine and critical care ,Having the time and patience ,They have a better understanding of setting up their life goals and accomplishments ,Medical ,"Hello,

I'm hoping and wishing a great success. Having the time, energy and effort in my medical background, training and knowledge.  

Sincerely, 

Medical student.",,,,,,,,,,,,,,,,,,,,,,,,,,,Great ,Great ,Fun,Peace,Quiet,Nice,Observations ,3,6,6,Should continue with basic follow ups,7,1,4,3,1,5,5,5,4,5,5,5,5,5,4,3,5,3,5,4,3,3,3,3,3,1,1,40,60,7,Registered nurse,Registered nurse,7,,87,3,Bachelor's degree,1,14,,27,2,,1,,,10,1,5,3,3,Treatment,66357923-778f-96e4-b98b-95ef6f0a0ae4,2,2,4,2,2,1,5,6,3,100,4,4,3,4,3,4,3,2,1,3,2,3,"Fast, easy, convenient "
2024-05-03 18:04:48,2024-05-03 18:22:14,0,100,1046,1,2024-05-03 18:22:15,R_70vgkMedTT7gAoR,,,,,36.7943,-119.8856,anonymous,EN,1,3,,,,,,,,,,,"1,8","Are use my laptop to access TikTok, Facebook, Instagram Snapchat all kinds of different things that way I don’t have to have my phone on me all the time","Well, mostly I use my technology to keep in touch with family and I also use it to browse social media and that would include Facebook Instagram Instagram Snapchat. I also use my camera nearly daily because I’m a picture taker. I love to capture memories.","I’m a content creator, so I use TikTok to connect with people who are going through some more things that I am and there’ll be no way for me to do that with something other than TikTok",So my goal with using it was to connect to a bigger audience I felt like I couldn’t get a good one on Instagram or Facebook so it shows TikTok I chose it after I had weight loss surgery surgery and it’s gone pretty well I do need to be more consistent with it if I posted more consistently would probably go,"Well, I use my Xbox most every day to play video games with my family so I guess I would. I would say that that is how I used it for entertainment but I also watch TV and I watch YouTube on my on my Xbox so that also provides me with entertainment.","Well, I use it anyways I watch YouTube to watch small videos, TikTok to watch even smaller videos and to also connect with other people I use my Xbox to play video games and to watch things like Netflix Hulu Max, so just taking in content in anyway that I can",Today I read about how technology can help us with entertainment and connectivity,"Technology is a In fact, entertainment with technology has increased rapidly since the COVID-19 pandemic I believe that that is because people were trapped inside without much to do and so you turn to the things that you have inside, which is typically TV cell phone Xbox is Found solace in these items since they couldn’t go out and have fun like people have been used to and they also weren’t used to being locked in all the cell phones really helped. Keep the sanity I believe.",Start,Working,Working,Shift change,Working,Working,Brief lunch,Working,Working,Working,Report,Working,Working,End,Home,Home,Home,Home,Home,Home,Home,Home,Home,Hime,4,2,2,I would continue to recommend the stream treatment plan until it is taken seriously and completed in full,5,1,4,3,1,5,5,5,5,4,5,4,5,4,5,1,3,1,3,1,1,1,1,1,1,1,1,50,50,6,Nurse,ER Nurse,6,,48,4,Bachelors,1,5,,24,2,,1,,,4,6,6,2,4,Control,66357b2e-6df0-d058-171a-2df50fb02797,1,1,1,1,1,7,8,2,1,15,2,4,4,1,4,2,1,1,2,5,3,3,"Previously, I had suggested a treatment plan for Dave. He contact me me back later and said that his pain was still there, but that he had not done the treatment plan. I suggested that he do it again and that if it still was not fixed, we would go from there."
2024-05-03 18:04:48,2024-05-03 18:22:14,0,100,1046,1,2024-05-03 18:22:15,R_70vgkMedTT7gAoR,,,,,36.7943,-119.8856,anonymous,EN,1,3,,,,,,,,,,,"1,8","Are use my laptop to access TikTok, Facebook, Instagram Snapchat all kinds of different things that way I don’t have to have my phone on me all the time","Well, mostly I use my technology to keep in touch with family and I also use it to browse social media and that would include Facebook Instagram Instagram Snapchat. I also use my camera nearly daily because I’m a picture taker. I love to capture memories.","I’m a content creator, so I use TikTok to connect with people who are going through some more things that I am and there’ll be no way for me to do that with something other than TikTok",So my goal with using it was to connect to a bigger audience I felt like I couldn’t get a good one on Instagram or Facebook so it shows TikTok I chose it after I had weight loss surgery surgery and it’s gone pretty well I do need to be more consistent with it if I posted more consistently would probably go,"Well, I use my Xbox most every day to play video games with my family so I guess I would. I would say that that is how I used it for entertainment but I also watch TV and I watch YouTube on my on my Xbox so that also provides me with entertainment.","Well, I use it anyways I watch YouTube to watch small videos, TikTok to watch even smaller videos and to also connect with other people I use my Xbox to play video games and to watch things like Netflix Hulu Max, so just taking in content in anyway that I can",Today I read about how technology can help us with entertainment and connectivity,"Technology is a In fact, entertainment with technology has increased rapidly since the COVID-19 pandemic I believe that that is because people were trapped inside without much to do and so you turn to the things that you have inside, which is typically TV cell phone Xbox is Found solace in these items since they couldn’t go out and have fun like people have been used to and they also weren’t used to being locked in all the cell phones really helped. Keep the sanity I believe.",Start,Working,Working,Shift change,Working,Working,Brief lunch,Working,Working,Working,Report,Working,Working,End,Home,Home,Home,Home,Home,Home,Home,Home,Home,Hime,4,2,2,I would continue to recommend the stream treatment plan until it is taken seriously and completed in full,5,1,4,3,1,5,5,5,5,4,5,4,5,4,5,1,3,1,3,1,1,1,1,1,1,1,1,50,50,6,Nurse,ER Nurse,6,,48,4,Bachelors,1,5,,24,2,,1,,,4,6,6,2,4,Control,66357b2e-6df0-d058-171a-2df50fb02797,1,1,1,1,2,7,8,2,1,12,2,4,3,1,5,4,1,3,2,5,3,3,"Once again saw Dave he indicated that he was still in pain, but had not followed treatment plan that was specified in our last visit. Recommended that he please go through with the treatment plan and follow up."
2024-05-03 17:45:14,2024-05-03 18:23:46,0,100,2311,1,2024-05-03 18:23:46,R_36x0ETeXOOiTU65,,,,,38.8253,-97.6389,anonymous,EN,1,5,,"9,4,6",Empathic care taking personality whether at work or home I always taking care of someone,So you can cater to their emotional needs and help them feel more comfortable with being cared for and hiw,They're afraid of being a burden to ,It will help you see the world thru their eyes. ,Empathy is important in patient care. In order to descent the things that make them feel comfortable. ,Yes to let them know your on their side and there for him.,Patient care ,Working with people as opposed to objects as a job is difficult because no 2 people are exactly alike yet medical professionals are often held to a by the book standard protocol. The most difficult part is meeting new residents and getting to know them and how to meet their needs. Be accepting trusting and calm when working with new resident. Always try to put yourself in there shoes and look for unspoken questions ad concerns in their eyes and body language.,,,,,,,,,,,,,,,,,,,,,,Give baths ,Put residents bed ,Bed ,Bed ,Last rounds ,Side duties ,Rounds ,Pass waters ,Rounds ,Pass towels,Last rounds ,Trash and laundry,3,4,6,Reiterate that he follow the previous treatment plan,4,4,2,2,1,4,5,5,5,5,NA,5,5,5,5,1,5,1,3,1,3,2,2,1,2,1,1,50,50,21,Long term care dementia care,Certified Nurses aide,21,,68,2,,1,17,,42,2,,1,,,7,4,4,2,2,Treatment,66357608-0b2e-f0a3-b720-dc5a0f2a2b08,2,1,2,1,1,5,7,3,1.5,74,2,4,4,3,5,4,2,4,4,4,4,3,Dave's pain has not decreased with treatment. Surgery is considered by next appt if not better. Dave is cooperative with his treyemr. Plan
2024-05-03 17:45:14,2024-05-03 18:23:46,0,100,2311,1,2024-05-03 18:23:46,R_36x0ETeXOOiTU65,,,,,38.8253,-97.6389,anonymous,EN,1,5,,"9,4,6",Empathic care taking personality whether at work or home I always taking care of someone,So you can cater to their emotional needs and help them feel more comfortable with being cared for and hiw,They're afraid of being a burden to ,It will help you see the world thru their eyes. ,Empathy is important in patient care. In order to descent the things that make them feel comfortable. ,Yes to let them know your on their side and there for him.,Patient care ,Working with people as opposed to objects as a job is difficult because no 2 people are exactly alike yet medical professionals are often held to a by the book standard protocol. The most difficult part is meeting new residents and getting to know them and how to meet their needs. Be accepting trusting and calm when working with new resident. Always try to put yourself in there shoes and look for unspoken questions ad concerns in their eyes and body language.,,,,,,,,,,,,,,,,,,,,,,Give baths ,Put residents bed ,Bed ,Bed ,Last rounds ,Side duties ,Rounds ,Pass waters ,Rounds ,Pass towels,Last rounds ,Trash and laundry,3,4,6,Reiterate that he follow the previous treatment plan,4,4,2,2,1,4,5,5,5,5,NA,5,5,5,5,1,5,1,3,1,3,2,2,1,2,1,1,50,50,21,Long term care dementia care,Certified Nurses aide,21,,68,2,,1,17,,42,2,,1,,,7,4,4,2,2,Treatment,66357608-0b2e-f0a3-b720-dc5a0f2a2b08,2,1,2,1,2,5,7,3,1.5,NA,5,5,5,3,5,4,2,4,2,2,4,5,Aae recommendations was last visit. Will see Dave again in 2 wks to check on progress. Dave is lazy about treating his condition
2024-05-03 18:31:01,2024-05-03 18:52:10,0,100,1268,1,2024-05-03 18:52:11,R_7MxSLCoRmQUhwMr,,,,,44.7717,-69.7058,anonymous,EN,1,5,,"9,3,5",It is great knowing someone cares and can empathize with you instead of putting you,We need to put ourselves in their shoes and understand where they are coming from and why they might approach something in a different way,"They might feel as if their questions are dumb and not valued,or that they don't matter ",They would then see you are trying to understand them and what you say will matter to them,They would try to get and feel better in a quicker fashion knowing they have you in their corner ,If makes them know we are a team and going forward to the same goals,Patients feeling and where they are coming from ,I try to be a team player with each patient and put myself in their shoes so they know we are on the same team ,,,,,,,,,,,,,,,I'm lunch time,Medication time ,Activity time ,Tv time ,Rest time ,Supper time ,Relaxing time,Shower time ,Medication time ,Tv time ,Tv,Bed time ,,,,,,,,2,5,6,I would explain he needs to follow the plan of care or else there will be nothing further we can do until he does ,5,3,2,,1,3,4,3,4,3,4,4,4,3,4,1,3,2,2,1,1,1,1,1,2,0,1,80,20,36,A bit of everything ,Cna,5,,38,2,Ged,1,20,,52,2,,1,,,6,4,2,2,2,Treatment,663580c4-6171-43e3-037f-a3badd87429b,2,1,2,1,1,6,8,3,1.5,47,4,5,5,2,3,3,2,3,2,5,4,5,I gave the same medication a bit stronger dose however Dave has not been following the plan of care
2024-05-03 18:31:01,2024-05-03 18:52:10,0,100,1268,1,2024-05-03 18:52:11,R_7MxSLCoRmQUhwMr,,,,,44.7717,-69.7058,anonymous,EN,1,5,,"9,3,5",It is great knowing someone cares and can empathize with you instead of putting you,We need to put ourselves in their shoes and understand where they are coming from and why they might approach something in a different way,"They might feel as if their questions are dumb and not valued,or that they don't matter ",They would then see you are trying to understand them and what you say will matter to them,They would try to get and feel better in a quicker fashion knowing they have you in their corner ,If makes them know we are a team and going forward to the same goals,Patients feeling and where they are coming from ,I try to be a team player with each patient and put myself in their shoes so they know we are on the same team ,,,,,,,,,,,,,,,I'm lunch time,Medication time ,Activity time ,Tv time ,Rest time ,Supper time ,Relaxing time,Shower time ,Medication time ,Tv time ,Tv,Bed time ,,,,,,,,2,5,6,I would explain he needs to follow the plan of care or else there will be nothing further we can do until he does ,5,3,2,,1,3,4,3,4,3,4,4,4,3,4,1,3,2,2,1,1,1,1,1,2,0,1,80,20,36,A bit of everything ,Cna,5,,38,2,Ged,1,20,,52,2,,1,,,6,4,2,2,2,Treatment,663580c4-6171-43e3-037f-a3badd87429b,2,1,2,1,2,6,8,3,1.5,65,5,5,5,2,3,4,4,4,1,5,3,1,Dave still is not following plan of care and until he does I informed him there is nothing further we can do 
2024-05-03 22:19:25,2024-05-03 23:22:29,0,100,3783,1,2024-05-03 23:22:29,R_6qmIUlPLmdMCORU,,,,,33.7315,-84.4195,anonymous,EN,1,3,,"7,9",Working with family to make end of life decisions when the patient can not make those decisions ,"The Patient is in a situation that is new for them, they are in pain and afraid of what is occurring, important to show concern and understanding.","I have found that the psi doesn’t know what to ask , mostly because he did not have a clue of the medical language. That is why a nurse should be available afterwards to answer any questions or clarify ",If you know your patient.and understand their level of comprehension. You can explain treatment and post hospital care for true understanding. Also try to follow up the conversation ,They feel they have understanding which increase being compliant ,"Understanding the treatment plan, explain effects and side effects. Treating the patient with plans ",Better communication and better outcome for our patients ,"When ever my family, friends or church members have an appointment with a physician I encourage the patient to get permission to contact me during the visit so that I can hear what the physician is planning. I ask the question that I feel the patient need and want to know. I clarify anything to make sure he understands. After the physician leave I discuss with the patient what the treatment plan will be ,",,,,,,,,,,,"Get assignment, determine what needs to be completed for discharge communication with physician and nurse update ",,To floor to meet patients that is scheduled to leave follow up with family and give discharge instructions ,,Lunch ,"Evaluate new patient, determine if they can make decisions and communicate with family, homeh health and skilled nursing facility ",Determine patient that family has requested end of life decision such as inpatient vs outpatient hospice ,,"Discuss with physician, nurses, therapists post hospital plan",Complete information for pending discharges for next day,,,,,,,,,,,,,,1,1,6,"I would not increase pain meds , because he is not following pain , can not determine degree of pain , can’t determine if meds is working. I would decrease pain meds . Especially since he is not taking it!",5,1,4,3,1,4,4,5,5,5,4,NA,4,NA,5,1,1,1,1,1,1,1,1,1,1,1,1,50,50,42,Case Management ,Registered Nurse Case Manager ,29,,41,3,Diploma in Nursing ,1,11,,69,2,,3,,,9,1,6,1,2,Treatment,6635b678-a15b-05c6-9d3e-36ee729b6133,2,1,2,1,1,5,8,3,1.5,80,4,4,5,3,5,1,1,1,1,5,3,2,"Dave has very noncompliance with treatment pla
Discussed with Dave the importance of following the treatment. That is the only way we can determine if the plan is working.
Continue the same treatment , will go up to determine go treatment "
2024-05-03 22:19:25,2024-05-03 23:22:29,0,100,3783,1,2024-05-03 23:22:29,R_6qmIUlPLmdMCORU,,,,,33.7315,-84.4195,anonymous,EN,1,3,,"7,9",Working with family to make end of life decisions when the patient can not make those decisions ,"The Patient is in a situation that is new for them, they are in pain and afraid of what is occurring, important to show concern and understanding.","I have found that the psi doesn’t know what to ask , mostly because he did not have a clue of the medical language. That is why a nurse should be available afterwards to answer any questions or clarify ",If you know your patient.and understand their level of comprehension. You can explain treatment and post hospital care for true understanding. Also try to follow up the conversation ,They feel they have understanding which increase being compliant ,"Understanding the treatment plan, explain effects and side effects. Treating the patient with plans ",Better communication and better outcome for our patients ,"When ever my family, friends or church members have an appointment with a physician I encourage the patient to get permission to contact me during the visit so that I can hear what the physician is planning. I ask the question that I feel the patient need and want to know. I clarify anything to make sure he understands. After the physician leave I discuss with the patient what the treatment plan will be ,",,,,,,,,,,,"Get assignment, determine what needs to be completed for discharge communication with physician and nurse update ",,To floor to meet patients that is scheduled to leave follow up with family and give discharge instructions ,,Lunch ,"Evaluate new patient, determine if they can make decisions and communicate with family, homeh health and skilled nursing facility ",Determine patient that family has requested end of life decision such as inpatient vs outpatient hospice ,,"Discuss with physician, nurses, therapists post hospital plan",Complete information for pending discharges for next day,,,,,,,,,,,,,,1,1,6,"I would not increase pain meds , because he is not following pain , can not determine degree of pain , can’t determine if meds is working. I would decrease pain meds . Especially since he is not taking it!",5,1,4,3,1,4,4,5,5,5,4,NA,4,NA,5,1,1,1,1,1,1,1,1,1,1,1,1,50,50,42,Case Management ,Registered Nurse Case Manager ,29,,41,3,Diploma in Nursing ,1,11,,69,2,,3,,,9,1,6,1,2,Treatment,6635b678-a15b-05c6-9d3e-36ee729b6133,2,1,2,1,2,5,8,3,1.5,31,4,5,3,3,4,3,1,1,1,5,2,5,"Noncompliance with treatment, can not determine if treatment is working 
Continue communication to take medication will decrease pain meds to determine if the level of complaint of pain increase or remain the same "
2024-05-03 23:19:16,2024-05-03 23:38:20,0,100,1144,1,2024-05-03 23:38:21,R_3DT5ik2k7vEiTfP,,,,,39.8079,-86.0949,anonymous,EN,1,4,,,,,,,,,,,8,Personal time only,During charting,Riding on a piece of paper in their file,We used to do notes in their file now we chart on an iPad or a laptop,I use Facebook and messenger,Facebook to keep all my family and friends updated,Nothing,"During Covid, we charted everything on a laptop got our medicine delivered to the Covid unit got their meals delivered to the Covid unit so no one else would be contracted with the disease",,,,,,,,Start changing people,,,Feeding people,,,Showers ,,Bed time,End,,,,,,,,5,2,8,Explain easy exercises to him,3,3,1,1,1,1,1,1,1,5,1,3,5,5,5,1,3,2,3,2,3,1,1,1,1,1,1,50,50,20,Nursing ,Nirse,15,,100,2,,1,15,,63,2,,1,,,8,4,1,2,2,Control,6635c4f2-1a7c-45fd-ef94-8b9571268cdb,2,1,1,1,1,5,7,3,1.5,NA,4,5,5,4,5,1,1,1,3,5,2,5,Changing medication sent him for PT sent him home with exercises to do
2024-05-03 23:19:16,2024-05-03 23:38:20,0,100,1144,1,2024-05-03 23:38:21,R_3DT5ik2k7vEiTfP,,,,,39.8079,-86.0949,anonymous,EN,1,4,,,,,,,,,,,8,Personal time only,During charting,Riding on a piece of paper in their file,We used to do notes in their file now we chart on an iPad or a laptop,I use Facebook and messenger,Facebook to keep all my family and friends updated,Nothing,"During Covid, we charted everything on a laptop got our medicine delivered to the Covid unit got their meals delivered to the Covid unit so no one else would be contracted with the disease",,,,,,,,Start changing people,,,Feeding people,,,Showers ,,Bed time,End,,,,,,,,5,2,8,Explain easy exercises to him,3,3,1,1,1,1,1,1,1,5,1,3,5,5,5,1,3,2,3,2,3,1,1,1,1,1,1,50,50,20,Nursing ,Nirse,15,,100,2,,1,15,,63,2,,1,,,8,4,1,2,2,Control,6635c4f2-1a7c-45fd-ef94-8b9571268cdb,2,1,1,1,2,7,8,2,1,35,3,4,4,3,5,2,1,2,2,5,3,5,Needs to go to PT needs to take his medication and needs to do exercises at home
2024-05-04 01:36:56,2024-05-04 01:57:01,0,100,1205,1,2024-05-04 01:57:02,R_5a8LS61Y2RZBjdZ,,,,,41.8874,-87.6318,anonymous,EN,1,3,,,,,,,,,,,1,How well written  it is,Smart way,Yes,Yes,Yes,Yes,Good stuff,It is good know how to work a computer and it good to have a computer or laptop it is important to get information  from technology ,,8 :00am,,,,,,,,,,,,,,,,,,,,,,,6,6,2,,9,1,2,3,1,5,5,5,5,5,5,5,5,5,5,5,5,5,5,5,5,5,5,5,5,1,1,100,0,16,Rn,Rn,,,100,3,Senior ,1,14,,,2,,1,,,10,2,3,3,3,Control,6635e512-d8a9-394c-9d99-40260716d1a3,3,3,4,2,1,3,4,6,3,91,5,5,5,5,5,5,5,5,5,5,5,2,Hiv
2024-05-04 01:36:56,2024-05-04 01:57:01,0,100,1205,1,2024-05-04 01:57:02,R_5a8LS61Y2RZBjdZ,,,,,41.8874,-87.6318,anonymous,EN,1,3,,,,,,,,,,,1,How well written  it is,Smart way,Yes,Yes,Yes,Yes,Good stuff,It is good know how to work a computer and it good to have a computer or laptop it is important to get information  from technology ,,8 :00am,,,,,,,,,,,,,,,,,,,,,,,6,6,2,,9,1,2,3,1,5,5,5,5,5,5,5,5,5,5,5,5,5,5,5,5,5,5,5,5,1,1,100,0,16,Rn,Rn,,,100,3,Senior ,1,14,,,2,,1,,,10,2,3,3,3,Control,6635e512-d8a9-394c-9d99-40260716d1a3,3,3,4,2,2,2,5,6,3,100,5,5,5,5,5,5,5,5,5,5,5,2,
2024-05-04 01:41:45,2024-05-04 02:10:56,0,100,1750,1,2024-05-04 02:10:57,R_6sSANOG7ABTx5sb,,,,,45.5375,-122.5989,anonymous,EN,1,3,,"9,2,3","Empathy is very important in the medical field. The patients want someone who uses thier clinical skill while employing an empathetic way of doing so. Family and friends of the patient are often just as important and being empathetic to thier needs while grieving (loss of mobility, death, loss of leg, etc.)",Definitely because everyone reacts and needs care differently and when you take perspectives into consideration it may open many more doors for utilization,Sometimes they feel like they are a burden and we need to ensure that they know they are not a burden and we are there to help them. Some get anxious over loss of mobility and get worried about how to ask for help,It’s always important to understand perspective and bring information to their level,They will be able to express themselves more and it will help when teaching them how to change how they do things for safety and health ,They are more trusting and willing to get to those goals if they feel like you have thier best interests as priority ,How healthcare provides provide care and deal with different perspectives ,"When you are just starting out it is very scary. However imagine how scared the patient and their loved ones are that they are in need of care and the changes it brings to their lives. Always try to look at all perspectives and encourage your patient and their loved ones to speak up and ask for help and to ask for explanations if they do not understand. Try to use terms they will understand and don’t make it too complicated. Remember, these are people just like you and me. Treat them as how you want to be treated and/or your loved one. ",,,,,,,,,,Report and getting medications started ,Continue medications and check cbgs ,Ensure everyone is safe eating and give insulin ,Break and then make calls to docs as needed,Get cbgs and give lunch meds,"Give insulin and manage patients so they are safe eating, you may need to help feeding ",Get your wound treatments started,Call the docs over anything you need or to report changes ,Continue with wound care. ,Get cbgs and start dinner med pass. ,"Give insulin and ensure they are safe eating, again you may need to feed a couple patients ",More wound care,Continue wound care and take a break,Night time cbgs and medications ,Night time care,Chart. ,Chart,Go home,Home,Home,Home,Home,Home,Home,1,1,6,Refer to pt,5,2,4,2,1,5,5,5,5,5,5,5,3,5,5,3,4,2,3,1,4,1,1,NA,4,1,1,90,10,21,Skilled,Charge nurse,4,,100,3,Bachelor,1,34,,41,2,,1,,,4,2,5,2,2,Treatment,6635e5d9-e1da-c0d2-1c7c-e04da2bece6d,2,1,2,1,1,6,7,3,1.5,41,3,5,5,2,5,3,1,1,2,5,5,1,Dave continues to c/o severe dull pain to his ankle. He is not following post care instructions and states he doesn’t have time for them. Completed patient education on importance of following medical advice. Education patient on medications and side effects. Tramadol 50mg 2xday prn pain and lidocaine 5% gel to be applied to painful area on ankle 2-3x daily prn. Patient instructed to follow up in 2 weeks and earlier if worsens or doesn’t get better with treatment plan. Dave demonstrated an understanding of all education.
2024-05-04 01:41:45,2024-05-04 02:10:56,0,100,1750,1,2024-05-04 02:10:57,R_6sSANOG7ABTx5sb,,,,,45.5375,-122.5989,anonymous,EN,1,3,,"9,2,3","Empathy is very important in the medical field. The patients want someone who uses thier clinical skill while employing an empathetic way of doing so. Family and friends of the patient are often just as important and being empathetic to thier needs while grieving (loss of mobility, death, loss of leg, etc.)",Definitely because everyone reacts and needs care differently and when you take perspectives into consideration it may open many more doors for utilization,Sometimes they feel like they are a burden and we need to ensure that they know they are not a burden and we are there to help them. Some get anxious over loss of mobility and get worried about how to ask for help,It’s always important to understand perspective and bring information to their level,They will be able to express themselves more and it will help when teaching them how to change how they do things for safety and health ,They are more trusting and willing to get to those goals if they feel like you have thier best interests as priority ,How healthcare provides provide care and deal with different perspectives ,"When you are just starting out it is very scary. However imagine how scared the patient and their loved ones are that they are in need of care and the changes it brings to their lives. Always try to look at all perspectives and encourage your patient and their loved ones to speak up and ask for help and to ask for explanations if they do not understand. Try to use terms they will understand and don’t make it too complicated. Remember, these are people just like you and me. Treat them as how you want to be treated and/or your loved one. ",,,,,,,,,,Report and getting medications started ,Continue medications and check cbgs ,Ensure everyone is safe eating and give insulin ,Break and then make calls to docs as needed,Get cbgs and give lunch meds,"Give insulin and manage patients so they are safe eating, you may need to help feeding ",Get your wound treatments started,Call the docs over anything you need or to report changes ,Continue with wound care. ,Get cbgs and start dinner med pass. ,"Give insulin and ensure they are safe eating, again you may need to feed a couple patients ",More wound care,Continue wound care and take a break,Night time cbgs and medications ,Night time care,Chart. ,Chart,Go home,Home,Home,Home,Home,Home,Home,1,1,6,Refer to pt,5,2,4,2,1,5,5,5,5,5,5,5,3,5,5,3,4,2,3,1,4,1,1,NA,4,1,1,90,10,21,Skilled,Charge nurse,4,,100,3,Bachelor,1,34,,41,2,,1,,,4,2,5,2,2,Treatment,6635e5d9-e1da-c0d2-1c7c-e04da2bece6d,2,1,2,1,2,6,8,3,1.5,NA,4,5,5,2,5,4,1,1,1,5,5,1,Dave continues with c/o ankle pain s/p ankle fix 3 weeks ago. Declines using treatment options discussed in 2 previous visits despite education. Referring to PT to help patient further utilize treatment plan with the help of a pt.
2024-05-04 02:40:28,2024-05-04 03:04:58,0,100,1469,1,2024-05-04 03:04:58,R_5M5VpKJNrcEIyg0,,,,,24.5615,-81.7818,anonymous,EN,1,1,,,,,,,,,,,"1,4,8",To communicate with my friends,I use it to relax and keep on touch with friends,I actually don't recall such a time,They actually make my life more demanding and complicated,I stem movies music and reels. I also chat with friends which is entertaining ,Watch reels to disconnect,Technology changes and how you're impacted,I don't understand. Your surveys is to waste one's time to write a fictions letter?,Review labs evaluate critical patients,Assess patients do basic nursing care discuss with case management,Same as 8am,Same as 8am,Assees admit patient ecpliain to the er why this pt should not be here.  Discuss cases with others,Admotvpatients,Code a patient ,Stroke alert,Admit and discharge patients family discussion,Admit patients,Admit and discharge patients,Admit patient ,Admit patient ,Admit patient,Admit patient respi d to choose,Left for home,Answered questions about pt,Showrered and ate dinner,Slept,Slept,Slept,Doing this survey ,Back to work,Breakfast,2,6,7,Unfortunately i wouldn't prescribe more pain medication and refer to ortho again,5,2,5,3,1,5,2,5,1,1,1,1,1,1,3,5,5,5,5,1,2,3,1,3,3,1,1,100,0,16,Family medicine,Hospitalist ,7,,63,4,Md,2,,Dominican Republic ,50,2,,1,,,5,2,7,2,4,Control,6635f3f9-0909-2350-edb3-e2226db60ac0,2,1,4,2,1,5,7,3,1.5,40,4,3,4,3,5,2,2,2,2,4,3,3,Dave was given pain medication for acute injury with referral to orthopedics. He did not do follow up with an orthopedist and has returned to pain medication.  Reluctant to provide further rx as no appointment made for surgical repair
2024-05-04 02:40:28,2024-05-04 03:04:58,0,100,1469,1,2024-05-04 03:04:58,R_5M5VpKJNrcEIyg0,,,,,24.5615,-81.7818,anonymous,EN,1,1,,,,,,,,,,,"1,4,8",To communicate with my friends,I use it to relax and keep on touch with friends,I actually don't recall such a time,They actually make my life more demanding and complicated,I stem movies music and reels. I also chat with friends which is entertaining ,Watch reels to disconnect,Technology changes and how you're impacted,I don't understand. Your surveys is to waste one's time to write a fictions letter?,Review labs evaluate critical patients,Assess patients do basic nursing care discuss with case management,Same as 8am,Same as 8am,Assees admit patient ecpliain to the er why this pt should not be here.  Discuss cases with others,Admotvpatients,Code a patient ,Stroke alert,Admit and discharge patients family discussion,Admit patients,Admit and discharge patients,Admit patient ,Admit patient ,Admit patient,Admit patient respi d to choose,Left for home,Answered questions about pt,Showrered and ate dinner,Slept,Slept,Slept,Doing this survey ,Back to work,Breakfast,2,6,7,Unfortunately i wouldn't prescribe more pain medication and refer to ortho again,5,2,5,3,1,5,2,5,1,1,1,1,1,1,3,5,5,5,5,1,2,3,1,3,3,1,1,100,0,16,Family medicine,Hospitalist ,7,,63,4,Md,2,,Dominican Republic ,50,2,,1,,,5,2,7,2,4,Control,6635f3f9-0909-2350-edb3-e2226db60ac0,2,1,4,2,2,2,5,6,3,42,5,5,3,3,5,3,3,3,3,5,3,5,Pt returns due to continued pain and 2 previous visits for the same.  Referred to ortho x 2 did not follow up.  Referred to ortho again
2024-05-04 02:55:05,2024-05-04 03:08:44,0,100,818,1,2024-05-04 03:08:44,R_3R4WZvcKA3ydvJH,,,,,41.6282,-72.3594,anonymous,EN,1,5,,"7,9,3",Good to understand ,Not sure,Not know where they are,Experience ,Advice,Good advice,Patients and resources ,Interested ,,,,,,,,,,Break fast,,Group,,,Lunch,Nap,,Activity ,,Dinner,,Movie,,,Bef,,,,,,,,,2,2,4,Hrelp,6,4,4,2,1,2,2,2,2,3,4,4,4,4,4,2,2,2,2,2,2,2,3,2,1,1,0,0,100,6,Patient care,Nurse,6,,84,3,Balconies ,1,7,,45,2,,1,,,7,4,5,2,3,Treatment,6635f755-9744-2f15-1736-80fce0d6e427,4,4,4,4,1,1,2,8,4,59,4,4,2,4,2,4,2,2,3,4,4,2,Pain frustrated mad
2024-05-04 02:55:05,2024-05-04 03:08:44,0,100,818,1,2024-05-04 03:08:44,R_3R4WZvcKA3ydvJH,,,,,41.6282,-72.3594,anonymous,EN,1,5,,"7,9,3",Good to understand ,Not sure,Not know where they are,Experience ,Advice,Good advice,Patients and resources ,Interested ,,,,,,,,,,Break fast,,Group,,,Lunch,Nap,,Activity ,,Dinner,,Movie,,,Bef,,,,,,,,,2,2,4,Hrelp,6,4,4,2,1,2,2,2,2,3,4,4,4,4,4,2,2,2,2,2,2,2,3,2,1,1,0,0,100,6,Patient care,Nurse,6,,84,3,Balconies ,1,7,,45,2,,1,,,7,4,5,2,3,Treatment,6635f755-9744-2f15-1736-80fce0d6e427,4,4,4,4,2,1,2,8,4,57,4,4,4,4,4,4,2,2,3,4,4,1,Frustrated in pain hooked 
2024-05-04 03:22:16,2024-05-04 04:25:50,0,100,3813,1,2024-05-04 04:25:51,R_5PsICJvz55lMtuI,,,,,47.3236,-122.3187,anonymous,EN,1,3,,"7,9,4","As for patients, we need to consider their capacity for emotional acceptance and tolerance for privacy-related matters, maximizing their sense of well-being during their hospital experience.",This is because it is possible to better hypothesize the possibility of hidden conditions or even hidden factors that the patient may be concealing that could jeopardize his or her safety,"For example, a patient may choose to pretend to ignore his illness because he judges it to be less important than his current situation due to financial or family reasons.","To a large extent, it helps me to communicate better for my patients and effectively persuade and communicate with some patients who are not willing to cooperate with the treatment, helping them to make the right choices as necessary",More effective in helping them get the right treatment,This is a good way to alleviate possible points of conflict between doctor and patient as well as the patient's willingness to be motivated for treatment,I've been reading some articles today about working operational answers for MRI equipment,"I've experienced quite a lot of issues between patients and healthcare providers. Sometimes, our attitudes and moods can be affected when patients don't understand or agree with certain treatment plans. It's very possible that during discussions, we may raise our voices, which can make patients fear our treatment procedures even more. Therefore, we must pay attention to the patients' true feelings and help them understand our intentions and caring attitude towards their illness. We definitely hope to treat every patient here and help them overcome their inner confusion, providing them with strong support and understanding.",,,,,,,,,,Check patient status and identity information,Ready to do ward rounds,Still in the inspection phase,Make general appointments to prepare for surgery,Assistance with surgery or a period of rest,Eat lunch,Helping patients with post-operative care,"Helping patients with outdoor activities, etc.",Organize case information,Generally continue to help the patient with daily activities,Maybe I can take a rest,"Prepares for shift change, assists patients with urgent care activities and checks patient status",,,,,,,,,,,,,4,5,8,Serious counseling and no further management of his condition if he refuses to cooperate with the doctor's treatment,2,4,2,1,1,4,4,4,4,3,3,3,4,3,3,3,3,4,4,3,3,3,3,2,3,0,0,50,50,6,Anesthetic care,CRNA,5,,60,4,Postgraduate degree,1,49,,37,2,,1,,,5,6,5,3,3,Treatment,6635fcc1-3792-a365-2cbd-e5378d5caa24,3,3,1,1,1,3,4,6,3,38,4,4,5,4,5,3,2,4,2,5,2,1,"Dave is possibly lying about the etiology of the situation and is uncooperative with treatment.
General pain relief as well as conservative treatment options are recommended
The patient's etiology will continue to be monitored."
2024-05-04 03:22:16,2024-05-04 04:25:50,0,100,3813,1,2024-05-04 04:25:51,R_5PsICJvz55lMtuI,,,,,47.3236,-122.3187,anonymous,EN,1,3,,"7,9,4","As for patients, we need to consider their capacity for emotional acceptance and tolerance for privacy-related matters, maximizing their sense of well-being during their hospital experience.",This is because it is possible to better hypothesize the possibility of hidden conditions or even hidden factors that the patient may be concealing that could jeopardize his or her safety,"For example, a patient may choose to pretend to ignore his illness because he judges it to be less important than his current situation due to financial or family reasons.","To a large extent, it helps me to communicate better for my patients and effectively persuade and communicate with some patients who are not willing to cooperate with the treatment, helping them to make the right choices as necessary",More effective in helping them get the right treatment,This is a good way to alleviate possible points of conflict between doctor and patient as well as the patient's willingness to be motivated for treatment,I've been reading some articles today about working operational answers for MRI equipment,"I've experienced quite a lot of issues between patients and healthcare providers. Sometimes, our attitudes and moods can be affected when patients don't understand or agree with certain treatment plans. It's very possible that during discussions, we may raise our voices, which can make patients fear our treatment procedures even more. Therefore, we must pay attention to the patients' true feelings and help them understand our intentions and caring attitude towards their illness. We definitely hope to treat every patient here and help them overcome their inner confusion, providing them with strong support and understanding.",,,,,,,,,,Check patient status and identity information,Ready to do ward rounds,Still in the inspection phase,Make general appointments to prepare for surgery,Assistance with surgery or a period of rest,Eat lunch,Helping patients with post-operative care,"Helping patients with outdoor activities, etc.",Organize case information,Generally continue to help the patient with daily activities,Maybe I can take a rest,"Prepares for shift change, assists patients with urgent care activities and checks patient status",,,,,,,,,,,,,4,5,8,Serious counseling and no further management of his condition if he refuses to cooperate with the doctor's treatment,2,4,2,1,1,4,4,4,4,3,3,3,4,3,3,3,3,4,4,3,3,3,3,2,3,0,0,50,50,6,Anesthetic care,CRNA,5,,60,4,Postgraduate degree,1,49,,37,2,,1,,,5,6,5,3,3,Treatment,6635fcc1-3792-a365-2cbd-e5378d5caa24,3,3,1,1,2,7,8,2,1,0,5,5,5,3,2,4,4,5,1,4,4,3,Counseling was recommended and the patient's level of cooperation was poor
2024-05-04 04:33:53,2024-05-04 04:44:33,0,100,640,1,2024-05-04 04:44:34,R_1EHaqCSWX93PfcS,,,,,25.6062,-80.3452,anonymous,EN,1,3,,,,,,,,,,,"1,2,4,5,6,7,8",Ios,The only way I can get a job is if I get get get paid and I get paid for ,The only way I can get a job is if you you you know how it feels when I tell you ,The only way I can get a job is if my parents have to work ,The only thing I can think of is that the first time I saw a guy ,The only thing I can think of is that the first time I saw a guy ,Biggest,The only way I could do that is if I had to go to the bank and pay my mortgage and I ,Good ,,,,,,,,,,,,,,,,,,,,,,,,5,5,7,The only thing I ,8,5,5,3,1,3,2,2,3,5,5,5,4,4,4,4,4,4,4,4,4,2,3,4,3,0,0,50,50,7,Manger,Manger,7,,,3,The only way I can get ,1,10,,33,1,,3,,,8,4,5,3,3,Control,66360ece-ed76-7ac8-ff0b-06b7cb3c0931,4,3,3,2,1,1,4,7,3.5,69,3,4,4,3,2,4,3,3,5,5,4,4,The only way I could do that is if I had to go back and look for it and see if it was a good deal 
2024-05-04 04:33:53,2024-05-04 04:44:33,0,100,640,1,2024-05-04 04:44:34,R_1EHaqCSWX93PfcS,,,,,25.6062,-80.3452,anonymous,EN,1,3,,,,,,,,,,,"1,2,4,5,6,7,8",Ios,The only way I can get a job is if I get get get paid and I get paid for ,The only way I can get a job is if you you you know how it feels when I tell you ,The only way I can get a job is if my parents have to work ,The only thing I can think of is that the first time I saw a guy ,The only thing I can think of is that the first time I saw a guy ,Biggest,The only way I could do that is if I had to go to the bank and pay my mortgage and I ,Good ,,,,,,,,,,,,,,,,,,,,,,,,5,5,7,The only thing I ,8,5,5,3,1,3,2,2,3,5,5,5,4,4,4,4,4,4,4,4,4,2,3,4,3,0,0,50,50,7,Manger,Manger,7,,,3,The only way I can get ,1,10,,33,1,,3,,,8,4,5,3,3,Control,66360ece-ed76-7ac8-ff0b-06b7cb3c0931,4,3,3,2,2,3,6,5,2.5,NA,4,5,5,4,5,4,5,4,3,4,4,5,The only way to get a 
2024-05-04 04:30:07,2024-05-04 05:14:49,0,100,2682,1,2024-05-04 05:14:50,R_554XRywaFcWtLyh,,,,,42.7287,-71.1834,anonymous,EN,1,3,,,,,,,,,,,"1,7",I use these 2 daily and multiple times to work with doctors. Most orders are on EMR so I must use them to implement the orders,I use technology the most for communication among my family and friends because it is intant.,We expenience a power outage and the use of my cellphone tomy adult children was a life saver. We had no phone that would work but the cellphone was are only way to reach them and make sure they were ok.,Technology helps to keep my family all one the same page. We can plan activities as a family much more quickly than using a home phone and hoping someone is home to answer. With texting everyone responds almost instantly.,I love getting ideas on my computer for new recipies and house decor. I can shop online and explore different stores for the best deals.,I use on-demand so I can watch shows on my time and not miss my favorite shows.,I read about technology today and it's impact on how we live.,"I cannot stress enough how new technology can enhance your life. Since Covid-19, people realize how much they missed seeing and being with their family and friends. That isolation was sometimes overwhelming. But with technology, people could face time and see and converse with friends and family near and far. It is fantastic.
Technology can be done at any time during the day or evening. Computers save you time by being accessable all day and night. You no longer have to wait for stores opening to purchase items. It is a time saver for sure. 
And lastly, entertainment is much easier with technology. It revolves around your time. You can program shows or movies for whenever you want. I sometimes work late shift which would make me not be able to view my favorite show. Putting it in my demand box and programming it to play when I am home allows me to watch my show. It is so good.
 I hope this encourages you to take advantage of all technology has to offer.

Your tech friend,

Mary",monitor my patients progress. ,con't to monitor and give medications as ordered.,give my doctors updates on their patients. I dialyze 2 patients at a time,continue to monitor.,start taking patients off the machines. Give reports to their primary nurse and send patients back to the floors.,Clean the machines and finish my notes.,Shut down the suite and return home.,no work,no work,no work,no work,no work,no work,no work,no work,no work,no work,no work,no work,no work,no work,Arrive at my place of work.,Start to turn on my machines and gather my supplies.,Put my patients on the dialysis machines,1,6,6,I would try to encourage him to try the medication recommended. ,5,1,6,2,1,5,5,5,5,5,5,5,4,5,5,1,1,1,1,1,1,1,1,1,1,1,1,50,50,42,Nephrology,Registerd Nurse,41,,94,2,Certified Nephrology RN,1,22,,69,2,,1,,,8,5,6,1,1,Control,66360d2d-63c9-b2ce-0c97-2362da35968a,2,1,2,1,1,6,7,3,1.5,75,4,5,5,1,5,4,1,1,4,5,5,5,"Encourage compliance with the medication recommended.
May need surgical intervention.
Follow up X-ray to see if it have has shifted the bone."
2024-05-04 04:30:07,2024-05-04 05:14:49,0,100,2682,1,2024-05-04 05:14:50,R_554XRywaFcWtLyh,,,,,42.7287,-71.1834,anonymous,EN,1,3,,,,,,,,,,,"1,7",I use these 2 daily and multiple times to work with doctors. Most orders are on EMR so I must use them to implement the orders,I use technology the most for communication among my family and friends because it is intant.,We expenience a power outage and the use of my cellphone tomy adult children was a life saver. We had no phone that would work but the cellphone was are only way to reach them and make sure they were ok.,Technology helps to keep my family all one the same page. We can plan activities as a family much more quickly than using a home phone and hoping someone is home to answer. With texting everyone responds almost instantly.,I love getting ideas on my computer for new recipies and house decor. I can shop online and explore different stores for the best deals.,I use on-demand so I can watch shows on my time and not miss my favorite shows.,I read about technology today and it's impact on how we live.,"I cannot stress enough how new technology can enhance your life. Since Covid-19, people realize how much they missed seeing and being with their family and friends. That isolation was sometimes overwhelming. But with technology, people could face time and see and converse with friends and family near and far. It is fantastic.
Technology can be done at any time during the day or evening. Computers save you time by being accessable all day and night. You no longer have to wait for stores opening to purchase items. It is a time saver for sure. 
And lastly, entertainment is much easier with technology. It revolves around your time. You can program shows or movies for whenever you want. I sometimes work late shift which would make me not be able to view my favorite show. Putting it in my demand box and programming it to play when I am home allows me to watch my show. It is so good.
 I hope this encourages you to take advantage of all technology has to offer.

Your tech friend,

Mary",monitor my patients progress. ,con't to monitor and give medications as ordered.,give my doctors updates on their patients. I dialyze 2 patients at a time,continue to monitor.,start taking patients off the machines. Give reports to their primary nurse and send patients back to the floors.,Clean the machines and finish my notes.,Shut down the suite and return home.,no work,no work,no work,no work,no work,no work,no work,no work,no work,no work,no work,no work,no work,no work,Arrive at my place of work.,Start to turn on my machines and gather my supplies.,Put my patients on the dialysis machines,1,6,6,I would try to encourage him to try the medication recommended. ,5,1,6,2,1,5,5,5,5,5,5,5,4,5,5,1,1,1,1,1,1,1,1,1,1,1,1,50,50,42,Nephrology,Registerd Nurse,41,,94,2,Certified Nephrology RN,1,22,,69,2,,1,,,8,5,6,1,1,Control,66360d2d-63c9-b2ce-0c97-2362da35968a,2,1,2,1,2,6,7,3,1.5,81,4,5,5,1,5,4,1,1,3,5,4,3,"No improvement in pain but non compliant with taking his medication. 
Possible physical therapy might help; will write a referral.
Will advise follow up X-ray."
2024-05-04 07:26:50,2024-05-04 07:44:44,0,100,1074,1,2024-05-04 07:44:45,R_50wsZLeHid4byAz,,,,,41.0272,-80.7518,anonymous,EN,1,3,,,,,,,,,,,"1,2,7,8",Doing research ,Do research for different things ,Skyped son in the marines ,Able to FaceTime with grandkids,Stream movie ,To stream music and movies ,Use of technology ,"Use of technology as made the world a lot smaller with ability to connect with people, share ideas ",Start shift ,Pass medication ,Go break,Do paper work ,Do medicine ,Go to lunch,Do paperwork ,Do paperwork ,Go home,,,,,,,,,,,,,,,,2,6,6,Get family involved ,3,4,1,2,1,4,1,1,1,3,3,2,4,3,3,2,2,1,3,3,3,3,2,2,3,0,0,50,50,31,Geriatrics ,Retired ,31,,100,3,,1,36,,,2,,1,,,,,2,3,3,Control,663636de-0bab-429c-7208-1f2d4e0df9fe,2,1,2,2,1,6,7,3,1.5,51,5,5,5,2,5,4,1,1,3,5,4,2,Dave is not complying to recommendations.  Refs more encouragement. Slightly higher pain relief 
2024-05-04 07:26:50,2024-05-04 07:44:44,0,100,1074,1,2024-05-04 07:44:45,R_50wsZLeHid4byAz,,,,,41.0272,-80.7518,anonymous,EN,1,3,,,,,,,,,,,"1,2,7,8",Doing research ,Do research for different things ,Skyped son in the marines ,Able to FaceTime with grandkids,Stream movie ,To stream music and movies ,Use of technology ,"Use of technology as made the world a lot smaller with ability to connect with people, share ideas ",Start shift ,Pass medication ,Go break,Do paper work ,Do medicine ,Go to lunch,Do paperwork ,Do paperwork ,Go home,,,,,,,,,,,,,,,,2,6,6,Get family involved ,3,4,1,2,1,4,1,1,1,3,3,2,4,3,3,2,2,1,3,3,3,3,2,2,3,0,0,50,50,31,Geriatrics ,Retired ,31,,100,3,,1,36,,,2,,1,,,,,2,3,3,Control,663636de-0bab-429c-7208-1f2d4e0df9fe,2,1,2,2,2,5,6,4,2,36,5,5,4,2,4,5,2,5,1,5,4,1,Nothing 
2024-05-04 08:44:35,2024-05-04 09:27:41,0,100,2585,1,2024-05-04 09:27:41,R_1DYLcMC0DrCmYZT,,,,,38.9741,-77.037,anonymous,EN,1,3,,,,,,,,,,,"1,5,7",I use music streaming apps to listen to music such as Pandora. It also helps me find new artists that are similar to the ones I like to listen to. I wanted to find a wider variety of musicians and introduce myself to new things. ,"I use my phone to set alarms to wake up to, to know when laundry is done, to text and email friends, family and coworkers, I use music streaming apps like Pandora to listen to music in my car or in my room. I use Alexa on my Amazon Echo to research things, make lists, listen to music or watch short videos. I use my laptop for shopping or connecting to social media.","When driving in a car and being connected to blue tooth, I can chat with my friends hands free or answer calls without it holding me up or affecting my driving. I used to not be able to talk when I was driving and now they have the type to text and Bluetooth so that you are able to. ",It’s made it easier to communicate with friends and family because with the press of one button my car and phone connect and I can answer a call. The goal was to be able to talk without distracting my driving and technology made that possible. ,"Some of the ways I use technology in my personal life for entertainment is using streaming apps for my Amazon fire where I can stream videos, movies, series and it works by connecting with my home’s WiFi. I also am able to use music streaming apps like Pandora and learn about new musicians and listen to different kinds of music on a daily basis. ","I use my fire tv or stream movies and tv, I use Amazin echo to speak to Alexa to ask questions, create lists, watch videos, or listen to music. I can stream music in my car from my phone with a Bluetooth device. ",I read about new ways that we have advanced in technology and how we can use that technology today as opposed to the past. ,"Technology is amazing and has come so far. Nowadays you can stream movies, tv shows using one simple device by being connected with WiFi. You can listen to all the music you want with different apps on your phone, even while driving your car. You can always be in touch with family, friends, coworkers through email or by sending a text when we only used to be able to write letters. Technology is innovative and always changing, we are always learning easier ways to do things and now they’ve even come out with new technology for assistance on websites or customer service without talking to an actual person. I can’t wait until you get to experience it. ",Woke up ,Got to work and logged in ,Kept logging patients in and admitting them,Performed some clerical duties such as administering vaccines and assessing wounds ,Continued to check patients in ,Assessed a head wound ,Had lunch ,Continued assisting patients ,More clerical duties ,Performed routine prep for physical ,Left the building and went home ,I was at home during this time ,Home,Home ,Home,Home,Home,Home,Home,Home,Home,Home,Home,Home,3,3,6,"I would make recommendations to take acetaminophen or even just use one patch a day, maybe call it in to a pharmacy so all he has to do is pick it up and won’t need to pay for it. After that, that’s really all you can do. ",4,4,3,2,1,4,2,2,2,3,3,3,2,3,3,2,3,2,2,1,1,1,1,1,1,0,0,50,50,4,Occupational medicine,Registered nurse ,2,,61,3,Associates of nursing ,1,39,,38,2,,1,,,6,4,3,3,3,Control,663648cc-8634-ffb8-3f22-de9e0a5d45b1,2,1,2,1,1,5,8,3,1.5,64,4,4,4,3,4,3,2,2,3,4,4,3,"Patient states that he has moderate ankle pain 
It is recommended that patient use a lidocaine patch and mild pain reliever for the pain. 
Patient states he has not had time to implement the treatment plan. 
We will persist in attending to the patient to follow treatment regimen. "
2024-05-04 08:44:35,2024-05-04 09:27:41,0,100,2585,1,2024-05-04 09:27:41,R_1DYLcMC0DrCmYZT,,,,,38.9741,-77.037,anonymous,EN,1,3,,,,,,,,,,,"1,5,7",I use music streaming apps to listen to music such as Pandora. It also helps me find new artists that are similar to the ones I like to listen to. I wanted to find a wider variety of musicians and introduce myself to new things. ,"I use my phone to set alarms to wake up to, to know when laundry is done, to text and email friends, family and coworkers, I use music streaming apps like Pandora to listen to music in my car or in my room. I use Alexa on my Amazon Echo to research things, make lists, listen to music or watch short videos. I use my laptop for shopping or connecting to social media.","When driving in a car and being connected to blue tooth, I can chat with my friends hands free or answer calls without it holding me up or affecting my driving. I used to not be able to talk when I was driving and now they have the type to text and Bluetooth so that you are able to. ",It’s made it easier to communicate with friends and family because with the press of one button my car and phone connect and I can answer a call. The goal was to be able to talk without distracting my driving and technology made that possible. ,"Some of the ways I use technology in my personal life for entertainment is using streaming apps for my Amazon fire where I can stream videos, movies, series and it works by connecting with my home’s WiFi. I also am able to use music streaming apps like Pandora and learn about new musicians and listen to different kinds of music on a daily basis. ","I use my fire tv or stream movies and tv, I use Amazin echo to speak to Alexa to ask questions, create lists, watch videos, or listen to music. I can stream music in my car from my phone with a Bluetooth device. ",I read about new ways that we have advanced in technology and how we can use that technology today as opposed to the past. ,"Technology is amazing and has come so far. Nowadays you can stream movies, tv shows using one simple device by being connected with WiFi. You can listen to all the music you want with different apps on your phone, even while driving your car. You can always be in touch with family, friends, coworkers through email or by sending a text when we only used to be able to write letters. Technology is innovative and always changing, we are always learning easier ways to do things and now they’ve even come out with new technology for assistance on websites or customer service without talking to an actual person. I can’t wait until you get to experience it. ",Woke up ,Got to work and logged in ,Kept logging patients in and admitting them,Performed some clerical duties such as administering vaccines and assessing wounds ,Continued to check patients in ,Assessed a head wound ,Had lunch ,Continued assisting patients ,More clerical duties ,Performed routine prep for physical ,Left the building and went home ,I was at home during this time ,Home,Home ,Home,Home,Home,Home,Home,Home,Home,Home,Home,Home,3,3,6,"I would make recommendations to take acetaminophen or even just use one patch a day, maybe call it in to a pharmacy so all he has to do is pick it up and won’t need to pay for it. After that, that’s really all you can do. ",4,4,3,2,1,4,2,2,2,3,3,3,2,3,3,2,3,2,2,1,1,1,1,1,1,0,0,50,50,4,Occupational medicine,Registered nurse ,2,,61,3,Associates of nursing ,1,39,,38,2,,1,,,6,4,3,3,3,Control,663648cc-8634-ffb8-3f22-de9e0a5d45b1,2,1,2,1,2,5,7,3,1.5,59,4,4,4,3,4,3,4,3,2,4,3,1,"Patient still hasn’t gone to get medication and lidocaine patches as recommended 
Patient states it slipped his mind
He is still staying that he has moderate pain but is unable to help himself to receive treatment 
We will persist in following up with patient to note progress "
2024-05-04 10:19:13,2024-05-04 11:06:16,0,100,2823,1,2024-05-04 11:06:17,R_7tncaKA52tt7t9W,,,,,28.9269,-81.9227,anonymous,EN,1,3,,,,,,,,,,,"1,6,7,8",I use these mostly for intertainment but some of them I use for communication ,"I use it to communicate with others, watch videos, learn about new things",When house phones where the only phones that we could use,I have and it’s to work out or communicate ,I use it to eat some of my favorite shows. I also use it to listen to music and learn about new things like drawling,"To watch tv, watch TikTok, listen to music",I read about technology ,"Technology is good for multiple things. Some of these things are communicating with people not matter how far they are from u. U can call somebody even if they are on the whole other side of the world. This is good for talking to family who are far away, partners of friend who might be far away, calling and communicating with friend or partners to meet up or just talk.",Getting ready for my shift,Driving to shift and starting the shift,Not to bad just have don’t really have to do too much,Still not to bad just checkin up on patients,More people start to come in ,Starts to get a lil busy with their being more people,Calms down a little bit,Gets busy,Stay busy,Says busy ,Starts to calm down,Still a lil busy but not too much,Shift ends,Shifts over ,Shifts over ,Shifts over,Shifts over,Shifts over,Shifts ovet,Shifts over,Shifts over,Shifts over,Shifts ovet,Shifts over ,5,5,4,There isint much I could do but I would change my recommendation to something he can do better,1,4,3,2,1,4,3,4,3,4,4,3,3,2,4,3,3,3,3,2,3,4,4,3,4,1,1,50,50,4,Surgery ,Registered nurse,4,,80,3,Associate ,1,10,,24,1,,3,,,5,4,7,4,3,Control,66365eea-d6eb-3d6b-c767-e0b68cde89df,2,2,2,2,1,5,6,4,2,NA,4,4,4,3,3,4,2,4,2,4,3,1,"Dave has not been following the recommendations, he has a moderate pain in his ancle and has been given to low operates"
2024-05-04 10:19:13,2024-05-04 11:06:16,0,100,2823,1,2024-05-04 11:06:17,R_7tncaKA52tt7t9W,,,,,28.9269,-81.9227,anonymous,EN,1,3,,,,,,,,,,,"1,6,7,8",I use these mostly for intertainment but some of them I use for communication ,"I use it to communicate with others, watch videos, learn about new things",When house phones where the only phones that we could use,I have and it’s to work out or communicate ,I use it to eat some of my favorite shows. I also use it to listen to music and learn about new things like drawling,"To watch tv, watch TikTok, listen to music",I read about technology ,"Technology is good for multiple things. Some of these things are communicating with people not matter how far they are from u. U can call somebody even if they are on the whole other side of the world. This is good for talking to family who are far away, partners of friend who might be far away, calling and communicating with friend or partners to meet up or just talk.",Getting ready for my shift,Driving to shift and starting the shift,Not to bad just have don’t really have to do too much,Still not to bad just checkin up on patients,More people start to come in ,Starts to get a lil busy with their being more people,Calms down a little bit,Gets busy,Stay busy,Says busy ,Starts to calm down,Still a lil busy but not too much,Shift ends,Shifts over ,Shifts over ,Shifts over,Shifts over,Shifts over,Shifts ovet,Shifts over,Shifts over,Shifts over,Shifts ovet,Shifts over ,5,5,4,There isint much I could do but I would change my recommendation to something he can do better,1,4,3,2,1,4,3,4,3,4,4,3,3,2,4,3,3,3,3,2,3,4,4,3,4,1,1,50,50,4,Surgery ,Registered nurse,4,,80,3,Associate ,1,10,,24,1,,3,,,5,4,7,4,3,Control,66365eea-d6eb-3d6b-c767-e0b68cde89df,2,2,2,2,2,5,6,4,2,43,4,4,4,4,2,5,4,4,1,3,2,2,Dave has not had any change in his pain
2024-05-04 11:33:09,2024-05-04 11:47:28,0,100,859,1,2024-05-04 11:47:29,R_3gFGheRVTJGAhpf,,,,,40.789,-73.7262,anonymous,EN,1,3,,,,,,,,,,,"1,7,8",i play games on my cell phone,i dont except for playing games,it didnt,no,i play games,i only play games,the increased use of technology in todays world,I am also very technounsavvy and much prefer old ways of communication,take  report,give assignments,huddle,make rounds,relieve workers,start lunches,continue lunches,finish lunches,readjust assignments,serve meals,finish adminssions,distribute meds,sign out,,,,,,,,,,,,5,4,4,reitterate the importance of compliance,5,3,4,2,1,1,1,1,1,4,4,4,4,4,4,2,3,3,3,2,2,2,2,2,2,0,0,0,100,42,ob/gyn,RN,42,,96,3,bachelors degree,1,33,,71,2,,1,,,7,4,7,1,2,Control,6636710b-d536-a866-ecfd-6aaa2ab3d14a,2,1,4,4,1,5,7,3,1.5,82,4,5,5,1,4,4,2,2,2,4,3,3,Dave has been noncompliant and has been reinstructed on the importance of following the treatment plan
2024-05-04 11:33:09,2024-05-04 11:47:28,0,100,859,1,2024-05-04 11:47:29,R_3gFGheRVTJGAhpf,,,,,40.789,-73.7262,anonymous,EN,1,3,,,,,,,,,,,"1,7,8",i play games on my cell phone,i dont except for playing games,it didnt,no,i play games,i only play games,the increased use of technology in todays world,I am also very technounsavvy and much prefer old ways of communication,take  report,give assignments,huddle,make rounds,relieve workers,start lunches,continue lunches,finish lunches,readjust assignments,serve meals,finish adminssions,distribute meds,sign out,,,,,,,,,,,,5,4,4,reitterate the importance of compliance,5,3,4,2,1,1,1,1,1,4,4,4,4,4,4,2,3,3,3,2,2,2,2,2,2,0,0,0,100,42,ob/gyn,RN,42,,96,3,bachelors degree,1,33,,71,2,,1,,,7,4,7,1,2,Control,6636710b-d536-a866-ecfd-6aaa2ab3d14a,2,1,4,4,2,1,2,8,4,87,5,5,5,1,4,5,4,4,1,4,2,1,"Once again, pt is non compliant. Went over treatment plan again"
2024-05-04 07:11:02,2024-05-04 12:56:34,0,100,20731,1,2024-05-04 12:56:34,R_3UYp8m8plYfU2oW,,,,,33.3504,-111.782,anonymous,EN,1,3,,"2,3,5",each builds trust with the patient allowing them to be open and honest so that I can get the most important information to use my expertise to craft their care and communicate with other healthcare professionals on their behalf,Ultimately change in behavior requires a root cause analysis of the underlying beliefs and values that motivate the patient.  Finding these beliefs and values can drive the care plan to modify those beliefs to improve overall health and well being,"Some patients are looking for the ""silver bullet"" and honestly do not want to change. They want what is wrong fixed and are angry at the prospect that they may be responbile for their current health issues. They do not have an open aspect and its understandable that there is so much disinformation that it is no wonder that the internet becomes the source of truth.  Additionally, patients may intuitively know that there is something wrong and while a part of them wants the answer another part is afraid to know finding out that they are in serious and maybe deadly situations.","It gives me a place to start on my care, education, and health promotion activities","The patient will trust and feel confident in the care, education and advice given.  The patient is more likely to choose to act if communication is based on their values, beliefs and within their economic and social (including religion) sphere.","Doctors most often have just one thing in mind--say as little as possible and hit the road leaving the nurse to explain to the patient what they just said or why they won't come see the patient--this is not just the older doctors but the newer ones that seem over extended and aggrevated when nurses pass on information or need orders for their patients.  Its like they are angry and frustrated that they have the job they do and will do whatever they can to finish their shift.  Sad & it puts the nurse in the middle where the goals of all should be to improve the patient care but without the doctor's cooperation the nurses are left to fend for themselves with patients and families that then become frustrated, angry and its a perfect set up for lawsuits. ","How health care providers can work to ensure patient care, trust and improve care","Nursing is hard work everyday. Nursing is seeing people at their worst and most vulnerable and many of them are so frightened that they will not treat you well.  Many will lash out at out due to their fear, you will initially take this response personally because all you want to do is help.  They are rejecting you and will want to reject them.  But you will find that just as you might comfort a small child, so you will reach out to comfort your patients.  Many times this means just sitting quietly next to them, letting them know that you are there; available.  In your busy work the number of patients that you are assigned will feel overwhelming and it is.  There will not be time to do the kind of job you want to and you will be pulled away from those that need you because there are others that need you too. You will struggle with wanting to do the job you were educated to do and not being able to do it.  The most rewarding parts of nursing are often the same parts that you will not have time to do.  Your job will be filled with required tasks.  As you learn the workflow you will come to find a way to begin to meet these needs but not everyday and not for every patient.  You may want to quit.  But if you do, there will be many less nurses to care for the patients and less time that they will have to meet patients needs.  Do the best you can.  You are a success everyday that you come to work. You are doing the best that you can and will continue to work to improve your skills and help as many patients as you can.  You can reach out to others on the unit and there are also employee assistance persons that can help you to manage the personal stress of the work environment.  Best wishes.",,,,,,,,,,report,round on patients,follow up on immediate issues patients shared,Plan day and complete tasks based on each hour,Round with doctors,Plan patients lunch ,set patients up for rest,Follow up on any tasks both completed and not completed; check for any new orders & ensure that hourly charting up to this point is complete.,Repeat from 8 to 7 pm -- hourly tasks,Repeat from 8 to 7 pm -- hourly tasks,Repeat from 8 to 7 pm -- hourly tasks,Repeat from 8 to 7 pm -- hourly tasks,Repeat from 8 to 7 pm -- hourly tasks,Go home,,,,,,,,,,,4,5,4,review pain based on activities; if he is not following through then likely the pain is intermittent or has reduced.  I would suggest asking Dave how he wants to proceed and then determine how to move forward. ,7,5,4,2,1,3,1,1,1,2,4,3,3,3,4,2,3,3,4,3,4,4,2,3,4,0,0,0,100,41,critical care,director,9,,72,4,EdD & DNP,1,38,,56,2,,7,,Euro American,8,5,7,1,2,Treatment,6636299b-69d3-6e5c-ae6f-9d9a95875adc,1,1,2,2,1,7,8,2,1,62,2,1,4,2,5,1,1,1,5,5,5,3,Unresolved pain with conservative treatment. Advanced pain medication. Suggest if unresolved continue imaging.
2024-05-04 07:11:02,2024-05-04 12:56:34,0,100,20731,1,2024-05-04 12:56:34,R_3UYp8m8plYfU2oW,,,,,33.3504,-111.782,anonymous,EN,1,3,,"2,3,5",each builds trust with the patient allowing them to be open and honest so that I can get the most important information to use my expertise to craft their care and communicate with other healthcare professionals on their behalf,Ultimately change in behavior requires a root cause analysis of the underlying beliefs and values that motivate the patient.  Finding these beliefs and values can drive the care plan to modify those beliefs to improve overall health and well being,"Some patients are looking for the ""silver bullet"" and honestly do not want to change. They want what is wrong fixed and are angry at the prospect that they may be responbile for their current health issues. They do not have an open aspect and its understandable that there is so much disinformation that it is no wonder that the internet becomes the source of truth.  Additionally, patients may intuitively know that there is something wrong and while a part of them wants the answer another part is afraid to know finding out that they are in serious and maybe deadly situations.","It gives me a place to start on my care, education, and health promotion activities","The patient will trust and feel confident in the care, education and advice given.  The patient is more likely to choose to act if communication is based on their values, beliefs and within their economic and social (including religion) sphere.","Doctors most often have just one thing in mind--say as little as possible and hit the road leaving the nurse to explain to the patient what they just said or why they won't come see the patient--this is not just the older doctors but the newer ones that seem over extended and aggrevated when nurses pass on information or need orders for their patients.  Its like they are angry and frustrated that they have the job they do and will do whatever they can to finish their shift.  Sad & it puts the nurse in the middle where the goals of all should be to improve the patient care but without the doctor's cooperation the nurses are left to fend for themselves with patients and families that then become frustrated, angry and its a perfect set up for lawsuits. ","How health care providers can work to ensure patient care, trust and improve care","Nursing is hard work everyday. Nursing is seeing people at their worst and most vulnerable and many of them are so frightened that they will not treat you well.  Many will lash out at out due to their fear, you will initially take this response personally because all you want to do is help.  They are rejecting you and will want to reject them.  But you will find that just as you might comfort a small child, so you will reach out to comfort your patients.  Many times this means just sitting quietly next to them, letting them know that you are there; available.  In your busy work the number of patients that you are assigned will feel overwhelming and it is.  There will not be time to do the kind of job you want to and you will be pulled away from those that need you because there are others that need you too. You will struggle with wanting to do the job you were educated to do and not being able to do it.  The most rewarding parts of nursing are often the same parts that you will not have time to do.  Your job will be filled with required tasks.  As you learn the workflow you will come to find a way to begin to meet these needs but not everyday and not for every patient.  You may want to quit.  But if you do, there will be many less nurses to care for the patients and less time that they will have to meet patients needs.  Do the best you can.  You are a success everyday that you come to work. You are doing the best that you can and will continue to work to improve your skills and help as many patients as you can.  You can reach out to others on the unit and there are also employee assistance persons that can help you to manage the personal stress of the work environment.  Best wishes.",,,,,,,,,,report,round on patients,follow up on immediate issues patients shared,Plan day and complete tasks based on each hour,Round with doctors,Plan patients lunch ,set patients up for rest,Follow up on any tasks both completed and not completed; check for any new orders & ensure that hourly charting up to this point is complete.,Repeat from 8 to 7 pm -- hourly tasks,Repeat from 8 to 7 pm -- hourly tasks,Repeat from 8 to 7 pm -- hourly tasks,Repeat from 8 to 7 pm -- hourly tasks,Repeat from 8 to 7 pm -- hourly tasks,Go home,,,,,,,,,,,4,5,4,review pain based on activities; if he is not following through then likely the pain is intermittent or has reduced.  I would suggest asking Dave how he wants to proceed and then determine how to move forward. ,7,5,4,2,1,3,1,1,1,2,4,3,3,3,4,2,3,3,4,3,4,4,2,3,4,0,0,0,100,41,critical care,director,9,,72,4,EdD & DNP,1,38,,56,2,,7,,Euro American,8,5,7,1,2,Treatment,6636299b-69d3-6e5c-ae6f-9d9a95875adc,1,1,2,2,2,5,6,4,2,30,2,2,4,2,4,2,1,1,4,4,4,4,Patient has not followed through with the plan and in discussions the patient has decided to continue with the present treatment until current prescriptions are completed and will go for imaging if this problem continues. No refills for the opioids; the patient is aware. 
2024-05-04 12:44:21,2024-05-04 13:14:36,0,100,1814,1,2024-05-04 13:14:37,R_1iJeYIvBbbhz0j7,,,,,28.5531,-81.7597,anonymous,EN,1,4,,"3,6",I limit antibiotic use to lessen the impact of resistance in society ,Different beliefs and/or knowledge can contribute to why a patient has chosen to seek care prematurely or delayed,They may hesitate due to a previous experience where a provider did not offer an help or advice and they believe that is always how they will be helped ,You understand what their needs are and why the patient makes certain choices or behaviors ,They have belief and trust in the provider because you “know” them,They trust that you understand them and will abide by your treatment plans ,The relationship between patients and healthcare providers ,"The number one thing to do is listen, empathize, and acknowledge what you hear from the patient. You will have some difficulty with certain patients due to mental health or personality. In this group of patients, do not take it personal. Shrug it off and keep on going with the next patient because you are needed. You really do make a difference! Keep your head up and carry on. ",,,,,,,,,,Starting by logging into computer ,Call patients with results,See patients ,See patients then take a 15 minute break,See patients ,Lunch break ,See patients ,See patients ,Finish notes and call patients with results ,Log off computer ,Travel home,Eat dinner ,Go to sleep ,Sleep ,Sleep ,Sleep ,Sleep ,Sleep ,Sleep ,Sleep ,Sleep ,Wake up and exercise ,Get ready for work ,Commute to work ,5,5,7,Release him from care since it’s been 6 weeks,6,3,2,4,1,1,1,1,1,2,2,2,2,2,2,3,3,3,3,2,2,2,2,2,2,0,0,80,20,19,Urgent care ,Physician Assistant ,15,,31,4,Master ,1,10,,45,2,,1,,,7,4,7,2,2,Treatment,66368137-071a-cc93-d16c-5e9d62e3486d,2,1,2,1,1,6,7,3,1.5,55,5,5,5,3,4,4,2,3,2,4,3,1,Noncompliance with treatment plan. Reiterated importance of compliance. Recheck in 2 weeks.
2024-05-04 12:44:21,2024-05-04 13:14:36,0,100,1814,1,2024-05-04 13:14:37,R_1iJeYIvBbbhz0j7,,,,,28.5531,-81.7597,anonymous,EN,1,4,,"3,6",I limit antibiotic use to lessen the impact of resistance in society ,Different beliefs and/or knowledge can contribute to why a patient has chosen to seek care prematurely or delayed,They may hesitate due to a previous experience where a provider did not offer an help or advice and they believe that is always how they will be helped ,You understand what their needs are and why the patient makes certain choices or behaviors ,They have belief and trust in the provider because you “know” them,They trust that you understand them and will abide by your treatment plans ,The relationship between patients and healthcare providers ,"The number one thing to do is listen, empathize, and acknowledge what you hear from the patient. You will have some difficulty with certain patients due to mental health or personality. In this group of patients, do not take it personal. Shrug it off and keep on going with the next patient because you are needed. You really do make a difference! Keep your head up and carry on. ",,,,,,,,,,Starting by logging into computer ,Call patients with results,See patients ,See patients then take a 15 minute break,See patients ,Lunch break ,See patients ,See patients ,Finish notes and call patients with results ,Log off computer ,Travel home,Eat dinner ,Go to sleep ,Sleep ,Sleep ,Sleep ,Sleep ,Sleep ,Sleep ,Sleep ,Sleep ,Wake up and exercise ,Get ready for work ,Commute to work ,5,5,7,Release him from care since it’s been 6 weeks,6,3,2,4,1,1,1,1,1,2,2,2,2,2,2,3,3,3,3,2,2,2,2,2,2,0,0,80,20,19,Urgent care ,Physician Assistant ,15,,31,4,Master ,1,10,,45,2,,1,,,7,4,7,2,2,Treatment,66368137-071a-cc93-d16c-5e9d62e3486d,2,1,2,1,2,6,7,3,1.5,44,5,5,5,3,4,5,5,5,1,3,3,1,Noncompliance with treatment. Ankle should be healed. He is advised to follow up as needed 
2024-05-04 14:54:13,2024-05-04 15:14:56,0,100,1243,1,2024-05-04 15:14:57,R_3fYJQMAYJNsiwSW,,,,,30.0843,-81.8629,anonymous,EN,1,3,,,,,,,,,,,8,I use them to find jobs,I use my technology for research and to call and talk to my freinds ,When covid was super bad we had technology to help us communicate with everyone important ,I don’t use it to improve no I’m anti social as is,"I use it to play games, watch videos and video chat with my friends ",I use it to play a lot of games,I read about Technology ,Technology shows that you can communicate with people near and far. You can talk to locals around you even your friends or even people from out of state,N/a,N/a,N/a,N/a,N/a,N/a,N/a,N/a,N/a,N/aa,N/a,N/a,N/a,N/a,N/a,N/a,N/a ,N/a,N/a,N/a,N/a,N/a,N/a,N/a,6,6,5,,7,1,1,2,1,1,1,1,1,4,4,4,4,4,4,1,1,1,1,1,1,1,1,1,1,0,0,50,50,3,CNA,CNA,3,,47,2,,1,10,,22,2,,1,,,10,7,1,2,2,Control,66369fdf-d0a5-d491-dd12-788f3d4f51ad,2,2,3,3,1,5,6,4,2,63,5,5,5,1,3,4,1,4,1,5,,5,
2024-05-04 14:54:13,2024-05-04 15:14:56,0,100,1243,1,2024-05-04 15:14:57,R_3fYJQMAYJNsiwSW,,,,,30.0843,-81.8629,anonymous,EN,1,3,,,,,,,,,,,8,I use them to find jobs,I use my technology for research and to call and talk to my freinds ,When covid was super bad we had technology to help us communicate with everyone important ,I don’t use it to improve no I’m anti social as is,"I use it to play games, watch videos and video chat with my friends ",I use it to play a lot of games,I read about Technology ,Technology shows that you can communicate with people near and far. You can talk to locals around you even your friends or even people from out of state,N/a,N/a,N/a,N/a,N/a,N/a,N/a,N/a,N/a,N/aa,N/a,N/a,N/a,N/a,N/a,N/a,N/a ,N/a,N/a,N/a,N/a,N/a,N/a,N/a,6,6,5,,7,1,1,2,1,1,1,1,1,4,4,4,4,4,4,1,1,1,1,1,1,1,1,1,1,0,0,50,50,3,CNA,CNA,3,,47,2,,1,10,,22,2,,1,,,10,7,1,2,2,Control,66369fdf-d0a5-d491-dd12-788f3d4f51ad,2,2,3,3,2,3,4,6,3,50,5,4,5,1,5,1,1,1,5,5,5,5,
2024-05-04 15:34:21,2024-05-04 15:52:10,0,100,1069,1,2024-05-04 15:52:11,R_20MGWJqVrYjkeFA,,,,,38.2406,-85.8156,anonymous,EN,1,3,,"4,5",Just tonknownmy pastiont and there needs,Just to make.them.feel like they ate my main conser ,Just to make them.feel.like they are safe ,Nit really to sure ,To know that they have someone who has there well.being  in mind,Cause that pushes them to.qanna do different ,Medical  condition with docters,Just that helping others or making them.feel.lkke that matter is.what os.most important to me ,,,,,,,,,,Breakfast ,Meds,Vitals,Na,Lunch ,Na,Meds,Na,Na,Vitals,Na,Dimmer,Go home,Na,Na,Na,Na, A,,,,,,,3,5,6,Treatment  ,4,2,1,2,1,5,4,4,3,5,5,5,5,5,4,2,2,2,1,2,1,1,2,2,1,1,1,25,75,5,Baby nurse ,A pediatric nurse,3,,81,3,A bachelor's degree,1,18,,37,2,,1,,,8,4,4,2,2,Treatment,6636a99f-abab-e4bc-5be0-6af29209825a,2,2,1,1,1,5,6,4,2,59,4,5,1,1,3,2,3,2,1,4,3,5,No.more.paim mess
2024-05-04 15:34:21,2024-05-04 15:52:10,0,100,1069,1,2024-05-04 15:52:11,R_20MGWJqVrYjkeFA,,,,,38.2406,-85.8156,anonymous,EN,1,3,,"4,5",Just tonknownmy pastiont and there needs,Just to make.them.feel like they ate my main conser ,Just to make them.feel.like they are safe ,Nit really to sure ,To know that they have someone who has there well.being  in mind,Cause that pushes them to.qanna do different ,Medical  condition with docters,Just that helping others or making them.feel.lkke that matter is.what os.most important to me ,,,,,,,,,,Breakfast ,Meds,Vitals,Na,Lunch ,Na,Meds,Na,Na,Vitals,Na,Dimmer,Go home,Na,Na,Na,Na, A,,,,,,,3,5,6,Treatment  ,4,2,1,2,1,5,4,4,3,5,5,5,5,5,4,2,2,2,1,2,1,1,2,2,1,1,1,25,75,5,Baby nurse ,A pediatric nurse,3,,81,3,A bachelor's degree,1,18,,37,2,,1,,,8,4,4,2,2,Treatment,6636a99f-abab-e4bc-5be0-6af29209825a,2,2,1,1,2,7,8,2,1,24,2,4,3,2,3,3,3,2,2,4,3,3,Not.flowing orders 
2024-05-04 15:37:23,2024-05-04 16:13:54,0,100,2190,1,2024-05-04 16:13:54,R_1nVnhLSmygIY4oN,,,,,36.039,-78.878,anonymous,EN,1,3,,"9,3,5",Empathy is the most important. Being able to relate to a patient and their families helps get the job done more efficiently ,Being able to understand the patient helps treatment. Especially to build a relationship with the patient and future patients. Having that understanding is crucial in care,Not having insurance and not being financially stable are the main reasons for patients to hesitate ,Being able to provide consistent care to the patient and future patients.,Being able to help the patient through recovery is great. Understanding he patient can help make recovery effective and easier.,It makes treatment easier and more effective. It also gives that patient crucial support they need.,I read about how important patient understanding is.,"Patient care is vital in providing amazing care. Understanding the patient, being sensitive to their emotions and having an equal understanding of their knowledge of what is going on is crucial. ",,,,,,,,,,Start of shift ,Patient appointment ,Patient appointment ,Patient appointment ,Patient appointment ,Patient appointment ,Lunch,Lab,Lab,Off work,,,,,,,,,,,,,,,3,2,5,Stop treating Dave due to non compliance ,5,3,4,3,1,5,4,5,4,3,5,5,5,5,5,1,1,1,1,1,1,1,1,1,1,0,0,50,50,6,Registered Nurse ,Registered Nurse ,6,,73,3,Bachelor ,1,34,,26,1,,3,,,8,4,7,3,3,Treatment,6636a9ba-9032-0f53-ff1b-058cc4b735f1,2,1,2,2,1,6,7,3,1.5,38,4,5,5,3,4,4,1,3,2,4,3,2,"Foot is in pain
Doesn’t take care seriously 
If he doesn’t do recommendations move on."
2024-05-04 15:37:23,2024-05-04 16:13:54,0,100,2190,1,2024-05-04 16:13:54,R_1nVnhLSmygIY4oN,,,,,36.039,-78.878,anonymous,EN,1,3,,"9,3,5",Empathy is the most important. Being able to relate to a patient and their families helps get the job done more efficiently ,Being able to understand the patient helps treatment. Especially to build a relationship with the patient and future patients. Having that understanding is crucial in care,Not having insurance and not being financially stable are the main reasons for patients to hesitate ,Being able to provide consistent care to the patient and future patients.,Being able to help the patient through recovery is great. Understanding he patient can help make recovery effective and easier.,It makes treatment easier and more effective. It also gives that patient crucial support they need.,I read about how important patient understanding is.,"Patient care is vital in providing amazing care. Understanding the patient, being sensitive to their emotions and having an equal understanding of their knowledge of what is going on is crucial. ",,,,,,,,,,Start of shift ,Patient appointment ,Patient appointment ,Patient appointment ,Patient appointment ,Patient appointment ,Lunch,Lab,Lab,Off work,,,,,,,,,,,,,,,3,2,5,Stop treating Dave due to non compliance ,5,3,4,3,1,5,4,5,4,3,5,5,5,5,5,1,1,1,1,1,1,1,1,1,1,0,0,50,50,6,Registered Nurse ,Registered Nurse ,6,,73,3,Bachelor ,1,34,,26,1,,3,,,8,4,7,3,3,Treatment,6636a9ba-9032-0f53-ff1b-058cc4b735f1,2,1,2,2,2,5,6,4,2,100,5,5,5,2,1,5,5,5,1,1,3,5,Stop treating Dave due to non compliance. 
2024-05-04 15:20:07,2024-05-04 16:45:22,0,100,5114,1,2024-05-04 16:45:22,R_1lueS5Vkgt9JcAP,,,,,36.0115,-115.0438,anonymous,EN,1,3,,,,,,,,,,,"1,7",I use technology for school and looking up things,"Emailing, looking for jobs and schools, researching for school papers","During school in October 2022 up until now, I use technology to communicate with staff more easily","I have used these devices to improve communication in my everyday life by being able to communicate LIVE, through emails, WhatsApp, Skype, and Messenger. You can communicate with people easily. My goal is to be able to see people in person online. Technology helped me by see people and family LIVE",I stream and use my phone and laptop to watch movies and listen to music.,"Connecting phone to car to listen to LIVE stream music pm YouTube, Pandora, Iheart, etc",I read text that came on my phone.,"Research shows technology can be used to communicate with others who are near and far. During the time we live in now, technology has its benefits due to for example some loved ones can't travel far to see loved ones in person. But, with technology we can communicate with them on facetime, skype, WhatsApp, messenger through video. This is so great for those who aren't able to see their loved ones in person. As well as it is beneficial to those going on interviews that can be conducted LIVE now instead of in person. ",NA,NA,NA,'-Start of shift-Care calls checking on post-surgical patients,"Preop patients for surgery-Assess, vital signs, IVs","Preop patients for surgery-Assess, vital signs, IVs","Preop patients for surgery-Assess, vital signs, IVs","Preop patients for surgery-Assess, vital signs, IVs","Preop patients for surgery-Assess, vital signs, IVs","Preop patients for surgery-Assess, vital signs, IVs",End of shift-Care calls checking on post-surgical patients,NA,NA,NA,NA,NA,NA,NA,NA,NA,NA,NA,NA,NA,1,3,5,recommending him to pain management,2,5,1,1,1,5,4,5,4,3,2,3,3,4,4,2,4,2,4,1,1,1,1,1,1,1,1,50,50,17,med surg,Staff  Preop Registered Nurse,9,,80,3,Associates,1,29,,50,2,,3,,,6,5,4,1,2,Control,6636a4e8-95f5-be3d-2424-0beb6ccbdb9b,3,2,3,2,1,4,5,5,2.5,30,1,5,3,5,5,3,3,3,3,5,3,5,"Patient was prescribed pain meds Hydrocodone and Fentanyl
Patient stated, pain hasn't gone away.
Patient to follow up with doctor to see how patients pain is improving"
2024-05-04 15:20:07,2024-05-04 16:45:22,0,100,5114,1,2024-05-04 16:45:22,R_1lueS5Vkgt9JcAP,,,,,36.0115,-115.0438,anonymous,EN,1,3,,,,,,,,,,,"1,7",I use technology for school and looking up things,"Emailing, looking for jobs and schools, researching for school papers","During school in October 2022 up until now, I use technology to communicate with staff more easily","I have used these devices to improve communication in my everyday life by being able to communicate LIVE, through emails, WhatsApp, Skype, and Messenger. You can communicate with people easily. My goal is to be able to see people in person online. Technology helped me by see people and family LIVE",I stream and use my phone and laptop to watch movies and listen to music.,"Connecting phone to car to listen to LIVE stream music pm YouTube, Pandora, Iheart, etc",I read text that came on my phone.,"Research shows technology can be used to communicate with others who are near and far. During the time we live in now, technology has its benefits due to for example some loved ones can't travel far to see loved ones in person. But, with technology we can communicate with them on facetime, skype, WhatsApp, messenger through video. This is so great for those who aren't able to see their loved ones in person. As well as it is beneficial to those going on interviews that can be conducted LIVE now instead of in person. ",NA,NA,NA,'-Start of shift-Care calls checking on post-surgical patients,"Preop patients for surgery-Assess, vital signs, IVs","Preop patients for surgery-Assess, vital signs, IVs","Preop patients for surgery-Assess, vital signs, IVs","Preop patients for surgery-Assess, vital signs, IVs","Preop patients for surgery-Assess, vital signs, IVs","Preop patients for surgery-Assess, vital signs, IVs",End of shift-Care calls checking on post-surgical patients,NA,NA,NA,NA,NA,NA,NA,NA,NA,NA,NA,NA,NA,1,3,5,recommending him to pain management,2,5,1,1,1,5,4,5,4,3,2,3,3,4,4,2,4,2,4,1,1,1,1,1,1,1,1,50,50,17,med surg,Staff  Preop Registered Nurse,9,,80,3,Associates,1,29,,50,2,,3,,,6,5,4,1,2,Control,6636a4e8-95f5-be3d-2424-0beb6ccbdb9b,3,2,3,2,2,4,5,5,2.5,55,1,5,3,5,5,3,1,3,1,5,3,4,"Patients pain hasn't improved
Patient noncompliant with pain meds
Patient recommended to see a pain management doctor
"
2024-05-04 15:58:07,2024-05-04 16:53:34,0,100,3326,1,2024-05-04 16:53:35,R_2ITa9jhIowUSK5m,,,,,39.9508,-82.9329,anonymous,EN,1,3,,,,,,,,,,,"1,7,8","I use email daily for communication, and Yahoo/Google to get information or buy products.","For communication, education, connection, and buying.",I use my iphone and computer to connect with others for various reasons.,Both of these devices are fast and easy to use.  I needed to order a specific item and communication helped me find it.,I enjoy using my laptop to get Amazon Prime and watch the movies available.  I also like Youtube for videos.,I use my laptop to view various types of entertainment,Technology and entertainment,Technology can help you reach many locations and people. You can use it to attain knowledge about many subjects without much effort.  This is a rapidly growing tool to assist you in daily life.,Arrived at clinical site,"Met with the other instructor, took attendance",Explained to the students what they would be doing-care plans,"Answered student questions, checked work","Answered student questions, checked work",Lunch,"Answered student questions, checked work","Answered student questions, checked work","Prepared to leave for the day, Discussed day's activity with students.",N/A,N/A,N/A,N/A,,,,,,,,,,,,2,2,6,Discuss his failure to do what would help his condition.  Stress why doing the actions will greatly benefit him. Answer his questions and see how to assist him further.,7,2,4,2,1,5,5,5,5,4,4,4,3,4,4,2,2,1,2,1,1,1,1,1,1,1,1,50,50,41,Home Health Care and Skilled/Long term care,Clinical Instructor,2,,86,4,MS,1,36,,53,2,,1,,,8,4,3,3,1,Control,6636ae12-cde8-3203-9b6a-7ec06f4c8eb2,2,1,2,2,1,6,8,3,1.5,86,4,5,4,3,5,4,3,3,3,5,3,5,Dave is not following suggestions given for his care.  Dave is not asking questions about what he should do to improve his situation. Dave needs continued monitoring and instruction.
2024-05-04 15:58:07,2024-05-04 16:53:34,0,100,3326,1,2024-05-04 16:53:35,R_2ITa9jhIowUSK5m,,,,,39.9508,-82.9329,anonymous,EN,1,3,,,,,,,,,,,"1,7,8","I use email daily for communication, and Yahoo/Google to get information or buy products.","For communication, education, connection, and buying.",I use my iphone and computer to connect with others for various reasons.,Both of these devices are fast and easy to use.  I needed to order a specific item and communication helped me find it.,I enjoy using my laptop to get Amazon Prime and watch the movies available.  I also like Youtube for videos.,I use my laptop to view various types of entertainment,Technology and entertainment,Technology can help you reach many locations and people. You can use it to attain knowledge about many subjects without much effort.  This is a rapidly growing tool to assist you in daily life.,Arrived at clinical site,"Met with the other instructor, took attendance",Explained to the students what they would be doing-care plans,"Answered student questions, checked work","Answered student questions, checked work",Lunch,"Answered student questions, checked work","Answered student questions, checked work","Prepared to leave for the day, Discussed day's activity with students.",N/A,N/A,N/A,N/A,,,,,,,,,,,,2,2,6,Discuss his failure to do what would help his condition.  Stress why doing the actions will greatly benefit him. Answer his questions and see how to assist him further.,7,2,4,2,1,5,5,5,5,4,4,4,3,4,4,2,2,1,2,1,1,1,1,1,1,1,1,50,50,41,Home Health Care and Skilled/Long term care,Clinical Instructor,2,,86,4,MS,1,36,,53,2,,1,,,8,4,3,3,1,Control,6636ae12-cde8-3203-9b6a-7ec06f4c8eb2,2,1,2,2,2,5,6,4,2,84,5,5,4,3,5,4,3,3,2,4,3,5,Dave is not following the suggested treatment and does not seem interested in doing it. Reviewed treatment and explained why each would help him.  Discussed how staff will assist him and wish to see him improve.
2024-05-04 17:16:24,2024-05-04 17:38:27,0,100,1322,1,2024-05-04 17:38:28,R_7QVZNJMCxV8Ip3z,,,,,40.9476,-73.8624,anonymous,EN,1,3,,,,,,,,,,,"1,4,5,6,8",I use any laptop to get my work done.,"I use technology to communicate with family, friends, work, and researching.","During Covid 19, I discovered this app called houseparty. Originally I saw my family use it to communicate with one another and that’s when I downloaded it myself. Ever since then, I made four friends that’s I’m still close with till this day.","Since I felt so isolated, I thought of ways that can help and think on a brighter side. Which is why I downloaded apps, for example, houseparty. Which you can communicate with all kinds of people around the world.",Finances and social media,"Watching tv, I have a fire stick. So I’m able to watch tv shows and movies, which is great.",Technology ,"Technology is useful for us in society today whether that’s a positive or negative affect. Technology has helped me since Covid 19, which was a difficult time for me. Using technology I was able to connect with people because I felt so isolated. I gained a few friends and learned a lot. Technology is great when you use it the right way. Entertainment can definitely be one great use of technology. We have all kinds of sources in order to access technology.",Woke up early,Got to work ,Ate breakfast,Started looking through my clients files,Took care of one patient,Lunch break,Meeting,Meeting,Took on a patient ,Took on a patient,Took on a patient ,Took a break to myself ,Took on a patient ,Took on a patient,Left work,Arrived at home,Ate dinner ,Fell asleep,Still asleep,Still asleep,Still asleep,Still asleep,Still asleep,Woke up to get my day started ,3,4,8,By insisting that he picks up his medication so it can help with his pain. He has to be responsible and pick it up and stop forgetting.,4,1,2,2,1,5,5,5,5,5,5,5,5,5,5,2,3,1,2,1,1,1,1,1,1,1,1,50,50,5,Pediatric ,Nurse,5,,81,4,Bachelors,1,33,,23,2,,3,,,10,1,2,4,4,Control,6636c0f3-7aa0-f23d-f61b-90d3c29c3a55,3,1,2,1,1,3,7,4,2,61,4,5,5,1,5,1,1,1,3,5,5,1,"• Medication to help him
• Encourage him to take his medication
• Improvement  "
2024-05-04 17:16:24,2024-05-04 17:38:27,0,100,1322,1,2024-05-04 17:38:28,R_7QVZNJMCxV8Ip3z,,,,,40.9476,-73.8624,anonymous,EN,1,3,,,,,,,,,,,"1,4,5,6,8",I use any laptop to get my work done.,"I use technology to communicate with family, friends, work, and researching.","During Covid 19, I discovered this app called houseparty. Originally I saw my family use it to communicate with one another and that’s when I downloaded it myself. Ever since then, I made four friends that’s I’m still close with till this day.","Since I felt so isolated, I thought of ways that can help and think on a brighter side. Which is why I downloaded apps, for example, houseparty. Which you can communicate with all kinds of people around the world.",Finances and social media,"Watching tv, I have a fire stick. So I’m able to watch tv shows and movies, which is great.",Technology ,"Technology is useful for us in society today whether that’s a positive or negative affect. Technology has helped me since Covid 19, which was a difficult time for me. Using technology I was able to connect with people because I felt so isolated. I gained a few friends and learned a lot. Technology is great when you use it the right way. Entertainment can definitely be one great use of technology. We have all kinds of sources in order to access technology.",Woke up early,Got to work ,Ate breakfast,Started looking through my clients files,Took care of one patient,Lunch break,Meeting,Meeting,Took on a patient ,Took on a patient,Took on a patient ,Took a break to myself ,Took on a patient ,Took on a patient,Left work,Arrived at home,Ate dinner ,Fell asleep,Still asleep,Still asleep,Still asleep,Still asleep,Still asleep,Woke up to get my day started ,3,4,8,By insisting that he picks up his medication so it can help with his pain. He has to be responsible and pick it up and stop forgetting.,4,1,2,2,1,5,5,5,5,5,5,5,5,5,5,2,3,1,2,1,1,1,1,1,1,1,1,50,50,5,Pediatric ,Nurse,5,,81,4,Bachelors,1,33,,23,2,,3,,,10,1,2,4,4,Control,6636c0f3-7aa0-f23d-f61b-90d3c29c3a55,3,1,2,1,2,6,8,3,1.5,55,5,5,5,1,5,5,4,5,1,5,5,1,Dave needs to be more responsible to take his medication or else we won’t be able to help him.
2024-05-04 17:07:03,2024-05-04 17:42:06,0,100,2102,1,2024-05-04 17:42:07,R_2Dnfn7vXw1aMewH,,,,,29.4085,-95.2499,anonymous,EN,1,3,,,,,,,,,,,"1,5,8",I like to communicate with friends,I like to use my laptop and I’m always have to use my phone AirPods to communicate with everyone ,I think it’s getting a lot better most definitely came a very long way ,I don’t think much needs to be changed as far as communication ,I use my laptop daily for my work and it gets me through so many things ,"I typically will check my email , text my colleagues and get my day started talk with family ",I read about technology today ,I learned about the some of todays new technology and how people use it in their daily lives ,getting vitals down,Helping with patients ,Getting medicine ,Eating lunch,Helping colleagues ,Getting information ,getting more information ,Making beds,Talking to patients ,Giving medication ,Nothing,Food break,Restroom,Nothing,Nothing,Work,Nothing,Working,Work,Work ,Off,Working ,Work,Work,1,4,3,I would have to tell him again ,3,3,2,3,1,5,3,3,5,5,5,3,4,5,3,1,1,1,1,1,1,1,1,1,1,0,0,50,50,4,Nursing ,Registered Nurse ,4,,50,3,Masters ,1,45,,25,2,,3,,,7,7,5,3,3,Control,6636be33-56c0-e3c1-828c-9420ac6974f0,2,1,2,1,1,6,7,3,1.5,38,1,1,5,1,5,1,1,1,3,5,4,4,Just take these and you will feel so much better 
2024-05-04 17:07:03,2024-05-04 17:42:06,0,100,2102,1,2024-05-04 17:42:07,R_2Dnfn7vXw1aMewH,,,,,29.4085,-95.2499,anonymous,EN,1,3,,,,,,,,,,,"1,5,8",I like to communicate with friends,I like to use my laptop and I’m always have to use my phone AirPods to communicate with everyone ,I think it’s getting a lot better most definitely came a very long way ,I don’t think much needs to be changed as far as communication ,I use my laptop daily for my work and it gets me through so many things ,"I typically will check my email , text my colleagues and get my day started talk with family ",I read about technology today ,I learned about the some of todays new technology and how people use it in their daily lives ,getting vitals down,Helping with patients ,Getting medicine ,Eating lunch,Helping colleagues ,Getting information ,getting more information ,Making beds,Talking to patients ,Giving medication ,Nothing,Food break,Restroom,Nothing,Nothing,Work,Nothing,Working,Work,Work ,Off,Working ,Work,Work,1,4,3,I would have to tell him again ,3,3,2,3,1,5,3,3,5,5,5,3,4,5,3,1,1,1,1,1,1,1,1,1,1,0,0,50,50,4,Nursing ,Registered Nurse ,4,,50,3,Masters ,1,45,,25,2,,3,,,7,7,5,3,3,Control,6636be33-56c0-e3c1-828c-9420ac6974f0,2,1,2,1,2,5,7,3,1.5,42,2,4,5,1,5,3,1,4,2,2,5,3,I need you to take the medication and be on time 
2024-05-04 18:24:27,2024-05-04 18:38:53,0,100,866,1,2024-05-04 18:38:53,R_7tA7TQXeQeIArjM,,,,,33.5226,-86.8033,anonymous,EN,1,3,,,,,,,,,,,"1,2",i use my ipad for my personal needs,i for my job and myself ,when i needed to check on my mom in the hospital ,to contact my friends who are far ways ,to watch tv and keep up with what is going on in the world ,to watch my yv shows ,how technology is good for us ,technology is really useful and it is for a very good cause ,slow,slow,kinda busy,busy,busy,very busy,very busy,busy ,busy ,slow,slow,slow,busy,busy,busy,very busy,very busy,busy,busy,slow,slow,slow,slow,slow,6,5,6,he has to start doing what is told,5,3,2,2,1,3,3,2,2,4,3,4,5,5,5,3,2,1,1,2,1,1,1,2,1,0,0,50,50,2,nurse,registered nurse,2,,52,3,bachelors,1,19,,21,2,,3,,,5,4,4,2,2,Control,6636d140-e76e-5164-0b41-10fa23cdef9f,2,1,3,3,1,5,8,3,1.5,67,5,5,4,3,4,4,1,2,2,5,5,5,"ankle still hurts 
pain is still present"
2024-05-04 18:24:27,2024-05-04 18:38:53,0,100,866,1,2024-05-04 18:38:53,R_7tA7TQXeQeIArjM,,,,,33.5226,-86.8033,anonymous,EN,1,3,,,,,,,,,,,"1,2",i use my ipad for my personal needs,i for my job and myself ,when i needed to check on my mom in the hospital ,to contact my friends who are far ways ,to watch tv and keep up with what is going on in the world ,to watch my yv shows ,how technology is good for us ,technology is really useful and it is for a very good cause ,slow,slow,kinda busy,busy,busy,very busy,very busy,busy ,busy ,slow,slow,slow,busy,busy,busy,very busy,very busy,busy,busy,slow,slow,slow,slow,slow,6,5,6,he has to start doing what is told,5,3,2,2,1,3,3,2,2,4,3,4,5,5,5,3,2,1,1,2,1,1,1,2,1,0,0,50,50,2,nurse,registered nurse,2,,52,3,bachelors,1,19,,21,2,,3,,,5,4,4,2,2,Control,6636d140-e76e-5164-0b41-10fa23cdef9f,2,1,3,3,2,3,4,6,3,NA,5,5,4,4,3,5,4,5,2,3,3,2,ankle hurts 
2024-05-04 17:51:22,2024-05-04 18:50:47,0,100,3564,1,2024-05-04 18:50:48,R_8GK3aQq8rH8Q1si,,,,,40.8188,-75.6059,anonymous,EN,1,3,,,,,,,,,,,"4,7,8",I use Facebook to see what my family & friends are up to & to connect with them. Occasionally I will share or post something. ,Mostly texts to communicate with family and friends. ,Being able to send pics of something. In the past you would have to show a picture in person or the actual item. ,Texting allow me to check on people without having to call so they can respond when it's convenient for them. ,I use my smartphone to play games & take surveys. It's just a fun way to pass time. ,I like to play mobile games like Candy Crush ,How I use technology in my daily life ,I recommend getting a smartphone. You can do so many things with it. It allows you to text & call people to stay in touch. Also you can download games through apps to play & pass time. It's also a perfect replacement of a camera. Lastly it replaces a bulky computer because you can search anything online. ,Commute to work ,"Arrived at work, do opening tasks & room the first patients",Rooming patients & cleaning rooms. ,Rooming patients & cleaning rooms ,Rooming patients & cleaning rooms ,Ate lunch at my desk between rooming patients ,Rooming patients & cleaning rooms ,Ate a snack between rooming patients ,Did tasks on my phone when less patients came in,Rooming patients and cleaning rooms ,Ate quick snack between patients ,Had dinner at my desk between patients ,Preparing to close clinic of the night between patients ,Commute home,Arrived at home,Did chores before bed,Got in bed,Sleeping ,Sleeping ,Sleeping ,Sleeping ,Sleeping ,Sleeping ,Sleeping ,3,5,4,Explain that I can't help him pain until he takes the prescribed meds,6,3,3,2,1,4,1,3,1,2,3,3,3,3,3,2,2,2,1,3,2,1,1,1,2,0,0,50,50,21,Pediatrics,Registered Nurse ,2,,95,3,Bachelor of Biology ,1,39,,50,2,,3,,,8,4,3,3,2,Control,6636c6e0-06b9-0e85-446c-2327a9a25630,2,1,1,1,1,6,7,3,1.5,44,4,5,5,3,3,2,3,4,1,4,3,2,Dave was seeking medical attention for ankle pain he described as constant and dull. The provider prescribed Tramadol & told to follow up. During the follow up Dave stated he still had pain & didn't not have time to take the meds. The provider then prescribed Acetaminophen & topical pain relief. 
2024-05-04 17:51:22,2024-05-04 18:50:47,0,100,3564,1,2024-05-04 18:50:48,R_8GK3aQq8rH8Q1si,,,,,40.8188,-75.6059,anonymous,EN,1,3,,,,,,,,,,,"4,7,8",I use Facebook to see what my family & friends are up to & to connect with them. Occasionally I will share or post something. ,Mostly texts to communicate with family and friends. ,Being able to send pics of something. In the past you would have to show a picture in person or the actual item. ,Texting allow me to check on people without having to call so they can respond when it's convenient for them. ,I use my smartphone to play games & take surveys. It's just a fun way to pass time. ,I like to play mobile games like Candy Crush ,How I use technology in my daily life ,I recommend getting a smartphone. You can do so many things with it. It allows you to text & call people to stay in touch. Also you can download games through apps to play & pass time. It's also a perfect replacement of a camera. Lastly it replaces a bulky computer because you can search anything online. ,Commute to work ,"Arrived at work, do opening tasks & room the first patients",Rooming patients & cleaning rooms. ,Rooming patients & cleaning rooms ,Rooming patients & cleaning rooms ,Ate lunch at my desk between rooming patients ,Rooming patients & cleaning rooms ,Ate a snack between rooming patients ,Did tasks on my phone when less patients came in,Rooming patients and cleaning rooms ,Ate quick snack between patients ,Had dinner at my desk between patients ,Preparing to close clinic of the night between patients ,Commute home,Arrived at home,Did chores before bed,Got in bed,Sleeping ,Sleeping ,Sleeping ,Sleeping ,Sleeping ,Sleeping ,Sleeping ,3,5,4,Explain that I can't help him pain until he takes the prescribed meds,6,3,3,2,1,4,1,3,1,2,3,3,3,3,3,2,2,2,1,3,2,1,1,1,2,0,0,50,50,21,Pediatrics,Registered Nurse ,2,,95,3,Bachelor of Biology ,1,39,,50,2,,3,,,8,4,3,3,2,Control,6636c6e0-06b9-0e85-446c-2327a9a25630,2,1,1,1,2,7,8,2,1,48,5,5,5,4,3,2,4,4,1,3,2,1,Dave said he still has pain because taking him prescription slipped his mind. I told Dave we won't be able to help with until he takes what was prescribed for him 
2024-05-04 19:35:27,2024-05-04 19:52:28,0,100,1021,1,2024-05-04 19:52:29,R_2lFagNOLkOvLw53,,,,,40.7003,-80.0351,anonymous,EN,1,3,,"9,3,5",Empathy is important to facilitate communication with the patient ,To better communicate with the patients ,Fear of looking foolish or being looked down on,To help the patient cope with treatment in real life situations ,They can better adhere to treatment plans,To gain trust so the patient will provide information ,The Healthcare provider and patient relationship,Empathy is critically important to improve patient outcomes. Understanding the patient situation helps when creating treatment plans. Empathy helps the patient to communicate more readily.,,,,,,,,,,Review patient charts,See patient #1,Administer catheter,See patient #2,Draw blood,Lunch,Update charts,See patients again,Discuss with Dr,Update charts,Finish patient visits,Clock out,,,,,,,,,,,,,1,5,4,Continue follow ups,5,2,4,2,1,4,3,3,3,3,4,4,3,3,3,2,3,3,2,2,2,1,1,1,1,0,1,90,10,9,Acute care,DON,3,,76,3,Bachelors,1,39,,30,2,,4,,,7,6,6,4,3,Treatment,6636e1e5-f775-c692-f631-8115e5ca7a12,2,2,2,2,1,5,6,4,2,28,4,4,5,2,5,3,2,2,2,4,3,3,"Dave is not following treatment plan
Continue on current meds
Follow up in 3 weeks"
2024-05-04 19:35:27,2024-05-04 19:52:28,0,100,1021,1,2024-05-04 19:52:29,R_2lFagNOLkOvLw53,,,,,40.7003,-80.0351,anonymous,EN,1,3,,"9,3,5",Empathy is important to facilitate communication with the patient ,To better communicate with the patients ,Fear of looking foolish or being looked down on,To help the patient cope with treatment in real life situations ,They can better adhere to treatment plans,To gain trust so the patient will provide information ,The Healthcare provider and patient relationship,Empathy is critically important to improve patient outcomes. Understanding the patient situation helps when creating treatment plans. Empathy helps the patient to communicate more readily.,,,,,,,,,,Review patient charts,See patient #1,Administer catheter,See patient #2,Draw blood,Lunch,Update charts,See patients again,Discuss with Dr,Update charts,Finish patient visits,Clock out,,,,,,,,,,,,,1,5,4,Continue follow ups,5,2,4,2,1,4,3,3,3,3,4,4,3,3,3,2,3,3,2,2,2,1,1,1,1,0,1,90,10,9,Acute care,DON,3,,76,3,Bachelors,1,39,,30,2,,4,,,7,6,6,4,3,Treatment,6636e1e5-f775-c692-f631-8115e5ca7a12,2,2,2,2,2,5,6,4,2,34,4,5,5,2,4,4,3,3,2,4,3,2,"Dave still isn't following plan
Meds remain unchanged 
Follow up in 3 weeks"
2024-05-04 19:49:38,2024-05-04 20:21:54,0,100,1936,1,2024-05-04 20:21:55,R_1I3JJEXP6Sj2qRS,,,,,41.5349,-75.9472,anonymous,EN,1,3,,,,,,,,,,,"5,6,8",I use the social media in my personal life to stay connected to people whom live far away or whom I do not get to see as often as I would like. ,"I use it as an alarm clock, something to set reminders to.  Ovia media to stay connected with news and family and friends. To communicate via email, text message, phone call and video chat. I use it for directs and photos. ",I was able to video chat a friend states away to see her new born child. Phone call would not have allowed me to see the newborn ,Absolutely. I can speak in real time and way more frequently with people. I can share photos and videos and make better connections with people than ever before ,To watch movies and listen to music. To scroll social media and view others photos and videos. ,I use it for music in the car and YouTube videos to learn about new things ,Today I read about technology and how it’s evolution has changed peoples lives my making things easier. ,I have a lot of family and friends that live all over the United States. Having the ability to video chat with them has helped keep us close and connected. It bring so much more of an intimate connection to others than a phone call can. ,N/a,Arrive and check email ,See patients/ do notes/ check emails/ attend meetings ,See patients/ do notes/ check emails/ attend meetings,See patients/ do notes/ check emails/ attend meetings,See patients/ do notes/ check emails/ attend meetings,See patients/ do notes/ check emails/ attend meetings,See patients/ do notes/ check emails/ attend meetings,See patients/ do notes/ check emails/ attend meetings,See patients/ do notes/ check emails/ attend meetings,N/a,N/a,N/a,N/a,N/a,N/a,N/a,N/a,N/a,N/a,N/a,N/a,N/a,N/a,3,4,2,I would get imaging done to be able to make a more informed decision. ,5,3,4,2,1,4,3,4,3,2,2,2,1,2,2,2,2,3,3,2,2,2,2,2,2,0,0,50,50,10,Oncology ,Registered Nurse ,2,,81,3,Bachelor degree ,1,39,,31,2,,1,,,7,6,6,3,3,Control,6636e4c4-d2f1-089e-6f69-7e09dacbccb2,2,2,3,3,1,5,6,4,2,38,4,4,4,3,4,3,2,3,2,4,3,3,"Dave reports pain has not improved. 

Dave reports he has not followed previous recommendations. 

Dave should receive some imaging before being prescribed additional pain medication. "
2024-05-04 19:49:38,2024-05-04 20:21:54,0,100,1936,1,2024-05-04 20:21:55,R_1I3JJEXP6Sj2qRS,,,,,41.5349,-75.9472,anonymous,EN,1,3,,,,,,,,,,,"5,6,8",I use the social media in my personal life to stay connected to people whom live far away or whom I do not get to see as often as I would like. ,"I use it as an alarm clock, something to set reminders to.  Ovia media to stay connected with news and family and friends. To communicate via email, text message, phone call and video chat. I use it for directs and photos. ",I was able to video chat a friend states away to see her new born child. Phone call would not have allowed me to see the newborn ,Absolutely. I can speak in real time and way more frequently with people. I can share photos and videos and make better connections with people than ever before ,To watch movies and listen to music. To scroll social media and view others photos and videos. ,I use it for music in the car and YouTube videos to learn about new things ,Today I read about technology and how it’s evolution has changed peoples lives my making things easier. ,I have a lot of family and friends that live all over the United States. Having the ability to video chat with them has helped keep us close and connected. It bring so much more of an intimate connection to others than a phone call can. ,N/a,Arrive and check email ,See patients/ do notes/ check emails/ attend meetings ,See patients/ do notes/ check emails/ attend meetings,See patients/ do notes/ check emails/ attend meetings,See patients/ do notes/ check emails/ attend meetings,See patients/ do notes/ check emails/ attend meetings,See patients/ do notes/ check emails/ attend meetings,See patients/ do notes/ check emails/ attend meetings,See patients/ do notes/ check emails/ attend meetings,N/a,N/a,N/a,N/a,N/a,N/a,N/a,N/a,N/a,N/a,N/a,N/a,N/a,N/a,3,4,2,I would get imaging done to be able to make a more informed decision. ,5,3,4,2,1,4,3,4,3,2,2,2,1,2,2,2,2,3,3,2,2,2,2,2,2,0,0,50,50,10,Oncology ,Registered Nurse ,2,,81,3,Bachelor degree ,1,39,,31,2,,1,,,7,6,6,3,3,Control,6636e4c4-d2f1-089e-6f69-7e09dacbccb2,2,2,3,3,2,3,4,6,3,58,4,4,4,3,4,3,2,3,2,4,3,2,"Dave continues to have pain. 

Dave continues not to follow previously recommendations. 

Will get imaging done before deciding on further treatment options. "
2024-05-04 20:21:05,2024-05-04 20:42:22,0,100,1277,1,2024-05-04 20:42:23,R_2HhHDYiWJ4xFGuT,,,,,30.4042,-91.1431,anonymous,EN,1,1,,"9,4,6",Empathy is really important to me because that is what people need in times when a loved one is sick,Because if you don’t understand there might be misunderstandings and the patient won’t fully trust you if you don’t understand their perspective of things,They might be anxious about things because they think nobody else is going through what they are ,It might make patients be comfortable with you and they will come back to you,It might make them less stressed ,So they can see we both want them to get better,I read about patients emotions and what makes patients comfortable and happy and patients goals,"Always be considerate about patients situations, if a patient seems anxious about telling their condition or situation find ways to make them more comfortable in the environment.",,,,,,,,,,Start Shift,Treat Patient 1,,Administer Medication ,,,,,,Treat Patient 2,Check ups,,,End of shift,,,,,,,,,,,1,1,4,I would keep trying,8,1,4,3,1,4,5,5,4,4,5,5,5,4,5,1,1,1,1,1,1,1,1,1,1,0,0,40,60,5,Physician,Physician,4,,34,4,Doctorate,1,9,,37,2,,2,,,8,1,4,4,3,Treatment,6636ec23-c7b0-5fb3-3221-d4bcd6f57620,4,2,4,2,1,2,5,6,3,35,4,4,5,1,5,1,1,1,3,5,5,5,"Patient had an injury, i gave them recommendations unfortunately it didn’t improve quickly because patient was not following recommendations "
2024-05-04 20:21:05,2024-05-04 20:42:22,0,100,1277,1,2024-05-04 20:42:23,R_2HhHDYiWJ4xFGuT,,,,,30.4042,-91.1431,anonymous,EN,1,1,,"9,4,6",Empathy is really important to me because that is what people need in times when a loved one is sick,Because if you don’t understand there might be misunderstandings and the patient won’t fully trust you if you don’t understand their perspective of things,They might be anxious about things because they think nobody else is going through what they are ,It might make patients be comfortable with you and they will come back to you,It might make them less stressed ,So they can see we both want them to get better,I read about patients emotions and what makes patients comfortable and happy and patients goals,"Always be considerate about patients situations, if a patient seems anxious about telling their condition or situation find ways to make them more comfortable in the environment.",,,,,,,,,,Start Shift,Treat Patient 1,,Administer Medication ,,,,,,Treat Patient 2,Check ups,,,End of shift,,,,,,,,,,,1,1,4,I would keep trying,8,1,4,3,1,4,5,5,4,4,5,5,5,4,5,1,1,1,1,1,1,1,1,1,1,0,0,40,60,5,Physician,Physician,4,,34,4,Doctorate,1,9,,37,2,,2,,,8,1,4,4,3,Treatment,6636ec23-c7b0-5fb3-3221-d4bcd6f57620,4,2,4,2,2,2,5,6,3,62,5,4,5,1,5,1,1,1,5,5,5,4,I would say the same thing
2024-05-04 20:40:34,2024-05-04 21:32:28,0,100,3114,1,2024-05-04 21:32:29,R_7L6eZ19TtCxv1AF,,,,,29.8478,-95.6599,anonymous,EN,1,3,,,,,,,,,,,"1,7",I use a Laptop as technology where I watch my favorite movies and my personal work,"I use technology I my personal clock for when I wake up, to watch my favorite movies, and to talk to others or communicate.",A time when technology allowed me to connect with others when less advanced modes of communication would have fallen short was probably last month when I was talking with my family,"
I use these devices to improve communication in my everyday life by trying to still communicate with my family without having see them",Some of the way I use technology. My personal life for entertainment is watching my favorite movies or talking to my friend and family members.,I am watching my favorite movies or I learn information that is useful.,I read my fantasy book that is about myths and legends ,"I learned that technology can be useful the same way as it can be dangerous. I’ve read that there are many ways people use technology. Some ways I use technology is to learn more new useful information, watch my favorite movies, entertainment, or to communicate with my family and friends.",Woke up, Getting ready for the day,Going to work,Working ,Working,Working ,Work,Working ,Working ,Working ,Going back home,Grocery shopping ,Cooking ,Relaxing,Eating,Watching a movie ,Watching a movie ,Getting ready for bed,Sleeping ,Sleeping ,Sleeping ,Sleeping ,Sleeping ,Sleeping ,5,4,4,Start taking the time to get better and stop being lazy ,3,4,3,2,1,3,3,4,2,3,3,3,2,4,3,2,2,3,2,1,1,2,1,1,1,1,1,60,40,5,Registered nurse ,Registered nurse,5,,46,3,Associate degree,1,45,,24,2,,4,,,7,4,4,3,2,Control,6636efe4-4ab5-a8ee-1eaa-fe2bd98bebb0,2,1,2,1,1,5,7,3,1.5,42,4,5,4,3,3,5,4,4,2,4,3,2,"'- doesn’t take his meds because he doesn’t have  time
- has pain 
- is to busy"
2024-05-04 20:40:34,2024-05-04 21:32:28,0,100,3114,1,2024-05-04 21:32:29,R_7L6eZ19TtCxv1AF,,,,,29.8478,-95.6599,anonymous,EN,1,3,,,,,,,,,,,"1,7",I use a Laptop as technology where I watch my favorite movies and my personal work,"I use technology I my personal clock for when I wake up, to watch my favorite movies, and to talk to others or communicate.",A time when technology allowed me to connect with others when less advanced modes of communication would have fallen short was probably last month when I was talking with my family,"
I use these devices to improve communication in my everyday life by trying to still communicate with my family without having see them",Some of the way I use technology. My personal life for entertainment is watching my favorite movies or talking to my friend and family members.,I am watching my favorite movies or I learn information that is useful.,I read my fantasy book that is about myths and legends ,"I learned that technology can be useful the same way as it can be dangerous. I’ve read that there are many ways people use technology. Some ways I use technology is to learn more new useful information, watch my favorite movies, entertainment, or to communicate with my family and friends.",Woke up, Getting ready for the day,Going to work,Working ,Working,Working ,Work,Working ,Working ,Working ,Going back home,Grocery shopping ,Cooking ,Relaxing,Eating,Watching a movie ,Watching a movie ,Getting ready for bed,Sleeping ,Sleeping ,Sleeping ,Sleeping ,Sleeping ,Sleeping ,5,4,4,Start taking the time to get better and stop being lazy ,3,4,3,2,1,3,3,4,2,3,3,3,2,4,3,2,2,3,2,1,1,2,1,1,1,1,1,60,40,5,Registered nurse ,Registered nurse,5,,46,3,Associate degree,1,45,,24,2,,4,,,7,4,4,3,2,Control,6636efe4-4ab5-a8ee-1eaa-fe2bd98bebb0,2,1,2,1,2,6,7,3,1.5,55,5,5,4,5,1,5,5,5,1,2,1,1,"'- Way too lazy
- Keeps forgetting things 
- Doesn’t care about his health "
2024-05-04 21:41:34,2024-05-04 21:54:07,0,100,752,1,2024-05-04 21:54:08,R_54OnffXthiot3Xj,,,,,38.6438,-90.5301,anonymous,EN,1,3,,"7,2,4",I think their spiritual health is more important than their physical health. ,Stressful times ,Dumb,Idk,Hmmm,Good,Healthcare!,Remember your “why” always. Especially when times get really hard ,,,,,,,,,,Tired,Busy med ,Meds,Chart,Check in,Walk pt,Meds,Labs,Ct,Ct,,,,,,,,,,,,,,,2,5,4,Try again,6,4,2,2,1,1,1,1,1,4,5,4,4,4,4,5,4,2,4,4,4,4,4,4,4,0,0,60,40,4,Pharm Tech,Pharm Tech,2,,44,2,High school. ,1,26,,21,2,,1,,,7,7,2,3,2,Treatment,6636ff6c-22f6-cf85-81cb-7eef80cf64aa,2,2,3,2,1,5,6,4,2,NA,5,5,5,1,5,4,4,4,2,4,4,4,Dave take your meds 
2024-05-04 21:41:34,2024-05-04 21:54:07,0,100,752,1,2024-05-04 21:54:08,R_54OnffXthiot3Xj,,,,,38.6438,-90.5301,anonymous,EN,1,3,,"7,2,4",I think their spiritual health is more important than their physical health. ,Stressful times ,Dumb,Idk,Hmmm,Good,Healthcare!,Remember your “why” always. Especially when times get really hard ,,,,,,,,,,Tired,Busy med ,Meds,Chart,Check in,Walk pt,Meds,Labs,Ct,Ct,,,,,,,,,,,,,,,2,5,4,Try again,6,4,2,2,1,1,1,1,1,4,5,4,4,4,4,5,4,2,4,4,4,4,4,4,4,0,0,60,40,4,Pharm Tech,Pharm Tech,2,,44,2,High school. ,1,26,,21,2,,1,,,7,7,2,3,2,Treatment,6636ff6c-22f6-cf85-81cb-7eef80cf64aa,2,2,3,2,2,3,5,5,2.5,NA,5,5,5,1,5,4,4,4,2,4,4,5,Oh Dave. What are we going to do with you?
2024-05-04 21:10:42,2024-05-04 22:05:49,0,100,3306,1,2024-05-04 22:05:50,R_5ctLJo8CeI5ilME,,,,,30.3478,-81.6493,anonymous,EN,1,4,,"9,2,5",Empathy should be exercised in all that you do. It is vital that I see things from my patients perspective so that I could better care for them.,Patients want to be heard and respected. While they may not be experts they are the ones experiencing whatever I'd going on in their bodies. We must take into account their perspective while exercising our expertise for a wholesome treatment plan.,They may not feel that their questions would be respected or simply heard.,It is vital that I take into account all of my patients needs and concerns in order to recommend the best treatment. Understanding the patient fully will enable me to give them the best treatment that will be most effective.,If I understand their perspective their treatment plan will display this and be the most effective; therefore their recovery will be much better.,The patient and I have to have cohesive goals in order for their treatment plan to be effective. We must be on the same page if not the patient would  not take their treatment seriously.,Understanding the patients perspective.,"Congratulations on making it thus far and embarking on this rewarding journey. Take each day one day at a time and utilize your skills that you have learned and are learning to provide every patient you come in contact with the best care. Exceed expectations and accomplish all your goals on this journey. Most importantly exercise empathy in all that you do. Listen to and respect your patients perspectives align your knowledge with their needs and execute the best treatment plan. Keep the faith and remember your human. You will see that you will learn more than you could imagine in your hands on clinical experiences. Hold your head high and be all that you aspire to be and so much more. Your so special and thank you for having the compassion to care for others.

Sincerely,
Your fellow health care professional ",,,,,,,,,,Briefing with the shift I'm relieving ,Making rounds checking on patients,Charting,Making orders ,Meeting,Making rounds ,Charting,Checking lab results,Oders,Checking patient updates from nurses ,Consulting,Charting,Debrief,,,,,,,,,,,,3,3,4,I would order images and assess before prescrbing more meds. I would keep the Lodicaine topical.,5,4,1,2,1,5,5,5,5,4,5,5,5,5,5,2,2,1,2,1,2,1,1,2,2,1,1,60,40,12,Internal medicine ,Physician Assistant ,9,,70,3,Bachelor's ,1,21,,33,2,,6,Mixed ,,9,2,7,4,4,Treatment,6636f790-f577-2f0e-94b1-366cb8682eeb,1,1,2,1,1,7,8,2,1,79,4,4,5,3,5,3,1,3,3,5,4,4,Dave was previously prescribed Acetaminophen with Topical Lidocaine. During his follow up Dave informed that he did not take the medications as prescribed. Due to not following the pain Dave is still in pain. Upgraded Tylenol to Tramadol and kept the Lidocaine. 
2024-05-04 21:10:42,2024-05-04 22:05:49,0,100,3306,1,2024-05-04 22:05:50,R_5ctLJo8CeI5ilME,,,,,30.3478,-81.6493,anonymous,EN,1,4,,"9,2,5",Empathy should be exercised in all that you do. It is vital that I see things from my patients perspective so that I could better care for them.,Patients want to be heard and respected. While they may not be experts they are the ones experiencing whatever I'd going on in their bodies. We must take into account their perspective while exercising our expertise for a wholesome treatment plan.,They may not feel that their questions would be respected or simply heard.,It is vital that I take into account all of my patients needs and concerns in order to recommend the best treatment. Understanding the patient fully will enable me to give them the best treatment that will be most effective.,If I understand their perspective their treatment plan will display this and be the most effective; therefore their recovery will be much better.,The patient and I have to have cohesive goals in order for their treatment plan to be effective. We must be on the same page if not the patient would  not take their treatment seriously.,Understanding the patients perspective.,"Congratulations on making it thus far and embarking on this rewarding journey. Take each day one day at a time and utilize your skills that you have learned and are learning to provide every patient you come in contact with the best care. Exceed expectations and accomplish all your goals on this journey. Most importantly exercise empathy in all that you do. Listen to and respect your patients perspectives align your knowledge with their needs and execute the best treatment plan. Keep the faith and remember your human. You will see that you will learn more than you could imagine in your hands on clinical experiences. Hold your head high and be all that you aspire to be and so much more. Your so special and thank you for having the compassion to care for others.

Sincerely,
Your fellow health care professional ",,,,,,,,,,Briefing with the shift I'm relieving ,Making rounds checking on patients,Charting,Making orders ,Meeting,Making rounds ,Charting,Checking lab results,Oders,Checking patient updates from nurses ,Consulting,Charting,Debrief,,,,,,,,,,,,3,3,4,I would order images and assess before prescrbing more meds. I would keep the Lodicaine topical.,5,4,1,2,1,5,5,5,5,4,5,5,5,5,5,2,2,1,2,1,2,1,1,2,2,1,1,60,40,12,Internal medicine ,Physician Assistant ,9,,70,3,Bachelor's ,1,21,,33,2,,6,Mixed ,,9,2,7,4,4,Treatment,6636f790-f577-2f0e-94b1-366cb8682eeb,1,1,2,1,2,6,8,3,1.5,61,5,5,4,3,5,3,2,2,3,5,3,1,Dave has not followed his treatment plan. Ordering images to assess the ankle. Will implement a plan once image results received.
2024-05-04 21:54:52,2024-05-04 22:40:50,0,100,2757,1,2024-05-04 22:40:51,R_5mluft8e2TAI32e,,,,,37.5438,-77.5029,anonymous,EN,1,5,,,,,,,,,,,"1,5,7","Use music steaming app to relax, to elevate mood, and to help me sleep","I use it to find answers to questions, to find information, to entertain myself, and to keep in touch with friends and family.",Conduct patient encounters and patient care over Zoom and video calling. Coming to the doctor is not longer mandatory when you can do it via the internet instead,My family is more likely to talk via video than call when they need to learn how to do something or need me to show them something. I can also send pictures for clarification. I have an autistic child who understands pictures much better than words. So sending pictures for explanation is very helpful.,"To watch videos or TV, to find specific content that I am interested in, to stream music or pod casts when I’m working in the house or traveling in the car.","I use technology to stream live TV, to watch TV programs or movies when I want to, to read about things that interest me.","I read about childhood trauma, symptoms and appropriate interventions","I have begun using a program that allows me to take accurate face measurements with the use of a picture. Instead of using a ruler, hoping the child stay still and that o can get at the right angle, I can take a picture and run it through the program and the program can take the measurements for me. It is much quicker, has less human error and is more accurate than hand measuring.",Drove to work,Saw my first patient ,Saw my second patient,Saw my third patient ,Saw my forth patient ,Charted and ate lunch,Saw my fifth patient ,Saw my sixth patient,Saw my seventh patient ,"Returned phone calls and sent in prescriptions, answered email",Went home,Made dinner,Ate dinner and cleaned up,Charted,Charted,Charted,Went to bed,Slept ,Slept ,Slept ,Slept ,Slept ,Slept ,Work up,3,2,4,I wouldn’t. I would emphasize what to do and to follow up if not improving with interventions.,5,3,4,2,1,3,3,4,4,4,4,4,4,5,5,2,1,2,1,2,2,2,1,2,2,0,1,75,25,27,Pediatrics - behavioral health and development ,PNP,3,,90,4,PhD,1,34,,57,2,,1,,,6,5,5,4,3,Control,66370179-245f-bcf8-e2ec-1c69530bf701,1,1,1,1,1,7,8,2,1,NA,4,4,4,2,5,3,2,3,2,5,3,2,"'- previous plan explained but not followed
- ankle pain continues
- will change to ibuprofen, bracing, warm compresses and PT for better pain control and to prevent deterioration of ankle strength and mobility "
2024-05-04 21:54:52,2024-05-04 22:40:50,0,100,2757,1,2024-05-04 22:40:51,R_5mluft8e2TAI32e,,,,,37.5438,-77.5029,anonymous,EN,1,5,,,,,,,,,,,"1,5,7","Use music steaming app to relax, to elevate mood, and to help me sleep","I use it to find answers to questions, to find information, to entertain myself, and to keep in touch with friends and family.",Conduct patient encounters and patient care over Zoom and video calling. Coming to the doctor is not longer mandatory when you can do it via the internet instead,My family is more likely to talk via video than call when they need to learn how to do something or need me to show them something. I can also send pictures for clarification. I have an autistic child who understands pictures much better than words. So sending pictures for explanation is very helpful.,"To watch videos or TV, to find specific content that I am interested in, to stream music or pod casts when I’m working in the house or traveling in the car.","I use technology to stream live TV, to watch TV programs or movies when I want to, to read about things that interest me.","I read about childhood trauma, symptoms and appropriate interventions","I have begun using a program that allows me to take accurate face measurements with the use of a picture. Instead of using a ruler, hoping the child stay still and that o can get at the right angle, I can take a picture and run it through the program and the program can take the measurements for me. It is much quicker, has less human error and is more accurate than hand measuring.",Drove to work,Saw my first patient ,Saw my second patient,Saw my third patient ,Saw my forth patient ,Charted and ate lunch,Saw my fifth patient ,Saw my sixth patient,Saw my seventh patient ,"Returned phone calls and sent in prescriptions, answered email",Went home,Made dinner,Ate dinner and cleaned up,Charted,Charted,Charted,Went to bed,Slept ,Slept ,Slept ,Slept ,Slept ,Slept ,Work up,3,2,4,I wouldn’t. I would emphasize what to do and to follow up if not improving with interventions.,5,3,4,2,1,3,3,4,4,4,4,4,4,5,5,2,1,2,1,2,2,2,1,2,2,0,1,75,25,27,Pediatrics - behavioral health and development ,PNP,3,,90,4,PhD,1,34,,57,2,,1,,,6,5,5,4,3,Control,66370179-245f-bcf8-e2ec-1c69530bf701,1,1,1,1,2,7,8,2,1,69,4,4,4,2,5,3,3,3,2,5,3,1,'- Dave remains non compliant with treatment
2024-05-04 22:33:12,2024-05-04 22:52:02,0,100,1129,1,2024-05-04 22:52:03,R_5LVzYjQQNgsewTv,,,,,39.6906,-111.8404,anonymous,EN,1,3,,,,,,,,,,,"6,8",Facebook-to stay connected with friends and family,"Phone, entertainment, ","During school, we were able to meet online as a class instead of having to meet in person. ","I am able to see where my family is at all times, make sure they are safe.","Games, I play online games on my phone. Memes and reels, I share them with family easily and they make me laugh. Netflix to watch tv",Games while waiting in line or driving. Music on the radio. ,Technology,"Technology can be used to communicate with family. I am able to quickly give my mom a call hundreds of miles away.

Technology can be used to help with productivity, I can use spell checker or a web browser search to find topics I am interested in.

Technology gives you entertainment right at your finger tips, you can easily watch videos, play games or listen to music.",Work,Work,Work,Work,Work,Lunch,Work,Work,Work,Work,Work,Go home,Eat dinner ,Watch tv,Go to bed,,,,,,,,,,3,3,8,I would follow physicians advice,4,2,4,2,1,2,3,3,3,5,5,5,5,5,2,1,1,1,1,1,1,1,1,1,1,0,0,25,75,11,Er,Rn,5,,21,3,Bachelors,1,6,,41,2,,1,,,7,5,6,3,2,Control,66370b8a-29ac-b04c-2c0e-85afaf33529c,3,2,1,1,1,4,5,5,2.5,15,4,4,5,3,3,3,3,3,2,5,3,1,Patient is noncompliant with plan of care. Encourage patient to follow plan of care. Physical therapy may benefit oatient
2024-05-04 22:33:12,2024-05-04 22:52:02,0,100,1129,1,2024-05-04 22:52:03,R_5LVzYjQQNgsewTv,,,,,39.6906,-111.8404,anonymous,EN,1,3,,,,,,,,,,,"6,8",Facebook-to stay connected with friends and family,"Phone, entertainment, ","During school, we were able to meet online as a class instead of having to meet in person. ","I am able to see where my family is at all times, make sure they are safe.","Games, I play online games on my phone. Memes and reels, I share them with family easily and they make me laugh. Netflix to watch tv",Games while waiting in line or driving. Music on the radio. ,Technology,"Technology can be used to communicate with family. I am able to quickly give my mom a call hundreds of miles away.

Technology can be used to help with productivity, I can use spell checker or a web browser search to find topics I am interested in.

Technology gives you entertainment right at your finger tips, you can easily watch videos, play games or listen to music.",Work,Work,Work,Work,Work,Lunch,Work,Work,Work,Work,Work,Go home,Eat dinner ,Watch tv,Go to bed,,,,,,,,,,3,3,8,I would follow physicians advice,4,2,4,2,1,2,3,3,3,5,5,5,5,5,2,1,1,1,1,1,1,1,1,1,1,0,0,25,75,11,Er,Rn,5,,21,3,Bachelors,1,6,,41,2,,1,,,7,5,6,3,2,Control,66370b8a-29ac-b04c-2c0e-85afaf33529c,3,2,1,1,2,7,8,2,1,NA,4,5,5,4,4,4,3,3,1,5,3,3,Pt continues to be noncompliant with recommendations from doctor. Pt is still complaining of pain. 
2024-05-04 22:10:47,2024-05-04 23:01:10,0,100,3022,1,2024-05-04 23:01:10,R_5I3LeNOjwmQV7sA,,,,,38.8669,-82.114,anonymous,EN,1,3,,"9,4,6",Making each patient feel important and valued is very important I. Order to gain their respect and trust. They are very sensitive to their feelings ,"Some patients are uneducated and we as nurses need to apply our knowledge to them in order for them to understand what we are trying to teach them 
",They feel inferior and insecure so are afraid to speak up. They are afraid of looking dumb. ,The patients overall well being will greatly improve. ,The patients understanding of what is expected to happen will help them achieve their goals. ,If they feel like the provider truly cares and wants the patients to feel better the patient is more likely to try to help themselves ,Taking time and looking at each patient as individuals not just cattle being run through a shoot ,Stop look and most importantly listen to what your patient is saying. Don’t be shuffling papers or reading your texts. Look at their background and try to talk to them on their level. Do jump to conclusions about their looks or do. Speak to them like you would want to be treated. ,,,,,,,,,,Stop at office for supplies ,Drive to patient’s home ,Education and assessment of patient ,Drive to next patient. ,Filled pull planner ,Drive to next one ,"Change out suprapubic catheter , gave IM injection of testosterone",Grabbed a sandwich driving to next patient ,Flushed a suprapubic catheter  wound care to coccyx ,Phone calls to drs about medication for patients ,Filled pill planner for patients. Called in refill to physician and pharmacy ,Drive home and start charting not completed in patients home,Fix dinner and call Patti set up times for visits the next day,Continue to complete charts,,,,,,,,,,,4,5,8,Education education education ,3,4,1,2,1,4,4,4,4,4,4,5,4,5,4,2,5,1,2,1,4,2,1,1,2,1,1,95,5,20,Home health ,Home hesonurse,7,,100,3,Associate ,1,36,,65,2,,1,,,6,5,5,2,1,Treatment,66370559-8355-0d64-7ca6-3813d6c2837c,2,1,2,1,1,6,8,3,1.5,42,5,5,5,3,5,4,2,4,2,4,3,1,"Needs to take meds as prescribed 
Needs to stay off and elevate leg more
Needs to use ice packs 
Needs reinforcement "
2024-05-04 22:10:47,2024-05-04 23:01:10,0,100,3022,1,2024-05-04 23:01:10,R_5I3LeNOjwmQV7sA,,,,,38.8669,-82.114,anonymous,EN,1,3,,"9,4,6",Making each patient feel important and valued is very important I. Order to gain their respect and trust. They are very sensitive to their feelings ,"Some patients are uneducated and we as nurses need to apply our knowledge to them in order for them to understand what we are trying to teach them 
",They feel inferior and insecure so are afraid to speak up. They are afraid of looking dumb. ,The patients overall well being will greatly improve. ,The patients understanding of what is expected to happen will help them achieve their goals. ,If they feel like the provider truly cares and wants the patients to feel better the patient is more likely to try to help themselves ,Taking time and looking at each patient as individuals not just cattle being run through a shoot ,Stop look and most importantly listen to what your patient is saying. Don’t be shuffling papers or reading your texts. Look at their background and try to talk to them on their level. Do jump to conclusions about their looks or do. Speak to them like you would want to be treated. ,,,,,,,,,,Stop at office for supplies ,Drive to patient’s home ,Education and assessment of patient ,Drive to next patient. ,Filled pull planner ,Drive to next one ,"Change out suprapubic catheter , gave IM injection of testosterone",Grabbed a sandwich driving to next patient ,Flushed a suprapubic catheter  wound care to coccyx ,Phone calls to drs about medication for patients ,Filled pill planner for patients. Called in refill to physician and pharmacy ,Drive home and start charting not completed in patients home,Fix dinner and call Patti set up times for visits the next day,Continue to complete charts,,,,,,,,,,,4,5,8,Education education education ,3,4,1,2,1,4,4,4,4,4,4,5,4,5,4,2,5,1,2,1,4,2,1,1,2,1,1,95,5,20,Home health ,Home hesonurse,7,,100,3,Associate ,1,36,,65,2,,1,,,6,5,5,2,1,Treatment,66370559-8355-0d64-7ca6-3813d6c2837c,2,1,2,1,2,5,8,3,1.5,66,5,5,4,3,4,4,2,4,1,4,3,1,"Needs to follow Instructions 
Needs to have X-ray or scan to see if there was something missed. Crutches if he hasn’t had before now"
2024-05-04 22:53:57,2024-05-04 23:10:31,0,100,994,1,2024-05-04 23:10:32,R_8dEUogsuAcW57fC,,,,,34.0313,-118.3124,anonymous,EN,1,3,,"7,2,5",You want to keep patients information private and only that way,Because healthcare is a sensitive subject and you don’t want to violate anyone in anyway or loss your jon,You never know who you can trust and some patient have illnesses where they forget things ,Just be kind and attentive showing as much compassion as possible ,Absolutely you have different emotions when you have experience health issues ,Doctors are the main factor and benefit in patients recovery ,I read different short stories regarding health care,I try and trust that every health care professional is honest and trustworthy giving the most quality care possible ,,,,,,,,,,,,,,,,,,,,,,,,,Tend to patients ,Tend to patient ,Tend to parent ,Tend to patient ,Tend to paired ,Tend to patient ,Tend to patient ,Rend to pairent ,Tend to oaitwnd,6,6,6,I would give him one final chance and I would move on ,4,1,4,2,1,5,5,5,5,5,5,5,5,5,5,5,5,1,1,1,1,1,1,1,1,0,0,50,50,5,Critical care,Registered Nurse ,5,,90,2,BSN,1,5,,24,2,,3,,,7,4,5,2,2,Treatment,6637107f-bdf4-bf9c-f349-59bf2d66f1c3,2,1,3,1,1,5,8,3,1.5,73,5,5,5,5,5,5,2,5,1,5,5,1,"Dave is not g following instructions 
Not taking care of medication 
Not good during follow up "
2024-05-04 22:53:57,2024-05-04 23:10:31,0,100,994,1,2024-05-04 23:10:32,R_8dEUogsuAcW57fC,,,,,34.0313,-118.3124,anonymous,EN,1,3,,"7,2,5",You want to keep patients information private and only that way,Because healthcare is a sensitive subject and you don’t want to violate anyone in anyway or loss your jon,You never know who you can trust and some patient have illnesses where they forget things ,Just be kind and attentive showing as much compassion as possible ,Absolutely you have different emotions when you have experience health issues ,Doctors are the main factor and benefit in patients recovery ,I read different short stories regarding health care,I try and trust that every health care professional is honest and trustworthy giving the most quality care possible ,,,,,,,,,,,,,,,,,,,,,,,,,Tend to patients ,Tend to patient ,Tend to parent ,Tend to patient ,Tend to paired ,Tend to patient ,Tend to patient ,Rend to pairent ,Tend to oaitwnd,6,6,6,I would give him one final chance and I would move on ,4,1,4,2,1,5,5,5,5,5,5,5,5,5,5,5,5,1,1,1,1,1,1,1,1,0,0,50,50,5,Critical care,Registered Nurse ,5,,90,2,BSN,1,5,,24,2,,3,,,7,4,5,2,2,Treatment,6637107f-bdf4-bf9c-f349-59bf2d66f1c3,2,1,3,1,2,3,8,4,2,71,5,5,5,5,5,5,2,5,1,5,5,1,"Not follow instructions 
Health not getting better
Not taking medication "
2024-05-04 23:31:22,2024-05-04 23:52:12,0,100,1249,1,2024-05-04 23:52:13,R_7tfKjYNU5x9ybxr,,,,,44.9466,-123.0105,anonymous,EN,1,3,,"7,9,3,5",Because it’s what I love to do and we need people to trust us,We need and have to understand people and their needs so they can trust and rely on us ,Because they think we will judge them,Because they rely on us,Building a relationship between the doctor and patient ,Too beneficial ,About trust and patients,I love helping people and made them feel good when they’re seeking help,,,,,,,,,,Arrived at work ,Starting seeing my first patient,Helped a doctor ,Had a break,Still at work ,Had lunch,,,,Done with work,Arrived home,,,,,,,,,,,,,,2,5,6,I need to have conversation with Dave about why he needs to follow the treatment ,5,2,3,3,1,5,4,4,4,4,5,4,4,4,4,4,3,3,4,1,1,2,1,1,1,0,0,50,50,4,Registered nurse,Nurse,4,,43,4,Masters degree,1,5,,38,2,,4,,,7,6,4,4,3,Treatment,6637191e-5b08-0d4d-9354-97dcedf360b5,2,1,1,1,1,5,8,3,1.5,38,4,2,5,1,5,1,1,1,4,5,5,1,"Dave needs to follow the treatment
Dave needs help so he can improve his health as soon as possible "
2024-05-04 23:31:22,2024-05-04 23:52:12,0,100,1249,1,2024-05-04 23:52:13,R_7tfKjYNU5x9ybxr,,,,,44.9466,-123.0105,anonymous,EN,1,3,,"7,9,3,5",Because it’s what I love to do and we need people to trust us,We need and have to understand people and their needs so they can trust and rely on us ,Because they think we will judge them,Because they rely on us,Building a relationship between the doctor and patient ,Too beneficial ,About trust and patients,I love helping people and made them feel good when they’re seeking help,,,,,,,,,,Arrived at work ,Starting seeing my first patient,Helped a doctor ,Had a break,Still at work ,Had lunch,,,,Done with work,Arrived home,,,,,,,,,,,,,,2,5,6,I need to have conversation with Dave about why he needs to follow the treatment ,5,2,3,3,1,5,4,4,4,4,5,4,4,4,4,4,3,3,4,1,1,2,1,1,1,0,0,50,50,4,Registered nurse,Nurse,4,,43,4,Masters degree,1,5,,38,2,,4,,,7,6,4,4,3,Treatment,6637191e-5b08-0d4d-9354-97dcedf360b5,2,1,1,1,2,7,8,2,1,60,4,4,4,2,5,1,1,3,2,5,5,1,Dave needs help
2024-05-05 00:46:14,2024-05-05 01:03:14,0,100,1019,1,2024-05-05 01:03:15,R_38nWk3aCMQVfx5L,,,,,33.8498,-118.0086,anonymous,EN,1,3,,"9,2,5",It is  important to consider all aspects of a patients life for the optimal treatment of the patient,It is critical because there are so many different factors that should be considered for their treatment. It is best to know all about the patient to make a proper diagnosis,Some reasons would be past trauma or simply having trouble with trusting others,It could help me better connect with them on an emotional level so that I can make out the best of their situation in terms of their health,The patient would have more trust in me and also hold on to the hope for their improvement with a support system of healthcare workers,It has been beneficial because they believe in their goals and become more encouraged in the improvement of their health ,I read about patients relationships with healthcare workers which impact their health and problems confiding in them.,I prefer a holistic approach so that a proper diagnosis can be made. I also believe in trusting the patient so that the patient can trust you. This will provide a better support system for them to improve their health,,,,,,,,,,Wake up start shift,Shift continues with checking on patients ,Check patients ,Check patients,Check on patients,Break,Break,Break,Fill out paperwork,Help out doctor,Receive orders from doctor,Check in on patients,Check in on patients,Break,Check in on patients,Check in on patients,Day over,Over,Shift over,Shift over,Shift over,Shift I er,Shift over,Shift over,2,3,5,Try to convince him to work on his health,5,2,3,3,1,2,3,3,2,2,2,2,4,4,4,3,3,2,3,2,2,2,2,3,3,0,0,90,10,2,Nurse psychiatric,Psychiatric nurse,2,,79,3,Associate,1,6,,22,2,,6,"White, Asian, Hispanic",,5,4,4,3,3,Treatment,66372a90-9557-4e06-b84c-58af2e94d77f,2,1,2,1,1,6,7,3,1.5,68,2,2,4,2,5,2,1,1,4,5,5,5,Needs help as he has pain in his leg. Recommended him over the counter acetaminophen. Audio a topical gel
2024-05-05 00:46:14,2024-05-05 01:03:14,0,100,1019,1,2024-05-05 01:03:15,R_38nWk3aCMQVfx5L,,,,,33.8498,-118.0086,anonymous,EN,1,3,,"9,2,5",It is  important to consider all aspects of a patients life for the optimal treatment of the patient,It is critical because there are so many different factors that should be considered for their treatment. It is best to know all about the patient to make a proper diagnosis,Some reasons would be past trauma or simply having trouble with trusting others,It could help me better connect with them on an emotional level so that I can make out the best of their situation in terms of their health,The patient would have more trust in me and also hold on to the hope for their improvement with a support system of healthcare workers,It has been beneficial because they believe in their goals and become more encouraged in the improvement of their health ,I read about patients relationships with healthcare workers which impact their health and problems confiding in them.,I prefer a holistic approach so that a proper diagnosis can be made. I also believe in trusting the patient so that the patient can trust you. This will provide a better support system for them to improve their health,,,,,,,,,,Wake up start shift,Shift continues with checking on patients ,Check patients ,Check patients,Check on patients,Break,Break,Break,Fill out paperwork,Help out doctor,Receive orders from doctor,Check in on patients,Check in on patients,Break,Check in on patients,Check in on patients,Day over,Over,Shift over,Shift over,Shift over,Shift I er,Shift over,Shift over,2,3,5,Try to convince him to work on his health,5,2,3,3,1,2,3,3,2,2,2,2,4,4,4,3,3,2,3,2,2,2,2,3,3,0,0,90,10,2,Nurse psychiatric,Psychiatric nurse,2,,79,3,Associate,1,6,,22,2,,6,"White, Asian, Hispanic",,5,4,4,3,3,Treatment,66372a90-9557-4e06-b84c-58af2e94d77f,2,1,2,1,2,5,8,3,1.5,78,4,4,5,1,5,4,1,1,2,5,5,1,Dave resisting treatment. Needs to take otc. Not sure if actually following through with treatment
2024-05-05 00:58:18,2024-05-05 01:30:07,0,100,1908,1,2024-05-05 01:30:08,R_1PYP6rDp8mjsfQ9,,,,,40.7064,-73.9473,anonymous,EN,1,1,,,,,,,,,,,"1,4,8",All prefect,Yes,"Phone, WhatsApp and others",Yes,"Fast communication, easy access, ",Every day ,I read about technology how to use them,"
Well, some of the things that I learned today is very important in human life without technology not possible so the best way is technology is to make sure you proper technologies of us to make contact to five people that are near or far from you probably use Technology in delivery Use my phone in my office to make a meeting to make an important thing. Technology is very good. ",Monday ,Tuesday,Wednesday,Thursday,Friday,Saturday,Monday,Tuesday,Wednesday,Thursday,Friday,Saturday,Monday,Tuesday,Wednesday ,Thursday,Friday,Saturday,Monday,Tuesday ,Wednesday,Thursday,Friday,Saturday,4,4,4,call medication,10,1,7,2,1,5,5,5,4,5,2,5,5,5,4,5,2,2,2,2,2,3,2,2,2,1,1,40,60,30,Diagnosis,Health worker,26,,57,2,Masters degree,1,10,,44,1,,1,,,10,4,7,2,2,Control,66372cbe-9b16-fce6-e6c7-1896d15a1cbd,4,3,4,1,1,2,4,7,3.5,36,1,3,5,3,3,2,2,4,2,3,3,1,Quick treatment
2024-05-05 00:58:18,2024-05-05 01:30:07,0,100,1908,1,2024-05-05 01:30:08,R_1PYP6rDp8mjsfQ9,,,,,40.7064,-73.9473,anonymous,EN,1,1,,,,,,,,,,,"1,4,8",All prefect,Yes,"Phone, WhatsApp and others",Yes,"Fast communication, easy access, ",Every day ,I read about technology how to use them,"
Well, some of the things that I learned today is very important in human life without technology not possible so the best way is technology is to make sure you proper technologies of us to make contact to five people that are near or far from you probably use Technology in delivery Use my phone in my office to make a meeting to make an important thing. Technology is very good. ",Monday ,Tuesday,Wednesday,Thursday,Friday,Saturday,Monday,Tuesday,Wednesday,Thursday,Friday,Saturday,Monday,Tuesday,Wednesday ,Thursday,Friday,Saturday,Monday,Tuesday ,Wednesday,Thursday,Friday,Saturday,4,4,4,call medication,10,1,7,2,1,5,5,5,4,5,2,5,5,5,4,5,2,2,2,2,2,3,2,2,2,1,1,40,60,30,Diagnosis,Health worker,26,,57,2,Masters degree,1,10,,44,1,,1,,,10,4,7,2,2,Control,66372cbe-9b16-fce6-e6c7-1896d15a1cbd,4,3,4,1,2,1,8,5,2.5,27,1,3,4,2,5,2,1,1,5,5,5,1,None 
2024-05-05 02:39:04,2024-05-05 04:03:22,0,100,5057,1,2024-05-05 04:03:22,R_6xMLS9Fiq6GKLsd,,,,,41.5066,-81.6111,anonymous,EN,1,3,,,,,,,,,,,"3,5,8",I use my kindle just about daily and sometimes if i don't read i feel a little frazzled. I use pandora and YouTube music Daily music is apart of my soul and id go a bit crazy without it.,"I use Kindle, YouTube and pandora, educational games for my toddler, social media platforms ","Now days wifi is more easily accessible so even if your phone is off you can still connect to the internet and do a video chat over Facebook, snapchat or Instagram your not as limited as you were back in the earlier 2000s","I've recently been doing zoom meetings regarding my toddler, who had high lead levels which can cause behavioral problems, speech delays and so on. My goal was to show how my toddler performs during daily play, their motor skills and cognitive levels. While the ladies in the group and I discussed things, the zoom video was towards my toddler so they could watch them play. Technology helped let My toddler be themselves in a known environment while the ladies could watch genuine interactions. ","Scrolling through social media, watching tik toks, playing  video games, reading books and listening to music ","Reading books, playing video games, looking through Pinecrest, looking for clothes I can never afford or have the shape for ","I'm reading the 4th and final book ib a series called unchained shadows the fmc has a harem of 4 and she has a mission to align the realms. She insist she's not a hero she's just doing this to make sure her men are safe, since they continue to be threatened by a mad man who wants to use her powers","Sometimes using technology can be a challenge. You search for one thing that leads to another and then you find yourself going down ""the rabbit hole "" where we've all found ourselves but don't freat as this same technology can help you maintain a close relationship with family and friends even if your not in the same state or country. If your life me then family is everything and sending little messages to family and friends ro let them know your thinking of them is one of the best ways to put some peep in their step. Staying connected through video chats helps maintain a sort of certainty that they're good.","Give report to oncoming nurse, clock out",Na,Na,Na,Na,Na,Na,Na,Na,Na,Na,Na,Clock in and get Report ,Pass night meds,"Pass night meds, check blood glucose levels and give short and long acting insulin depending on sliding scale ",Pass night meds,Pass night meds,Took a break ,"Collected meds from pharmacy, added narcs to narc draw and count sheet. ",Computer systems down ,Computer systems down ,"Dressing changes on 3 residents, foley cath care and flush","Pass morning meds, check blood glucose levels give long acting insulin ",Pass morning meds,3,5,4,Give dave one last chance to follow the treatment plan then discharge him if he doesn't comply,4,3,3,2,1,4,4,4,4,3,2,3,2,2,4,2,2,3,3,3,4,4,3,3,3,1,1,65,35,9,Geriatrics ,Registered Nurse ,9,,92,3,Associates in nursing ,1,36,,36,2,,3,,,5,4,4,2,3,Control,66374242-ddcd-58ef-68e7-ce8ccc371ed2,1,1,2,1,1,7,8,2,1,67,3,5,5,3,4,4,3,5,2,5,4,2,"Pt doesn't take care of ankle seriously and is non compliant with first regime of pain meds.
Started pt on a low dose of tramdol 50 MG po q6prn x7days then follow up with physician.
Recommend PT for the ankle if no further improvement"
2024-05-05 02:39:04,2024-05-05 04:03:22,0,100,5057,1,2024-05-05 04:03:22,R_6xMLS9Fiq6GKLsd,,,,,41.5066,-81.6111,anonymous,EN,1,3,,,,,,,,,,,"3,5,8",I use my kindle just about daily and sometimes if i don't read i feel a little frazzled. I use pandora and YouTube music Daily music is apart of my soul and id go a bit crazy without it.,"I use Kindle, YouTube and pandora, educational games for my toddler, social media platforms ","Now days wifi is more easily accessible so even if your phone is off you can still connect to the internet and do a video chat over Facebook, snapchat or Instagram your not as limited as you were back in the earlier 2000s","I've recently been doing zoom meetings regarding my toddler, who had high lead levels which can cause behavioral problems, speech delays and so on. My goal was to show how my toddler performs during daily play, their motor skills and cognitive levels. While the ladies in the group and I discussed things, the zoom video was towards my toddler so they could watch them play. Technology helped let My toddler be themselves in a known environment while the ladies could watch genuine interactions. ","Scrolling through social media, watching tik toks, playing  video games, reading books and listening to music ","Reading books, playing video games, looking through Pinecrest, looking for clothes I can never afford or have the shape for ","I'm reading the 4th and final book ib a series called unchained shadows the fmc has a harem of 4 and she has a mission to align the realms. She insist she's not a hero she's just doing this to make sure her men are safe, since they continue to be threatened by a mad man who wants to use her powers","Sometimes using technology can be a challenge. You search for one thing that leads to another and then you find yourself going down ""the rabbit hole "" where we've all found ourselves but don't freat as this same technology can help you maintain a close relationship with family and friends even if your not in the same state or country. If your life me then family is everything and sending little messages to family and friends ro let them know your thinking of them is one of the best ways to put some peep in their step. Staying connected through video chats helps maintain a sort of certainty that they're good.","Give report to oncoming nurse, clock out",Na,Na,Na,Na,Na,Na,Na,Na,Na,Na,Na,Clock in and get Report ,Pass night meds,"Pass night meds, check blood glucose levels and give short and long acting insulin depending on sliding scale ",Pass night meds,Pass night meds,Took a break ,"Collected meds from pharmacy, added narcs to narc draw and count sheet. ",Computer systems down ,Computer systems down ,"Dressing changes on 3 residents, foley cath care and flush","Pass morning meds, check blood glucose levels give long acting insulin ",Pass morning meds,3,5,4,Give dave one last chance to follow the treatment plan then discharge him if he doesn't comply,4,3,3,2,1,4,4,4,4,3,2,3,2,2,4,2,2,3,3,3,4,4,3,3,3,1,1,65,35,9,Geriatrics ,Registered Nurse ,9,,92,3,Associates in nursing ,1,36,,36,2,,3,,,5,4,4,2,3,Control,66374242-ddcd-58ef-68e7-ce8ccc371ed2,1,1,2,1,2,6,7,3,1.5,NA,5,5,3,4,3,5,4,4,1,3,3,5,"Pt is non compliant with treatment plan and seems to forget quite frequently. 
Recommend social services get involved 
Refer to another physician if he continues to remain non compliant "
2024-05-05 05:14:13,2024-05-05 05:32:59,0,100,1126,1,2024-05-05 05:33:00,R_2wOcyw08OeB6ndv,,,,,41.3625,-72.0449,anonymous,EN,1,3,,"9,3,5",I work around students who may may not have the best Home life. I try to treat them with respect and listen to them because I’m not sure how many people listen to them and they’re normal every day lives.,"You can learn about their culture and you learn why people respond the way they do how they interact with healthcare professionals, and certain ways, as well as what kind of practices are more or less likely to do when they get home based on their cultural identity",Patients are afraid of looking stupid or looking like they are not aware of what’s going on and Afraid to ask the questions cause they’re afraid of what the answers is going to be,"Their perspective and knowing it and being aware of it can make it easier for you to understand where they’re coming from and why they do the things that they do so you really need to come put yourself in your patience, shoes and see what’s going on to make yourself understand those",You can certainly understand the difficulties in the challenges that they face as well problems that may arisen that you are not aware of so it’s important to think of what the patient is going through as well,"The patients need to see that it’s not a us versus them situation and that we are working together toward common goals. They want to get better and we want to see them get better. Sometimes I need to see that perspective, especially as we’re trying to provide treatments or trying to enforce with the Dr has ordered and it’s all for their benefit in the end. We just need to make them see that.","Read about difficulties at patient experience you know not being a trusted, not being understood and their care","The current health system is a difficult place to be in right now, but with being a little more understanding, patient and being able to listen fully to your patience and who you’re taking care of, will make a big difference patience need to be heard understood and feel like there are in the best of care in order for outcomes to be positive ",,,,,,,,,,Came into work at 7:30. Try to get myself as organized as possible for the upcoming day.,Students are in school. I have a few minutes to give us a very of the day and we have a couple,"Continuing continuing with the visits phone calls have been made, and some parents have been called",More of the same with some meds being given as,Student visits. Continue have collaborated with some staff by this time.,Closing temporarily for an hour to manage most of our medication’s and take care of our diabetic students for lunch as well as having some students being,Continue to see students check narcotic count for the month for to make sure it is correct and continue to see students,Trying to finish up the last minute students in the office and I get to leave at 2:30,at home,at home,Not at work,Out not at work,Not at work,Not at work,Not at work,Not at work,Not at work,Not at work,Not at work,Not at work,Not at work,Not at work,Not at work,Not at work,5,5,4,Getting frustrated with Dave if it was bothering him so much then he would’ve done something about it,2,3,2,2,1,5,5,5,5,4,3,4,3,3,3,2,2,3,2,2,3,2,2,2,2,1,1,75,25,25,"Or,er",Rn,3,,62,3,BSN,1,7,,45,2,,1,,,5,2,4,2,2,Treatment,6637698b-1ca6-da3e-bbf9-1f11be3868d0,2,1,2,1,1,6,7,3,1.5,59,5,5,5,2,4,4,2,2,1,4,3,5,Dave has been noncompliant with his care this point and pain has not changed
2024-05-05 05:14:13,2024-05-05 05:32:59,0,100,1126,1,2024-05-05 05:33:00,R_2wOcyw08OeB6ndv,,,,,41.3625,-72.0449,anonymous,EN,1,3,,"9,3,5",I work around students who may may not have the best Home life. I try to treat them with respect and listen to them because I’m not sure how many people listen to them and they’re normal every day lives.,"You can learn about their culture and you learn why people respond the way they do how they interact with healthcare professionals, and certain ways, as well as what kind of practices are more or less likely to do when they get home based on their cultural identity",Patients are afraid of looking stupid or looking like they are not aware of what’s going on and Afraid to ask the questions cause they’re afraid of what the answers is going to be,"Their perspective and knowing it and being aware of it can make it easier for you to understand where they’re coming from and why they do the things that they do so you really need to come put yourself in your patience, shoes and see what’s going on to make yourself understand those",You can certainly understand the difficulties in the challenges that they face as well problems that may arisen that you are not aware of so it’s important to think of what the patient is going through as well,"The patients need to see that it’s not a us versus them situation and that we are working together toward common goals. They want to get better and we want to see them get better. Sometimes I need to see that perspective, especially as we’re trying to provide treatments or trying to enforce with the Dr has ordered and it’s all for their benefit in the end. We just need to make them see that.","Read about difficulties at patient experience you know not being a trusted, not being understood and their care","The current health system is a difficult place to be in right now, but with being a little more understanding, patient and being able to listen fully to your patience and who you’re taking care of, will make a big difference patience need to be heard understood and feel like there are in the best of care in order for outcomes to be positive ",,,,,,,,,,Came into work at 7:30. Try to get myself as organized as possible for the upcoming day.,Students are in school. I have a few minutes to give us a very of the day and we have a couple,"Continuing continuing with the visits phone calls have been made, and some parents have been called",More of the same with some meds being given as,Student visits. Continue have collaborated with some staff by this time.,Closing temporarily for an hour to manage most of our medication’s and take care of our diabetic students for lunch as well as having some students being,Continue to see students check narcotic count for the month for to make sure it is correct and continue to see students,Trying to finish up the last minute students in the office and I get to leave at 2:30,at home,at home,Not at work,Out not at work,Not at work,Not at work,Not at work,Not at work,Not at work,Not at work,Not at work,Not at work,Not at work,Not at work,Not at work,Not at work,5,5,4,Getting frustrated with Dave if it was bothering him so much then he would’ve done something about it,2,3,2,2,1,5,5,5,5,4,3,4,3,3,3,2,2,3,2,2,3,2,2,2,2,1,1,75,25,25,"Or,er",Rn,3,,62,3,BSN,1,7,,45,2,,1,,,5,2,4,2,2,Treatment,6637698b-1ca6-da3e-bbf9-1f11be3868d0,2,1,2,1,2,6,8,3,1.5,NA,5,5,4,3,3,5,3,3,2,4,3,5,Dave continues to be noncompliant with his care when asked if he’s been taking care of this at home he says it has “slipped his mind
2024-05-05 06:24:51,2024-05-05 06:35:26,0,100,634,1,2024-05-05 06:35:27,R_7yk1DSb5MRxtKXc,,,,,25.882,-80.2291,anonymous,EN,1,3,,,,,,,,,,,"2,4,6,7,8",I’m just going through my car now to pick it out so you guys could ,I’m just trying my best to get my head back in shape ,The only way I could do this would probably take about an hour ,The only way you will ever know the difference in your opinion of ,I’m just trying my luck with my new phone and I can’t find my charger ,I don’t know if I can do that but I can try and do that for ,I read about technology impact,I’m just trying my luck with my friends to see if they can help us with that because they don’t know if we’re coming to help or they want me and we have ,Ooo I love the color ,The only way you will ever ,I don’t know if I ,The only way you will ever ,I don’t know if I can do tty,How do I make my ,So you are a yyy,I’m just going through the same ,I’m going back to the ,But I eertty I’m ,Me reeee,Like the one in the ,,,,,,,I’m just going to go ahead with ,,,,,,6,3,6,I’m just trying my hardest to get my mind off things that ,8,4,4,2,1,4,5,2,4,4,5,3,2,4,4,4,4,3,3,2,4,5,3,2,2,1,1,70,30,6,Rn,RN,6,,75,4,Masters,1,10,,36,2,,4,,,7,,6,3,2,Control,66377a62-c1a3-149a-b58c-d13d1d9991ec,3,1,4,2,1,4,8,4,2,24,4,1,5,5,,4,2,1,2,,5,4,I have to be honest with myself about that because it seems that you don’t know how 
2024-05-05 06:24:51,2024-05-05 06:35:26,0,100,634,1,2024-05-05 06:35:27,R_7yk1DSb5MRxtKXc,,,,,25.882,-80.2291,anonymous,EN,1,3,,,,,,,,,,,"2,4,6,7,8",I’m just going through my car now to pick it out so you guys could ,I’m just trying my best to get my head back in shape ,The only way I could do this would probably take about an hour ,The only way you will ever know the difference in your opinion of ,I’m just trying my luck with my new phone and I can’t find my charger ,I don’t know if I can do that but I can try and do that for ,I read about technology impact,I’m just trying my luck with my friends to see if they can help us with that because they don’t know if we’re coming to help or they want me and we have ,Ooo I love the color ,The only way you will ever ,I don’t know if I ,The only way you will ever ,I don’t know if I can do tty,How do I make my ,So you are a yyy,I’m just going through the same ,I’m going back to the ,But I eertty I’m ,Me reeee,Like the one in the ,,,,,,,I’m just going to go ahead with ,,,,,,6,3,6,I’m just trying my hardest to get my mind off things that ,8,4,4,2,1,4,5,2,4,4,5,3,2,4,4,4,4,3,3,2,4,5,3,2,2,1,1,70,30,6,Rn,RN,6,,75,4,Masters,1,10,,36,2,,4,,,7,,6,3,2,Control,66377a62-c1a3-149a-b58c-d13d1d9991ec,3,1,4,2,2,2,5,6,3,77,3,5,4,2,1,4,5,2,1,3,5,2,I’m just trying my hardest to get the right person in my situation 
2024-05-05 06:14:48,2024-05-05 07:03:08,0,100,2899,1,2024-05-05 07:03:08,R_3N2058EAWlCGR4N,,,,,30.3608,-91.0917,anonymous,EN,1,3,,"9,4",Empathy is my most natural trait. It helps me to focus on the patients perspective and keeps my care patient centered to ensure a posotove patient response no matter what prognosis is given. ,It allows for understanding to better provided personalized treatment plans.,They don't want to waste the nurses time and think they're a burden.,It makes a difference to provide relief of symptoms but it's even better when you motivate and support a better quality of life.,It males the patient care personal to their recovery and it gives them a sense of security that someone is watching out for them while they focus on their recovery.,They trust me more and open up with sharing their true feelings and concerns.,Building rapport with the patient to provide personalized treatment.,Stay humble in the role so you can always lead with an open heart for Jesus's healing hands to work through you. Be approachable and encourage conversations with your patients. Be more comfortable in your patients room than the nurses station so every patient care interaction is a retreat from the monotonous work chores. ,,,,,,,,,,,,,,,,,,,,,,,,Assist with patient discharge,Start IVF and cbg check,Transport patient via stretcher to admit room,Restock med room supplies,Received report from nurse ending his shift,Give report to EMT for transport of patient to another hospital,New ER patient workup,End of shift,,,1,1,4,Reassess with CT or MRI. Referring to physical therapy or orthopedic. Reasses compliance with medicarions.,5,4,3,2,1,4,3,4,3,4,4,4,5,5,5,2,2,2,2,1,1,1,1,1,1,1,1,50,50,13,Emergency Department ,RN,7,,72,3,Associates Degree,1,19,,38,2,,1,,,7,4,6,1,3,Treatment,66377543-8f93-5f14-94ee-34f28b22dcc2,2,2,3,2,1,5,6,4,2,64,1,1,5,1,5,1,1,1,4,5,4,5,"Unrelieved pain mgmt of right ankle pain with initially mild narcotic pain prescriptions. Increased dosage for pain mgmt. Strongly encouraged patient to rest, ice and compression for added healing benefits. Discussed risks associated with poor healing and longer duration of symptoms if patient does not attempt to follow care instructions. "
2024-05-05 06:14:48,2024-05-05 07:03:08,0,100,2899,1,2024-05-05 07:03:08,R_3N2058EAWlCGR4N,,,,,30.3608,-91.0917,anonymous,EN,1,3,,"9,4",Empathy is my most natural trait. It helps me to focus on the patients perspective and keeps my care patient centered to ensure a posotove patient response no matter what prognosis is given. ,It allows for understanding to better provided personalized treatment plans.,They don't want to waste the nurses time and think they're a burden.,It makes a difference to provide relief of symptoms but it's even better when you motivate and support a better quality of life.,It males the patient care personal to their recovery and it gives them a sense of security that someone is watching out for them while they focus on their recovery.,They trust me more and open up with sharing their true feelings and concerns.,Building rapport with the patient to provide personalized treatment.,Stay humble in the role so you can always lead with an open heart for Jesus's healing hands to work through you. Be approachable and encourage conversations with your patients. Be more comfortable in your patients room than the nurses station so every patient care interaction is a retreat from the monotonous work chores. ,,,,,,,,,,,,,,,,,,,,,,,,Assist with patient discharge,Start IVF and cbg check,Transport patient via stretcher to admit room,Restock med room supplies,Received report from nurse ending his shift,Give report to EMT for transport of patient to another hospital,New ER patient workup,End of shift,,,1,1,4,Reassess with CT or MRI. Referring to physical therapy or orthopedic. Reasses compliance with medicarions.,5,4,3,2,1,4,3,4,3,4,4,4,5,5,5,2,2,2,2,1,1,1,1,1,1,1,1,50,50,13,Emergency Department ,RN,7,,72,3,Associates Degree,1,19,,38,2,,1,,,7,4,6,1,3,Treatment,66377543-8f93-5f14-94ee-34f28b22dcc2,2,2,3,2,2,4,5,5,2.5,98,2,3,2,4,5,2,1,3,2,5,3,1,"Patient reports unrelieved pain despite increased in pain medication strength and dosages. Verbalized lack of compliance with treatment plan due to ""slipping his mind"". "
2024-05-05 06:52:20,2024-05-05 07:12:06,0,100,1185,1,2024-05-05 07:12:06,R_7CPSUflT5FRB0yz,,,,,43.0475,-87.8964,anonymous,EN,1,3,,"9,4,5",You have to understand others,So that you’re coming from a place of understanding them so you can know how to exactly help them,You can’t help anyone who doesn’t trust you so it’s important not to lie to them or deceive them,It’s important you have a good relationship with your client because they’ll listen to you and adhere to your advice if you guys get along well,It makes them feel as though you’re on their side and you support their concern and the will to help them as well,Some come with success stories ,Ethical Patient care in the medical field like trust and empathy,When working with patients always be empathetic because you never know what someone is going through,,,,,,,,,,Clocked in,Passed meds,Documented patient vitals,Dressed and cleaned wounds,Passed meds,Helped with feeding patients,Documented patient vitals ,Clocked out,Home,Home,Home,Home,Home,Home,Home,Home,Home,Home,Home,Home,Home,Home,Home,Getting ready for work,6,6,7,Prescribe him medication ,5,1,5,3,1,5,1,5,1,4,4,4,4,4,4,1,1,1,1,1,1,1,1,1,1,1,1,50,50,11,Nurse,Registered Nurse,11,,78,3,Associates ,1,36,,25,2,,3,,,8,7,5,4,4,Treatment,66378098-7b5c-10ff-1793-c3fff07a2e8f,2,1,2,1,1,6,7,3,1.5,100,5,5,5,1,5,1,1,1,3,5,3,1,Please take the prescribed medication to help with pain
2024-05-05 06:52:20,2024-05-05 07:12:06,0,100,1185,1,2024-05-05 07:12:06,R_7CPSUflT5FRB0yz,,,,,43.0475,-87.8964,anonymous,EN,1,3,,"9,4,5",You have to understand others,So that you’re coming from a place of understanding them so you can know how to exactly help them,You can’t help anyone who doesn’t trust you so it’s important not to lie to them or deceive them,It’s important you have a good relationship with your client because they’ll listen to you and adhere to your advice if you guys get along well,It makes them feel as though you’re on their side and you support their concern and the will to help them as well,Some come with success stories ,Ethical Patient care in the medical field like trust and empathy,When working with patients always be empathetic because you never know what someone is going through,,,,,,,,,,Clocked in,Passed meds,Documented patient vitals,Dressed and cleaned wounds,Passed meds,Helped with feeding patients,Documented patient vitals ,Clocked out,Home,Home,Home,Home,Home,Home,Home,Home,Home,Home,Home,Home,Home,Home,Home,Getting ready for work,6,6,7,Prescribe him medication ,5,1,5,3,1,5,1,5,1,4,4,4,4,4,4,1,1,1,1,1,1,1,1,1,1,1,1,50,50,11,Nurse,Registered Nurse,11,,78,3,Associates ,1,36,,25,2,,3,,,8,7,5,4,4,Treatment,66378098-7b5c-10ff-1793-c3fff07a2e8f,2,1,2,1,2,6,7,3,1.5,100,3,5,5,1,5,1,1,1,1,5,1,1,Take the medication assigned by the new doctor he has
2024-05-05 06:37:11,2024-05-05 07:15:49,0,100,2318,1,2024-05-05 07:15:50,R_2RjU5QHBPtexM53,,,,,39.2051,-85.9324,anonymous,EN,1,3,,"9,5",I need to truly have empathy for my patients and listen to their concerns. ,"I have found that when we, as Healthcare workers, explain things to patients they do not often hear or mishear what was said. This can cause issues.",They often feel that the doctor is too important or in a hurry to answer their questions. ,I get to set down with my patients in their home to get a better perspective of their lives and see them in person. This really helps understand where they come from.,They feel that I am another advocate for their care and will reach out to me for help.,We talk together about a goal for my care and work on it together.,I read about including patients in their care and treatment. ,I work as a Transitional Care Nurse and offer a program to visit patients at home after a hospital stay to discuss medications and follow-up appointments. I meet these people at home and get a sense of their environment and any help they have. This gives me a different insight into some of their strengths and struggles. I encourage you to adopt a similar program to help you patients. ,,,,,,,,,,Log in to my computer to work from home,Organize my liston people to call and complete any charting from the day before.,Call patients and schedule home visits,Schedule visits,Call to confirm home visits ,Complete home visits,Home visits ,Home visits ,Return calls from earlier and clock out.,,,,,,,,,,,,,,,,2,2,5,I would discuss with Dave why it is important to do what i ask and delve into why he has not followed my recommendations. ,5,2,4,2,1,4,3,4,4,4,4,5,3,3,4,2,2,1,2,1,1,1,1,1,1,0,1,50,50,14,Transitional Care ,RN,3,,16,3,BSN,1,15,,50,2,,1,,,7,7,6,1,1,Treatment,66377c34-47bf-7c21-8886-51e22892fec3,2,1,2,1,1,6,7,3,1.5,49,4,4,3,2,5,2,2,2,3,4,4,4,"Ankle injury 
Tried Tylenol and rest with little improvement 
Will try stronger opioid. "
2024-05-05 06:37:11,2024-05-05 07:15:49,0,100,2318,1,2024-05-05 07:15:50,R_2RjU5QHBPtexM53,,,,,39.2051,-85.9324,anonymous,EN,1,3,,"9,5",I need to truly have empathy for my patients and listen to their concerns. ,"I have found that when we, as Healthcare workers, explain things to patients they do not often hear or mishear what was said. This can cause issues.",They often feel that the doctor is too important or in a hurry to answer their questions. ,I get to set down with my patients in their home to get a better perspective of their lives and see them in person. This really helps understand where they come from.,They feel that I am another advocate for their care and will reach out to me for help.,We talk together about a goal for my care and work on it together.,I read about including patients in their care and treatment. ,I work as a Transitional Care Nurse and offer a program to visit patients at home after a hospital stay to discuss medications and follow-up appointments. I meet these people at home and get a sense of their environment and any help they have. This gives me a different insight into some of their strengths and struggles. I encourage you to adopt a similar program to help you patients. ,,,,,,,,,,Log in to my computer to work from home,Organize my liston people to call and complete any charting from the day before.,Call patients and schedule home visits,Schedule visits,Call to confirm home visits ,Complete home visits,Home visits ,Home visits ,Return calls from earlier and clock out.,,,,,,,,,,,,,,,,2,2,5,I would discuss with Dave why it is important to do what i ask and delve into why he has not followed my recommendations. ,5,2,4,2,1,4,3,4,4,4,4,5,3,3,4,2,2,1,2,1,1,1,1,1,1,0,1,50,50,14,Transitional Care ,RN,3,,16,3,BSN,1,15,,50,2,,1,,,7,7,6,1,1,Treatment,66377c34-47bf-7c21-8886-51e22892fec3,2,1,2,1,2,5,8,3,1.5,61,4,4,4,3,5,2,2,2,2,4,4,2,"New meds pressed.
No improvement 
States he has not been following prescribed regime. "
2024-05-05 07:08:44,2024-05-05 08:20:01,0,100,4277,1,2024-05-05 08:20:03,R_3UgXCDLFEKMNc80,,,,,39.9758,-83.12,anonymous,EN,1,3,,"7,9,5","It is importance to treat the whole person. No one is cut from a cookie cutter mold, so healthcare/nursing care should not be as such. If you don’t get to know your patients and their circumstances then you can’t really treat or help them. For instance, what is their home life like. Is Joe a single dad taking care of his two teenagers and his employer paid insurance deductible is so high that he is still paying out of pocket of his medications. This person is not going to buy expensive new prescriptions if that means he can’t put food on the table for his kids, but the nurse won’t know that if they don’t get to know their patient. ","If you don’t understand the patient and their circumstances then you won’t fully understand the patient. If a patient has to choose between feeding their children or paying for a medication most will choose their children. This does not make the a bad patient, rather they are a good parent in a tough position. As nurses we should be prepared to help them find community resources and help them to navigate our broken healthcare system. ",Patients are hesitant to ask questions to their providers because they say they don’t listen to them. ,"I am an advocate of telehealth appointments. I believe you have to meet a patient where they are at. If a person travels for their job or if they are immobile and can’t get to the doctors office, but still need care, so let’s see them the best way we can, telehealth is the perfect option for this. ",If a patient feels understood then they are more apt to follow their treatment plan. ,"Very beneficial! I use a lot of what I hear you saying is, and can I do this for you, and what can we do together statements. ",This is the only thing I have read so far today. ,"Welcome to healthcare! Now forget everything you were “taught” about interacting with a patient. 
Patients are not all the same, so don’t treat them that way. Everyone deserves to be looked at individually and listened to, no two people are alike. Think about it, if you have a sibling, I’m sure you hate being told you are just like so and so. If you don’t have a sibling ask sunshine that does. 
In order to earn a patients respect and trust, learn about their home life. This will tell you everything you need to know; I.E. can they afford this expensive meds the drug reps push on you, can they afford labs every 3 months or can some be done every 6, do they have transportation, do they have to choose food over meds. 
Good luck",,,,,,,,,,0,1,1,1,1,1,1,1,1,1,1,0,0,0,0,0,0,0,0,0,0,0,0,0,1,1,2,Discuss barriers to treatment ,4,4,3,2,1,5,5,5,5,5,5,5,5,5,5,1,4,2,4,1,1,1,1,1,1,1,1,50,50,33,Transitional Care,RN Transitional Care Case Manager,7,,100,3,BSN,1,36,,55,2,,1,,,7,2,7,3,4,Treatment,663782f8-ae64-4e8d-cc0c-348e763a34c2,2,1,2,1,1,6,7,3,1.5,9,4,3,5,1,5,1,1,1,3,5,3,5,"Dave presents with non-displaced fx to ankle, he has not been able to fu with ortho as suggested. Medication refilled, homeopathic suggestions for pain reviewed. Discussed barriers to follow up appointment discussed. Educated on importance of ortho follow up. Continue non weight bearing status. "
2024-05-05 07:08:44,2024-05-05 08:20:01,0,100,4277,1,2024-05-05 08:20:03,R_3UgXCDLFEKMNc80,,,,,39.9758,-83.12,anonymous,EN,1,3,,"7,9,5","It is importance to treat the whole person. No one is cut from a cookie cutter mold, so healthcare/nursing care should not be as such. If you don’t get to know your patients and their circumstances then you can’t really treat or help them. For instance, what is their home life like. Is Joe a single dad taking care of his two teenagers and his employer paid insurance deductible is so high that he is still paying out of pocket of his medications. This person is not going to buy expensive new prescriptions if that means he can’t put food on the table for his kids, but the nurse won’t know that if they don’t get to know their patient. ","If you don’t understand the patient and their circumstances then you won’t fully understand the patient. If a patient has to choose between feeding their children or paying for a medication most will choose their children. This does not make the a bad patient, rather they are a good parent in a tough position. As nurses we should be prepared to help them find community resources and help them to navigate our broken healthcare system. ",Patients are hesitant to ask questions to their providers because they say they don’t listen to them. ,"I am an advocate of telehealth appointments. I believe you have to meet a patient where they are at. If a person travels for their job or if they are immobile and can’t get to the doctors office, but still need care, so let’s see them the best way we can, telehealth is the perfect option for this. ",If a patient feels understood then they are more apt to follow their treatment plan. ,"Very beneficial! I use a lot of what I hear you saying is, and can I do this for you, and what can we do together statements. ",This is the only thing I have read so far today. ,"Welcome to healthcare! Now forget everything you were “taught” about interacting with a patient. 
Patients are not all the same, so don’t treat them that way. Everyone deserves to be looked at individually and listened to, no two people are alike. Think about it, if you have a sibling, I’m sure you hate being told you are just like so and so. If you don’t have a sibling ask sunshine that does. 
In order to earn a patients respect and trust, learn about their home life. This will tell you everything you need to know; I.E. can they afford this expensive meds the drug reps push on you, can they afford labs every 3 months or can some be done every 6, do they have transportation, do they have to choose food over meds. 
Good luck",,,,,,,,,,0,1,1,1,1,1,1,1,1,1,1,0,0,0,0,0,0,0,0,0,0,0,0,0,1,1,2,Discuss barriers to treatment ,4,4,3,2,1,5,5,5,5,5,5,5,5,5,5,1,4,2,4,1,1,1,1,1,1,1,1,50,50,33,Transitional Care,RN Transitional Care Case Manager,7,,100,3,BSN,1,36,,55,2,,1,,,7,2,7,3,4,Treatment,663782f8-ae64-4e8d-cc0c-348e763a34c2,2,1,2,1,2,6,7,3,1.5,12,5,4,5,1,5,3,3,3,3,5,3,5,Patient has not followed up as planned. Barriers to treatment discussed. Patient states he will follow up as directed by our next follow up. 
2024-05-05 01:14:15,2024-05-05 08:35:52,0,100,26496,1,2024-05-05 08:35:52,R_7ql0mlLcKx5JHZH,,,,,45.7126,-122.6239,anonymous,EN,1,3,,,,,,,,,,,5,Fun keyring on headphone,Phone xfinity computer,Yes that is shad technology did,To communicate,To communicate. Across the room. Across the world ,Texting. Looking at online posts,I read what you wrote about today online,Lookout for stranger danger online. Don't give out personal information. Be cautious. Have fun. ,Ok,Ok,On,Wowing,Work,Work,Work,Work,Work,Work,Work,Work,Work ,Sleeping,Ok,Ok,On,In,On,Ok,In,On,On,M,3,5,7,Physical therapy,6,3,4,2,1,5,5,5,5,4,1,4,3,4,4,2,2,2,2,3,2,2,2,2,1,1,1,50,50,15,Urgent care,Lpn,6,,91,3,BA,1,12,,38,2,,1,,,7,4,4,3,3,Control,663730f2-9fa5-e0fa-ec8c-48b110629548,2,1,2,1,1,5,8,3,1.5,49,4,4,4,3,4,3,3,3,2,5,4,2,Spain. Pain isn't improving. Needs education
2024-05-05 01:14:15,2024-05-05 08:35:52,0,100,26496,1,2024-05-05 08:35:52,R_7ql0mlLcKx5JHZH,,,,,45.7126,-122.6239,anonymous,EN,1,3,,,,,,,,,,,5,Fun keyring on headphone,Phone xfinity computer,Yes that is shad technology did,To communicate,To communicate. Across the room. Across the world ,Texting. Looking at online posts,I read what you wrote about today online,Lookout for stranger danger online. Don't give out personal information. Be cautious. Have fun. ,Ok,Ok,On,Wowing,Work,Work,Work,Work,Work,Work,Work,Work,Work ,Sleeping,Ok,Ok,On,In,On,Ok,In,On,On,M,3,5,7,Physical therapy,6,3,4,2,1,5,5,5,5,4,1,4,3,4,4,2,2,2,2,3,2,2,2,2,1,1,1,50,50,15,Urgent care,Lpn,6,,91,3,BA,1,12,,38,2,,1,,,7,4,4,3,3,Control,663730f2-9fa5-e0fa-ec8c-48b110629548,2,1,2,1,2,6,8,3,1.5,59,4,4,4,3,,5,2,2,3,5,3,2,No improvement in pain. Poor treatment. Needs Education 
2024-05-05 08:45:04,2024-05-05 09:11:43,0,100,1599,1,2024-05-05 09:11:44,R_1i8wkGrFqBqHLhV,,,,,36.5491,-82.5584,anonymous,EN,1,3,,"9,5","Empathy is important to me because for many patients this is a nerve wracking and scary time. If I can make the situation a little less scary, I feel I am doing a good job. ","It is important because if we can understand their perspective, we can better gain their trust when we establish a relationship and rapport with them. ","They may be anxious or hesitate to ask questions because they feel they may be ridiculed, judged, or their questions may seem stupid. ",Understanding a patients’ perspectives may have a positive influence on my recommendations because I may be able to better understand where they’re coming from and how likely they are to adhere to certain recommendations.,"If we know a patients’ perspective we can compromise a better tailored plan for that specific patient based on their perspective, one that they may better adhere to.",If they feel they are part of their care plan they are more likely to adhere to the plan.,I read about patient and provider relationships and how to tailor their plan of care.,"Welcome to the world of healthcare! This is the most rewarding career, but not without challenges, as with any career. It is important to put yourself in the shoes of the patient and remain empathetic when establishing rapport and compromising a plan of care. Patients are better likely to adhere to the plan of care when they feel they are validated and involved. ",,,,,,,,,,"Arrive, assemble supplies for shift, begin getting patients ready for procedures. ",Get patients ready for procedures. ,Continue getting patients ready for procedures. ,Continue getting patients ready for procedures. ,Lunch,Preadmission phone calls to assess history and give arrival time and instructions.,Preadmission calls continue.,Preadmission calls continue.,Clean up and leave. ,,,,,,,,,,,,,,,,4,3,6,I would not write a refill of pain medication. I would dismiss him from my practice if he can not adhere to the plan.,1,2,2,2,1,3,3,3,3,4,4,4,4,4,4,1,1,1,1,2,2,2,2,2,2,0,0,50,50,11,Outpatient Surgery,Registered Nurse,9,,90,3,Associates degree ,1,44,,32,2,,1,,,7,7,6,3,2,Treatment,66379a7f-ae0c-a656-c13d-866febabf935,2,1,2,1,1,5,7,3,1.5,57,5,5,5,1,5,4,3,2,2,4,3,1,"Take medication as prescribed. If pain does not improve, call office. Can alternate heat and ice. Elevate extremity when at rest to reduce any swelling. Call if any signs of redness or swelling, or if fever occur."
2024-05-05 08:45:04,2024-05-05 09:11:43,0,100,1599,1,2024-05-05 09:11:44,R_1i8wkGrFqBqHLhV,,,,,36.5491,-82.5584,anonymous,EN,1,3,,"9,5","Empathy is important to me because for many patients this is a nerve wracking and scary time. If I can make the situation a little less scary, I feel I am doing a good job. ","It is important because if we can understand their perspective, we can better gain their trust when we establish a relationship and rapport with them. ","They may be anxious or hesitate to ask questions because they feel they may be ridiculed, judged, or their questions may seem stupid. ",Understanding a patients’ perspectives may have a positive influence on my recommendations because I may be able to better understand where they’re coming from and how likely they are to adhere to certain recommendations.,"If we know a patients’ perspective we can compromise a better tailored plan for that specific patient based on their perspective, one that they may better adhere to.",If they feel they are part of their care plan they are more likely to adhere to the plan.,I read about patient and provider relationships and how to tailor their plan of care.,"Welcome to the world of healthcare! This is the most rewarding career, but not without challenges, as with any career. It is important to put yourself in the shoes of the patient and remain empathetic when establishing rapport and compromising a plan of care. Patients are better likely to adhere to the plan of care when they feel they are validated and involved. ",,,,,,,,,,"Arrive, assemble supplies for shift, begin getting patients ready for procedures. ",Get patients ready for procedures. ,Continue getting patients ready for procedures. ,Continue getting patients ready for procedures. ,Lunch,Preadmission phone calls to assess history and give arrival time and instructions.,Preadmission calls continue.,Preadmission calls continue.,Clean up and leave. ,,,,,,,,,,,,,,,,4,3,6,I would not write a refill of pain medication. I would dismiss him from my practice if he can not adhere to the plan.,1,2,2,2,1,3,3,3,3,4,4,4,4,4,4,1,1,1,1,2,2,2,2,2,2,0,0,50,50,11,Outpatient Surgery,Registered Nurse,9,,90,3,Associates degree ,1,44,,32,2,,1,,,7,7,6,3,2,Treatment,66379a7f-ae0c-a656-c13d-866febabf935,2,1,2,1,2,5,7,3,1.5,77,5,5,5,1,5,5,4,4,1,4,2,5,"After the third follow up visit, patient admitted, for the third time he has not been implementing any of the planned interventions for care at home, and pain has been getting worse. "
2024-05-05 08:03:16,2024-05-05 09:35:17,0,100,5520,1,2024-05-05 09:35:18,R_51gupDiBPmJChiR,,,,,44.9618,-93.2638,anonymous,EN,1,3,,"9,2",Patients need more than the small segment of help they get in medical care. There is a wide range of needs outside just out part.,"There needs to be an understanding of the patient to understand the full circumstance as an individual. If everyone is understood the same way, something will be missed. Just because the last patient may have been worried about issues not urgent doesn’t mean the next patient is the same. The perspective meets them where they are at.","'-the provider cuts them off or gives energy that they already know the answer
-past history of being minimized
-trust issues","Sometimes patient already research to convene with a plan. When they show that they are bringing thought to the plan, it shows intent and commitment.","Acknowledging their perspective enhances trustful relationship. If they feel trusted, there recovery will be with less stress which lengthens recovery",It shows team effort.,Interaction between patient and doctor,"Please understand that you are a team member in the patients life. You are not above them, you are with them. Understand that they put trust in you. It is your responsibility to keep that trust by open communication, understanding them as an individual. If there js question, the patient can clarify.

Each patient has their own history which influences their thoughts. Please listen and acknowledge there is a lot that you don’t know. There is a lot they don’t know. This is why you meet.

I watch doctors treat people the same from patient to patient.. they tend to pass the feelings of the difficult patient onto the next patient. Don’t become desensitized.

Here is an example, I rarely go to the doctor. I went to the express clinic because I could not breath. I was told it was muscle skeletal. He didn’t listen. And to add, assessment documented did not happen.

Tuesday I called my regular doctor and got in Wednesday am. He didn’t listen. He called me anxiety. He sent me chiropractor later that day. At this time, I was defeated.

Back to the chiropractor on Friday. He listened and understood. He sent me back to a different doctor and through testing, I was diagnosed with bilateral pulmonary embolism that were extremely close to irreversible damage.

It took 2 desensitized providers to get me to the chiropractor that listened. The chiropractor listened and trusted. He sent me to a provider he knew would listen. There was zero reason for me to be called anxiety. I don’t go to the doctor. I didn’t create their minimization and desensitization. They CHOSE to pass that along. And being a nurse, I lost trust. The minimization caused by desensitization nearly caused my life. 

To new doctors- patients come in as individuals. They don’t come as a whole group of your past challenging patients. Hear your patients and listen to your patients. If for no other reason, do it because it’s your job. Yes, you are in an elite field. Yes, you make the calls. But also know, yes, you can make errors. When the patient (like myself) link errors to simple communication, the error becomes more. 

As a nurse and as a patient, I will not trust the early providers. Not because they made an error but because prior to the error, they didn’t see me as a person. The damage in relationship can’t be replaced",,,,,,,,,,,Day plan with coworker. ,Communication between pt and provider via phone and portal,Continues care plan/ response to patients,Meet with ot- health care olan goal,Lunch,Suicidal patient talk down,Same ,Same,Collaborate ,Call post hospital patients check on,,,,,,,,,,,,,,1,1,7,Recommend being assessed in person as may need tests,5,3,4,2,1,5,5,4,4,5,5,5,3,5,5,2,1,2,3,2,2,3,3,1,1,1,1,20,80,17,"Was OB, now mental health outpatient",Health coach rn,3,,90,3,Assoc rn,1,35,,49,2,,1,,,7,5,5,2,3,Treatment,66379011-90af-efc9-d4ca-a1d31c3e1797,2,1,2,2,1,6,7,3,1.5,65,4,4,5,3,5,5,4,4,2,5,3,1,"Recheck with dave showed no change in pain, however did not follow recommendations. Will continue medication management. If recheck recommendations are not followed, will recommend in person appointment."
2024-05-05 08:03:16,2024-05-05 09:35:17,0,100,5520,1,2024-05-05 09:35:18,R_51gupDiBPmJChiR,,,,,44.9618,-93.2638,anonymous,EN,1,3,,"9,2",Patients need more than the small segment of help they get in medical care. There is a wide range of needs outside just out part.,"There needs to be an understanding of the patient to understand the full circumstance as an individual. If everyone is understood the same way, something will be missed. Just because the last patient may have been worried about issues not urgent doesn’t mean the next patient is the same. The perspective meets them where they are at.","'-the provider cuts them off or gives energy that they already know the answer
-past history of being minimized
-trust issues","Sometimes patient already research to convene with a plan. When they show that they are bringing thought to the plan, it shows intent and commitment.","Acknowledging their perspective enhances trustful relationship. If they feel trusted, there recovery will be with less stress which lengthens recovery",It shows team effort.,Interaction between patient and doctor,"Please understand that you are a team member in the patients life. You are not above them, you are with them. Understand that they put trust in you. It is your responsibility to keep that trust by open communication, understanding them as an individual. If there js question, the patient can clarify.

Each patient has their own history which influences their thoughts. Please listen and acknowledge there is a lot that you don’t know. There is a lot they don’t know. This is why you meet.

I watch doctors treat people the same from patient to patient.. they tend to pass the feelings of the difficult patient onto the next patient. Don’t become desensitized.

Here is an example, I rarely go to the doctor. I went to the express clinic because I could not breath. I was told it was muscle skeletal. He didn’t listen. And to add, assessment documented did not happen.

Tuesday I called my regular doctor and got in Wednesday am. He didn’t listen. He called me anxiety. He sent me chiropractor later that day. At this time, I was defeated.

Back to the chiropractor on Friday. He listened and understood. He sent me back to a different doctor and through testing, I was diagnosed with bilateral pulmonary embolism that were extremely close to irreversible damage.

It took 2 desensitized providers to get me to the chiropractor that listened. The chiropractor listened and trusted. He sent me to a provider he knew would listen. There was zero reason for me to be called anxiety. I don’t go to the doctor. I didn’t create their minimization and desensitization. They CHOSE to pass that along. And being a nurse, I lost trust. The minimization caused by desensitization nearly caused my life. 

To new doctors- patients come in as individuals. They don’t come as a whole group of your past challenging patients. Hear your patients and listen to your patients. If for no other reason, do it because it’s your job. Yes, you are in an elite field. Yes, you make the calls. But also know, yes, you can make errors. When the patient (like myself) link errors to simple communication, the error becomes more. 

As a nurse and as a patient, I will not trust the early providers. Not because they made an error but because prior to the error, they didn’t see me as a person. The damage in relationship can’t be replaced",,,,,,,,,,,Day plan with coworker. ,Communication between pt and provider via phone and portal,Continues care plan/ response to patients,Meet with ot- health care olan goal,Lunch,Suicidal patient talk down,Same ,Same,Collaborate ,Call post hospital patients check on,,,,,,,,,,,,,,1,1,7,Recommend being assessed in person as may need tests,5,3,4,2,1,5,5,4,4,5,5,5,3,5,5,2,1,2,3,2,2,3,3,1,1,1,1,20,80,17,"Was OB, now mental health outpatient",Health coach rn,3,,90,3,Assoc rn,1,35,,49,2,,1,,,7,5,5,2,3,Treatment,66379011-90af-efc9-d4ca-a1d31c3e1797,2,1,2,2,2,5,6,4,2,60,4,4,5,3,5,5,4,3,5,5,3,1,"Recommendations not followed as patient forgot. If continued lack of follow through, will recommend follow-up with pcp or other provider in person"
2024-05-05 09:39:55,2024-05-05 09:52:54,0,100,779,1,2024-05-05 09:52:54,R_3lzaI4iLdvOaH4l,,,,,45.5645,-122.6447,anonymous,EN,1,1,,,,,,,,,,,"1,2,5,6,7,8",Nothing to say about it right now at the moment.,I check my emails and social media.,Nothing to say about it right now at the moment.,Nothing to say about it right now at the moment.,Nothing to say about it ,I go on music apps and watch videos.,Technology ,I really don't have any thing to say right now at the moment.,,Good ,Good ,Great ,Good ,Good ,Great ,Good ,Good ,Good ,Good ,,,,,,,,,,,,,,2,3,4,Nothing to say about it ,4,3,5,2,1,3,3,3,3,3,4,2,2,3,2,2,3,2,3,2,3,2,2,2,2,1,1,100,0,25,Internal medicine ,MD ,21,,76,4,MD ,1,38,,48,2,,3,,,8,4,7,4,4,Control,6637a780-5b5f-668c-ab09-d3d193f73a2b,4,3,2,2,1,2,3,7,3.5,67,3,3,5,3,3,2,2,2,3,4,3,3,Nothing to say about it right now at the moment.
2024-05-05 09:39:55,2024-05-05 09:52:54,0,100,779,1,2024-05-05 09:52:54,R_3lzaI4iLdvOaH4l,,,,,45.5645,-122.6447,anonymous,EN,1,1,,,,,,,,,,,"1,2,5,6,7,8",Nothing to say about it right now at the moment.,I check my emails and social media.,Nothing to say about it right now at the moment.,Nothing to say about it right now at the moment.,Nothing to say about it ,I go on music apps and watch videos.,Technology ,I really don't have any thing to say right now at the moment.,,Good ,Good ,Great ,Good ,Good ,Great ,Good ,Good ,Good ,Good ,,,,,,,,,,,,,,2,3,4,Nothing to say about it ,4,3,5,2,1,3,3,3,3,3,4,2,2,3,2,2,3,2,3,2,3,2,2,2,2,1,1,100,0,25,Internal medicine ,MD ,21,,76,4,MD ,1,38,,48,2,,3,,,8,4,7,4,4,Control,6637a780-5b5f-668c-ab09-d3d193f73a2b,4,3,2,2,2,5,6,4,2,42,3,3,3,3,3,3,3,3,3,3,3,3,Nothing to say about it 
2024-05-05 09:30:42,2024-05-05 09:56:53,0,100,1570,1,2024-05-05 09:56:54,R_2WNMoexdvTHb0Ah,,,,,33.5038,-112.0253,anonymous,EN,1,5,,"7,5,6","I want to be able to treat all patients, no matter what their background might be. I want to continue doing my work to help the community decrease the disease burden. ",I need to find out information about my patients in order to make sure we are doing the correct testing and treatments for them. Also to find out what their possible risk factors are to get them treatment that will help prevent infections.,"They do not trust healthcare providers because they are worried about being judged, they also just do not know much about their general health in the first place and need guidance. A lot of times they do not know how to ask for the help that they need. Or they are more worried about their drug use and that they are going to get in trouble for that. ",It sometimes shows me what my patients are thinking and the best ways to help them. ,Finding out what is important to them and how to help them at that moment in time. They will trust me more when they return. ,That we both want the same outcome and working together how to get that outcome. I want to make sure that they get what they need and have a pleasant experience. ,Communication and outcomes for patients and providers. ,"How exciting is that you will begin your new professional journey! The best piece of advice that was given to me is not to take things too personally. Be open and unafraid to simply ask patients what they want, need or expect from their visit. When everyone is on the same page, the outcomes are more positive. 

""I've learned that people will forget what you said, people will forget what you did, but people will never forget how you made them feel."" - Maya Angelou 

",,,,,,,,,,n/a,"emails, labs, patient care ",patient care ,patient care,patient care,lunch,patient care,patient care,patient care,patient care ,n/a,n/a,n/a,n/a,n/a,n/a,n/a,n/a,n/a,n/a,n/a,n/a,n/a,n/a,3,5,8,Recommend that he see an orthopedic specialist,3,3,3,3,1,5,3,5,3,4,4,4,4,4,4,2,3,3,3,3,3,3,2,2,2,0,0,100,0,17,Infectious Disease,Nurse Practitioner,7,,25,4,Masters,1,3,,56,2,,2,,,6,4,6,3,3,Treatment,6637a570-2a84-bff1-1291-09869cf329b7,4,2,4,2,1,2,5,6,3,64,4,3,5,2,5,3,2,2,2,5,3,5,Patient reports pain continues and has not improved. Patient reports not consistently following plan of care. 
2024-05-05 09:30:42,2024-05-05 09:56:53,0,100,1570,1,2024-05-05 09:56:54,R_2WNMoexdvTHb0Ah,,,,,33.5038,-112.0253,anonymous,EN,1,5,,"7,5,6","I want to be able to treat all patients, no matter what their background might be. I want to continue doing my work to help the community decrease the disease burden. ",I need to find out information about my patients in order to make sure we are doing the correct testing and treatments for them. Also to find out what their possible risk factors are to get them treatment that will help prevent infections.,"They do not trust healthcare providers because they are worried about being judged, they also just do not know much about their general health in the first place and need guidance. A lot of times they do not know how to ask for the help that they need. Or they are more worried about their drug use and that they are going to get in trouble for that. ",It sometimes shows me what my patients are thinking and the best ways to help them. ,Finding out what is important to them and how to help them at that moment in time. They will trust me more when they return. ,That we both want the same outcome and working together how to get that outcome. I want to make sure that they get what they need and have a pleasant experience. ,Communication and outcomes for patients and providers. ,"How exciting is that you will begin your new professional journey! The best piece of advice that was given to me is not to take things too personally. Be open and unafraid to simply ask patients what they want, need or expect from their visit. When everyone is on the same page, the outcomes are more positive. 

""I've learned that people will forget what you said, people will forget what you did, but people will never forget how you made them feel."" - Maya Angelou 

",,,,,,,,,,n/a,"emails, labs, patient care ",patient care ,patient care,patient care,lunch,patient care,patient care,patient care,patient care ,n/a,n/a,n/a,n/a,n/a,n/a,n/a,n/a,n/a,n/a,n/a,n/a,n/a,n/a,3,5,8,Recommend that he see an orthopedic specialist,3,3,3,3,1,5,3,5,3,4,4,4,4,4,4,2,3,3,3,3,3,3,2,2,2,0,0,100,0,17,Infectious Disease,Nurse Practitioner,7,,25,4,Masters,1,3,,56,2,,2,,,6,4,6,3,3,Treatment,6637a570-2a84-bff1-1291-09869cf329b7,4,2,4,2,2,2,5,6,3,74,4,4,5,2,5,4,4,3,2,5,3,5,Patient reports not following plan of care and continues to have pain that has not improved. Recommend evaluation by specialist. 
2024-05-05 10:27:00,2024-05-05 10:55:56,0,100,1735,1,2024-05-05 10:55:56,R_2o7K1q5BLtblVyB,,,,,28.3888,-80.7301,anonymous,EN,1,3,,"7,9,4",Important to understand the cultures and understanding of others so you can meet their needs.  Accountability is always important.,Understanding their perspective is important to understand why they do things and to be able to develop a plan that they will more likely follow.,"embarrassed, don't want you to know they don't understand.",It would help me understand the patient better and make more informed recommendations that the patient would be more likely to adhere to.,It would make them feel more valued.,It will help them be more compliant and will help us select goals that are more aligned with their needs.,Understanding the needs of the patient.,Please take the time to see and hear the person in the chair or bed.  So many times the healthcare provider feels they know better than the patient and misses out on important information and opportunities to connect with the patient.,,,,,,,,,,Report,"Meeting patients - assessments, help with meals",Meds,Meds and documentation ,"Helping patients with needs, treatments",Meds - help with meals,Ambulating and treatments,Documentation and patient needs,Meds and patient needs ,Patient needs,"Meds, meals",Final documentation,Report,Trying to get the____ out of work as my shift was already over,Hopefully gone,Off work,off work,off work,off work,off work,off work ,off work ,off work,getting ready and traveling to work,2,3,3,Inform him that he must follow the treatment plan in order to improve. Ask what the issues are behind his non compliance. Inform him that he cannot receive any more prescription medications for the pain.  Possibly obtain new imaging to see if the fracture has changed.,5,2,4,3,1,4,4,4,4,3,3,3,2,3,3,3,3,2,2,1,1,1,2,2,3,1,1,90,10,42,Nursing Administration,Reviewer,2,,75,4,Doctor of Nursing Practice,1,33,,66,2,,1,,,8,3,6,2,2,Treatment,6637b2b9-b603-7141-07c0-77ce610ad0af,2,1,1,1,1,6,7,3,1.5,75,4,4,5,2,5,3,1,1,2,5,3,2,"Continued pain
Non compliance with treatment plan
Adjust plan after discussion regarding the reason for non compliance"
2024-05-05 10:27:00,2024-05-05 10:55:56,0,100,1735,1,2024-05-05 10:55:56,R_2o7K1q5BLtblVyB,,,,,28.3888,-80.7301,anonymous,EN,1,3,,"7,9,4",Important to understand the cultures and understanding of others so you can meet their needs.  Accountability is always important.,Understanding their perspective is important to understand why they do things and to be able to develop a plan that they will more likely follow.,"embarrassed, don't want you to know they don't understand.",It would help me understand the patient better and make more informed recommendations that the patient would be more likely to adhere to.,It would make them feel more valued.,It will help them be more compliant and will help us select goals that are more aligned with their needs.,Understanding the needs of the patient.,Please take the time to see and hear the person in the chair or bed.  So many times the healthcare provider feels they know better than the patient and misses out on important information and opportunities to connect with the patient.,,,,,,,,,,Report,"Meeting patients - assessments, help with meals",Meds,Meds and documentation ,"Helping patients with needs, treatments",Meds - help with meals,Ambulating and treatments,Documentation and patient needs,Meds and patient needs ,Patient needs,"Meds, meals",Final documentation,Report,Trying to get the____ out of work as my shift was already over,Hopefully gone,Off work,off work,off work,off work,off work,off work ,off work ,off work,getting ready and traveling to work,2,3,3,Inform him that he must follow the treatment plan in order to improve. Ask what the issues are behind his non compliance. Inform him that he cannot receive any more prescription medications for the pain.  Possibly obtain new imaging to see if the fracture has changed.,5,2,4,3,1,4,4,4,4,3,3,3,2,3,3,3,3,2,2,1,1,1,2,2,3,1,1,90,10,42,Nursing Administration,Reviewer,2,,75,4,Doctor of Nursing Practice,1,33,,66,2,,1,,,8,3,6,2,2,Treatment,6637b2b9-b603-7141-07c0-77ce610ad0af,2,1,1,1,2,7,8,2,1,NA,5,5,5,3,4,4,3,3,1,4,3,2,Pain continues. Patient states he has not followed any of the treatment plan.  Discussed reasons for his non compliance. Will obtain new imaging to determine if there are changes and whether treatment plan needs to be changed.
2024-05-05 11:01:25,2024-05-05 11:28:28,0,100,1622,1,2024-05-05 11:28:28,R_2dhZ4I8p2dEPgA8,,,,,40.6462,-73.9559,anonymous,EN,1,3,,,,,,,,,,,"1,2,5,6,7,8",Work your best do your best to achieve everything,Games and work stuff,To like know what others doing ,Yes it improved because we need it to,For sum goid,To communicate ,About technology and how it benefits people in life ,I hope through years of doing tech you improve technology more for people and making it useful for people in life ,,,,,,,,,Good,,,,,,,,,Good,,,,,,,3,5,6,Prescribing him something,1,2,2,3,1,4,4,3,4,4,3,4,4,2,3,3,4,3,2,2,3,3,3,3,3,0,0,50,50,4,Nurse,Registered nurse,5,,91,3,Doctorate ,1,10,,27,2,,3,,,6,4,3,3,3,Control,6637ba09-4736-94c8-ffb3-b19cbd1958cc,3,3,3,2,1,3,4,6,3,69,3,2,5,1,5,1,1,1,5,5,5,3,It improved 
2024-05-05 11:01:25,2024-05-05 11:28:28,0,100,1622,1,2024-05-05 11:28:28,R_2dhZ4I8p2dEPgA8,,,,,40.6462,-73.9559,anonymous,EN,1,3,,,,,,,,,,,"1,2,5,6,7,8",Work your best do your best to achieve everything,Games and work stuff,To like know what others doing ,Yes it improved because we need it to,For sum goid,To communicate ,About technology and how it benefits people in life ,I hope through years of doing tech you improve technology more for people and making it useful for people in life ,,,,,,,,,Good,,,,,,,,,Good,,,,,,,3,5,6,Prescribing him something,1,2,2,3,1,4,4,3,4,4,3,4,4,2,3,3,4,3,2,2,3,3,3,3,3,0,0,50,50,4,Nurse,Registered nurse,5,,91,3,Doctorate ,1,10,,27,2,,3,,,6,4,3,3,3,Control,6637ba09-4736-94c8-ffb3-b19cbd1958cc,3,3,3,2,2,4,5,5,2.5,NA,3,5,1,3,3,5,5,3,3,3,3,2,People needs helo
2024-05-05 11:33:22,2024-05-05 11:56:41,0,100,1399,1,2024-05-05 11:56:42,R_5htD2k9Fw9O6qQN,,,,,38.1215,-97.894,anonymous,EN,1,5,,"9,3,5",Empathy is the best trait you can have as a healthcare worker ,So we can get to understand them better and know how to treat them correctly ,Because they might be nervous that it could change the way we treat them or how we handle a situation ,So we can go about a situation that’s best for them with zero judgement ,We can help them recovery in the fastest and best way for them ,So they know that’s there’s obviously no alternative motives and that I want to do what’s best for them ,I read about how patients sometimes can feel anxious to ask questions and how they worry about the intentions of nurses when or after they ask a question that could change their medical situation ,"You are more important than what you think, no matter what a patient or coworker says. Everyday that you show up to work and try your very best you’ve made someone’s day a whole lot better. Try to bring positive energy to a workplace and keep a welcoming front. ",,,,,,,,,,None,None,None,None,None,None,None,None,None,None,None,Arrived,Delivered meals ,Administered medicine ,Answered calls in ICU ,answered calls in ICU ,answered calls in ICU ,was very slow so I got chipotle ,Helped train ,Helped train ,Helped train ,Answered calls in ICU,Answered calls in ICU,went home ,2,1,5,I would provide him with different options or just tell him tht as long as you do not take these medicines that main willcontinue,4,2,2,2,1,4,4,5,4,5,5,5,5,5,5,1,4,1,5,2,3,3,1,1,3,1,1,40,60,3,RN ,Registered Nurse ,3,,71,3,Associates ,1,5,,22,2,,4,,,7,1,6,4,4,Treatment,6637c25b-a18b-010c-f152-ae54440597fd,2,1,2,2,1,6,7,3,1.5,62,5,5,5,3,5,4,1,4,2,5,3,2,Dave did not follow through with the medications we prescribed to him. If we lecture Dave maybe he will give in and do it. I don’t beleive Dave is trying to get a higher dosage he seems pretty honest
2024-05-05 11:33:22,2024-05-05 11:56:41,0,100,1399,1,2024-05-05 11:56:42,R_5htD2k9Fw9O6qQN,,,,,38.1215,-97.894,anonymous,EN,1,5,,"9,3,5",Empathy is the best trait you can have as a healthcare worker ,So we can get to understand them better and know how to treat them correctly ,Because they might be nervous that it could change the way we treat them or how we handle a situation ,So we can go about a situation that’s best for them with zero judgement ,We can help them recovery in the fastest and best way for them ,So they know that’s there’s obviously no alternative motives and that I want to do what’s best for them ,I read about how patients sometimes can feel anxious to ask questions and how they worry about the intentions of nurses when or after they ask a question that could change their medical situation ,"You are more important than what you think, no matter what a patient or coworker says. Everyday that you show up to work and try your very best you’ve made someone’s day a whole lot better. Try to bring positive energy to a workplace and keep a welcoming front. ",,,,,,,,,,None,None,None,None,None,None,None,None,None,None,None,Arrived,Delivered meals ,Administered medicine ,Answered calls in ICU ,answered calls in ICU ,answered calls in ICU ,was very slow so I got chipotle ,Helped train ,Helped train ,Helped train ,Answered calls in ICU,Answered calls in ICU,went home ,2,1,5,I would provide him with different options or just tell him tht as long as you do not take these medicines that main willcontinue,4,2,2,2,1,4,4,5,4,5,5,5,5,5,5,1,4,1,5,2,3,3,1,1,3,1,1,40,60,3,RN ,Registered Nurse ,3,,71,3,Associates ,1,5,,22,2,,4,,,7,1,6,4,4,Treatment,6637c25b-a18b-010c-f152-ae54440597fd,2,1,2,2,2,5,6,4,2,69,5,5,5,2,5,5,1,2,1,5,5,1,Dave still is not taking his medicine. He is not refusing just forgetting. Dave is quite difficult 
2024-05-05 11:38:52,2024-05-05 12:07:07,0,100,1694,1,2024-05-05 12:07:08,R_27sTcbZDLsZ9ecp,,,,,29.7756,-95.3082,anonymous,EN,1,5,,,,,,,,,,,"1,2,4,6,7",Sometimes I think without these items I would have my entire life calamder off track ,Technology is my assistant and i don’t depend on it ,Telemedicine is one of the best ways that technology helps me in my day to day with patients. Some people just refuse to come to a doctor and this way helps me keep up with my patient base but they are in the comfort of their home ,Yes. My phone is my lifeline in the medical world,I love true crime and podcasts I feel get me thru those hard ass days ,Being a minemial I grew up in a time where we had to go outside ,Technology in everyday life ,Life today is highly based on how we use all kinds of technology in different forms. From how we study and learn to upgrade and progress in our career field ,Commute to work ,Open clinic ,Patients ,Patients ,Patients ,Lunch ,Patients ,Charting ,Telemedicine ,Telemedicine ,Charting ,Gym ,Gym ,Drive home ,Food ,Wrap it up ,Relax ,Sleep,Sleep,Sleep,Sleep,Sleep,Alarm ,Up and moving ,5,5,7,I would refer the patient to specialist ,4,5,4,2,1,2,3,4,3,5,5,5,5,5,5,1,2,1,1,1,1,1,1,1,1,0,0,50,50,21,Family ,Nurse practitioner ,5,,60,4,Masters ,1,45,,41,2,,1,,,8,7,7,4,4,Control,6637c333-5c3e-9ac7-cd5f-38450b7027f2,4,2,1,1,1,1,6,6,3,36,5,5,4,3,4,4,1,2,2,5,3,2,Dave suffers from acute ankle pain due to mild injury. Rice recommended and patient did not continue plan of care. Medications given for temporary relief. Recommend patient to follow up with ortho if symptoms do not improve in 2 weeks of OT
2024-05-05 11:38:52,2024-05-05 12:07:07,0,100,1694,1,2024-05-05 12:07:08,R_27sTcbZDLsZ9ecp,,,,,29.7756,-95.3082,anonymous,EN,1,5,,,,,,,,,,,"1,2,4,6,7",Sometimes I think without these items I would have my entire life calamder off track ,Technology is my assistant and i don’t depend on it ,Telemedicine is one of the best ways that technology helps me in my day to day with patients. Some people just refuse to come to a doctor and this way helps me keep up with my patient base but they are in the comfort of their home ,Yes. My phone is my lifeline in the medical world,I love true crime and podcasts I feel get me thru those hard ass days ,Being a minemial I grew up in a time where we had to go outside ,Technology in everyday life ,Life today is highly based on how we use all kinds of technology in different forms. From how we study and learn to upgrade and progress in our career field ,Commute to work ,Open clinic ,Patients ,Patients ,Patients ,Lunch ,Patients ,Charting ,Telemedicine ,Telemedicine ,Charting ,Gym ,Gym ,Drive home ,Food ,Wrap it up ,Relax ,Sleep,Sleep,Sleep,Sleep,Sleep,Alarm ,Up and moving ,5,5,7,I would refer the patient to specialist ,4,5,4,2,1,2,3,4,3,5,5,5,5,5,5,1,2,1,1,1,1,1,1,1,1,0,0,50,50,21,Family ,Nurse practitioner ,5,,60,4,Masters ,1,45,,41,2,,1,,,8,7,7,4,4,Control,6637c333-5c3e-9ac7-cd5f-38450b7027f2,4,2,1,1,2,7,8,2,1,40,5,4,4,5,5,4,1,4,2,5,3,3,Patient refuses to comply with current treatment plan. Patient reports the pain has not subsided. Follow up with specialist recommend 
2024-05-05 12:14:05,2024-05-05 12:30:48,0,100,1003,1,2024-05-05 12:30:49,R_2xMmE8njusagVtW,,,,,34.0544,-118.2441,anonymous,EN,1,3,,,,,,,,,,,"1,5,6",The only way I could see the point is to get the money back from you if I don’t ,I don’t know what to do with my life anymore but I’m gonna go get some sleep now I guess I have a good day and I’ll see if you want me too but I’m gonna ,I don’t know what to do with my life right now I don’t know what to do I just want you know that I’m not going anywhere and I’m sorry but I’m just trying to get you to do something to help you ,The only way I could see the point is to get the money back from the bank and then I can get the money from ,I don’t know what to do with my life right now I don’t know what to do about it but I’m gonna go get my haircut tomorrow I just got to go get a shower I got a ,I don’t know what to do with my life right now I just don’t want you guys going anywhere and I don’t want you to be in my business I just don’t wanna have you ,My day was pretty busy and I’m just now leaving the office and heading home now to go get the car wash I have a meeting with the bank and I will call them back and see ,The only way I could see the point is to get the money back from you if I don’t get the credit back I would have a lot of trouble with it I would be in the bank but if you don’t have to do it then you don’t need it and you can do that and I would have no problems if ,Balls,Balls,Balls,Balls,Balls,Balls,Balls,Balls,Balls,Balls,Balls,Balls,Balls,Balls,Balls,Balls,Balls,Balls,Balls,Balls,Balls,Balls,Balls,Balls,6,5,9,The only way I could see the point is to get the money back from you if I don’t get the credit back I would have a lot of trouble with it I would be in the bank but if you don’t ,10,2,6,3,1,4,5,5,4,5,3,4,3,5,4,5,3,4,5,4,5,3,4,5,3,1,1,50,50,8,The only way I can get a job is if I have a job and a car or something like it I can do that and ,Nurse,8,,82,3,Bachelors degree ,1,13,,22,1,,3,,,8,7,6,3,3,Control,6637cc1d-e6ae-aad7-b2c5-8bda8f7a0669,4,2,4,3,1,1,5,6,3,84,5,4,5,5,5,4,5,5,4,5,4,4,The only way I could see the point is to get the money back from you if I don’t get the credit back I would have a lot of trouble with it I 
2024-05-05 12:14:05,2024-05-05 12:30:48,0,100,1003,1,2024-05-05 12:30:49,R_2xMmE8njusagVtW,,,,,34.0544,-118.2441,anonymous,EN,1,3,,,,,,,,,,,"1,5,6",The only way I could see the point is to get the money back from you if I don’t ,I don’t know what to do with my life anymore but I’m gonna go get some sleep now I guess I have a good day and I’ll see if you want me too but I’m gonna ,I don’t know what to do with my life right now I don’t know what to do I just want you know that I’m not going anywhere and I’m sorry but I’m just trying to get you to do something to help you ,The only way I could see the point is to get the money back from the bank and then I can get the money from ,I don’t know what to do with my life right now I don’t know what to do about it but I’m gonna go get my haircut tomorrow I just got to go get a shower I got a ,I don’t know what to do with my life right now I just don’t want you guys going anywhere and I don’t want you to be in my business I just don’t wanna have you ,My day was pretty busy and I’m just now leaving the office and heading home now to go get the car wash I have a meeting with the bank and I will call them back and see ,The only way I could see the point is to get the money back from you if I don’t get the credit back I would have a lot of trouble with it I would be in the bank but if you don’t have to do it then you don’t need it and you can do that and I would have no problems if ,Balls,Balls,Balls,Balls,Balls,Balls,Balls,Balls,Balls,Balls,Balls,Balls,Balls,Balls,Balls,Balls,Balls,Balls,Balls,Balls,Balls,Balls,Balls,Balls,6,5,9,The only way I could see the point is to get the money back from you if I don’t get the credit back I would have a lot of trouble with it I would be in the bank but if you don’t ,10,2,6,3,1,4,5,5,4,5,3,4,3,5,4,5,3,4,5,4,5,3,4,5,3,1,1,50,50,8,The only way I can get a job is if I have a job and a car or something like it I can do that and ,Nurse,8,,82,3,Bachelors degree ,1,13,,22,1,,3,,,8,7,6,3,3,Control,6637cc1d-e6ae-aad7-b2c5-8bda8f7a0669,4,2,4,3,2,2,4,7,3.5,79,5,5,4,5,4,4,5,5,5,5,4,3,I don’t know what to do with my life right now I don’t know what to do about it I don’t know how I feel right about this I just want you know that I’m here and I’m not going anywhere and I’m here 
2024-05-05 11:23:53,2024-05-05 12:31:16,0,100,4042,1,2024-05-05 12:31:16,R_26LHBQVDvg3KfWV,,,,,31.8378,-106.538,anonymous,EN,1,3,,,,,,,,,,,"1,4,5",I use messenger and WhatsApp to keep in contact with my family and friends group chats if we’re coordinating events to keep in touch and in real time,"I use technology to keep up with my friends and family in real time to coordinate events to communicate in real time about any important issues that might occur. As well as happy events that might be upcoming and planning for a different events like on WhatsApp or messenger I use my laptop and my phone Apps for listening to music which I like to distract myself or or help me pass through the time sometimes when there’s downtime I enjoy watching myself sometimes with the TV shows on Netflix or whatever on my phone or tablet or laptop to help decreased anxiety sometimes I like to keep in touch with my grandchildren and their interest on Instagram and Latest things going on in the world as much as I can without getting too much into the not so good news it sometimes goes on I like to keep optimistic in my in my searches, avoiding as best I can not so honest information going on that sometimes seems to be out there Like to enjoy looking up YouTube videos on healthcare and latest events going on or education going on on YouTube that I can get new information from. ","Yes, during Covid I was able to research a lot of information to help my friends and family and I would send group chats out to alert them of different vitamins that perhaps could help them and things that they could do if they did get Covid besides, what was out in the news I happened to be one of those people that did not agree with everything that was going on that we were being told and I would research a lot of holistic applications, mostly vitamin C, vitamin zinc, and different medication’s. That would help boost our immune system. My read a lot. I also researched a lot on different websites about the immune system so I could understand add to my already knowledge base about the immune system, and  Although I wasn’t heard very often from my friends and family some of them did respond with the prophylactic prior to receiving getting Covid. It helped them minimize I believe I helped some people with that and of course during Covid when people aren’t able to see each other I felt like this was just instrumental with the messenger and being able to group chat. It really helped a lot . ","Yes, I do continue to utilize group chats mostly when I’m trying to get coordinate different events or get out a group information instead of you know, individually telling people things the same thing a little easier to tell everybody the same thing at the same time. It helps me forget who I told what to who and just makes the flow of a communication a lot better for example, if there’s a family event going on And I feel like the goal is to make sure everybody’s in the same page and with the technology in that respect really helps ","Oh yes, for entertainment I use my laptop, my phone and my tablet to put on YouTube videos or Netflix videos or something on TV even sometimes it background almost comforting shows that I like to rewatch, but I also use it to listen to music and listen to podcast while I’m doing housework or doing tasks around the house, laundry etc. it helps to pass the time and gives me educated at the same time. I also really enjoy listening to meditation Videos on YouTube which I find very helpful to my daily life. I use these things daily. ",I just recently started playing bingo online on my phone to pass the time really quickly but I don’t really play any other games,That Hamas has fired rockets at a crossing near Gazza,"Hello, while I understand that new technology can be a bit overwhelming at first it helps with a lot With people far and near. I do this with my messages. I make sure that I am in communication with my family that way and it helps a lot. A lot of people prefer text over phone calls. So I tried to accommodate each of those people. I also use the voice to text button on my phone so I don’t have to be typing Al I want to say  talk  and then I read it over for any typos that helps a lot too. That way I feel like I’m still talking to the people and they see it is typed in typing but it still helps keep in communication, so I really do like that application that I use for my phone messages. ",,,,,,,,,,,,,Receive report on patients,"assess patients review charts review new orders review labs,",Continue to assess. Patient assess patient and Mr. scheduled medic,Round round on patients assess for any new needs,Chart on patients charts recovers,Continue charting continue rounding,"Assess  patients. turn patients if they need to reassess patients for effective medication’s that were administer, check blood sugars, recheck blood sugars for effect chart affect.","turn patients every two hours and take an output, assess patients continue charting",continue medication administration assessing for new needs turning patients continue chart,"continue to assess and reassess administer medication if needed, assess for effective medication‘s chart everything that happened with the patients, their medication‘s response to medication chart on each patient answer call bells throughout the night",Continue assessing turning attending to patient’s needs bathing patients at night getting ready for the next shift,"Pass out medication‘s finish up, charting, checking patients for any new needs cleaning patients turning patients charting and taking output give report to oncoming shift",1,5,4,Try to find out why he’s not following up with his treatment plan,4,4,2,1,1,4,4,3,1,4,5,5,5,2,5,1,3,1,3,1,2,1,1,1,2,0,0,0,100,41,Critical care ,RN ,6,,100,3,bachelor of science ,1,45,,68,2,,4,,,9,6,6,4,3,Control,6637bdb5-5636-8fa6-f0bc-6e1a7d15a809,1,1,2,1,1,7,8,2,1,100,1,1,3,2,5,2,1,3,1,5,3,3,"They returned today with no effector from the previously order Tylenol and lidocaine although he admits that he did not even do it even adhere to the recommendations I’m not sure why, but he said his pain is consistently is still there in a little worse so he’s been increased to tramadol and Tylenol today with a follow up in a week"
2024-05-05 11:23:53,2024-05-05 12:31:16,0,100,4042,1,2024-05-05 12:31:16,R_26LHBQVDvg3KfWV,,,,,31.8378,-106.538,anonymous,EN,1,3,,,,,,,,,,,"1,4,5",I use messenger and WhatsApp to keep in contact with my family and friends group chats if we’re coordinating events to keep in touch and in real time,"I use technology to keep up with my friends and family in real time to coordinate events to communicate in real time about any important issues that might occur. As well as happy events that might be upcoming and planning for a different events like on WhatsApp or messenger I use my laptop and my phone Apps for listening to music which I like to distract myself or or help me pass through the time sometimes when there’s downtime I enjoy watching myself sometimes with the TV shows on Netflix or whatever on my phone or tablet or laptop to help decreased anxiety sometimes I like to keep in touch with my grandchildren and their interest on Instagram and Latest things going on in the world as much as I can without getting too much into the not so good news it sometimes goes on I like to keep optimistic in my in my searches, avoiding as best I can not so honest information going on that sometimes seems to be out there Like to enjoy looking up YouTube videos on healthcare and latest events going on or education going on on YouTube that I can get new information from. ","Yes, during Covid I was able to research a lot of information to help my friends and family and I would send group chats out to alert them of different vitamins that perhaps could help them and things that they could do if they did get Covid besides, what was out in the news I happened to be one of those people that did not agree with everything that was going on that we were being told and I would research a lot of holistic applications, mostly vitamin C, vitamin zinc, and different medication’s. That would help boost our immune system. My read a lot. I also researched a lot on different websites about the immune system so I could understand add to my already knowledge base about the immune system, and  Although I wasn’t heard very often from my friends and family some of them did respond with the prophylactic prior to receiving getting Covid. It helped them minimize I believe I helped some people with that and of course during Covid when people aren’t able to see each other I felt like this was just instrumental with the messenger and being able to group chat. It really helped a lot . ","Yes, I do continue to utilize group chats mostly when I’m trying to get coordinate different events or get out a group information instead of you know, individually telling people things the same thing a little easier to tell everybody the same thing at the same time. It helps me forget who I told what to who and just makes the flow of a communication a lot better for example, if there’s a family event going on And I feel like the goal is to make sure everybody’s in the same page and with the technology in that respect really helps ","Oh yes, for entertainment I use my laptop, my phone and my tablet to put on YouTube videos or Netflix videos or something on TV even sometimes it background almost comforting shows that I like to rewatch, but I also use it to listen to music and listen to podcast while I’m doing housework or doing tasks around the house, laundry etc. it helps to pass the time and gives me educated at the same time. I also really enjoy listening to meditation Videos on YouTube which I find very helpful to my daily life. I use these things daily. ",I just recently started playing bingo online on my phone to pass the time really quickly but I don’t really play any other games,That Hamas has fired rockets at a crossing near Gazza,"Hello, while I understand that new technology can be a bit overwhelming at first it helps with a lot With people far and near. I do this with my messages. I make sure that I am in communication with my family that way and it helps a lot. A lot of people prefer text over phone calls. So I tried to accommodate each of those people. I also use the voice to text button on my phone so I don’t have to be typing Al I want to say  talk  and then I read it over for any typos that helps a lot too. That way I feel like I’m still talking to the people and they see it is typed in typing but it still helps keep in communication, so I really do like that application that I use for my phone messages. ",,,,,,,,,,,,,Receive report on patients,"assess patients review charts review new orders review labs,",Continue to assess. Patient assess patient and Mr. scheduled medic,Round round on patients assess for any new needs,Chart on patients charts recovers,Continue charting continue rounding,"Assess  patients. turn patients if they need to reassess patients for effective medication’s that were administer, check blood sugars, recheck blood sugars for effect chart affect.","turn patients every two hours and take an output, assess patients continue charting",continue medication administration assessing for new needs turning patients continue chart,"continue to assess and reassess administer medication if needed, assess for effective medication‘s chart everything that happened with the patients, their medication‘s response to medication chart on each patient answer call bells throughout the night",Continue assessing turning attending to patient’s needs bathing patients at night getting ready for the next shift,"Pass out medication‘s finish up, charting, checking patients for any new needs cleaning patients turning patients charting and taking output give report to oncoming shift",1,5,4,Try to find out why he’s not following up with his treatment plan,4,4,2,1,1,4,4,3,1,4,5,5,5,2,5,1,3,1,3,1,2,1,1,1,2,0,0,0,100,41,Critical care ,RN ,6,,100,3,bachelor of science ,1,45,,68,2,,4,,,9,6,6,4,3,Control,6637bdb5-5636-8fa6-f0bc-6e1a7d15a809,1,1,2,1,2,6,7,3,1.5,100,5,5,4,3,5,4,1,3,1,5,3,2,
2024-05-05 12:10:12,2024-05-05 13:09:32,0,100,3559,1,2024-05-05 13:09:33,R_5CCqIQB7n6yBV4J,,,,,35.8158,-94.6364,anonymous,EN,1,3,,"9,3,5","I feel empathy is extremely important in the nursing field because you cannot know how a person feels until you put yourself in that place and compassion is the backbone of our existence. Selfishness has no place , we have to care and take care of those in a manner that we would want in return.","We have to have continued compassion for human kind. In nursing, we meet people at their absolute worst times and we have to care, nurture and encourage them. Without this, we are just another rat in the race. Our compassion in our job sets us apart. We have to continue building humanity and caring, regardless of the past, regardless of race, we continue because it is human and part of us. If people lose sight of the fact that basic humanity starts in compassion and empathy, then they definitely need to be in a different field of work. This is no easy 9-5 where you leave the day at work, our experience is more than a paycheck and stays with us for a lifetime.",Fear of seeming unintelligent or unfinancially stable could hinder a patient from asking more questions about their own health.,"Knowing all dynamics of your patients life will better our decision and recommendations for care and in turn, promise better outcomes.
",If patients feeland understand that we have the compassion and care for their well being the more apt they are to succeed through trust.,Taking the time to listen and build that trust produces better outcomes and better health and patients tend to see that is our sole intention not just a paycheck.,"Caring, compassion and trustworthiness makes better patient -providet relationships.","Before commencing this journey, please take a moment to reflect on your true aspirations with the career path you have chosen  
Are you doing this because you are wanting a better paying job?
Have you researched all the things you need to know to be successful?
Have you thought of how you would handle some very intense situations where YOU are the deciding factor in someone's life?

If you don't feel you have yhe proper answers to these questions or you think and believe you have learned everything about this job, you should reconsider. 
Healthcare is so much more than just a paycheck, so much more. Your patients will become your family and lean on you for so much and you will carry those burdens and griefa and joys forever. I you aren't ready to be that person, think more of your choices.",,,,,,,,,,"Prepared for the next shift.Gave report to md and incoming shift, and said good night and made sure my patients needs were met before clocking out ",,Completed charting and clocked out ,,,,,,Woke up and started all over.,Drive to work facility.,,Arrived to check on my patients and recieve report.,Stopped by each room to ask about patients day ,Looked through all charts for updates.,Provided nursing care to each patient.,,Small break of 5 mins.,Made rounds to ensure patient safety and comfort.,Charting and preparing for labdraws.,Performed all venipunctures for labwork.,Charted labs and rounds from 2am.,Made rounds to ensure safety and comfort.,Ensured patient and coworkers were all ok and didn't needed anything at that point and took another 10min break.,"Ensured all patients were awake and comfortable for breakfast, gave any am meds, and made sure charting completed.",2,1,6,More extensive education on treatment. And further attempt to understand why Dave can't comply with treatment plan. Then adjust plan accordingly.,5,4,3,2,1,5,5,5,5,4,4,4,4,4,4,2,3,2,3,1,1,1,1,1,1,1,1,90,10,20,Acute/critical care,LPN ,20,,70,2,Technology training ,1,37,,42,2,,7,,American Indian ,5,4,4,3,2,Treatment,6637c9ea-601d-aa60-fe97-3256aee63eaf,1,1,2,2,1,7,8,2,1,53,3,3,5,3,5,2,1,1,3,5,3,5,Pt states no relief with previous treatment. Will lower intial dose of treatment and add a mild opiod and follow up with pt to check efficacy. Will decide on next options after this treatment.
2024-05-05 12:10:12,2024-05-05 13:09:32,0,100,3559,1,2024-05-05 13:09:33,R_5CCqIQB7n6yBV4J,,,,,35.8158,-94.6364,anonymous,EN,1,3,,"9,3,5","I feel empathy is extremely important in the nursing field because you cannot know how a person feels until you put yourself in that place and compassion is the backbone of our existence. Selfishness has no place , we have to care and take care of those in a manner that we would want in return.","We have to have continued compassion for human kind. In nursing, we meet people at their absolute worst times and we have to care, nurture and encourage them. Without this, we are just another rat in the race. Our compassion in our job sets us apart. We have to continue building humanity and caring, regardless of the past, regardless of race, we continue because it is human and part of us. If people lose sight of the fact that basic humanity starts in compassion and empathy, then they definitely need to be in a different field of work. This is no easy 9-5 where you leave the day at work, our experience is more than a paycheck and stays with us for a lifetime.",Fear of seeming unintelligent or unfinancially stable could hinder a patient from asking more questions about their own health.,"Knowing all dynamics of your patients life will better our decision and recommendations for care and in turn, promise better outcomes.
",If patients feeland understand that we have the compassion and care for their well being the more apt they are to succeed through trust.,Taking the time to listen and build that trust produces better outcomes and better health and patients tend to see that is our sole intention not just a paycheck.,"Caring, compassion and trustworthiness makes better patient -providet relationships.","Before commencing this journey, please take a moment to reflect on your true aspirations with the career path you have chosen  
Are you doing this because you are wanting a better paying job?
Have you researched all the things you need to know to be successful?
Have you thought of how you would handle some very intense situations where YOU are the deciding factor in someone's life?

If you don't feel you have yhe proper answers to these questions or you think and believe you have learned everything about this job, you should reconsider. 
Healthcare is so much more than just a paycheck, so much more. Your patients will become your family and lean on you for so much and you will carry those burdens and griefa and joys forever. I you aren't ready to be that person, think more of your choices.",,,,,,,,,,"Prepared for the next shift.Gave report to md and incoming shift, and said good night and made sure my patients needs were met before clocking out ",,Completed charting and clocked out ,,,,,,Woke up and started all over.,Drive to work facility.,,Arrived to check on my patients and recieve report.,Stopped by each room to ask about patients day ,Looked through all charts for updates.,Provided nursing care to each patient.,,Small break of 5 mins.,Made rounds to ensure patient safety and comfort.,Charting and preparing for labdraws.,Performed all venipunctures for labwork.,Charted labs and rounds from 2am.,Made rounds to ensure safety and comfort.,Ensured patient and coworkers were all ok and didn't needed anything at that point and took another 10min break.,"Ensured all patients were awake and comfortable for breakfast, gave any am meds, and made sure charting completed.",2,1,6,More extensive education on treatment. And further attempt to understand why Dave can't comply with treatment plan. Then adjust plan accordingly.,5,4,3,2,1,5,5,5,5,4,4,4,4,4,4,2,3,2,3,1,1,1,1,1,1,1,1,90,10,20,Acute/critical care,LPN ,20,,70,2,Technology training ,1,37,,42,2,,7,,American Indian ,5,4,4,3,2,Treatment,6637c9ea-601d-aa60-fe97-3256aee63eaf,1,1,2,2,2,5,6,4,2,30,4,3,5,3,5,3,1,1,3,5,3,3,"Pt states continued pain without compliance of treatment. Education provided further and lengthy conversation with patient to understand why he can't seem to comply. Will replan accordingly.
"
2024-05-05 12:58:16,2024-05-05 13:15:21,0,100,1024,1,2024-05-05 13:15:22,R_51coW6s6Ug7OwK6,,,,,36.1406,-86.7508,anonymous,EN,1,1,,"7,9,3",You have to take into account what the patient wants because it is their body,Because you have to understand that they may feel different about what is happening to their body,Because they are scared ,Because you can gain trust with the patient,Because they trust you to do what’s best for them,It creates a special bond,I read about how I can gain trust and a good realationship with my patient,Everything will be ok. Do your best and always think about how your actions will affect your patient. ,,,,,,,,,,Surgery,Surgery ,Helped sick patient,Performed CPR,Lost a patient,Treated galblatter,Lunch ,Heart Surgery ,Heart Surgery ,Heart Surgery,Heart Surgery ,Off,Off,Off,Off,Off,Off,Off,Off,Off,Off,Off,Off,Off,5,4,8,Tell him to take the medication ,4,2,4,2,1,4,5,3,4,5,5,4,4,5,5,NA,NA,NA,NA,2,3,4,4,3,4,0,0,50,50,5,Heart Surgery ,Surgeon,3,,88,4,Master ,1,44,,28,1,,1,,,9,5,7,3,3,Treatment,6637d612-532e-89a8-288e-bf6ab2d81b8b,4,2,4,1,1,1,6,6,3,53,5,5,4,4,4,5,2,5,1,4,5,1,Dave isn’t taking the prescribed medications. He is being difficult. His pain is not decreasing in his ankle
2024-05-05 12:58:16,2024-05-05 13:15:21,0,100,1024,1,2024-05-05 13:15:22,R_51coW6s6Ug7OwK6,,,,,36.1406,-86.7508,anonymous,EN,1,1,,"7,9,3",You have to take into account what the patient wants because it is their body,Because you have to understand that they may feel different about what is happening to their body,Because they are scared ,Because you can gain trust with the patient,Because they trust you to do what’s best for them,It creates a special bond,I read about how I can gain trust and a good realationship with my patient,Everything will be ok. Do your best and always think about how your actions will affect your patient. ,,,,,,,,,,Surgery,Surgery ,Helped sick patient,Performed CPR,Lost a patient,Treated galblatter,Lunch ,Heart Surgery ,Heart Surgery ,Heart Surgery,Heart Surgery ,Off,Off,Off,Off,Off,Off,Off,Off,Off,Off,Off,Off,Off,5,4,8,Tell him to take the medication ,4,2,4,2,1,4,5,3,4,5,5,4,4,5,5,NA,NA,NA,NA,2,3,4,4,3,4,0,0,50,50,5,Heart Surgery ,Surgeon,3,,88,4,Master ,1,44,,28,1,,1,,,9,5,7,3,3,Treatment,6637d612-532e-89a8-288e-bf6ab2d81b8b,4,2,4,1,2,1,7,5,2.5,NA,5,5,3,4,3,5,4,5,1,5,2,1,Dave is not taking his medication. He is being lazy. His ankle pain hasn’t gotten batter
2024-05-05 13:30:08,2024-05-05 13:49:34,0,100,1165,1,2024-05-05 13:49:34,R_5hKiMqfhhrRLfpF,,,,,38.9592,-94.5961,anonymous,EN,1,3,,,,,,,,,,,"1,3,7",Every day i check my email on a computer ,I use tech to do the majority of my shopping so I don't have to run errands,Zoom happy hour with a bunch of my friends at once,Helped to stay connected with video calls,Scrolling. Watching TV and movies,I kill time by scrolling,I read the news on ny times,I am writing to talk to you a little bit about. Technology technology can be used to lessen. The gap between family and friends olivetta. Great distance. And it can be used to manage products and support productivity. I think a lot of people are also watching TV and movies on random devices and not just televisions anymore.,Not on,"Log in, email",Meetings ,Notes,Calls,Lunch,Calls,Calls,Calls,Wrap up,Off,Off,Off,Off,Off,Off,Off,Off,Off,Off,Off,Off,Off,Off,5,2,6,I would give him the same recommendations yet again.,3,3,4,2,1,4,2,4,2,3,2,4,3,4,5,3,4,4,5,3,4,2,2,2,3,0,0,50,50,26,Oncology,Nurse Navigator,6,,85,3,Bachelor,1,26,,41,2,,1,,,5,3,6,2,3,Control,6637ddb6-425b-9f98-7241-f2dcc1b41d9b,2,1,2,1,1,6,8,3,1.5,19,3,4,5,1,5,2,1,1,1,4,3,2,"I would say that I just made the same recommendations as last time since you didn't even try them. I would send in the prescription for the medication and advise him to use a topical gel and see what happens. Hey, you can call back in another couple weeks."
2024-05-05 13:30:08,2024-05-05 13:49:34,0,100,1165,1,2024-05-05 13:49:34,R_5hKiMqfhhrRLfpF,,,,,38.9592,-94.5961,anonymous,EN,1,3,,,,,,,,,,,"1,3,7",Every day i check my email on a computer ,I use tech to do the majority of my shopping so I don't have to run errands,Zoom happy hour with a bunch of my friends at once,Helped to stay connected with video calls,Scrolling. Watching TV and movies,I kill time by scrolling,I read the news on ny times,I am writing to talk to you a little bit about. Technology technology can be used to lessen. The gap between family and friends olivetta. Great distance. And it can be used to manage products and support productivity. I think a lot of people are also watching TV and movies on random devices and not just televisions anymore.,Not on,"Log in, email",Meetings ,Notes,Calls,Lunch,Calls,Calls,Calls,Wrap up,Off,Off,Off,Off,Off,Off,Off,Off,Off,Off,Off,Off,Off,Off,5,2,6,I would give him the same recommendations yet again.,3,3,4,2,1,4,2,4,2,3,2,4,3,4,5,3,4,4,5,3,4,2,2,2,3,0,0,50,50,26,Oncology,Nurse Navigator,6,,85,3,Bachelor,1,26,,41,2,,1,,,5,3,6,2,3,Control,6637ddb6-425b-9f98-7241-f2dcc1b41d9b,2,1,2,1,2,6,8,3,1.5,14,3,5,5,1,5,2,2,3,1,4,3,2,"I would just say that Dave's Payton persisted, but he hadn't tried anything and given the same dream and plan again. I would not step up the pain medication tier. Because he doesn't even try the first one."
2024-05-05 14:02:36,2024-05-05 14:16:19,0,100,822,1,2024-05-05 14:16:20,R_7NPRhHlOaSkvviC,,,,,39.8335,-84.8983,anonymous,EN,1,3,,"7,9,5",Everyone has feelings ,So we can treat them beytet,Nervous embarrassment ,Exactly like the article make it easier for them ,Patience and encouragement ,Makes them at ease,Ways to tailor individual care,I am nervous. Nobody will listen to me. I know my body better than you do. I live in it everyday  I need help with my condition ,,,,,,,,,,Report,Med pass,Med pass ,Treatments,Lunch,Med pass ,Med oass,Charting ,,,,,,,,,,,,,,,,,2,6,4,Refer to surgeon ,3,4,3,2,1,4,2,4,2,3,3,3,4,4,4,1,3,2,3,1,1,1,1,1,2,0,0,0,100,19,Psych/geriatrics ,Director infection control ,2,,100,3,Bsn,1,15,,57,2,,1,,,7,3,6,3,3,Treatment,6637e560-4706-2004-368d-cc71ce1369ab,2,1,2,1,1,5,7,3,1.5,54,4,5,5,3,5,1,1,3,3,5,3,4,Patient mom compliant with treatment plan. Patient continues to have pain. Patient to be reevaluated 
2024-05-05 14:02:36,2024-05-05 14:16:19,0,100,822,1,2024-05-05 14:16:20,R_7NPRhHlOaSkvviC,,,,,39.8335,-84.8983,anonymous,EN,1,3,,"7,9,5",Everyone has feelings ,So we can treat them beytet,Nervous embarrassment ,Exactly like the article make it easier for them ,Patience and encouragement ,Makes them at ease,Ways to tailor individual care,I am nervous. Nobody will listen to me. I know my body better than you do. I live in it everyday  I need help with my condition ,,,,,,,,,,Report,Med pass,Med pass ,Treatments,Lunch,Med pass ,Med oass,Charting ,,,,,,,,,,,,,,,,,2,6,4,Refer to surgeon ,3,4,3,2,1,4,2,4,2,3,3,3,4,4,4,1,3,2,3,1,1,1,1,1,2,0,0,0,100,19,Psych/geriatrics ,Director infection control ,2,,100,3,Bsn,1,15,,57,2,,1,,,7,3,6,3,3,Treatment,6637e560-4706-2004-368d-cc71ce1369ab,2,1,2,1,2,5,7,3,1.5,NA,4,5,5,3,4,4,2,3,2,5,3,1,Non compliant patient. Pain continues. Reexamination needed 
2024-05-05 14:00:19,2024-05-05 14:48:39,0,100,2899,1,2024-05-05 14:48:40,R_7bPnmw21S1Wa6MC,,,,,39.0452,-94.7189,anonymous,EN,1,3,,"9,3","Also empathetic, naturally and professionally. I've gained trust through being myself. It's an important part of my life in and out of work.","We need to understand the situation, get their information and learn about their history.
It's critical to understand the basics, then proceed with the situation.","Mostly embarrassment. They some in for a variety of reasons, sometimes funny, and sometimes possible life-threatening.
Depends...","Different patients have different lives, understanding them is a positive thing personally because I learn how they live 
Helpful with giving and receiving recommendations.",Depends. Their situations and stories are helpful with influencing each other with their recovery.,"It brings joy seeing them continue, and finally reach their goals.","Healthcare, patients in the hospital and my perspective about my job.","This is an exciting job, you'll continue your education. Leaning continuously, from you point of view and that of the patients the come in for medical attention.
As you've learned so far the procedures, you duties, etc. Now come the fun and humbling part. 
Meeting people from all backgrounds, ethnicities, and how they live.
Being kind and understanding them is what makes the job earlier for you, and helps with their recovery. 
",,,,,,,,,,,Start,,,,,,,,,,,,Finish ,,,,,,,,,,,3,3,4,I wouldn't continue with his treatment.,4,4,1,2,1,3,3,3,3,2,3,3,2,3,3,2,4,2,2,2,2,2,2,2,2,0,0,50,50,4,ER nurse ,Nurse ,4,,34,3,Bachelor's ,1,26,,38,1,,1,,,4,3,5,3,2,Treatment,6637e38c-bcd5-1930-d72f-0b887784995d,2,2,1,1,1,5,6,4,2,28,4,4,4,4,3,4,2,4,3,4,3,3,"If he's not committed to our suggestions, he long longer needs treatment.
It's up to him to be as consistent as possible, the same as us."
2024-05-05 14:00:19,2024-05-05 14:48:39,0,100,2899,1,2024-05-05 14:48:40,R_7bPnmw21S1Wa6MC,,,,,39.0452,-94.7189,anonymous,EN,1,3,,"9,3","Also empathetic, naturally and professionally. I've gained trust through being myself. It's an important part of my life in and out of work.","We need to understand the situation, get their information and learn about their history.
It's critical to understand the basics, then proceed with the situation.","Mostly embarrassment. They some in for a variety of reasons, sometimes funny, and sometimes possible life-threatening.
Depends...","Different patients have different lives, understanding them is a positive thing personally because I learn how they live 
Helpful with giving and receiving recommendations.",Depends. Their situations and stories are helpful with influencing each other with their recovery.,"It brings joy seeing them continue, and finally reach their goals.","Healthcare, patients in the hospital and my perspective about my job.","This is an exciting job, you'll continue your education. Leaning continuously, from you point of view and that of the patients the come in for medical attention.
As you've learned so far the procedures, you duties, etc. Now come the fun and humbling part. 
Meeting people from all backgrounds, ethnicities, and how they live.
Being kind and understanding them is what makes the job earlier for you, and helps with their recovery. 
",,,,,,,,,,,Start,,,,,,,,,,,,Finish ,,,,,,,,,,,3,3,4,I wouldn't continue with his treatment.,4,4,1,2,1,3,3,3,3,2,3,3,2,3,3,2,4,2,2,2,2,2,2,2,2,0,0,50,50,4,ER nurse ,Nurse ,4,,34,3,Bachelor's ,1,26,,38,1,,1,,,4,3,5,3,2,Treatment,6637e38c-bcd5-1930-d72f-0b887784995d,2,2,1,1,2,7,8,2,1,78,5,4,4,5,3,4,3,4,2,4,3,2,"Dave is obviously exaggerating his pain levels.
End the treatment."
2024-05-05 14:44:12,2024-05-05 15:01:30,0,100,1037,1,2024-05-05 15:01:30,R_5oaTTlx00sa4wJr,,,,,29.6856,-95.1186,anonymous,EN,1,3,,"9,4,5",I feel like I’m order to be a nurse you have to have sympathy and a understanding mindset. ,Just being able to hear their problems out and finding a healthy solution that fully helps them out. ,There can be a fear or judgment or reaction. Some health care providers lack certain communication skills. ,"Being open and understanding when it come to their concerns, also ask any questions to better understand the issue at hand.  ","It can build trust, plus it gives the provider a clearer understanding of the issues. ","It’s been extremely beneficial, it builds trust and it helps me fully understand any issues they may currently have. ",About patients and building trust. ,"It’s important to be open and have a judgment free mindset when it comes to patient care. Have open conversations, asking question, to get a more clear idea of the issue at hand and how to find a effective solution of the patient in need. ",,,,,,,,,,Clock in  ,Give breakfast,Medication ,Check ups ,Check ups ,Break,Give lunch ,Medication ,Patient care ,Rounds ,Give medication ,,,,,,,,,,,,,,4,3,5,I would recommend how important it is to follow doctors orders to improve pain before it gets worse. ,5,2,2,3,1,5,5,5,5,4,4,4,3,4,3,2,3,2,3,1,1,1,1,1,1,1,1,30,70,4,Registered Nursing ,Registered Nurse ,4,,62,3,Degree ,1,45,,27,2,,4,,,6,2,3,2,2,Treatment,6637ef01-16cf-abc2-e5e6-5ac40b055d0d,1,1,1,1,1,7,8,2,1,48,4,5,5,2,5,4,1,2,2,5,3,2,"Hasn’t been consistent, same medication, follow up. "
2024-05-05 14:44:12,2024-05-05 15:01:30,0,100,1037,1,2024-05-05 15:01:30,R_5oaTTlx00sa4wJr,,,,,29.6856,-95.1186,anonymous,EN,1,3,,"9,4,5",I feel like I’m order to be a nurse you have to have sympathy and a understanding mindset. ,Just being able to hear their problems out and finding a healthy solution that fully helps them out. ,There can be a fear or judgment or reaction. Some health care providers lack certain communication skills. ,"Being open and understanding when it come to their concerns, also ask any questions to better understand the issue at hand.  ","It can build trust, plus it gives the provider a clearer understanding of the issues. ","It’s been extremely beneficial, it builds trust and it helps me fully understand any issues they may currently have. ",About patients and building trust. ,"It’s important to be open and have a judgment free mindset when it comes to patient care. Have open conversations, asking question, to get a more clear idea of the issue at hand and how to find a effective solution of the patient in need. ",,,,,,,,,,Clock in  ,Give breakfast,Medication ,Check ups ,Check ups ,Break,Give lunch ,Medication ,Patient care ,Rounds ,Give medication ,,,,,,,,,,,,,,4,3,5,I would recommend how important it is to follow doctors orders to improve pain before it gets worse. ,5,2,2,3,1,5,5,5,5,4,4,4,3,4,3,2,3,2,3,1,1,1,1,1,1,1,1,30,70,4,Registered Nursing ,Registered Nurse ,4,,62,3,Degree ,1,45,,27,2,,4,,,6,2,3,2,2,Treatment,6637ef01-16cf-abc2-e5e6-5ac40b055d0d,1,1,1,1,2,7,8,2,1,47,4,5,5,2,4,4,2,2,2,4,3,2,"Pain still present, follow up, not taking recommendations. "
2024-05-05 14:52:56,2024-05-05 15:09:09,0,100,973,1,2024-05-05 15:09:10,R_2Ph0hnBUv6byCCl,,,,,41.534,-74.0492,anonymous,EN,1,3,,,,,,,,,,,"1,4,5,7","I use my computer for schoolwork, it has helped me complete many assignments through my education. I use my phone mail and messenger to network and keep up on bills","For schoolwork, bill payments, and communication ",When my mom was dying we used phones to face time other family members to be able to see her ,It helps me stay in touch with my family ,I love to watch Tik tok and laugh at things on my phone ,To watch videos ,Technology ,Technology is an essential part of communication in our society. It makes so many things easier such as communication but also travel. It is useful to find helpful resources for all things in life. ,Vital signs ,Medications ,Medications ,Medications ,Medications ,Rounding ,Patient care,Medications ,Patient care ,Rounding ,Patient care ,Rounding ,Report ,,,,,,,,,,,,2,3,6,Explain to Dave the consequences of his action and that if he isn’t going to help himself he won’t get better ,4,4,3,2,1,2,2,4,4,4,4,4,4,5,5,2,3,2,2,2,1,1,1,1,1,1,1,50,50,3,Nursing ,Registered nurse ,2,,80,3,Associates ,1,33,,29,2,,1,,,6,4,4,2,2,Control,6637f12b-f7b6-dc3b-913e-e6b74c5e3ade,2,2,4,4,1,5,6,4,2,17,3,4,5,1,5,3,1,1,1,5,4,5,"Self care deficit 
Pain management 
Rehabilitation "
2024-05-05 14:52:56,2024-05-05 15:09:09,0,100,973,1,2024-05-05 15:09:10,R_2Ph0hnBUv6byCCl,,,,,41.534,-74.0492,anonymous,EN,1,3,,,,,,,,,,,"1,4,5,7","I use my computer for schoolwork, it has helped me complete many assignments through my education. I use my phone mail and messenger to network and keep up on bills","For schoolwork, bill payments, and communication ",When my mom was dying we used phones to face time other family members to be able to see her ,It helps me stay in touch with my family ,I love to watch Tik tok and laugh at things on my phone ,To watch videos ,Technology ,Technology is an essential part of communication in our society. It makes so many things easier such as communication but also travel. It is useful to find helpful resources for all things in life. ,Vital signs ,Medications ,Medications ,Medications ,Medications ,Rounding ,Patient care,Medications ,Patient care ,Rounding ,Patient care ,Rounding ,Report ,,,,,,,,,,,,2,3,6,Explain to Dave the consequences of his action and that if he isn’t going to help himself he won’t get better ,4,4,3,2,1,2,2,4,4,4,4,4,4,5,5,2,3,2,2,2,1,1,1,1,1,1,1,50,50,3,Nursing ,Registered nurse ,2,,80,3,Associates ,1,33,,29,2,,1,,,6,4,4,2,2,Control,6637f12b-f7b6-dc3b-913e-e6b74c5e3ade,2,2,4,4,2,1,2,8,4,NA,4,5,5,1,5,4,1,2,1,5,4,1,"Refusal to cooperate
Self care deficit 
Potential for further injury "
2024-05-05 15:40:47,2024-05-05 15:58:45,0,100,1078,1,2024-05-05 15:58:46,R_5go5vbx5SB0ztLy,,,,,44.9834,-93.2622,anonymous,EN,1,3,,"2,5",Caring for a patient holistically us important to me because you truly care for them in every way and advocate for them like the deserve. ,Because this way the patient is more likely to adhere to their plan of care. ,"If they are from a lower income area, or they struggle with addiction, they may feel that their healthcare provider sees them as less than. ",It will help my patients trust me more ,They are more likely to adhere to their plan of care ,Because it builds trust ,Holistic care in patients ,Always advocate for your patients in a holistic way. ,,,,,,,,,,Arrive and complete shift change ,Do med count ,Start med pass ,Med pass,Med pass,Med pass,Med pass,Med pass,Treatments ,Treatments ,,,,,,,,,,,,,,,1,1,6,Explain once again the importance of following care plan ,5,3,4,2,1,5,5,5,5,5,5,5,5,5,5,1,1,1,1,1,1,1,1,1,1,1,1,50,50,8,Transitional care in geriatrics ,LPN,8,,97,3,Associates LPN,1,24,,30,2,,1,,,6,3,5,2,4,Treatment,6637fc53-3a40-6dab-b4f0-8645690ad864,2,1,2,1,1,6,8,3,1.5,47,1,4,5,1,5,4,1,1,2,5,3,3,Patient has been noncompliant with their treatment plan. Discussed the need to follow plan and prescribed tramadol and a lidocaine ointment. 
2024-05-05 15:40:47,2024-05-05 15:58:45,0,100,1078,1,2024-05-05 15:58:46,R_5go5vbx5SB0ztLy,,,,,44.9834,-93.2622,anonymous,EN,1,3,,"2,5",Caring for a patient holistically us important to me because you truly care for them in every way and advocate for them like the deserve. ,Because this way the patient is more likely to adhere to their plan of care. ,"If they are from a lower income area, or they struggle with addiction, they may feel that their healthcare provider sees them as less than. ",It will help my patients trust me more ,They are more likely to adhere to their plan of care ,Because it builds trust ,Holistic care in patients ,Always advocate for your patients in a holistic way. ,,,,,,,,,,Arrive and complete shift change ,Do med count ,Start med pass ,Med pass,Med pass,Med pass,Med pass,Med pass,Treatments ,Treatments ,,,,,,,,,,,,,,,1,1,6,Explain once again the importance of following care plan ,5,3,4,2,1,5,5,5,5,5,5,5,5,5,5,1,1,1,1,1,1,1,1,1,1,1,1,50,50,8,Transitional care in geriatrics ,LPN,8,,97,3,Associates LPN,1,24,,30,2,,1,,,6,3,5,2,4,Treatment,6637fc53-3a40-6dab-b4f0-8645690ad864,2,1,2,1,2,6,8,3,1.5,NA,4,5,5,1,5,5,1,4,1,5,3,3,"Patient continues to be non compliant with care plan 
Reiterated the importance of following care plan 
Tramadol and lidocaine ointment prescribed "
2024-05-05 15:54:25,2024-05-05 16:15:14,0,100,1249,1,2024-05-05 16:15:15,R_3Lcd7EPNVq6WOUG,,,,,40.7597,-73.981,anonymous,EN,1,1,,,,,,,,,,,"1,7,8",The internet is governed by the introduction of the new code ,The introduction of the new version ,Can lead to the independent action ,The affordable and availability of the products ,The productivity of the pro ,In accommodations of works and researches ,Technology ,The technology is affordable and accurate ,1,2,1,2,1,2,1,2,2,1,1,2,1,1,1,1,1,2,1,1,2,2,1,1,4,5,4,Impulse impression ,6,2,7,4,1,5,4,4,5,4,3,5,4,4,5,4,3,2,3,2,3,4,2,2,4,1,1,40,60,10,Director ,Healthcare ,10,,49,4,Master degree ,1,45,,43,1,,1,,,7,7,7,4,4,Control,6637ffaf-70c7-6e12-591d-0eb30b32c2fb,3,2,3,2,1,3,5,5,2.5,72,4,4,5,4,4,4,2,4,4,5,4,5,The affordable and availability 
2024-05-05 15:54:25,2024-05-05 16:15:14,0,100,1249,1,2024-05-05 16:15:15,R_3Lcd7EPNVq6WOUG,,,,,40.7597,-73.981,anonymous,EN,1,1,,,,,,,,,,,"1,7,8",The internet is governed by the introduction of the new code ,The introduction of the new version ,Can lead to the independent action ,The affordable and availability of the products ,The productivity of the pro ,In accommodations of works and researches ,Technology ,The technology is affordable and accurate ,1,2,1,2,1,2,1,2,2,1,1,2,1,1,1,1,1,2,1,1,2,2,1,1,4,5,4,Impulse impression ,6,2,7,4,1,5,4,4,5,4,3,5,4,4,5,4,3,2,3,2,3,4,2,2,4,1,1,40,60,10,Director ,Healthcare ,10,,49,4,Master degree ,1,45,,43,1,,1,,,7,7,7,4,4,Control,6637ffaf-70c7-6e12-591d-0eb30b32c2fb,3,2,3,2,2,3,5,5,2.5,73,4,5,4,5,4,5,2,4,4,4,5,5,"Intelligence, understanding and rules "
2024-05-05 16:04:23,2024-05-05 16:35:02,0,100,1838,1,2024-05-05 16:35:03,R_54DAammBmxkQeQN,,,,,29.8627,-95.5846,anonymous,EN,1,3,,,,,,,,,,,"1,6,8","I utilize FaceTime and Google Meet on a daily basis, to talk to my family and friends.","I use technology at work (computers to reach clients, patients). I use social media (instagram, YouTube) to socialize, get news updates. I use video call apps to speak with my loved ones while at home or out. I have health apps that track my activity.",During covid I was able to video chat with my loved ones on my birthday when I otherwise would have just been “alone” on my birthday.,"I use technology to message and call my loved ones instantly, I utilize my phone as a way to keep track of my thoughts and am able to read and edit what I want to say. ","I am always on instagram and YouTube to watch new content. In the background while I work I like to have streaming services on playing , for hours.",I watch streaming platforms to binge watch shows and movies. I use social media apps to look through content I enjoy,I read about the “rap beef” between Drake and Kendrick Lamar,"Technology is the ultimate personal tool. Just today, I have been able to utilize my cellphone to see my baby daughter and husband who are in a different town. I have been able to utilize online websites and platforms to get updated news on current cultural trends. And in needing to improve my finances, I utilized online forums to help find ways to increase my monetary status—information I otherwise would not have been able to find.",Video camera assessments on intubated and sick patients ,Video assessments,Phone calls to multiple hospitals to obtain census checks and check in on staff,Receive phone calls from hospital RNs in need of ICU assistance from virtual ICU,Call hospitals,Admit patients to virtual icu,Admit patients to virtual icu,Break 30 minutes,Respond to remote patient monitoring alerts and reach out to bedside staff and offer assistance,Check on patients who are alerting,,Go home,,,,,,,,,,,,,3,2,5,I would ask Dave what might be the reasons he’s not able to follow through with treatment options—go from there,3,4,2,2,1,4,4,5,5,2,3,3,3,5,4,2,3,3,2,1,2,1,2,1,1,0,1,30,70,9,"ICU, Telemedicine",Tele-ICU Registered Nurse,2,,50,3,Bachelors of Science,1,45,,29,2,,2,,,6,3,7,2,3,Control,6638019c-76f3-5ede-1147-7a0e0cac4322,2,2,4,1,1,5,6,4,2,72,4,5,5,2,5,2,2,1,2,4,3,4,"Pt prescribed low dose opioids po to treat pain, but pt did not utilize pain treatment options d/t “not having time.” Alternative pain treatment offered, a one time surgical pain treatment to help decrease patients pain and to reduce chances of noncompliance. Additional topical pain medicine also ordered as needed"
2024-05-05 16:04:23,2024-05-05 16:35:02,0,100,1838,1,2024-05-05 16:35:03,R_54DAammBmxkQeQN,,,,,29.8627,-95.5846,anonymous,EN,1,3,,,,,,,,,,,"1,6,8","I utilize FaceTime and Google Meet on a daily basis, to talk to my family and friends.","I use technology at work (computers to reach clients, patients). I use social media (instagram, YouTube) to socialize, get news updates. I use video call apps to speak with my loved ones while at home or out. I have health apps that track my activity.",During covid I was able to video chat with my loved ones on my birthday when I otherwise would have just been “alone” on my birthday.,"I use technology to message and call my loved ones instantly, I utilize my phone as a way to keep track of my thoughts and am able to read and edit what I want to say. ","I am always on instagram and YouTube to watch new content. In the background while I work I like to have streaming services on playing , for hours.",I watch streaming platforms to binge watch shows and movies. I use social media apps to look through content I enjoy,I read about the “rap beef” between Drake and Kendrick Lamar,"Technology is the ultimate personal tool. Just today, I have been able to utilize my cellphone to see my baby daughter and husband who are in a different town. I have been able to utilize online websites and platforms to get updated news on current cultural trends. And in needing to improve my finances, I utilized online forums to help find ways to increase my monetary status—information I otherwise would not have been able to find.",Video camera assessments on intubated and sick patients ,Video assessments,Phone calls to multiple hospitals to obtain census checks and check in on staff,Receive phone calls from hospital RNs in need of ICU assistance from virtual ICU,Call hospitals,Admit patients to virtual icu,Admit patients to virtual icu,Break 30 minutes,Respond to remote patient monitoring alerts and reach out to bedside staff and offer assistance,Check on patients who are alerting,,Go home,,,,,,,,,,,,,3,2,5,I would ask Dave what might be the reasons he’s not able to follow through with treatment options—go from there,3,4,2,2,1,4,4,5,5,2,3,3,3,5,4,2,3,3,2,1,2,1,2,1,1,0,1,30,70,9,"ICU, Telemedicine",Tele-ICU Registered Nurse,2,,50,3,Bachelors of Science,1,45,,29,2,,2,,,6,3,7,2,3,Control,6638019c-76f3-5ede-1147-7a0e0cac4322,2,2,4,1,2,1,8,5,2.5,71,5,5,4,2,5,4,3,2,1,4,3,2,"Pt seen again with no improvement to pain. Pt has declined to utilize pain management recommendations. At this point, recommending additional discussion on why treatment options haven’t been followed"
2024-05-05 15:47:51,2024-05-05 16:50:11,0,100,3740,1,2024-05-05 16:50:12,R_5gojxq9n42R2tPP,,,,,33.6012,-85.0507,anonymous,EN,1,3,,,,,,,,,,,"7,8",Check on frienda and family,Smart phone and Facebook to check on family and friends,During covid I had to go to work but stayed at home more than usual just to avoid crowds .I usedfacebook and smart phone toconnect with family and friends,Yes my brother in law had covid was hospitalized for weeks almost died.i used my phone and Facebook to check o him.we couldn't even go to the hospital to visit him.,Play es on phone use pentressand u tube together recipes and learn more about gardening.,Streammusic and listen opodcast,Today i wentto church read my bible,"I wusr technology to get ideas for rewarding recipes ilove tocook and bake and they have many new recipes 
We love to have a vegetable garden and have got a lot of good ideas how to grow better
",Get report from previous shift,Mcheck phys orders order test labs ,Assist patients with eating breakfast,Check vital signs,Report anything that needs reporting to phy,Ask aides if everyone atelunch,Check for new phys orders,"Check for new phys orde
Carry out new phy ordets",Meet Witmer work on nursing care plans,Meet with other staff inform of care plans,Make sure pts got evening meal,Check intake and outputon pts ,Empty cathers,Give report,Go home,,,,,,,,,,5,5,4,Mental health evaluation,1,5,1,2,1,4,3,4,3,3,5,5,4,5,5,1,3,1,1,1,1,1,1,1,1,1,1,100,0,12,Surhery,Rn,,,77,3,Bsn,1,11,,54,2,,1,,,8,7,7,2,2,Control,6637fd2f-fed4-7e73-88cd-308ea5267768,1,1,4,1,1,7,8,2,1,71,5,5,5,3,5,4,2,3,1,5,4,3,StroreevLuaye  revisit 2weeksnrrevaluaye 3 gly advise follow phys orderds
2024-05-05 15:47:51,2024-05-05 16:50:11,0,100,3740,1,2024-05-05 16:50:12,R_5gojxq9n42R2tPP,,,,,33.6012,-85.0507,anonymous,EN,1,3,,,,,,,,,,,"7,8",Check on frienda and family,Smart phone and Facebook to check on family and friends,During covid I had to go to work but stayed at home more than usual just to avoid crowds .I usedfacebook and smart phone toconnect with family and friends,Yes my brother in law had covid was hospitalized for weeks almost died.i used my phone and Facebook to check o him.we couldn't even go to the hospital to visit him.,Play es on phone use pentressand u tube together recipes and learn more about gardening.,Streammusic and listen opodcast,Today i wentto church read my bible,"I wusr technology to get ideas for rewarding recipes ilove tocook and bake and they have many new recipes 
We love to have a vegetable garden and have got a lot of good ideas how to grow better
",Get report from previous shift,Mcheck phys orders order test labs ,Assist patients with eating breakfast,Check vital signs,Report anything that needs reporting to phy,Ask aides if everyone atelunch,Check for new phys orders,"Check for new phys orde
Carry out new phy ordets",Meet Witmer work on nursing care plans,Meet with other staff inform of care plans,Make sure pts got evening meal,Check intake and outputon pts ,Empty cathers,Give report,Go home,,,,,,,,,,5,5,4,Mental health evaluation,1,5,1,2,1,4,3,4,3,3,5,5,4,5,5,1,3,1,1,1,1,1,1,1,1,1,1,100,0,12,Surhery,Rn,,,77,3,Bsn,1,11,,54,2,,1,,,8,7,7,2,2,Control,6637fd2f-fed4-7e73-88cd-308ea5267768,1,1,4,1,2,1,8,5,2.5,82,5,5,4,3,5,5,3,4,1,5,4,5,Follo hrevisit 3 weeksave mental health evzluationw his orders
2024-05-05 17:15:15,2024-05-05 17:49:00,0,100,2024,1,2024-05-05 17:49:01,R_2spjFGc5DUT4NYO,,,,,28.8554,-81.6873,anonymous,EN,1,4,,,,,,,,,,,"5,7",I use email throughout the day to keep up to date with information sent to me. I listen to Spotify while exercising in the mornings ,I keep track of my fitness daily. Check my calendar for scheduled activities. Check weather for how to dress. Email is checked several times per day. I have to use EMR for work ,You are able to contact lost friends and family through the internet ,"If unable to speak to someone, texting is still a great way to reach people ",I do surveys in spare time. I stream music while exercising. ,I stream music ,Technology in my daily life ,"Do not allow technology to consume your life. Instead, find a balance with interaction with individuals and knowing when to set your technology aside. Balance is my word of advice.",Getting turned on for the day,Calling patients with results,Patient visit,Patient visit ,A break,Lunch ,Patient visit ,Patient visit ,Patient visit ,Complete notes ,Drive home,Dinner ,Sleeping,Sleeping ,Sleeping ,Sleeping ,Sleeping ,Sleeping ,Sleeping ,Sleeping ,Sleeping ,Wake up ,Exercise ,Getting ready for work ,5,6,5,"At this point, he is noncompliant. He will need to follow up with a specialist to ensure no harm has occurred.",5,3,3,2,1,1,1,2,2,3,1,3,1,3,4,5,4,4,4,4,1,2,3,3,1,0,0,0,100,19,Urgent care ,PA,19,,47,4,Masters ,1,10,,45,2,,1,,,5,4,7,1,2,Control,663811fc-971c-0add-6102-2b16b251b5b3,2,1,2,1,1,6,7,3,1.5,NA,4,4,4,3,4,4,2,4,2,3,3,1,Noncompliance with treatment plan. Pain level unchanged and persistent. Need follow up in 2-4 weeks.
2024-05-05 17:15:15,2024-05-05 17:49:00,0,100,2024,1,2024-05-05 17:49:01,R_2spjFGc5DUT4NYO,,,,,28.8554,-81.6873,anonymous,EN,1,4,,,,,,,,,,,"5,7",I use email throughout the day to keep up to date with information sent to me. I listen to Spotify while exercising in the mornings ,I keep track of my fitness daily. Check my calendar for scheduled activities. Check weather for how to dress. Email is checked several times per day. I have to use EMR for work ,You are able to contact lost friends and family through the internet ,"If unable to speak to someone, texting is still a great way to reach people ",I do surveys in spare time. I stream music while exercising. ,I stream music ,Technology in my daily life ,"Do not allow technology to consume your life. Instead, find a balance with interaction with individuals and knowing when to set your technology aside. Balance is my word of advice.",Getting turned on for the day,Calling patients with results,Patient visit,Patient visit ,A break,Lunch ,Patient visit ,Patient visit ,Patient visit ,Complete notes ,Drive home,Dinner ,Sleeping,Sleeping ,Sleeping ,Sleeping ,Sleeping ,Sleeping ,Sleeping ,Sleeping ,Sleeping ,Wake up ,Exercise ,Getting ready for work ,5,6,5,"At this point, he is noncompliant. He will need to follow up with a specialist to ensure no harm has occurred.",5,3,3,2,1,1,1,2,2,3,1,3,1,3,4,5,4,4,4,4,1,2,3,3,1,0,0,0,100,19,Urgent care ,PA,19,,47,4,Masters ,1,10,,45,2,,1,,,5,4,7,1,2,Control,663811fc-971c-0add-6102-2b16b251b5b3,2,1,2,1,2,6,7,3,1.5,43,5,5,4,3,4,5,3,5,1,4,3,1,Noncompliance. Referred to a specialist to ensure proper healing and no harm done. May take OTC analgesics 
2024-05-05 17:43:11,2024-05-05 18:13:49,0,100,1838,1,2024-05-05 18:13:50,R_3HU2rlVJ0OzexpF,,,,,35.6669,-101.3963,anonymous,EN,1,5,,,,,,,,,,,"1,5,7,8","I use social media to keep up with what my friends and family are posting about, it is also a way to communicate ","I use technology to keep up with what’s going on in the world, almost everyone uses it so it feels like I need to as well. Technology is always advancing ",Whenever we had the Covid-19 quarantine lockdown the only way I could communicate to anyone was with technology,"I use my phone to call and text, i also use it for sending emails. It makes it easier to send important information out",I use technology for social media and watching tv shows. Technology gives easy access to that,"I use technology to watch TikTok’s, there are so many creators that make content for entertainment ",I read about technology and how it provides entertainment ,Technology can seem a little intimidating but you get use to it with time. Technology provides so many things for us but one that really matters is communication with one another. You can use technology to communicate with many people who are near and far. When I had no other way to communicate with my friends and family during the Covid-19 quarantine lockdown technology really helped with that,I clocked in,I fill out patient paperwork in my office ,,A few patients come in,,It starts to get busy with patients around this time,,,,,I clock out,,,,,,,,,,,,,,5,5,6,I would tell him the importance of of taking initiative of this health ,4,3,2,2,1,5,4,5,4,5,4,4,3,5,4,2,3,2,3,2,2,2,2,2,2,0,0,50,50,7,Nurse practitioner ,Nurse practitioner ,7,,70,3,Bachelor,1,45,,35,1,,4,,,7,2,4,3,3,Control,66381869-7fff-8867-69f7-0d7a2f718599,2,1,3,1,1,5,7,3,1.5,13,5,5,4,3,5,4,2,3,3,5,3,4,"Has hard time fulfilling recommends from doctor 
Pain is still present 
Needs several plans to help with pain"
2024-05-05 17:43:11,2024-05-05 18:13:49,0,100,1838,1,2024-05-05 18:13:50,R_3HU2rlVJ0OzexpF,,,,,35.6669,-101.3963,anonymous,EN,1,5,,,,,,,,,,,"1,5,7,8","I use social media to keep up with what my friends and family are posting about, it is also a way to communicate ","I use technology to keep up with what’s going on in the world, almost everyone uses it so it feels like I need to as well. Technology is always advancing ",Whenever we had the Covid-19 quarantine lockdown the only way I could communicate to anyone was with technology,"I use my phone to call and text, i also use it for sending emails. It makes it easier to send important information out",I use technology for social media and watching tv shows. Technology gives easy access to that,"I use technology to watch TikTok’s, there are so many creators that make content for entertainment ",I read about technology and how it provides entertainment ,Technology can seem a little intimidating but you get use to it with time. Technology provides so many things for us but one that really matters is communication with one another. You can use technology to communicate with many people who are near and far. When I had no other way to communicate with my friends and family during the Covid-19 quarantine lockdown technology really helped with that,I clocked in,I fill out patient paperwork in my office ,,A few patients come in,,It starts to get busy with patients around this time,,,,,I clock out,,,,,,,,,,,,,,5,5,6,I would tell him the importance of of taking initiative of this health ,4,3,2,2,1,5,4,5,4,5,4,4,3,5,4,2,3,2,3,2,2,2,2,2,2,0,0,50,50,7,Nurse practitioner ,Nurse practitioner ,7,,70,3,Bachelor,1,45,,35,1,,4,,,7,2,4,3,3,Control,66381869-7fff-8867-69f7-0d7a2f718599,2,1,3,1,2,4,8,4,2,20,5,5,4,3,4,4,1,3,3,5,3,4,"Pain is still present 
Patient has yet to take an recommendations"
2024-05-05 18:07:37,2024-05-05 18:21:37,0,100,839,1,2024-05-05 18:21:37,R_7lzdzcBHqfmQELY,,,,,37.705,-97.2243,anonymous,EN,1,5,,"7,9,3",You have to love ehat you do,To understand how to treat them,Because they aren't able to follow recommendations,Understanding tjem,They'll be able to do follow up care,Encourages them to keep on top of follow up,Patient care and their understanding,Patients look for a doctor that are caring and takes the time to help them understand their care and follow-up care to ensure that they keep their house together,,,,,,,,,,Patient vitals,meds,paperwork,check up,,,,,,,,,,,,,,,,,,,,,3,4,4,Suggest keeping further reccomendations,5,3,2,2,1,3,3,3,3,3,4,4,4,3,3,3,4,3,3,3,3,3,3,3,3,1,1,50,50,11,Lpn,Nurse,11,,77,2,Lpn,1,17,,35,2,,3,,,7,4,3,2,2,Treatment,66381eda-91e5-803d-883b-2f92c43cd117,2,2,2,2,1,5,6,4,2,52,4,4,5,3,4,3,3,2,2,4,4,3,"First recommendation was not followed, prescribed nee meds, set up a new treatment plan"
2024-05-05 18:07:37,2024-05-05 18:21:37,0,100,839,1,2024-05-05 18:21:37,R_7lzdzcBHqfmQELY,,,,,37.705,-97.2243,anonymous,EN,1,5,,"7,9,3",You have to love ehat you do,To understand how to treat them,Because they aren't able to follow recommendations,Understanding tjem,They'll be able to do follow up care,Encourages them to keep on top of follow up,Patient care and their understanding,Patients look for a doctor that are caring and takes the time to help them understand their care and follow-up care to ensure that they keep their house together,,,,,,,,,,Patient vitals,meds,paperwork,check up,,,,,,,,,,,,,,,,,,,,,3,4,4,Suggest keeping further reccomendations,5,3,2,2,1,3,3,3,3,3,4,4,4,3,3,3,4,3,3,3,3,3,3,3,3,1,1,50,50,11,Lpn,Nurse,11,,77,2,Lpn,1,17,,35,2,,3,,,7,4,3,2,2,Treatment,66381eda-91e5-803d-883b-2f92c43cd117,2,2,2,2,2,5,6,4,2,71,4,3,4,4,4,3,3,3,4,4,4,2,"New plan
 New meds
New recommendation"
2024-05-05 17:35:43,2024-05-05 18:32:57,0,100,3433,1,2024-05-05 18:32:57,R_2IypRxQoW6dVrw1,,,,,41.8764,-87.6133,anonymous,EN,1,3,,"9,5",My job requires that I have empathy for my patients it reassures them.,Because they are in a vulnerable state want to feel as though they are being respected and valued. They need to feel as though they are generally being cared for.,Because they may think that the staff may feel that they don’t trust their expert advice. ,It will help me to better understand their concerns and render the proper care.,Because it makes the patient feel as though they are being heard therefore making them have a positive attitude towards their healing.,It gives them a sense of feeling safe and seen.,"I read about working with patients and how to make them feel comfortable, valued and seen.","I care for my patients with the utmost respect. I provide empathy, understanding, compassion a listening ear. I never make my patients feel judged. I always try to calm their fears. I fully explain their plan of care and my role in it. I always allow for them to ask questions.I also try to put myself in their place and treat them like I would want to be treated.",,,,,,,,,,Received report from off going nurse in patients room,"Sit at desk and go through each assigned patients chart , check meds and all test ordered for the day",Pass morning medicine ,Change all dressings an IV’ s that need to be changed ,"Patent rounds with social worker , case manager and doctors ",Continue with patient rounds,"Pass afternoon meds, received new patient from surgery, asses the patient followed orders and made as comfortable as possible ",Assisted doctor with a bedside bone marty aspiration and did last check on patients before shift change,Gave report to on coming nurse in patients room so they could hear what I was reporting.,,,,,,,,,,,,,,,,3,3,5,I believe I would have psych to come and see him to see if there is a underlying read why he is not following the treatment plan.,5,3,3,2,1,3,2,3,2,3,3,4,3,4,3,1,1,1,1,1,1,1,1,1,1,0,0,50,50,37,Medical/ Surgical nurse,"Registered nurse, bsn",37,,92,3,BSN,1,14,,64,2,,3,,,8,3,7,3,2,Treatment,66381695-d0b6-6458-f0ea-9755f534d32c,2,2,2,2,1,5,6,4,2,98,4,4,4,3,4,3,2,2,2,4,3,3,"Patient stated that he didn’t fill previously ordered plan of treatment,was made aware of reason why not.Will again try previous treatment order to see if it works before a different plan can be suggested."
2024-05-05 17:35:43,2024-05-05 18:32:57,0,100,3433,1,2024-05-05 18:32:57,R_2IypRxQoW6dVrw1,,,,,41.8764,-87.6133,anonymous,EN,1,3,,"9,5",My job requires that I have empathy for my patients it reassures them.,Because they are in a vulnerable state want to feel as though they are being respected and valued. They need to feel as though they are generally being cared for.,Because they may think that the staff may feel that they don’t trust their expert advice. ,It will help me to better understand their concerns and render the proper care.,Because it makes the patient feel as though they are being heard therefore making them have a positive attitude towards their healing.,It gives them a sense of feeling safe and seen.,"I read about working with patients and how to make them feel comfortable, valued and seen.","I care for my patients with the utmost respect. I provide empathy, understanding, compassion a listening ear. I never make my patients feel judged. I always try to calm their fears. I fully explain their plan of care and my role in it. I always allow for them to ask questions.I also try to put myself in their place and treat them like I would want to be treated.",,,,,,,,,,Received report from off going nurse in patients room,"Sit at desk and go through each assigned patients chart , check meds and all test ordered for the day",Pass morning medicine ,Change all dressings an IV’ s that need to be changed ,"Patent rounds with social worker , case manager and doctors ",Continue with patient rounds,"Pass afternoon meds, received new patient from surgery, asses the patient followed orders and made as comfortable as possible ",Assisted doctor with a bedside bone marty aspiration and did last check on patients before shift change,Gave report to on coming nurse in patients room so they could hear what I was reporting.,,,,,,,,,,,,,,,,3,3,5,I believe I would have psych to come and see him to see if there is a underlying read why he is not following the treatment plan.,5,3,3,2,1,3,2,3,2,3,3,4,3,4,3,1,1,1,1,1,1,1,1,1,1,0,0,50,50,37,Medical/ Surgical nurse,"Registered nurse, bsn",37,,92,3,BSN,1,14,,64,2,,3,,,8,3,7,3,2,Treatment,66381695-d0b6-6458-f0ea-9755f534d32c,2,2,2,2,2,5,6,4,2,86,1,5,4,4,4,4,4,3,1,4,3,1,"Saw Dave again today, he is still not following the treatment plan stating he forgot. Will have psych to do a evaluation to see if there is a underlying reason why he is not following the plan of care."
2024-05-05 18:02:26,2024-05-05 18:33:50,0,100,1884,1,2024-05-05 18:33:51,R_1xOZhHk4PkhnTNn,,,,,40.6543,-75.5034,anonymous,EN,1,3,,,,,,,,,,,"1,4,5,6,7,8",I use Spotify to relax after a long day. I use fb to see what’s going on. I use FaceTime to chat with my daughter in college ,To talk to my children and family. To listen to music and play games. To do my paperwork for work. ,I use FaceTime to talk to my daughter at college ,It has helped me to talk to my children. One lives 2 hrs away and I don’t get to see her as much,I use it for music. I use Spotify to listen my music. I play games through Facebook or casino games. I watch movies through my apps as well ,Before I go to bed I watch movies or a show through my apps.  I listen to music when I clean it have people over ,How technology is used for my entertainment in my personal life. ,I personally use technology to listen to music and play my games. It helps me stay in touch with family and friends who are busy with school or their own life. It keeps me current on things happening around me. ,I started my shift. ,I checked vitals and did meds,I did rounds with others ,Talked with patients and did rounds ,Ate lunch,Checked with patients and did vitals,Did meds,Did last rounds and vitsks,Went home,Took daughter to work,Made dinner,Watched something on tv,Checked messages,Cleaned,Pick daughter up,Got daughter situated,Showered ,Bed,Bed,Bed,Bed,Bed,Got up made lunches,Woke daughter up for school,4,1,4,Next follow up see how he is doing and improving ,5,3,2,2,1,3,3,3,3,3,3,3,3,3,4,2,3,2,2,1,1,1,1,1,1,1,1,50,50,8,Pediatrics ,Nurse,8,,61,3,Bachelor ,1,39,,42,2,,1,,,5,,2,2,2,Control,66381ce7-cf57-3a90-1cb4-c3adf5a5add4,1,1,1,1,1,7,8,2,1,NA,5,5,5,3,5,3,1,3,3,5,3,5,Gave treatment plan. Dave did not follow. Gave treatment plan again with same instructions 
2024-05-05 18:02:26,2024-05-05 18:33:50,0,100,1884,1,2024-05-05 18:33:51,R_1xOZhHk4PkhnTNn,,,,,40.6543,-75.5034,anonymous,EN,1,3,,,,,,,,,,,"1,4,5,6,7,8",I use Spotify to relax after a long day. I use fb to see what’s going on. I use FaceTime to chat with my daughter in college ,To talk to my children and family. To listen to music and play games. To do my paperwork for work. ,I use FaceTime to talk to my daughter at college ,It has helped me to talk to my children. One lives 2 hrs away and I don’t get to see her as much,I use it for music. I use Spotify to listen my music. I play games through Facebook or casino games. I watch movies through my apps as well ,Before I go to bed I watch movies or a show through my apps.  I listen to music when I clean it have people over ,How technology is used for my entertainment in my personal life. ,I personally use technology to listen to music and play my games. It helps me stay in touch with family and friends who are busy with school or their own life. It keeps me current on things happening around me. ,I started my shift. ,I checked vitals and did meds,I did rounds with others ,Talked with patients and did rounds ,Ate lunch,Checked with patients and did vitals,Did meds,Did last rounds and vitsks,Went home,Took daughter to work,Made dinner,Watched something on tv,Checked messages,Cleaned,Pick daughter up,Got daughter situated,Showered ,Bed,Bed,Bed,Bed,Bed,Got up made lunches,Woke daughter up for school,4,1,4,Next follow up see how he is doing and improving ,5,3,2,2,1,3,3,3,3,3,3,3,3,3,4,2,3,2,2,1,1,1,1,1,1,1,1,50,50,8,Pediatrics ,Nurse,8,,61,3,Bachelor ,1,39,,42,2,,1,,,5,,2,2,2,Control,66381ce7-cf57-3a90-1cb4-c3adf5a5add4,1,1,1,1,2,7,8,2,1,NA,4,4,3,3,5,3,1,1,3,5,5,5,"Dave was given instructions for care 
Did not follow either time. Repeated instruction are follow up to check improvement "
2024-05-05 18:24:04,2024-05-05 18:36:53,0,100,768,1,2024-05-05 18:36:53,R_3fjNeZVhos8szkP,,,,,31.1993,-97.9304,anonymous,EN,1,4,,"7,9,2",I’m just going through a rough road and trying my luck ,The only way I could do that was if you had to do a lot more work and then you would be done by yourself ,I don’t know if I can get a hold of you but I have a question for you about the car that I have for ,I’m just going through a rough road and trying my luck with a little more money but it’s ,I don’t know if I can get a hold of you but I have a question for you ,I’m just going through a rough road and trying my luck with a little more money but it’s hard because ,The only way I could do that was if ,The only way I could do that was if you had to do a test and then we can just have it for you if we have a chance of having one and we have the other and I have the one on hand for the other one that we can do it for you and then we can ,,,,,,,,,,The only way I could ,The only way to get a ,I’m just going through a ,I’m just going through a ,I don’t know if you have any ,I’m just going through a rough road of grief and I ,The only way I could ,Cub DL and a little more on ,Office Schlueter and the rest are on y,Hank bc I was so mad he didn’t have to go ,I’m just going through a rough road and trying my luck with ,I don’t know if you have any other ideas or if I can get a ,I’m just saying I don’t want you in trouble with ,I’m going back in the morning and then I’m heading ,I’m just saying I don’t know how you i,I’m just going home now to get my hair ,I’m just saying I think it’s a ,Bc so oh coo you don’t want it anymore but ,I have to f Ft ygcg. The best way is by ,Ioooo yucca is a great name to ,I don’t know if I can do tyy,I’m just going through a rough time right now ,The only treer,The uy,6,4,6,I don’t know if you have any questions but I’m not gonna ,7,3,4,4,1,3,3,3,3,5,3,4,2,3,4,4,2,4,3,3,2,2,2,2,4,0,0,10,90,14,Juju had been a little more ,Burn my c GC,23,,26,4,I’m just going through my y,1,13,,22,2,,1,,,9,4,4,4,4,Treatment,663822c5-22c3-e91b-82eb-dfabb35fcc38,4,2,4,3,1,1,5,6,3,52,5,4,3,3,3,3,4,4,1,3,3,2,I’m just going through a rough road of grief right now and r
2024-05-05 18:24:04,2024-05-05 18:36:53,0,100,768,1,2024-05-05 18:36:53,R_3fjNeZVhos8szkP,,,,,31.1993,-97.9304,anonymous,EN,1,4,,"7,9,2",I’m just going through a rough road and trying my luck ,The only way I could do that was if you had to do a lot more work and then you would be done by yourself ,I don’t know if I can get a hold of you but I have a question for you about the car that I have for ,I’m just going through a rough road and trying my luck with a little more money but it’s ,I don’t know if I can get a hold of you but I have a question for you ,I’m just going through a rough road and trying my luck with a little more money but it’s hard because ,The only way I could do that was if ,The only way I could do that was if you had to do a test and then we can just have it for you if we have a chance of having one and we have the other and I have the one on hand for the other one that we can do it for you and then we can ,,,,,,,,,,The only way I could ,The only way to get a ,I’m just going through a ,I’m just going through a ,I don’t know if you have any ,I’m just going through a rough road of grief and I ,The only way I could ,Cub DL and a little more on ,Office Schlueter and the rest are on y,Hank bc I was so mad he didn’t have to go ,I’m just going through a rough road and trying my luck with ,I don’t know if you have any other ideas or if I can get a ,I’m just saying I don’t want you in trouble with ,I’m going back in the morning and then I’m heading ,I’m just saying I don’t know how you i,I’m just going home now to get my hair ,I’m just saying I think it’s a ,Bc so oh coo you don’t want it anymore but ,I have to f Ft ygcg. The best way is by ,Ioooo yucca is a great name to ,I don’t know if I can do tyy,I’m just going through a rough time right now ,The only treer,The uy,6,4,6,I don’t know if you have any questions but I’m not gonna ,7,3,4,4,1,3,3,3,3,5,3,4,2,3,4,4,2,4,3,3,2,2,2,2,4,0,0,10,90,14,Juju had been a little more ,Burn my c GC,23,,26,4,I’m just going through my y,1,13,,22,2,,1,,,9,4,4,4,4,Treatment,663822c5-22c3-e91b-82eb-dfabb35fcc38,4,2,4,3,2,1,3,7,3.5,69,3,3,3,3,3,3,3,3,3,3,4,5,Hahaha no I didn’t see the link but wthe wthe wI eyetwywiwowowy is a great game for the first two weeks in my life but the game has a very low rating and I can’t 
2024-05-05 18:20:47,2024-05-05 18:45:09,0,100,1461,1,2024-05-05 18:45:09,R_7NwWGcXB2674SQu,,,,,44.2433,-88.3564,anonymous,EN,1,3,,,,,,,,,,,"2,7,8",Social media to connect with family.,I use technology for communication in my personal and professional life.,Communicating with family that lives far away and being able to see them through video conferencing.,Get to be able to see the people we are talking to if we choose to. ,"Streaming TV, streaming movies, listening to music. ",Watching streaming TV and movies,Technology and its uses in my life,"Research shows technology can be used to communicate with others who are near and far.  Google meet and FaceTime are programs that can do this.

When managing a personal project, technology can support productivity. You can use apps to help manage a calendar and due dates and search engines like Google to help research. 

Entertainment with technology has increased rapidly, especially since the COVID-19 pandemic.  There are numerous streaming services that provide access to many shows and movies.",Triage,Triage,Triage,Triage,Triage,Triage,Triage,Triage,Triage,Triage,,,,,,,,,,,,,,,3,4,4,Continue to offer the same recommendations as he needs to try these first before considering stronger or narcotic pain medications.,3,3,3,2,1,3,2,3,3,2,2,2,2,2,2,2,2,3,3,2,2,3,2,2,2,0,0,100,0,19,Primary care,RN,18,,80,3,Bachelors,1,51,,41,2,,1,,,6,3,5,2,2,Control,663821ba-04ff-fbee-04ed-91f51d64c9ea,1,1,1,1,1,7,8,2,1,50,5,5,5,3,4,4,2,2,2,4,3,4,"Patient with continued pain, no improvement.  Patient did not follow writers previous recommendations for pain relief.  Encouraged to follow plan as directed by writer. "
2024-05-05 18:20:47,2024-05-05 18:45:09,0,100,1461,1,2024-05-05 18:45:09,R_7NwWGcXB2674SQu,,,,,44.2433,-88.3564,anonymous,EN,1,3,,,,,,,,,,,"2,7,8",Social media to connect with family.,I use technology for communication in my personal and professional life.,Communicating with family that lives far away and being able to see them through video conferencing.,Get to be able to see the people we are talking to if we choose to. ,"Streaming TV, streaming movies, listening to music. ",Watching streaming TV and movies,Technology and its uses in my life,"Research shows technology can be used to communicate with others who are near and far.  Google meet and FaceTime are programs that can do this.

When managing a personal project, technology can support productivity. You can use apps to help manage a calendar and due dates and search engines like Google to help research. 

Entertainment with technology has increased rapidly, especially since the COVID-19 pandemic.  There are numerous streaming services that provide access to many shows and movies.",Triage,Triage,Triage,Triage,Triage,Triage,Triage,Triage,Triage,Triage,,,,,,,,,,,,,,,3,4,4,Continue to offer the same recommendations as he needs to try these first before considering stronger or narcotic pain medications.,3,3,3,2,1,3,2,3,3,2,2,2,2,2,2,2,2,3,3,2,2,3,2,2,2,0,0,100,0,19,Primary care,RN,18,,80,3,Bachelors,1,51,,41,2,,1,,,6,3,5,2,2,Control,663821ba-04ff-fbee-04ed-91f51d64c9ea,1,1,1,1,2,7,8,2,1,74,5,5,4,3,3,5,4,4,1,4,3,1,Patient with continued pain.  Patient continues to not follow provider recommendations.  Recommendations remain the same at this time. 
2024-05-05 18:59:17,2024-05-05 19:25:11,0,100,1554,1,2024-05-05 19:25:12,R_2UWoCovQqsHg6nQ,,,,,41.892,-87.6416,anonymous,EN,1,1,,"9,3",It has been shown that when the physician-patient relationship bond is strong and healthy as well as open communication there are better outcomes and results across specialties in terms of clinical and surgical outcomes as well as adherence to pharmacological therapy ,It is critical because understanding THEIR understanding allows you to better navigate gaps in understand and communication that may lead to issues further on,"There is a preconceived notion that can be true, that physicians are short aloof and cold and are not willingly forthcoming to be transparent w patients. The physician is an intimidating position for those",It would teach me how to better communicate with patients of similar backgrounds in the future and allow me better perspective of what I need to focus and  improve on to become a better clinician nd communicating with tgem,They will feel both comfortable and more trustworthy of the providers care as well as Be more likely to adhere to treatment ,They are much more likely to be trustworthy and display trust and comfort in the plans recommended,I read about the dynamics of communication within the physician patient relationship and it’s importance,There will be many challenges and obstacles in your career as a physician. Some times there will be moments of disappointment and frustration. However it is imperative to remember that the patient relationship is a vital sacred one that cannot be replicated outside of this profession. People’s health and lives are within your realm of impact and it’s extremely important to acknowledge that in order to provide great communication with patients who may present with diverse backgrounds and varying levels of health literacy. ,,,,,,,,,,,Come in,See patients,Operation,Operation,Lunch,Didactic ,Didactic,Rounds ,Operation,,,,,,,,,,,,,,,2,3,4,I would continue to recommend the same thing until he follows thru before escalating level of care ,6,3,4,3,1,5,5,5,5,5,3,3,5,5,5,1,3,2,3,1,1,1,1,2,1,0,0,100,0,2,Neuro,Resident,2,,75,4,MD,1,14,,26,1,,1,,,6,4,5,3,3,Treatment,66382ad4-8316-a475-a162-bd94821e6398,1,1,2,1,1,7,8,2,1,73,2,3,5,2,4,3,2,2,2,5,3,5,Dave presents with subacute dull aching ankle pain. He was recommended to do PT and Tylenol for pain. Today he stated he had not followed through and is still having significant discomfort
2024-05-05 18:59:17,2024-05-05 19:25:11,0,100,1554,1,2024-05-05 19:25:12,R_2UWoCovQqsHg6nQ,,,,,41.892,-87.6416,anonymous,EN,1,1,,"9,3",It has been shown that when the physician-patient relationship bond is strong and healthy as well as open communication there are better outcomes and results across specialties in terms of clinical and surgical outcomes as well as adherence to pharmacological therapy ,It is critical because understanding THEIR understanding allows you to better navigate gaps in understand and communication that may lead to issues further on,"There is a preconceived notion that can be true, that physicians are short aloof and cold and are not willingly forthcoming to be transparent w patients. The physician is an intimidating position for those",It would teach me how to better communicate with patients of similar backgrounds in the future and allow me better perspective of what I need to focus and  improve on to become a better clinician nd communicating with tgem,They will feel both comfortable and more trustworthy of the providers care as well as Be more likely to adhere to treatment ,They are much more likely to be trustworthy and display trust and comfort in the plans recommended,I read about the dynamics of communication within the physician patient relationship and it’s importance,There will be many challenges and obstacles in your career as a physician. Some times there will be moments of disappointment and frustration. However it is imperative to remember that the patient relationship is a vital sacred one that cannot be replicated outside of this profession. People’s health and lives are within your realm of impact and it’s extremely important to acknowledge that in order to provide great communication with patients who may present with diverse backgrounds and varying levels of health literacy. ,,,,,,,,,,,Come in,See patients,Operation,Operation,Lunch,Didactic ,Didactic,Rounds ,Operation,,,,,,,,,,,,,,,2,3,4,I would continue to recommend the same thing until he follows thru before escalating level of care ,6,3,4,3,1,5,5,5,5,5,3,3,5,5,5,1,3,2,3,1,1,1,1,2,1,0,0,100,0,2,Neuro,Resident,2,,75,4,MD,1,14,,26,1,,1,,,6,4,5,3,3,Treatment,66382ad4-8316-a475-a162-bd94821e6398,1,1,2,1,2,6,7,3,1.5,100,2,5,4,3,5,3,2,2,2,4,5,4,Dave originally presented with ankle pain. He was advised to do physical exercises to alleviate his pain along with OTC pain meds but failed to do so. He has not followed exercises. Will reasses need for escalating level of care
2024-05-05 17:50:08,2024-05-05 19:46:38,0,100,6990,1,2024-05-05 19:46:39,R_2oItAzJweKm0oqp,,,,,39.37,-76.6745,anonymous,EN,1,3,,,,,,,,,,,"1,7","I use my computer to document health findings, research disease processes & their treatments as well as using email to communicate with clients, colleagues & professional organizations.","I use my cell phone alarm to wake me & warn me of upcoming appointments; my calendar app to notify me of upcoming events & schedule my day; email to communicate with others; search engines to research needed topics, & EMR to document visit findings.","During COVID, we had to use video chats to communicate with others while maintaining isolation.  Through the use of cameras, we were able to examine & have face-to-face communication in a safe manner."," As we are all more busy, I communicate with others via text & emails rather than phone calls.  These can be answered at one's leisure without risk of ""telephone tag"".  This has actually strengthened bonds & allowed for more collaboration.",I can order & reserve books from many libraries online.  Watch videos on You Tube & television programs on Peacock & other platforms.,Watch videos & television programs via various platforms; Play computer games.,The use of technology to make more productive use one's time.,"  We all have busy lives.  Work, home life & education demands interfere with our interpersonal relationships.  Through the use of technology, we can better manage all these.
   Relationships, like flowers, need time & attention to prosper. Work, home life & education demands as well as the work schedules of others often interfere with fostering relationships.
My client's needs often extend into my personal time.  To maintain contact & relationships, I now use text & email to communicate & often schedule video calls for face-to-face talks. 
   My cell phone apps maintain my schedule.  Calendar keeps & reminds me of my appointments while nightly I set Clock alarms for the next day's meetings & events.  When possible, I even schedule ""me time"" to exercise & recharge. 
   Going out to events or movies rarely fit my schedule or budget.  Many programs, videos & events are recorded & available on-demand at sites like YouTube & Peacock.
   With a little creativity, you can regain a better work-life balance & connection to important people in your life.",Preparation/breakfast/Walk dog,Client/Meetings,Client/Meetings,Client/Meetings,Client/Meetings,Client/Meetings (Try to squeeze in Lunch),Client/Meetings,Client/Meetings,Client/Meetings,Client/Meetings,Walk dog/Catch up documentation/Research,Catch up documentation/Research,Dinner/Answer messages,Complete unfinished tasks & household chores,Complete unfinished tasks & household chores,Complete unfinished tasks & household chores/Relax,Read/Bedtime,Hope to sleep,Hope to sleep,Hope to sleep,Hope to sleep,Hope to sleep,Hope to sleep,Hope to sleep,3,1,5,Refer to Ortho.  Continue Tylenol Q8 hours,2,3,2,2,1,4,3,4,3,2,2,1,2,2,2,2,3,3,3,2,2,2,2,2,3,1,1,90,10,42,Community Health,Registered Nurse,41,,51,3,BSN,1,33,,65,1,,1,,,5,4,6,2,2,Control,663817b2-fb95-2e44-e4c2-5e83594c45e4,2,1,2,1,1,6,7,3,1.5,NA,3,5,5,3,5,3,1,1,3,5,4,4,"Recommended Tylenol 650 mg po Q6 hours with supportive ankle wrap X 4 days.
To limit walking & weight bearing activities
If no improvement, will start Toradol & Ortho referral
Client states no improvement since last visit but has not been compliant with above directions."
2024-05-05 17:50:08,2024-05-05 19:46:38,0,100,6990,1,2024-05-05 19:46:39,R_2oItAzJweKm0oqp,,,,,39.37,-76.6745,anonymous,EN,1,3,,,,,,,,,,,"1,7","I use my computer to document health findings, research disease processes & their treatments as well as using email to communicate with clients, colleagues & professional organizations.","I use my cell phone alarm to wake me & warn me of upcoming appointments; my calendar app to notify me of upcoming events & schedule my day; email to communicate with others; search engines to research needed topics, & EMR to document visit findings.","During COVID, we had to use video chats to communicate with others while maintaining isolation.  Through the use of cameras, we were able to examine & have face-to-face communication in a safe manner."," As we are all more busy, I communicate with others via text & emails rather than phone calls.  These can be answered at one's leisure without risk of ""telephone tag"".  This has actually strengthened bonds & allowed for more collaboration.",I can order & reserve books from many libraries online.  Watch videos on You Tube & television programs on Peacock & other platforms.,Watch videos & television programs via various platforms; Play computer games.,The use of technology to make more productive use one's time.,"  We all have busy lives.  Work, home life & education demands interfere with our interpersonal relationships.  Through the use of technology, we can better manage all these.
   Relationships, like flowers, need time & attention to prosper. Work, home life & education demands as well as the work schedules of others often interfere with fostering relationships.
My client's needs often extend into my personal time.  To maintain contact & relationships, I now use text & email to communicate & often schedule video calls for face-to-face talks. 
   My cell phone apps maintain my schedule.  Calendar keeps & reminds me of my appointments while nightly I set Clock alarms for the next day's meetings & events.  When possible, I even schedule ""me time"" to exercise & recharge. 
   Going out to events or movies rarely fit my schedule or budget.  Many programs, videos & events are recorded & available on-demand at sites like YouTube & Peacock.
   With a little creativity, you can regain a better work-life balance & connection to important people in your life.",Preparation/breakfast/Walk dog,Client/Meetings,Client/Meetings,Client/Meetings,Client/Meetings,Client/Meetings (Try to squeeze in Lunch),Client/Meetings,Client/Meetings,Client/Meetings,Client/Meetings,Walk dog/Catch up documentation/Research,Catch up documentation/Research,Dinner/Answer messages,Complete unfinished tasks & household chores,Complete unfinished tasks & household chores,Complete unfinished tasks & household chores/Relax,Read/Bedtime,Hope to sleep,Hope to sleep,Hope to sleep,Hope to sleep,Hope to sleep,Hope to sleep,Hope to sleep,3,1,5,Refer to Ortho.  Continue Tylenol Q8 hours,2,3,2,2,1,4,3,4,3,2,2,1,2,2,2,2,3,3,3,2,2,2,2,2,3,1,1,90,10,42,Community Health,Registered Nurse,41,,51,3,BSN,1,33,,65,1,,1,,,5,4,6,2,2,Control,663817b2-fb95-2e44-e4c2-5e83594c45e4,2,1,2,1,2,6,7,3,1.5,NA,4,5,4,4,5,4,3,3,2,5,3,4,"Client admits non-compliance with prior treatment plan X 2 visits
States no improvement in pain.
Made Ortho referral & encouraged keeping appointment.
To continue Tylenol 650 mg Q8 hours PRN"
2024-05-05 19:14:20,2024-05-05 19:49:45,0,100,2124,1,2024-05-05 19:49:46,R_5E5o9apwHIUUS6l,,,,,37.2555,-79.1254,anonymous,EN,1,1,,,,,,,,,,,"1,6,7",I use my desktop at home for researching and chooses places to go with my family and things to do while we are there.,"I use my watch for fitness tracking and telling the time and date and notifications from text messaging. I use my cell phone for sending and receiving phone calls, one phone for work and one phone for personal use. I use a smart tv at home that is connected to the internet for television and movies. ",Any time i need to communicate with someone who isn't near a traditional landline phone. It used to be to contact a person they had to be near a landline phone and you had to know that they were there.,It let's me stay in contact with my family no matter where they are and let's me coordinate things to be more efficient.,My television to watch shows and movies with my kids. My internet wifi service that makes that possible.,"Watching television with my boys, tv shows or movies. We use a big screen TV with built-in apps for streaming what we watch.",How i use technology in my personal life on a day to day basis.,Acess to television has changed dramatically over the last five years. It used to be that you got most everything from a cable provider and maybe you were signed up for Netflix. Not it seems all television is moving over to streaming services and being able to get everything on demand. ,not working,not working,not working,not working,Head to work.,I arrive and open the clinic.,Get systems booted up and active.,Run diagnostics on all of the stations.,Make sure everything is in proper order before patients arrive.,We start receiving patients.,Treat patients until 10:00pm.,Treatments.,Treatments,Treatments,Treatments.,Close clinic to public. ,Start shutting down stations and making sure everything is in order.,Head home.,not working,not working,not working,not working,not working,not working,1,1,4,I would continue to prescribe the same treatment until he follows it so we can see if further action is needed.,6,3,4,2,1,3,1,3,1,4,4,4,4,4,4,1,1,1,1,1,1,1,1,1,1,0,0,100,0,19,PCP,Owner of an outpatient clinic for patients with type 2 diabetes,11,,100,4,MD,1,48,,46,1,,1,,,8,3,6,3,3,Control,66382dbc-6db3-b985-b19c-0d98cf2e80e5,1,1,1,1,1,7,8,2,1,64,1,5,5,1,5,1,1,1,3,5,3,3,Patient described continuing pain. Patient was prescribed over the counter medication for pain relief and instructions for usage. Patient did not follow instructions.
2024-05-05 19:14:20,2024-05-05 19:49:45,0,100,2124,1,2024-05-05 19:49:46,R_5E5o9apwHIUUS6l,,,,,37.2555,-79.1254,anonymous,EN,1,1,,,,,,,,,,,"1,6,7",I use my desktop at home for researching and chooses places to go with my family and things to do while we are there.,"I use my watch for fitness tracking and telling the time and date and notifications from text messaging. I use my cell phone for sending and receiving phone calls, one phone for work and one phone for personal use. I use a smart tv at home that is connected to the internet for television and movies. ",Any time i need to communicate with someone who isn't near a traditional landline phone. It used to be to contact a person they had to be near a landline phone and you had to know that they were there.,It let's me stay in contact with my family no matter where they are and let's me coordinate things to be more efficient.,My television to watch shows and movies with my kids. My internet wifi service that makes that possible.,"Watching television with my boys, tv shows or movies. We use a big screen TV with built-in apps for streaming what we watch.",How i use technology in my personal life on a day to day basis.,Acess to television has changed dramatically over the last five years. It used to be that you got most everything from a cable provider and maybe you were signed up for Netflix. Not it seems all television is moving over to streaming services and being able to get everything on demand. ,not working,not working,not working,not working,Head to work.,I arrive and open the clinic.,Get systems booted up and active.,Run diagnostics on all of the stations.,Make sure everything is in proper order before patients arrive.,We start receiving patients.,Treat patients until 10:00pm.,Treatments.,Treatments,Treatments,Treatments.,Close clinic to public. ,Start shutting down stations and making sure everything is in order.,Head home.,not working,not working,not working,not working,not working,not working,1,1,4,I would continue to prescribe the same treatment until he follows it so we can see if further action is needed.,6,3,4,2,1,3,1,3,1,4,4,4,4,4,4,1,1,1,1,1,1,1,1,1,1,0,0,100,0,19,PCP,Owner of an outpatient clinic for patients with type 2 diabetes,11,,100,4,MD,1,48,,46,1,,1,,,8,3,6,3,3,Control,66382dbc-6db3-b985-b19c-0d98cf2e80e5,1,1,1,1,2,7,8,2,1,63,1,4,5,1,5,4,1,1,2,5,3,3,Patient is having continued pain. Patient was prescribed over the counter medication and instructions for treatment but has not followed treatment.
2024-05-05 19:24:47,2024-05-05 20:01:45,0,100,2218,1,2024-05-05 20:01:46,R_1qm5EFAXx7W0BTZ,,,,,27.407,-99.4884,anonymous,EN,1,3,,"7,9,5",I understand that not everyone comes from the same background and everyone had different needs. I like to help and provide the necessary treatment and resources for everyone I treat.,To communicate at their level of understanding and looking for resources to assist them.,Fear of being looked down on or not being able to communicate with someone due to a language or physical barrier. ,Allow patients to lose the fear for asking for help ,They can heal quickly and without the complications ,Better health and no need for prolonged hospital visits or stays,Patients needs and health care providers ,"Please be humble and always treat patients as if you were treating an immediate family member.  You are not robot. Have feelings and allow yourself to treat your patients with knowledge, compassion and understanding or their beliefs and values. ",,,,,,,,,,,,,,,,,,,,,,,,,,,,,,,,,,1,1,4,Get more information on his pain,,4,2,2,1,5,5,5,5,2,2,2,3,5,4,3,2,4,4,4,4,4,4,4,4,1,1,50,50,25,Nursing ,Registered Nurse ,10,,60,3,Associate Degree ,1,45,,49,2,,4,,,6,,4,1,3,Treatment,66383016-af81-942e-fdb7-ef3037e43f97,1,1,1,1,1,7,8,2,1,65,4,3,4,3,5,3,3,3,3,5,3,5,"Start and continue medication regimen as previously ordered.
Obtain order for x-ray and follow up with results. 
Modify regimen depending on x-ray results as needed "
2024-05-05 19:24:47,2024-05-05 20:01:45,0,100,2218,1,2024-05-05 20:01:46,R_1qm5EFAXx7W0BTZ,,,,,27.407,-99.4884,anonymous,EN,1,3,,"7,9,5",I understand that not everyone comes from the same background and everyone had different needs. I like to help and provide the necessary treatment and resources for everyone I treat.,To communicate at their level of understanding and looking for resources to assist them.,Fear of being looked down on or not being able to communicate with someone due to a language or physical barrier. ,Allow patients to lose the fear for asking for help ,They can heal quickly and without the complications ,Better health and no need for prolonged hospital visits or stays,Patients needs and health care providers ,"Please be humble and always treat patients as if you were treating an immediate family member.  You are not robot. Have feelings and allow yourself to treat your patients with knowledge, compassion and understanding or their beliefs and values. ",,,,,,,,,,,,,,,,,,,,,,,,,,,,,,,,,,1,1,4,Get more information on his pain,,4,2,2,1,5,5,5,5,2,2,2,3,5,4,3,2,4,4,4,4,4,4,4,4,1,1,50,50,25,Nursing ,Registered Nurse ,10,,60,3,Associate Degree ,1,45,,49,2,,4,,,6,,4,1,3,Treatment,66383016-af81-942e-fdb7-ef3037e43f97,1,1,1,1,2,7,8,2,1,75,5,4,4,3,3,3,4,3,2,5,3,2,
2024-05-05 19:35:49,2024-05-05 20:09:53,0,100,2044,1,2024-05-05 20:09:54,R_3hAwQngZjRyhZ6r,,,,,38.5774,-90.6709,anonymous,EN,1,3,,,,,,,,,,,"1,7,8",I use my laptop to check my emails and online shopping as well as surveys and read the news.,"I use it to communicate with people ( text, email, social media). I use it to travel. I use google maps when I drive snd Uber app when I am not driving my car. I use it to shop and order food. I use Amazon, door dash, instacart.  I use it to catch up on the nastiest news and for fun when playing games or watching movies.","When I was working in the nursing home during covid, I used it to commute with my family as I did not want to expose them to anything ",I use it to know when there are events within my family such as birthdays snd weddinfs. I use social media to keep up,"I use it to watch movies and tv shows, play games, and do other activities such as shopping ",For movies and games,About technology and it’s uses throughput our lives.,"I just read a iut technology and how it’s changed our lives. For example when covid was around, we had no choice except to use it or lose contact with people. We use it do much that I can’t imagine our lives without it. ",Get report ,Pass meds,Feed breakfast,Toilet patients,Treatments,Lunch break,Residents linch,Pass medications,Chart,Give reporters ,,,,,,,,,,,,,,,1,2,6,Tell him you can not make any further recommendations until he tries the ones already ordered.,3,5,2,2,1,4,4,5,5,4,4,5,3,5,5,1,1,1,2,1,1,1,1,1,1,1,1,50,50,21,Director of nursing ,Director of nursing ,9,,100,3,Associate ,1,14,,44,2,,1,,,7,4,6,1,1,Control,66383313-ea14-daf5-d658-f5243e540cde,1,1,2,1,1,7,8,2,1,90,4,4,5,3,5,2,1,3,2,5,3,3,Dave complains of pain in his ankle however is non compliant with past recommendations. MD orders past recommendation along with an added topical me. Follow up with patient as ordered. 
2024-05-05 19:35:49,2024-05-05 20:09:53,0,100,2044,1,2024-05-05 20:09:54,R_3hAwQngZjRyhZ6r,,,,,38.5774,-90.6709,anonymous,EN,1,3,,,,,,,,,,,"1,7,8",I use my laptop to check my emails and online shopping as well as surveys and read the news.,"I use it to communicate with people ( text, email, social media). I use it to travel. I use google maps when I drive snd Uber app when I am not driving my car. I use it to shop and order food. I use Amazon, door dash, instacart.  I use it to catch up on the nastiest news and for fun when playing games or watching movies.","When I was working in the nursing home during covid, I used it to commute with my family as I did not want to expose them to anything ",I use it to know when there are events within my family such as birthdays snd weddinfs. I use social media to keep up,"I use it to watch movies and tv shows, play games, and do other activities such as shopping ",For movies and games,About technology and it’s uses throughput our lives.,"I just read a iut technology and how it’s changed our lives. For example when covid was around, we had no choice except to use it or lose contact with people. We use it do much that I can’t imagine our lives without it. ",Get report ,Pass meds,Feed breakfast,Toilet patients,Treatments,Lunch break,Residents linch,Pass medications,Chart,Give reporters ,,,,,,,,,,,,,,,1,2,6,Tell him you can not make any further recommendations until he tries the ones already ordered.,3,5,2,2,1,4,4,5,5,4,4,5,3,5,5,1,1,1,2,1,1,1,1,1,1,1,1,50,50,21,Director of nursing ,Director of nursing ,9,,100,3,Associate ,1,14,,44,2,,1,,,7,4,6,1,1,Control,66383313-ea14-daf5-d658-f5243e540cde,1,1,2,1,2,6,7,3,1.5,74,5,5,5,3,5,4,2,3,1,5,3,3,Continues to complain of pain. Continue to be non compliant. States he forgot. No further recommendations fgiven due to non compliance. 
2024-05-05 19:20:26,2024-05-05 20:18:46,0,100,3499,1,2024-05-05 20:18:47,R_2PUgYyG7fycTsFZ,,,,,33.5226,-86.8033,anonymous,EN,1,3,,"7,9,5",Sensitivity is important to me because everyone is an individual and needs may be different from ithers. One has to try to be sensitive to each patient's needs to be able to treat them properly.,"A patient may have a cultural habit or tradition that can strongly effect their health choices, i.e. food, holistic or scientific remedies, or fears of doctors/nurses.","They may be concerned about being judged due to health, weight, income limitations or possibly because they may not understand how the medical professional is talking to them.",I feel I can always learn from every patient I interact with. These interactions can increase my knowledge of cultures and traditions as well as help increase their trust in me.,This would afford a more cohesive relationship with the patient so they trust me and hopefully return for future appointments and encourage compliance with medications.,"Patients have been more willing to focus on improving their health, taking medications, and returning for appointments.",I read about patient interaction and how these interactions go can positively effect the patient/provider relationship.,"Please take time to speak with the current care providers about how our unit functions, current patients, and what we do for each patient. We pride ourselves on being hard-working and also compassionate for each patient's specific needs. Please be understanding of their health and cognitive issues and project that in your communication and interaction with each one.",,,,,,,,,,Gave report to the oncoming day shift nurses and social worker,,,,,,,,,,,,Clocked in for shift and report,Med pass,Charting and/or helping with bedtime care for patients,Charting,Charting,Charting,Charting,Charting,Chart audits,Chart audits,Prepare for AM vitals,Complete AM vitals,3,2,3,Encourage Dave to follow orders and return for re-evaluation if the pain does not improve.,7,3,3,2,1,4,4,4,4,2,3,5,4,5,5,3,4,2,3,1,1,1,1,1,1,1,1,50,50,15,Psychiatric,Registered Nurse Charge,4,,90,4,Masters ,1,1,,46,2,,1,,,6,5,4,3,2,Treatment,66382f4d-02ce-e903-7795-4625990a2be6,1,1,1,1,1,7,8,2,1,49,4,4,5,3,5,1,1,1,3,5,5,5,Encourage Dave to use the treatments prescribed regularly. Ask Dave to pay attention to what may relieve or make the pain worse. And encourage Dave to return for re-evaluation.
2024-05-05 19:20:26,2024-05-05 20:18:46,0,100,3499,1,2024-05-05 20:18:47,R_2PUgYyG7fycTsFZ,,,,,33.5226,-86.8033,anonymous,EN,1,3,,"7,9,5",Sensitivity is important to me because everyone is an individual and needs may be different from ithers. One has to try to be sensitive to each patient's needs to be able to treat them properly.,"A patient may have a cultural habit or tradition that can strongly effect their health choices, i.e. food, holistic or scientific remedies, or fears of doctors/nurses.","They may be concerned about being judged due to health, weight, income limitations or possibly because they may not understand how the medical professional is talking to them.",I feel I can always learn from every patient I interact with. These interactions can increase my knowledge of cultures and traditions as well as help increase their trust in me.,This would afford a more cohesive relationship with the patient so they trust me and hopefully return for future appointments and encourage compliance with medications.,"Patients have been more willing to focus on improving their health, taking medications, and returning for appointments.",I read about patient interaction and how these interactions go can positively effect the patient/provider relationship.,"Please take time to speak with the current care providers about how our unit functions, current patients, and what we do for each patient. We pride ourselves on being hard-working and also compassionate for each patient's specific needs. Please be understanding of their health and cognitive issues and project that in your communication and interaction with each one.",,,,,,,,,,Gave report to the oncoming day shift nurses and social worker,,,,,,,,,,,,Clocked in for shift and report,Med pass,Charting and/or helping with bedtime care for patients,Charting,Charting,Charting,Charting,Charting,Chart audits,Chart audits,Prepare for AM vitals,Complete AM vitals,3,2,3,Encourage Dave to follow orders and return for re-evaluation if the pain does not improve.,7,3,3,2,1,4,4,4,4,2,3,5,4,5,5,3,4,2,3,1,1,1,1,1,1,1,1,50,50,15,Psychiatric,Registered Nurse Charge,4,,90,4,Masters ,1,1,,46,2,,1,,,6,5,4,3,2,Treatment,66382f4d-02ce-e903-7795-4625990a2be6,1,1,1,1,2,7,8,2,1,49,5,5,5,3,5,1,3,4,2,5,5,2,Patient presents with continued pain. He does not state and increase. Pt states he has not been using the prescribed pain relief. Ecouraged to treat pain with prescribed methods and return if not improved.
2024-05-05 17:58:05,2024-05-05 20:50:31,0,100,10346,1,2024-05-05 20:50:32,R_1UEDfC1b9XcOO4N,,,,,37.7252,-77.5546,anonymous,EN,1,3,,"9,4,5","My patient is non-verbal and required total care, which must be frustrating for her. She is about to become a teenager, so that introduces it's own set of frustration for her. When she is moaning, I ou","If you meet them where they are and understand their perspective, you are more likely to develop their trust and draw them into a collaborative relationship with a higher level of compliance with their treatment plan and thus, the  likelihood of positive health outcomes.If they are not met where they are, the HCPs words will sound like preaching.","Fear of looking ignorant, fear of being llminimalized",I would know what the care obstacles are before they happen and give me the chance to tailor treatments to their schedule/situation. It would remove PCP frustration.,"They would feel seen and respected, I creasing trust.","I work with children, so much of the compliance comes from developing a relationship with the patient, and also with the parents, for increased compliance. It takes a lot of their energy do often the compliance only lasts for short bursts.",PcP-Patient Relationships correlate with increased trust and compliance for improved outcomes.,"Congratulations on passing tour Boards and beginning your practice. Burnout is a real thing. Part of it is from the pace of practice and having more patients than time to give the sort of care you learned about in school. Part of burnout comes from feelingnignored by your patients when they do not follow your advice. You can impact the latter more than the former. Make an effort to understand your patient's true life. You can then build patient trust, encourage ownership of their health, increase compliable and improve their outcomes. Or you can lecture, bang a gong and collect a paycheck. What do you want your practice to look like and what legacy do you want to leave? Good luck in your endeavors.",,,,,,,,,,1on 1 patient,"Arrive, get report from patient's mom,  begin preparing meds, tubefeed. Head to toe assessment, vital signs, give first med npo, Change her diaper, finish skin assessment, turn to right side, ROM arms and legs.","Start tubefeed, give seizure meds and others, finish and flush tubefeed","Turn, check diaper",Into wheelchair for online school,"Tubefeed in chair, building endurance to 2 hours","Flush gtube, Back to bed, change diaper, turn to Right",Afternoon med,Tubefeed,"Flush gtube, report, depart",Home,Home,Home,Home,Home,Home,Home,Home,Home ,Home,Home,Home,Home,Home,2,6,4,Assess for any learning difficulties. Farm gim out to my PA,6,3,2,2,1,2,1,1,1,4,4,5,3,5,2,1,3,1,1,1,1,2,1,1,2,1,1,70,30,36,"Registered nurse have worked in many areas over the years Physical rehab, med surg, obgyn, neuro, hospital, private practice, home health tried a year of retirement, and back in home health part time with 1 pediatric neuro patient",RN,2,,100,3,BS,1,48,,59,2,,1,,,8,6,5,2,2,Treatment,66381b38-d0c6-b19a-dd25-c8af72479c5f,1,1,1,1,1,7,8,2,1,90,4,4,5,1,5,2,1,1,3,4,4,2,"Follow up appointment with no improvement in pain. Patient did not take Tylenol nor use Lidocaine due to perceived time constraints. Asked about his schedule, sought his input for ways he could prepare and package 3-4 doses of Tylenol to take throughout his day, along with recommendation to acquire roll on topical Lidocaine. Demonstrated ease of application. Let patient return demonstration with office samples. Helped him write a time schedule for each. Gave opportunity to ask questions. Patient will follow-up if bo improvement after initiating these modalities."
2024-05-05 17:58:05,2024-05-05 20:50:31,0,100,10346,1,2024-05-05 20:50:32,R_1UEDfC1b9XcOO4N,,,,,37.7252,-77.5546,anonymous,EN,1,3,,"9,4,5","My patient is non-verbal and required total care, which must be frustrating for her. She is about to become a teenager, so that introduces it's own set of frustration for her. When she is moaning, I ou","If you meet them where they are and understand their perspective, you are more likely to develop their trust and draw them into a collaborative relationship with a higher level of compliance with their treatment plan and thus, the  likelihood of positive health outcomes.If they are not met where they are, the HCPs words will sound like preaching.","Fear of looking ignorant, fear of being llminimalized",I would know what the care obstacles are before they happen and give me the chance to tailor treatments to their schedule/situation. It would remove PCP frustration.,"They would feel seen and respected, I creasing trust.","I work with children, so much of the compliance comes from developing a relationship with the patient, and also with the parents, for increased compliance. It takes a lot of their energy do often the compliance only lasts for short bursts.",PcP-Patient Relationships correlate with increased trust and compliance for improved outcomes.,"Congratulations on passing tour Boards and beginning your practice. Burnout is a real thing. Part of it is from the pace of practice and having more patients than time to give the sort of care you learned about in school. Part of burnout comes from feelingnignored by your patients when they do not follow your advice. You can impact the latter more than the former. Make an effort to understand your patient's true life. You can then build patient trust, encourage ownership of their health, increase compliable and improve their outcomes. Or you can lecture, bang a gong and collect a paycheck. What do you want your practice to look like and what legacy do you want to leave? Good luck in your endeavors.",,,,,,,,,,1on 1 patient,"Arrive, get report from patient's mom,  begin preparing meds, tubefeed. Head to toe assessment, vital signs, give first med npo, Change her diaper, finish skin assessment, turn to right side, ROM arms and legs.","Start tubefeed, give seizure meds and others, finish and flush tubefeed","Turn, check diaper",Into wheelchair for online school,"Tubefeed in chair, building endurance to 2 hours","Flush gtube, Back to bed, change diaper, turn to Right",Afternoon med,Tubefeed,"Flush gtube, report, depart",Home,Home,Home,Home,Home,Home,Home,Home,Home ,Home,Home,Home,Home,Home,2,6,4,Assess for any learning difficulties. Farm gim out to my PA,6,3,2,2,1,2,1,1,1,4,4,5,3,5,2,1,3,1,1,1,1,2,1,1,2,1,1,70,30,36,"Registered nurse have worked in many areas over the years Physical rehab, med surg, obgyn, neuro, hospital, private practice, home health tried a year of retirement, and back in home health part time with 1 pediatric neuro patient",RN,2,,100,3,BS,1,48,,59,2,,1,,,8,6,5,2,2,Treatment,66381b38-d0c6-b19a-dd25-c8af72479c5f,1,1,1,1,2,7,8,2,1,82,5,5,5,2,2,3,4,3,2,4,3,1,Return visit for ankle pain that did not resolve on its own. Patient did not take recommended d Rylenol or topical Lidocaine for unknown reasons. Thought he understood the treatment plan of the last visit. He may require a Social work referral to assess his self-care ability or social history.
2024-05-05 20:47:57,2024-05-05 21:14:31,0,100,1593,1,2024-05-05 21:14:31,R_58UqhF058YcEkvn,,,,,32.7507,-97.2095,anonymous,EN,1,3,,"9,3,5",You need to be able to take care of yourself patient and understand why they are having the problems that they are. ,It can help you care for their needs and can help you make their plan of care fit their needs,They don't want to be looked at as someone who doesn't understand what is going on ,It can help you give them the info that they need and can help them work with you more. ,It can help themnunderstand what is going on and how to help themselves and work with you ,It helps the whole care team work together to get the best results ,I read about the upcoming election ,Please take the time to listen to the patient and the nurse. They have worked together and are working together to get the best cafe and the most out of that care. Spending time listening and making a plan that is the best for the patient is what is needed and is the best for their care. This can and will lead to better outcomes and they are more likely to stick with the plan and continue to work on their health. ,,,,,,,,,,Report given ,Sleep,Sleep,Sleep,Sleep,Sleep,Sleep,Sleep,Wake up,Get ready for the day,Dinner,Travel to work,Report received ,Vitals,"Vitals, labs","Vitals, CXR",Vitals,Vitals,Vitals,Vitals,Vitals,"Vitals, CHG bath",Vitals,"Vitals, report given",4,4,5,Not sure,3,3,3,2,1,3,3,3,3,3,3,3,2,3,3,2,3,2,3,2,2,2,2,2,2,0,0,50,50,4,RN,RN,3,,40,3,Associates ,1,45,,29,2,,1,,,6,6,7,2,2,Treatment,66384404-3582-a9df-098c-58b322177fb7,2,1,4,2,1,5,7,3,1.5,NA,4,3,4,3,4,2,2,2,4,4,4,5,"Pain was assessed, new medication was given. Plan of care updated. Will continue to follow up. "
2024-05-05 20:47:57,2024-05-05 21:14:31,0,100,1593,1,2024-05-05 21:14:31,R_58UqhF058YcEkvn,,,,,32.7507,-97.2095,anonymous,EN,1,3,,"9,3,5",You need to be able to take care of yourself patient and understand why they are having the problems that they are. ,It can help you care for their needs and can help you make their plan of care fit their needs,They don't want to be looked at as someone who doesn't understand what is going on ,It can help you give them the info that they need and can help them work with you more. ,It can help themnunderstand what is going on and how to help themselves and work with you ,It helps the whole care team work together to get the best results ,I read about the upcoming election ,Please take the time to listen to the patient and the nurse. They have worked together and are working together to get the best cafe and the most out of that care. Spending time listening and making a plan that is the best for the patient is what is needed and is the best for their care. This can and will lead to better outcomes and they are more likely to stick with the plan and continue to work on their health. ,,,,,,,,,,Report given ,Sleep,Sleep,Sleep,Sleep,Sleep,Sleep,Sleep,Wake up,Get ready for the day,Dinner,Travel to work,Report received ,Vitals,"Vitals, labs","Vitals, CXR",Vitals,Vitals,Vitals,Vitals,Vitals,"Vitals, CHG bath",Vitals,"Vitals, report given",4,4,5,Not sure,3,3,3,2,1,3,3,3,3,3,3,3,2,3,3,2,3,2,3,2,2,2,2,2,2,0,0,50,50,4,RN,RN,3,,40,3,Associates ,1,45,,29,2,,1,,,6,6,7,2,2,Treatment,66384404-3582-a9df-098c-58b322177fb7,2,1,4,2,2,1,5,6,3,NA,4,5,4,3,4,4,2,4,2,4,4,2,"Spoke with patient, pain still has not improved. Patient has not had the motivation to reach other. New plan of care in place. "
2024-05-05 21:11:39,2024-05-05 21:36:55,0,100,1515,1,2024-05-05 21:36:55,R_5w9zXPee9BrTLG1,,,,,39.9758,-83.12,anonymous,EN,1,3,,,,,,,,,,,"1,2,4,5,6,7,8","I use one of these types of technology to find clients, keep up with the work I do for my clients and to turn in any paperwork that’s needed for my job","I use technology for personal use by doing my banking, house payments, car payments, utilities and my grandmothers bills from my technology. I also use it for my jobs","During the pandemic, technology allowed us to stay in contact with family and it also allowed social media to bring people together and get to know new people all over the world in a time where we were made to stay in the house for protection. ",No I have never used technology to improve communication in my everyday life. It helped me use communication to keep in touch with people but there was nothing to improve communication wise. ,"I use technology to listen to music, watch music videos, watch live concerts ","Listening to my music using the music apps, pandora or youtube",I read about the different ways technological can help people all around the world ,"Technology can help you in ways that you probably done really realize. Now days you can deposit checks into your bank account using technology, talk to family and friends using video call whether it’s FaceTime or Google . It can help kids with their home work and even use it to grocery shop and clothes shop. Technology can be very helpful when used correctly. ","Wake up, take a shower and brush my teeth",Make me some breakfast,Clock in at work,Take care of my grandmother,Take care of my grandmother,Take care of my grandmother,Take care of my grandmother,Take care of my grandmother,Take care of my grandmother,Go to the next clients house,Cook her dinner,Do her laundry,Make her bed and help her get ready for bed,Make sure all of my work is done,Clock out from work,Go home and get ready for the next work day,Sleep,Sleep,Slee,Sleep,Sleep,Sleep,Sleep,Sleep,3,1,2,I would give him one more chance to follow the suggestions provided and if he doesn’t then I would have to refer him to another doctor ,4,1,4,3,1,5,5,5,5,4,4,4,3,5,5,2,2,2,2,1,1,1,1,1,1,1,1,50,50,15,Home health care and nursing,Rn ,6,,83,2,High school diploma ,1,36,,4,2,,3,,,6,4,3,2,2,Control,663849a8-8c4a-0fe6-86b9-f684af6dbc08,1,1,1,1,1,7,8,2,1,82,5,5,5,1,5,3,1,1,2,5,5,4,"Complained about bad pain, stated that he didn’t have time to do the recommendations that the doctor suggested, needs to take time to manage pain and do the recommended treatment "
2024-05-05 21:11:39,2024-05-05 21:36:55,0,100,1515,1,2024-05-05 21:36:55,R_5w9zXPee9BrTLG1,,,,,39.9758,-83.12,anonymous,EN,1,3,,,,,,,,,,,"1,2,4,5,6,7,8","I use one of these types of technology to find clients, keep up with the work I do for my clients and to turn in any paperwork that’s needed for my job","I use technology for personal use by doing my banking, house payments, car payments, utilities and my grandmothers bills from my technology. I also use it for my jobs","During the pandemic, technology allowed us to stay in contact with family and it also allowed social media to bring people together and get to know new people all over the world in a time where we were made to stay in the house for protection. ",No I have never used technology to improve communication in my everyday life. It helped me use communication to keep in touch with people but there was nothing to improve communication wise. ,"I use technology to listen to music, watch music videos, watch live concerts ","Listening to my music using the music apps, pandora or youtube",I read about the different ways technological can help people all around the world ,"Technology can help you in ways that you probably done really realize. Now days you can deposit checks into your bank account using technology, talk to family and friends using video call whether it’s FaceTime or Google . It can help kids with their home work and even use it to grocery shop and clothes shop. Technology can be very helpful when used correctly. ","Wake up, take a shower and brush my teeth",Make me some breakfast,Clock in at work,Take care of my grandmother,Take care of my grandmother,Take care of my grandmother,Take care of my grandmother,Take care of my grandmother,Take care of my grandmother,Go to the next clients house,Cook her dinner,Do her laundry,Make her bed and help her get ready for bed,Make sure all of my work is done,Clock out from work,Go home and get ready for the next work day,Sleep,Sleep,Slee,Sleep,Sleep,Sleep,Sleep,Sleep,3,1,2,I would give him one more chance to follow the suggestions provided and if he doesn’t then I would have to refer him to another doctor ,4,1,4,3,1,5,5,5,5,4,4,4,3,5,5,2,2,2,2,1,1,1,1,1,1,1,1,50,50,15,Home health care and nursing,Rn ,6,,83,2,High school diploma ,1,36,,4,2,,3,,,6,4,3,2,2,Control,663849a8-8c4a-0fe6-86b9-f684af6dbc08,1,1,1,1,2,7,8,2,1,84,5,5,5,3,4,4,4,4,3,5,5,2,"Still didn’t do the recommended suggestions, admitted to being lazy, doesn’t seem like his pain is that bad since he refuses to do the suggested suggestions "
2024-05-05 21:35:11,2024-05-05 22:07:29,0,100,1937,1,2024-05-05 22:07:29,R_7akpH2BAnjGiPUx,,,,,29.6709,-98.6849,anonymous,EN,1,3,,,,,,,,,,,"1,6,7",I use FaceTime to talk to my daughter everyday ,"Order grocer Online, check email, check Facebook, check my bank account. ","When the power went out due to ice storm, I used cell to check in with family","I’m able to catch up with childhood friends on social media, answer emails while working, text others while in meetings ","I play games on my phone, watch videos on my phone or laptop",Play games on my phone. Listen to music on Spotify and iHeart radio,Using technology at home and at work,Technology can be used for personal use and for work. It can be used for entertainment and communication. ,,Log on to Teams with coworker,Check email,Teams meeting ,Teams meeting ,Lunch,Teams meeting,Auditing,Reports,Teams meeting,Schedule and email,,,,,,,,,,,,,,2,2,6,Ask what he suggests and why he isn’t following the plan ,4,4,3,1,1,4,4,4,4,4,3,4,3,3,5,1,1,1,1,1,1,1,1,1,1,0,0,50,50,14,Delegation oversight for health plan ,Delegation Oversight Nurse ,2,,100,4,MSN,1,45,,43,2,,1,,,6,3,5,2,2,Control,66384ed6-785d-045e-04a8-c116e770134a,4,2,4,2,1,2,5,6,3,47,4,5,5,3,5,2,1,1,3,5,3,3,"Pain unrelieved with hydrocodone alone
Dave not following instructions 
Added steroid "
2024-05-05 21:35:11,2024-05-05 22:07:29,0,100,1937,1,2024-05-05 22:07:29,R_7akpH2BAnjGiPUx,,,,,29.6709,-98.6849,anonymous,EN,1,3,,,,,,,,,,,"1,6,7",I use FaceTime to talk to my daughter everyday ,"Order grocer Online, check email, check Facebook, check my bank account. ","When the power went out due to ice storm, I used cell to check in with family","I’m able to catch up with childhood friends on social media, answer emails while working, text others while in meetings ","I play games on my phone, watch videos on my phone or laptop",Play games on my phone. Listen to music on Spotify and iHeart radio,Using technology at home and at work,Technology can be used for personal use and for work. It can be used for entertainment and communication. ,,Log on to Teams with coworker,Check email,Teams meeting ,Teams meeting ,Lunch,Teams meeting,Auditing,Reports,Teams meeting,Schedule and email,,,,,,,,,,,,,,2,2,6,Ask what he suggests and why he isn’t following the plan ,4,4,3,1,1,4,4,4,4,4,3,4,3,3,5,1,1,1,1,1,1,1,1,1,1,0,0,50,50,14,Delegation oversight for health plan ,Delegation Oversight Nurse ,2,,100,4,MSN,1,45,,43,2,,1,,,6,3,5,2,2,Control,66384ed6-785d-045e-04a8-c116e770134a,4,2,4,2,2,1,5,6,3,60,5,5,5,3,5,4,2,3,2,5,3,2,"Still complaining of pain
Not following treatment plan
Needs additional education "
2024-05-05 21:48:18,2024-05-05 22:11:30,0,100,1391,1,2024-05-05 22:11:30,R_1QirvbdOC7tgQbn,,,,,37.7244,-83.0341,anonymous,EN,1,5,,,,,,,,,,,"1,8","I use social media, Facebook, to connect with my family back home. ",I use my iPhone for connecting with those close to me. I also use my phone for my work to call me to let me know if they need me. ,When I was younger I’d use my dad’s internet on my laptop. We had to use it different times due tothe house phone ,"Yes, no I use wireless internet. ",We can use technology to play online games with friends out of state or country.,I play games on my laptop or on my phone ,I read about technology today.,"Entertainment with technology has increased dramatically since Covid-19 pandemic due to all of the sickness. Researchers show that technology can be used to communicate to others far & near. Also, technology can support productivity in many ways!",Clock in,Start rounds with dr,Chart,Take a break ,Take vitals ,Help shower patients ,Give out meds,Take lunch,Start rounds ,Lunch for patients,Take a 10 min break,Last rounds with vitals,Clock out ,,,,,,,,,,,,4,5,8,Surgery,6,1,2,2,1,3,3,3,3,5,5,5,5,5,5,3,2,3,3,1,1,1,1,1,1,0,0,50,50,4,RN,RN,4,,75,2,Still in college,1,18,,25,2,,1,,,8,3,5,2,1,Control,6638521c-fe40-bc14-f16a-f1f7f3039e0f,1,1,2,1,1,7,8,2,1,73,4,2,3,3,1,2,1,1,4,5,4,4,"If still in pain take (2) 500 mg Tylenol for pain 
Keep foot/ankle elevated"
2024-05-05 21:48:18,2024-05-05 22:11:30,0,100,1391,1,2024-05-05 22:11:30,R_1QirvbdOC7tgQbn,,,,,37.7244,-83.0341,anonymous,EN,1,5,,,,,,,,,,,"1,8","I use social media, Facebook, to connect with my family back home. ",I use my iPhone for connecting with those close to me. I also use my phone for my work to call me to let me know if they need me. ,When I was younger I’d use my dad’s internet on my laptop. We had to use it different times due tothe house phone ,"Yes, no I use wireless internet. ",We can use technology to play online games with friends out of state or country.,I play games on my laptop or on my phone ,I read about technology today.,"Entertainment with technology has increased dramatically since Covid-19 pandemic due to all of the sickness. Researchers show that technology can be used to communicate to others far & near. Also, technology can support productivity in many ways!",Clock in,Start rounds with dr,Chart,Take a break ,Take vitals ,Help shower patients ,Give out meds,Take lunch,Start rounds ,Lunch for patients,Take a 10 min break,Last rounds with vitals,Clock out ,,,,,,,,,,,,4,5,8,Surgery,6,1,2,2,1,3,3,3,3,5,5,5,5,5,5,3,2,3,3,1,1,1,1,1,1,0,0,50,50,4,RN,RN,4,,75,2,Still in college,1,18,,25,2,,1,,,8,3,5,2,1,Control,6638521c-fe40-bc14-f16a-f1f7f3039e0f,1,1,2,1,2,6,7,3,1.5,83,5,5,1,3,4,4,1,1,1,5,4,5,"Take it easy the next few days
Take Tylenol until pain eases off"
2024-05-05 21:11:03,2024-05-05 22:18:01,0,100,4018,1,2024-05-05 22:18:02,R_21gO739YUXOcOgv,,,,,36.0406,-80.26,anonymous,EN,1,3,,"7,9,4",I would like for someone to care about how I am feeling as a patient.,It is important to put yourself in their shoes.,Fearing they would not get honest answers or the care that they deserve.,They would have better chances of complying.,They have a better chance of having a better recovery.,"With having the same goals, they know their provider is on the same page.",Today I read about patients trusting providers and complying., It is very important that the client has trust in the provider. They need ti know the provider is there to help them with the same goals. A holistic approach is very important. They need to feel comfortable that with having input in their care.,,,,,,,,,,assessment,taking care of personal care,adding formula to the feeding bag,monitor client sleeping,monitor client sleeping,change feeding bag and add formula then prime tubing,ADL'S,Client sleeping,Client sleeping,Report to parent,,,,,,,,,,,,,,,2,2,5,You have certain protocols to follow. They must be tried in order.,2,5,2,2,1,3,2,4,2,4,4,4,4,4,4,1,2,1,1,1,1,1,1,1,1,0,0,20,80,28,Pediatrics,Field Nurse,28,,50,3,Associates,1,34,,55,2,,1,,,3,4,4,2,2,Treatment,66384697-b7cc-45f4-22fe-5060ca74096d,1,1,1,1,1,7,8,2,1,50,4,5,4,2,4,3,1,2,2,4,3,5,"Not complaint.
Did not follow instructions.
Might need x-ray."
2024-05-05 21:11:03,2024-05-05 22:18:01,0,100,4018,1,2024-05-05 22:18:02,R_21gO739YUXOcOgv,,,,,36.0406,-80.26,anonymous,EN,1,3,,"7,9,4",I would like for someone to care about how I am feeling as a patient.,It is important to put yourself in their shoes.,Fearing they would not get honest answers or the care that they deserve.,They would have better chances of complying.,They have a better chance of having a better recovery.,"With having the same goals, they know their provider is on the same page.",Today I read about patients trusting providers and complying., It is very important that the client has trust in the provider. They need ti know the provider is there to help them with the same goals. A holistic approach is very important. They need to feel comfortable that with having input in their care.,,,,,,,,,,assessment,taking care of personal care,adding formula to the feeding bag,monitor client sleeping,monitor client sleeping,change feeding bag and add formula then prime tubing,ADL'S,Client sleeping,Client sleeping,Report to parent,,,,,,,,,,,,,,,2,2,5,You have certain protocols to follow. They must be tried in order.,2,5,2,2,1,3,2,4,2,4,4,4,4,4,4,1,2,1,1,1,1,1,1,1,1,0,0,20,80,28,Pediatrics,Field Nurse,28,,50,3,Associates,1,34,,55,2,,1,,,3,4,4,2,2,Treatment,66384697-b7cc-45f4-22fe-5060ca74096d,1,1,1,1,2,7,8,2,1,51,4,5,3,3,4,4,2,3,1,4,3,5,"Not compliant.
Needs to follow care plan.
Incorporate patient's thoughts."
2024-05-05 21:50:26,2024-05-05 22:34:31,0,100,2645,1,2024-05-05 22:34:32,R_1huRELtsHiuR8tv,,,,,40.3214,-80.0378,anonymous,EN,1,1,,"9,2,6",A holistic approach is vital when taking care of patients.  Part of that approach involves being empathetic and making society better as whole,"the patient is always in charge. they decide what treatments, etc they ultimately  will recieve.  ","embarrassment, lack of knowledge, fear","the better you understand a patients perspectives, the better the treatment and the more likely the patient will recover",they will recover from illness faster.,"yes, the better a patient interacts with the doctor, the better the outcome",skeletal muscle physiology,Mr X has been given the best of care post myocardial infarction.  He will be leaving the hospital with a clean bill of health and will require follow up with his general practitioner.  He has been very compliant with meds and is on the road to recovery.   He is also a positive person and should recover completely from his cardiac event.  ,,,,,,,,,,breakfast,began in the er,diagnosed a leg fracture,diagnosed appendicitis,treated a patient for back pain,lunch,admitted a patient for suicidal ideation,sutured a wound,removed a fish hook from someones finger,stapled a head laceration,dinner,treated someone for a stroke,sutured a wound,sutured another wound,home,bedtime,on call,called by the nurse to evaluate a patient ho fell out of bed,prescribed valliuim,prescribed blood thinner,prescibed pain killer,nap time,home,sleep,4,2,6,talk to him about any other issues he may have,4,4,3,2,1,4,4,4,4,4,4,4,4,4,4,1,1,1,1,1,1,1,1,1,1,0,0,50,50,11,Emergency medicine,resident,6,,72,4,MD,1,39,,50,1,,1,,,9,4,5,4,3,Treatment,66385236-d3f0-697a-de92-9836d10ea734,2,2,2,1,1,5,6,4,2,79,4,4,4,4,5,4,2,2,3,5,5,1,"tramadol po od 10 days
tylenol po od 10 days
gp follow up"
2024-05-05 21:50:26,2024-05-05 22:34:31,0,100,2645,1,2024-05-05 22:34:32,R_1huRELtsHiuR8tv,,,,,40.3214,-80.0378,anonymous,EN,1,1,,"9,2,6",A holistic approach is vital when taking care of patients.  Part of that approach involves being empathetic and making society better as whole,"the patient is always in charge. they decide what treatments, etc they ultimately  will recieve.  ","embarrassment, lack of knowledge, fear","the better you understand a patients perspectives, the better the treatment and the more likely the patient will recover",they will recover from illness faster.,"yes, the better a patient interacts with the doctor, the better the outcome",skeletal muscle physiology,Mr X has been given the best of care post myocardial infarction.  He will be leaving the hospital with a clean bill of health and will require follow up with his general practitioner.  He has been very compliant with meds and is on the road to recovery.   He is also a positive person and should recover completely from his cardiac event.  ,,,,,,,,,,breakfast,began in the er,diagnosed a leg fracture,diagnosed appendicitis,treated a patient for back pain,lunch,admitted a patient for suicidal ideation,sutured a wound,removed a fish hook from someones finger,stapled a head laceration,dinner,treated someone for a stroke,sutured a wound,sutured another wound,home,bedtime,on call,called by the nurse to evaluate a patient ho fell out of bed,prescribed valliuim,prescribed blood thinner,prescibed pain killer,nap time,home,sleep,4,2,6,talk to him about any other issues he may have,4,4,3,2,1,4,4,4,4,4,4,4,4,4,4,1,1,1,1,1,1,1,1,1,1,0,0,50,50,11,Emergency medicine,resident,6,,72,4,MD,1,39,,50,1,,1,,,9,4,5,4,3,Treatment,66385236-d3f0-697a-de92-9836d10ea734,2,2,2,1,2,6,7,3,1.5,53,4,4,4,4,5,4,1,2,4,5,5,1,"non compliant
possibly drug seeking behavior
talked about any other issues he may have

"
2024-05-05 22:09:44,2024-05-05 22:43:11,0,100,2006,1,2024-05-05 22:43:11,R_7cchtmPFLF7RDtN,,,,,39.7949,-79.8058,anonymous,EN,1,3,,,,,,,,,,,"1,7,8",I use social media to stay connected to personal and professional contacts daily. My emails are my lifelong to the office since i work on location. And my laptop is the other lifeline that makes this job functional.d ,Technology has made communication across the platforms so much easier. We see all ranges of areas improved daily from the advancements that technology is making every day!,"Definitely during Covid. Since being confined to our homes, this was the key mode for communicating with family, friends, colleagues, and coworkers. ",Cell phones have made life so much more simple and diverse. I can do everything from my phone as I can a desktop computer making my job so much more functional. The improvements in technology make everything accessible.,"With today's technology, I can watch programs, I can't listen to music, I can listen to podcasts or even play games of my choosing. ","I  use technology for social media, for playing games and keeping track of daily errands and things needed ",Technology and the advantages we have with it.,"I am so thankful for our technology today because it allows me to keep in contact with you and many others that are so far away. We can link up on social median platforms, different texting apps are available as well as games we could play together to stay connected. It's nice that we have these opportunities before us! Take care!","Dress client, breakfast ",Meds,Vitals,"Check patient, toilet",Vitals,Lunch,Toileting,Nap,Nap,Exercise,Dinner,Vitals,Meds,Shower,Bed,Bed,Meds,Sleep,Sleep,Sleep,Sleep,Sleep,Sleep,Wakeup,1,6,3,Order an xray and consult orthopedic specialist,4,3,3,2,1,5,5,5,5,4,4,4,4,4,5,1,1,1,1,1,1,1,1,1,1,1,1,75,25,24,IDD,Nurse Supervisor,24,,75,4,Masters ,1,39,,47,2,,1,,,6,4,6,4,3,Control,663856d6-782c-d8a7-f988-81100ad5cff4,2,2,2,2,1,5,6,4,2,54,3,3,4,3,5,3,1,1,3,5,3,3,Dave is a f/u ankle injury. Ordered him mild pain medication. Dave isn't having much relief upon this appt. Increased the medication dosage and will follow up in 4 wks.
2024-05-05 22:09:44,2024-05-05 22:43:11,0,100,2006,1,2024-05-05 22:43:11,R_7cchtmPFLF7RDtN,,,,,39.7949,-79.8058,anonymous,EN,1,3,,,,,,,,,,,"1,7,8",I use social media to stay connected to personal and professional contacts daily. My emails are my lifelong to the office since i work on location. And my laptop is the other lifeline that makes this job functional.d ,Technology has made communication across the platforms so much easier. We see all ranges of areas improved daily from the advancements that technology is making every day!,"Definitely during Covid. Since being confined to our homes, this was the key mode for communicating with family, friends, colleagues, and coworkers. ",Cell phones have made life so much more simple and diverse. I can do everything from my phone as I can a desktop computer making my job so much more functional. The improvements in technology make everything accessible.,"With today's technology, I can watch programs, I can't listen to music, I can listen to podcasts or even play games of my choosing. ","I  use technology for social media, for playing games and keeping track of daily errands and things needed ",Technology and the advantages we have with it.,"I am so thankful for our technology today because it allows me to keep in contact with you and many others that are so far away. We can link up on social median platforms, different texting apps are available as well as games we could play together to stay connected. It's nice that we have these opportunities before us! Take care!","Dress client, breakfast ",Meds,Vitals,"Check patient, toilet",Vitals,Lunch,Toileting,Nap,Nap,Exercise,Dinner,Vitals,Meds,Shower,Bed,Bed,Meds,Sleep,Sleep,Sleep,Sleep,Sleep,Sleep,Wakeup,1,6,3,Order an xray and consult orthopedic specialist,4,3,3,2,1,5,5,5,5,4,4,4,4,4,5,1,1,1,1,1,1,1,1,1,1,1,1,75,25,24,IDD,Nurse Supervisor,24,,75,4,Masters ,1,39,,47,2,,1,,,6,4,6,4,3,Control,663856d6-782c-d8a7-f988-81100ad5cff4,2,2,2,2,2,5,6,4,2,75,3,3,3,3,5,3,1,3,3,5,3,3,"At f/u, Dave has had no improvement and wasn't able to complete recommendations from previous visit. Medications remained at same dosage, xray of ankle ordered as well as consult with Orthopedics for further care. "
2024-05-05 21:48:25,2024-05-05 22:44:22,0,100,3356,1,2024-05-05 22:44:22,R_3aLxvxrxOr63nRK,,,,,31.1823,-83.7641,anonymous,EN,1,3,,,,,,,,,,,"2,4,8",I used social media this morning to find inspiration and direction for painting my mom a watercolor Mother’s Day card. I searched the term watercolor Mother’s Day cards on TikTok and scrolled until I found one I liked. It’s in progress but so far it’s been a success. ,I use technology daily for maintaining a timeline of daily activities which starts with the alarm on my cell phone each am. I usually check the calendar on my cell phone and use texting and messaging apps throughout the day to keep in contact with my family. I use google on a regular basis to search for recipes to cook and frequently to translate with non English speaking people I might interact with or need to communicate. I use the Uber app to get my ride into and home from work. Then I use my smartwatch to pay for things and to keep up the time.  ,I was working as a Covid nurse during the pandemic and we were able to use video chatting to allow patients who were in isolation visit with their loved ones since it wasn’t allowed in person. Many people were able to at least hear or see them virtually before passing away. It was invaluable. ,I use texting or messaging apps to keep in touch with my kids and my mom multiple times a day for safety checks since I’m working and can’t be home with them. I use indoor cameras to monitor my family as well. ,I use games on my mobile phone to pass the time when I’m waiting on a flight or bus. I use the videos on social media as entertainment as well. ,I use YouTube to watch videos to learn things or just to laugh at the crazy things on there. I use my mobile phone to play games like candy crush and I use it to listen to music or audiobooks too. ,I read about the many uses of technology in peoples lives today. ,Since the Covid 19 pandemic the use of technology to entertain and communicate has increased dramatically and most people now use mobile phones and a large portion use smart phones. It has been such a rapid growth of the use of technology that even my elderly grandmother has embraced the use of Skype to visit with her family near and far since she says they are much more likely to visit virtually than in person,Received report on my 3 critical care stepdown patients from previous shift at beside.,"Initial head to toe assessments and vital signs obtained 
Document in echart",Morning medication rounds use scan to emar to chart ,Turn and reposition all 3 and provide oral care to vents update chart with focused assessment in echart,Check blood sugars and hang any antibiotics or drips check new orders each time I login ,Insulin and check residuals of any enteral feedings. Doc care in echart,Lunch if possible ,Turn and reposition plus oral care plus any dressing changes due plus meds if due and doc all in echart,Any meds due plus any new orders ,Blood sugar vitals focused assessment plus any scheduled meds,Meds and any needs plus complete documentation of all care provided plus all changes in condition and update care plan all in echart,Prepare for shift change and last rounds on patients ,Report to next shift ,Clock out go home ,,,,,,,,,,,3,6,6,I would recommend Dave seek treatment in person for further evaluation of injured ankle. ,3,4,1,1,1,4,4,4,4,3,3,3,3,4,4,3,4,2,3,3,3,2,3,4,3,1,1,50,50,18,Progressive Care ,RN PCU,3,,35,3,Associates Degree ,1,11,,39,2,,1,,,7,4,4,1,2,Control,663850e9-4096-bde7-182a-c60265f73ef7,2,1,2,1,1,5,7,3,1.5,38,5,5,4,3,5,4,2,4,4,5,4,2,"Dave reached out for assistance with unresolved complaints of pain in his ankle for which he was prescribed medication and educated on RICE techniques to aide in healing. He reports not having time to follow recommendations from previous telemedicine visit nor any improvement in pain. Educated Dave on necessity for his compliance with restrictions on use of injured ankle as further use could result in further injury as well as use of
medications prescribed. Explained medication alone cannot relieve all pain and expectations zhould me to reduce pain to a tolerable level while healing. "
2024-05-05 21:48:25,2024-05-05 22:44:22,0,100,3356,1,2024-05-05 22:44:22,R_3aLxvxrxOr63nRK,,,,,31.1823,-83.7641,anonymous,EN,1,3,,,,,,,,,,,"2,4,8",I used social media this morning to find inspiration and direction for painting my mom a watercolor Mother’s Day card. I searched the term watercolor Mother’s Day cards on TikTok and scrolled until I found one I liked. It’s in progress but so far it’s been a success. ,I use technology daily for maintaining a timeline of daily activities which starts with the alarm on my cell phone each am. I usually check the calendar on my cell phone and use texting and messaging apps throughout the day to keep in contact with my family. I use google on a regular basis to search for recipes to cook and frequently to translate with non English speaking people I might interact with or need to communicate. I use the Uber app to get my ride into and home from work. Then I use my smartwatch to pay for things and to keep up the time.  ,I was working as a Covid nurse during the pandemic and we were able to use video chatting to allow patients who were in isolation visit with their loved ones since it wasn’t allowed in person. Many people were able to at least hear or see them virtually before passing away. It was invaluable. ,I use texting or messaging apps to keep in touch with my kids and my mom multiple times a day for safety checks since I’m working and can’t be home with them. I use indoor cameras to monitor my family as well. ,I use games on my mobile phone to pass the time when I’m waiting on a flight or bus. I use the videos on social media as entertainment as well. ,I use YouTube to watch videos to learn things or just to laugh at the crazy things on there. I use my mobile phone to play games like candy crush and I use it to listen to music or audiobooks too. ,I read about the many uses of technology in peoples lives today. ,Since the Covid 19 pandemic the use of technology to entertain and communicate has increased dramatically and most people now use mobile phones and a large portion use smart phones. It has been such a rapid growth of the use of technology that even my elderly grandmother has embraced the use of Skype to visit with her family near and far since she says they are much more likely to visit virtually than in person,Received report on my 3 critical care stepdown patients from previous shift at beside.,"Initial head to toe assessments and vital signs obtained 
Document in echart",Morning medication rounds use scan to emar to chart ,Turn and reposition all 3 and provide oral care to vents update chart with focused assessment in echart,Check blood sugars and hang any antibiotics or drips check new orders each time I login ,Insulin and check residuals of any enteral feedings. Doc care in echart,Lunch if possible ,Turn and reposition plus oral care plus any dressing changes due plus meds if due and doc all in echart,Any meds due plus any new orders ,Blood sugar vitals focused assessment plus any scheduled meds,Meds and any needs plus complete documentation of all care provided plus all changes in condition and update care plan all in echart,Prepare for shift change and last rounds on patients ,Report to next shift ,Clock out go home ,,,,,,,,,,,3,6,6,I would recommend Dave seek treatment in person for further evaluation of injured ankle. ,3,4,1,1,1,4,4,4,4,3,3,3,3,4,4,3,4,2,3,3,3,2,3,4,3,1,1,50,50,18,Progressive Care ,RN PCU,3,,35,3,Associates Degree ,1,11,,39,2,,1,,,7,4,4,1,2,Control,663850e9-4096-bde7-182a-c60265f73ef7,2,1,2,1,2,6,8,3,1.5,66,5,5,4,4,4,5,4,3,2,4,4,1,Dave again reports no improvement on his pain and noncompliance with previous recommendations. This is the second such report. Recommended Dave seek care in person at a local clinic or hospital for further physical evaluation of his injury. 
2024-05-06 00:04:34,2024-05-06 00:38:01,0,100,2007,1,2024-05-06 00:38:02,R_1qeKm24Ga2RKY5P,,,,,21.3754,-157.9474,anonymous,EN,1,1,,,,,,,,,,,"1,6,7",I use my laptop to communicate with patients and colleagues.  Video chats help with telemedicine appointments.  Email is used to transfer information between colleagues and patients.,Use the internet to communicate with friends and family.,I used video conferencing to meet with patients who were unable to visit me due to the COVID-19 pandemic.,I use tech devices to get quicker responses to my questions.,Use streaming networks to binge watch my favorite tv shows.  Use social media to watch short video clips to entertain myself.,I use technology to watch tv programming on demand on the internet via my cable provider. ,I read about the close presidential election polls between Biden & Trump.,Entertainment with technology has rapidly increased since the COVID-19 pandemic.  It has allowed people to keep in touch with the world while keeping their distance from others.  It's allowed many to use video conferencing services like Zoom and Teams to see one another in the virtual world.,Review voicemail/emails.,Meet with my team to plan our day.,Meet with patients.,Meet with patients.,Meet with patients.,Meet with patients.,Meet with patients.,Meet with patients.,Meet with patients.,Meet with patients.,Meet with patients.,Respond to voicemail.,Respond to voicemail/emails.,Visit patients in the hospital.,Visit patients in the hospital.,Exercise in the hospital gym.,Sleep.,Sleep.,Sleep.,Sleep.,Sleep.,Sleep.,Sleep.,Sleep.,6,6,6,Continue prescribing as initially recommended,6,2,4,4,1,5,5,5,5,5,5,5,3,5,5,5,5,5,5,1,1,1,1,1,1,0,0,50,50,6,Endocrinology,Doctor,6,,94,4,MD,1,12,,35,1,,5,,,8,4,6,4,4,Control,663871d3-d377-a2d9-496f-28497a1bbde3,2,2,2,2,1,5,6,4,2,43,4,5,5,2,4,4,2,4,2,5,3,1,Continue taking your pain medication as initially prescribed.  Follow-up in a week (or earlier) to determine if the current course of medication is working.
2024-05-06 00:04:34,2024-05-06 00:38:01,0,100,2007,1,2024-05-06 00:38:02,R_1qeKm24Ga2RKY5P,,,,,21.3754,-157.9474,anonymous,EN,1,1,,,,,,,,,,,"1,6,7",I use my laptop to communicate with patients and colleagues.  Video chats help with telemedicine appointments.  Email is used to transfer information between colleagues and patients.,Use the internet to communicate with friends and family.,I used video conferencing to meet with patients who were unable to visit me due to the COVID-19 pandemic.,I use tech devices to get quicker responses to my questions.,Use streaming networks to binge watch my favorite tv shows.  Use social media to watch short video clips to entertain myself.,I use technology to watch tv programming on demand on the internet via my cable provider. ,I read about the close presidential election polls between Biden & Trump.,Entertainment with technology has rapidly increased since the COVID-19 pandemic.  It has allowed people to keep in touch with the world while keeping their distance from others.  It's allowed many to use video conferencing services like Zoom and Teams to see one another in the virtual world.,Review voicemail/emails.,Meet with my team to plan our day.,Meet with patients.,Meet with patients.,Meet with patients.,Meet with patients.,Meet with patients.,Meet with patients.,Meet with patients.,Meet with patients.,Meet with patients.,Respond to voicemail.,Respond to voicemail/emails.,Visit patients in the hospital.,Visit patients in the hospital.,Exercise in the hospital gym.,Sleep.,Sleep.,Sleep.,Sleep.,Sleep.,Sleep.,Sleep.,Sleep.,6,6,6,Continue prescribing as initially recommended,6,2,4,4,1,5,5,5,5,5,5,5,3,5,5,5,5,5,5,1,1,1,1,1,1,0,0,50,50,6,Endocrinology,Doctor,6,,94,4,MD,1,12,,35,1,,5,,,8,4,6,4,4,Control,663871d3-d377-a2d9-496f-28497a1bbde3,2,2,2,2,2,5,6,4,2,41,4,5,5,3,4,4,1,4,3,4,3,1,"Take medication for pain twice a day.
Follow-up after one week.
Call me if condition worsens prior to one week."
2024-05-06 00:02:59,2024-05-06 00:42:32,0,100,2373,1,2024-05-06 00:42:33,R_2HodhZn1WJYevFl,,,,,33.972,-118.242,anonymous,EN,1,3,,"7,4,5",Kindness regarding there treatment for every different backgrounds ,Understanding paisiant needs regardless of there background,Always remember we have to respect each other's needs be very helpful and loving to all people ,Be responsible to your patients needs and treatment,Being respectful to the patient and family showing kindness and caring just like you want to be treated ,Very true have love and peace to the patient and family showing kindness and respect ,Fair treatment for patients and there family with toddler respect ,Sinctivte to paites and family todle respct to every person you take care of and people you work with,,,,,,,,,,Got off work,0,0,0,0,0,0,0,0,0,0,0,Started work ,1,2,3,4,5,6,7,8,9,10,11,5,5,8,Give him Tylenol and pain cream and have him come back in two weeks ,6,2,2,2,1,4,4,4,4,4,4,4,4,4,4,2,3,1,2,1,1,1,1,1,1,1,1,50,50,21,Geractive,Lvn,11,,51,3,2 years nursing school,1,5,,55,2,,1,,,8,3,2,3,2,Treatment,66387139-841f-31bd-f71a-717ecf4c2e49,2,1,1,1,1,6,8,3,1.5,44,2,3,4,2,4,2,3,3,3,5,4,3,Keep tract of his treatment. Plan and a list of meds
2024-05-06 00:02:59,2024-05-06 00:42:32,0,100,2373,1,2024-05-06 00:42:33,R_2HodhZn1WJYevFl,,,,,33.972,-118.242,anonymous,EN,1,3,,"7,4,5",Kindness regarding there treatment for every different backgrounds ,Understanding paisiant needs regardless of there background,Always remember we have to respect each other's needs be very helpful and loving to all people ,Be responsible to your patients needs and treatment,Being respectful to the patient and family showing kindness and caring just like you want to be treated ,Very true have love and peace to the patient and family showing kindness and respect ,Fair treatment for patients and there family with toddler respect ,Sinctivte to paites and family todle respct to every person you take care of and people you work with,,,,,,,,,,Got off work,0,0,0,0,0,0,0,0,0,0,0,Started work ,1,2,3,4,5,6,7,8,9,10,11,5,5,8,Give him Tylenol and pain cream and have him come back in two weeks ,6,2,2,2,1,4,4,4,4,4,4,4,4,4,4,2,3,1,2,1,1,1,1,1,1,1,1,50,50,21,Geractive,Lvn,11,,51,3,2 years nursing school,1,5,,55,2,,1,,,8,3,2,3,2,Treatment,66387139-841f-31bd-f71a-717ecf4c2e49,2,1,1,1,2,7,8,2,1,60,4,4,3,3,4,3,2,3,2,4,3,5,Give him tylony and pain cream and have him come back in two weeks
2024-05-06 00:31:51,2024-05-06 00:43:39,0,100,707,1,2024-05-06 00:43:39,R_5GGscm49IOIkqIh,,,,,38.6096,-121.4443,anonymous,EN,1,5,,"9,3,4",Nothing,It was helpful,It was informational and helpful,It was helpful and informational,I'm not sure,It was informational and helpful,Ways that healthcare can help there's clients,I have nothing to write,,,,,,,,,,,1,,,,,,,,,,,,,,,,,,,,,,,1,5,2,Referre him to another doctor,6,3,6,3,1,4,4,3,4,5,5,5,5,5,5,1,1,1,1,1,1,1,1,1,1,0,0,0,100,6,Register nurse,RN,6,,57,3,College degree,1,5,,24,2,,1,,,6,4,6,3,3,Treatment,663878f4-d502-4d71-c894-653f6de8acb9,2,1,3,2,1,6,8,3,1.5,45,2,4,5,1,3,3,2,3,4,4,4,3,I have nothing to write
2024-05-06 00:31:51,2024-05-06 00:43:39,0,100,707,1,2024-05-06 00:43:39,R_5GGscm49IOIkqIh,,,,,38.6096,-121.4443,anonymous,EN,1,5,,"9,3,4",Nothing,It was helpful,It was informational and helpful,It was helpful and informational,I'm not sure,It was informational and helpful,Ways that healthcare can help there's clients,I have nothing to write,,,,,,,,,,,1,,,,,,,,,,,,,,,,,,,,,,,1,5,2,Referre him to another doctor,6,3,6,3,1,4,4,3,4,5,5,5,5,5,5,1,1,1,1,1,1,1,1,1,1,0,0,0,100,6,Register nurse,RN,6,,57,3,College degree,1,5,,24,2,,1,,,6,4,6,3,3,Treatment,663878f4-d502-4d71-c894-653f6de8acb9,2,1,3,2,2,3,5,5,2.5,49,2,4,4,2,4,3,2,3,4,4,4,4,I have nothing to write
2024-05-06 00:30:17,2024-05-06 00:58:09,0,100,1672,1,2024-05-06 00:58:10,R_3GVN6NfFM1irdxb,,,,,32.5938,-83.642,anonymous,EN,1,3,,,,,,,,,,,"1,2,7",When I use my tablet or notebook at home to help me finish up my work. ,To connect with family and friends and order things online,When I used a website like been verified to help me locate old classmates for a reunion. ,I use the internet everyday to help with any questions I may have ,I’m able to look up and purchase tickets to events and arrange vacations in advance . ,To long into social media accounts and connect with pope I love. ,Ways technology have improved my life. ,"Technology keeps me in touch with family and friends I’m not able to see weekly. 

I’m able to purchase things online instead of going to several stores. 

I’m able to research things I may need more education on. ",Driving to work,Clock in,Sit down at desk after speaking with staff,Continue working up patients ,Making sure morning pt have been seen,Close for lunch,Return from lunch ,Continue working up patients ,Meeting with Dr ,Start closing down office ,Go home ,Visit with faniky,Start supper ,Eat,Bathe,Watch tv,Go to bed,Asleep,Asleep ,Asleep ,Asleep,Asleep,Asleep,Snooze button ,2,4,3,Refer to orthopedic or pain management ,5,2,3,2,1,1,1,4,4,4,4,4,4,4,4,2,3,2,1,1,1,2,1,1,1,0,0,60,40,26,Pediatric ,Nursing supervisor ,8,,80,3,Associate ,1,11,,45,2,,1,,,6,4,4,2,2,Control,6638780e-0369-d398-2213-4c65d87338e1,2,1,2,2,1,6,7,3,1.5,45,5,5,2,3,5,3,1,2,3,5,3,3,"Continue medication as prescribed 
Start daily exercise as reviewed
Keep follow up app"
2024-05-06 00:30:17,2024-05-06 00:58:09,0,100,1672,1,2024-05-06 00:58:10,R_3GVN6NfFM1irdxb,,,,,32.5938,-83.642,anonymous,EN,1,3,,,,,,,,,,,"1,2,7",When I use my tablet or notebook at home to help me finish up my work. ,To connect with family and friends and order things online,When I used a website like been verified to help me locate old classmates for a reunion. ,I use the internet everyday to help with any questions I may have ,I’m able to look up and purchase tickets to events and arrange vacations in advance . ,To long into social media accounts and connect with pope I love. ,Ways technology have improved my life. ,"Technology keeps me in touch with family and friends I’m not able to see weekly. 

I’m able to purchase things online instead of going to several stores. 

I’m able to research things I may need more education on. ",Driving to work,Clock in,Sit down at desk after speaking with staff,Continue working up patients ,Making sure morning pt have been seen,Close for lunch,Return from lunch ,Continue working up patients ,Meeting with Dr ,Start closing down office ,Go home ,Visit with faniky,Start supper ,Eat,Bathe,Watch tv,Go to bed,Asleep,Asleep ,Asleep ,Asleep,Asleep,Asleep,Snooze button ,2,4,3,Refer to orthopedic or pain management ,5,2,3,2,1,1,1,4,4,4,4,4,4,4,4,2,3,2,1,1,1,2,1,1,1,0,0,60,40,26,Pediatric ,Nursing supervisor ,8,,80,3,Associate ,1,11,,45,2,,1,,,6,4,4,2,2,Control,6638780e-0369-d398-2213-4c65d87338e1,2,1,2,2,2,5,6,4,2,NA,5,5,3,3,5,4,1,3,3,5,3,2,"Discuss referral is pain persists 
Continue medication as prescribed
Schedule follow up app"
2024-05-06 00:47:36,2024-05-06 01:15:35,0,100,1679,1,2024-05-06 01:15:36,R_138kSsfy7UOe8s9,,,,,36.2709,-115.28,anonymous,EN,1,3,,"9,3","Without empathy you would not be able to connect with your patients, this would cause distance and your patient may not feel safe to discuss important information with you","It is important to put yourself in their shoes, that way you have a better understanding of their needs.","Patients may see doctors as stuck up and smart asses. In some cases they are not wrong, however its a personality thing, not a profession thing, at least It should not be. Many nurses for example have a superiority complex, and talk negatively to their patients in a condescending manner, backhanded manner or passive aggressive manner. Patients do not like that and they feel as though their private information will bring them shame.","Being nice and positive to anyone should make yourself feel happy. Helping people should bring you joy. That we are making a difference in this world, one by one.",Patients will have a more optimistic approach when visiting hospitals or doctors. We should ensure a safe place for our patients. Always.,"This helps both parties reach a conclusion faster, if a patient is non compliant, we must try and find a middle ground, so both of us have a happy outcome.",I read about the relationship between healthcare providers and patients and how and why it is so important,"Never stop being optimistic. It will be challenging to work in the healthcare industry, we must endure and grow from our experience and implement them into reality. We can make a difference, and change people’s lives. Connection is the most basic but important part of being human, we have the ability to empathize. We must use this in our work, every single day, to help our patients and help make this a safe place for them.",,,,,,,,,,,,,,,,Check in,Supply stocks,Patient logging,Patients runs,Small free time,Patient logging,Patient runs,Dinner,Patients runs,Patients runs,Patient runs,Patient logging/sign out,,,,,,,1,1,4,"I would ask why it slipped his mind, i would ask for his pain levels at this current moment, i will ask if there is anything preventing him from the medications, I will tell him if he complies to take his medicine as prescribed, and so forth",5,2,3,2,1,5,3,4,3,3,3,4,4,4,5,2,2,2,3,2,2,2,2,2,2,1,1,50,50,42,Nursing,Registered Nurse,7,,80,3,Bachelor,1,29,,28,2,,1,,,5,6,6,2,2,Treatment,66387c0e-da9b-0090-ef98-d4b482fae453,2,2,2,2,1,5,6,4,2,23,1,3,4,1,5,2,1,1,3,5,4,3,Dave is having dull pain in his ankle. Its obvious to give him the appropriate medication which goes for weak opiods for his ankle injury. Dave is intelligent enough to seek help and we must provide.
2024-05-06 00:47:36,2024-05-06 01:15:35,0,100,1679,1,2024-05-06 01:15:36,R_138kSsfy7UOe8s9,,,,,36.2709,-115.28,anonymous,EN,1,3,,"9,3","Without empathy you would not be able to connect with your patients, this would cause distance and your patient may not feel safe to discuss important information with you","It is important to put yourself in their shoes, that way you have a better understanding of their needs.","Patients may see doctors as stuck up and smart asses. In some cases they are not wrong, however its a personality thing, not a profession thing, at least It should not be. Many nurses for example have a superiority complex, and talk negatively to their patients in a condescending manner, backhanded manner or passive aggressive manner. Patients do not like that and they feel as though their private information will bring them shame.","Being nice and positive to anyone should make yourself feel happy. Helping people should bring you joy. That we are making a difference in this world, one by one.",Patients will have a more optimistic approach when visiting hospitals or doctors. We should ensure a safe place for our patients. Always.,"This helps both parties reach a conclusion faster, if a patient is non compliant, we must try and find a middle ground, so both of us have a happy outcome.",I read about the relationship between healthcare providers and patients and how and why it is so important,"Never stop being optimistic. It will be challenging to work in the healthcare industry, we must endure and grow from our experience and implement them into reality. We can make a difference, and change people’s lives. Connection is the most basic but important part of being human, we have the ability to empathize. We must use this in our work, every single day, to help our patients and help make this a safe place for them.",,,,,,,,,,,,,,,,Check in,Supply stocks,Patient logging,Patients runs,Small free time,Patient logging,Patient runs,Dinner,Patients runs,Patients runs,Patient runs,Patient logging/sign out,,,,,,,1,1,4,"I would ask why it slipped his mind, i would ask for his pain levels at this current moment, i will ask if there is anything preventing him from the medications, I will tell him if he complies to take his medicine as prescribed, and so forth",5,2,3,2,1,5,3,4,3,3,3,4,4,4,5,2,2,2,3,2,2,2,2,2,2,1,1,50,50,42,Nursing,Registered Nurse,7,,80,3,Bachelor,1,29,,28,2,,1,,,5,6,6,2,2,Treatment,66387c0e-da9b-0090-ef98-d4b482fae453,2,2,2,2,2,5,6,4,2,23,1,4,5,1,5,3,1,1,3,5,4,3,Dave has dull ankle pain. Was prescribed two weak opiods. Follow up- Dave did not take any medication- but does not mention anything about pain after- if he wants another prescription he will have to come in to asses the injury and see if medication is needed.
2024-05-06 01:59:17,2024-05-06 02:25:25,0,100,1567,1,2024-05-06 02:25:26,R_37mm2UYWEVEbDGl,,,,,35.2774,-101.8349,anonymous,EN,1,3,,,,,,,,,,,"3,8",I’m actually a book influencer so I read constantly. ,"I’m a book influencer so I use my laptop, kindle, and phone every day for socials and apps related to that.",I’m connected with people ALL around the world via social media. I have folllwers all over this country and some in other countries as well.,I love using the record audio option on my phone and within message apps to talk in real time in great length rather than type everything out. ,"Reading on my kindle, scrolling through tiktok, and listening to audiobooks on my phone. ","Kindle for reading, phone for audiobooks, and scrolling through tiktok .",I’m reading the Isle of Sin and Shadows by Keri Lake. It’s a paranormal enemies to lovers romance with spooky season vibes,Since Covid there’s been a mass amount of people staying at home and taking jobs working at home. Being a book influencer I’ve seen an influx of stay at home parents or work from home women flock to Booktok not only as a means of entertainment but to try and start their own entrepreneurial influencer page. The market is honestly flooded more than ever on tiktok. ,Give report and go home to my loving bed,Work on influencer stuff,Work on influencer stuff,Sleep,Sleep,Sleep,Sleep,Sleep,Sleep,Sleep ,Get ready for work,Get ready for work,Clock in get report wash hands,"First set of cares. Assess baby, weigh baby, feed baby. ",Second set of cares. Rinse and repeat from above. ,Charting or downtime ,First set of cares. Assess and feed baby.,First set of cares. Assess and feed baby.,Charting or downtime,First set of cares. Assess and feed baby.,First set of cares. Assess and feed baby.,Charting or down time,First set of cares. Assess and feed baby. Labs if needed,First set of cares. Assess and feed baby. Labs if needed,2,1,5,I’d like more diagnostics like an xray. Maybe follow up with some PT/OT. Ask him a LOT more questions than this scenario gives. Also as a nurse we always want our patients to better. Pain is subjective and it’s not my job to write pain prescriptions. ,5,3,4,2,1,1,1,1,1,3,4,4,4,4,4,2,2,3,3,1,4,2,1,1,4,0,0,70,30,7,Neonatal ICU,Staff RN (travel),3,,35,3,,1,1,,29,2,,1,,,7,3,5,2,2,Control,66388cad-8d1e-af88-0a75-848a4dc63879,2,1,2,1,1,6,7,3,1.5,20,3,3,5,3,5,3,1,3,3,5,3,3,As a healthcare provider there’s really not enough diagnostics or information to truly treat this patient. 
2024-05-06 01:59:17,2024-05-06 02:25:25,0,100,1567,1,2024-05-06 02:25:26,R_37mm2UYWEVEbDGl,,,,,35.2774,-101.8349,anonymous,EN,1,3,,,,,,,,,,,"3,8",I’m actually a book influencer so I read constantly. ,"I’m a book influencer so I use my laptop, kindle, and phone every day for socials and apps related to that.",I’m connected with people ALL around the world via social media. I have folllwers all over this country and some in other countries as well.,I love using the record audio option on my phone and within message apps to talk in real time in great length rather than type everything out. ,"Reading on my kindle, scrolling through tiktok, and listening to audiobooks on my phone. ","Kindle for reading, phone for audiobooks, and scrolling through tiktok .",I’m reading the Isle of Sin and Shadows by Keri Lake. It’s a paranormal enemies to lovers romance with spooky season vibes,Since Covid there’s been a mass amount of people staying at home and taking jobs working at home. Being a book influencer I’ve seen an influx of stay at home parents or work from home women flock to Booktok not only as a means of entertainment but to try and start their own entrepreneurial influencer page. The market is honestly flooded more than ever on tiktok. ,Give report and go home to my loving bed,Work on influencer stuff,Work on influencer stuff,Sleep,Sleep,Sleep,Sleep,Sleep,Sleep,Sleep ,Get ready for work,Get ready for work,Clock in get report wash hands,"First set of cares. Assess baby, weigh baby, feed baby. ",Second set of cares. Rinse and repeat from above. ,Charting or downtime ,First set of cares. Assess and feed baby.,First set of cares. Assess and feed baby.,Charting or downtime,First set of cares. Assess and feed baby.,First set of cares. Assess and feed baby.,Charting or down time,First set of cares. Assess and feed baby. Labs if needed,First set of cares. Assess and feed baby. Labs if needed,2,1,5,I’d like more diagnostics like an xray. Maybe follow up with some PT/OT. Ask him a LOT more questions than this scenario gives. Also as a nurse we always want our patients to better. Pain is subjective and it’s not my job to write pain prescriptions. ,5,3,4,2,1,1,1,1,1,3,4,4,4,4,4,2,2,3,3,1,4,2,1,1,4,0,0,70,30,7,Neonatal ICU,Staff RN (travel),3,,35,3,,1,1,,29,2,,1,,,7,3,5,2,2,Control,66388cad-8d1e-af88-0a75-848a4dc63879,2,1,2,1,2,6,7,3,1.5,52,3,3,5,3,5,3,1,3,3,5,3,3,He needs an X-ray and outpatient physical therapy
2024-05-06 02:58:44,2024-05-06 03:29:05,0,100,1820,1,2024-05-06 03:29:06,R_12MCUTizmQpoHN2,,,,,40.7852,-73.8098,anonymous,EN,1,1,,"7,2,5",Because I think these are the most important values I need to consider while practicing medicine ,Because it might help to find the proper way to treat my patient and also the root if the problem in some cases,Because of bad previous experiences with other doctors ,It will give a more positive attitude while dealing with patient. In result it be better for both me and the patient ,I think the psychological impact plays a significant role in the healing process ,Yes a lot.,The relationship between patients and their doctors,I want you to always think of your patient as your friend.Always try to prioritize their health benefits over any thing else .,,,,,,,,,,Started my shift,Reading e mails,Examine patients ,Examine patients ,Went to OR,Surgery ,Surgery,Surgery,Surgery,Surgery,Surgery,Surgery ,Surgery,Surgery,Break,Break,Break,On call,On call,On call,Emergency room,Emergency room ,Emergency room ,Emergency room ,5,2,4,I would repeat the treatment plan and encourage him to comitt to it,4,4,3,2,1,5,5,5,5,5,5,5,5,5,5,3,3,1,1,1,1,1,1,1,1,1,1,50,50,9,Neurosurgery ,Manager ,4,,80,4,Masters,1,33,,37,1,,1,,,9,4,6,4,4,Treatment,66389b1f-3d77-ead1-d06d-1b9c566f00d5,2,1,2,1,1,5,7,3,1.5,72,5,5,5,2,5,2,1,5,2,5,3,2,"Take a rest for a weak
Take the medication 
Try to comitt to the treatment plan"
2024-05-06 02:58:44,2024-05-06 03:29:05,0,100,1820,1,2024-05-06 03:29:06,R_12MCUTizmQpoHN2,,,,,40.7852,-73.8098,anonymous,EN,1,1,,"7,2,5",Because I think these are the most important values I need to consider while practicing medicine ,Because it might help to find the proper way to treat my patient and also the root if the problem in some cases,Because of bad previous experiences with other doctors ,It will give a more positive attitude while dealing with patient. In result it be better for both me and the patient ,I think the psychological impact plays a significant role in the healing process ,Yes a lot.,The relationship between patients and their doctors,I want you to always think of your patient as your friend.Always try to prioritize their health benefits over any thing else .,,,,,,,,,,Started my shift,Reading e mails,Examine patients ,Examine patients ,Went to OR,Surgery ,Surgery,Surgery,Surgery,Surgery,Surgery,Surgery ,Surgery,Surgery,Break,Break,Break,On call,On call,On call,Emergency room,Emergency room ,Emergency room ,Emergency room ,5,2,4,I would repeat the treatment plan and encourage him to comitt to it,4,4,3,2,1,5,5,5,5,5,5,5,5,5,5,3,3,1,1,1,1,1,1,1,1,1,1,50,50,9,Neurosurgery ,Manager ,4,,80,4,Masters,1,33,,37,1,,1,,,9,4,6,4,4,Treatment,66389b1f-3d77-ead1-d06d-1b9c566f00d5,2,1,2,1,2,5,7,3,1.5,74,5,5,5,2,5,4,1,5,2,5,3,2,"Follow my recommendations
Take the medications
Take a rest"
2024-05-06 03:38:38,2024-05-06 03:55:45,0,100,1026,1,2024-05-06 03:55:45,R_5Oq7yMm8K8LwhhY,,,,,33.8743,-84.4653,anonymous,EN,1,3,,,,,,,,,,,"1,2,6,7,8",I use it from emails and school assignments ,"I use it throughout my personal life to connect with others, do work and relax ",When Covid happened technology was how we all stayed in touch since we could not see each other face to face ,"I use it to stay connected, be in the moment with certain things and upgrade my life","Social media, streaming platforms, music service ",Social media and watching shows on streaming platforms ,Technology and it’s affects on us,"Technology is built to help us connect and stay grounded while not out and about with others. Social media helps us stay connected to others, streaming services help us to distract and unwind from a hard days work. Technology has its benefits but also, remember that face to face and putting the technology down is important too",Wake up,Organize shift for the day,First patient ,Take care of patient ,Second patient ,Take care of patient ,Third patient ,Take care of patient ,Fourth patient ,Take care of patient ,,,,,,,,,,,,,,,4,3,5,Same suggestions ,4,4,3,2,1,4,4,4,4,2,2,2,2,2,2,2,3,2,2,1,1,1,1,1,1,1,1,50,50,3,Oncology infusion nurse ,Oncology infusion nurse ,2,,83,4,MSN,1,11,,26,2,,3,,,5,2,4,4,4,Control,6638a489-80ed-2789-989a-11fe9cafc4cb,2,1,4,3,1,5,7,3,1.5,65,3,4,5,2,5,3,2,2,2,5,3,3,Steps to take 
2024-05-06 03:38:38,2024-05-06 03:55:45,0,100,1026,1,2024-05-06 03:55:45,R_5Oq7yMm8K8LwhhY,,,,,33.8743,-84.4653,anonymous,EN,1,3,,,,,,,,,,,"1,2,6,7,8",I use it from emails and school assignments ,"I use it throughout my personal life to connect with others, do work and relax ",When Covid happened technology was how we all stayed in touch since we could not see each other face to face ,"I use it to stay connected, be in the moment with certain things and upgrade my life","Social media, streaming platforms, music service ",Social media and watching shows on streaming platforms ,Technology and it’s affects on us,"Technology is built to help us connect and stay grounded while not out and about with others. Social media helps us stay connected to others, streaming services help us to distract and unwind from a hard days work. Technology has its benefits but also, remember that face to face and putting the technology down is important too",Wake up,Organize shift for the day,First patient ,Take care of patient ,Second patient ,Take care of patient ,Third patient ,Take care of patient ,Fourth patient ,Take care of patient ,,,,,,,,,,,,,,,4,3,5,Same suggestions ,4,4,3,2,1,4,4,4,4,2,2,2,2,2,2,2,3,2,2,1,1,1,1,1,1,1,1,50,50,3,Oncology infusion nurse ,Oncology infusion nurse ,2,,83,4,MSN,1,11,,26,2,,3,,,5,2,4,4,4,Control,6638a489-80ed-2789-989a-11fe9cafc4cb,2,1,4,3,2,2,4,7,3.5,81,3,5,5,2,5,3,2,2,2,5,3,3,Follow up instructions and have nurse follow up
2024-05-06 04:02:00,2024-05-06 04:28:40,0,100,1599,1,2024-05-06 04:28:41,R_1k95Mhn6vOsUWS5,,,,,32.9365,-96.7871,anonymous,EN,1,3,,"7,9,4",If you ever lose the ability to put yourself in someone else's shoes that's the day your job becomes unimportant. The place yourself or to even be sympathetic to someone else you have to have compassion and empathy,Because when you become biased you start to place judgment so I remain liberal and consider that every person comes from different Avenues of life,Fear of judgment and fear itself,Considering everything that we give is caregivers we can want to be positive or need to be positive it shouldn't really be any negative impact to help helping someone,It may expedite the process or open up Avenues to identify more places with that person might need help,Yes where one or more Minds can come together and become a line is also way more productive than being opposed to one another,Caregivers remaining open to different walks of life views,"Dear new healthcare provider, when you make the decision to help someone you have to close your mind to views that are opposed from theirs. When you look down your nose at someone you place judgment. That does not say that you will not treat or care for someone but unconsciously your view can be viewed or felt through your touch or your seen through your eyes. Be kind to all and be loving and most of all the empathetic. The shoes that these people are standing in right now, May one day be the very same shoe that you have to wear day after day.",,,,,,,,,,Washing the dogs,Taking a shower,Straightening up my house,Sleep,Sleep,Sleep,Feed the dogs make my lunch,Take a shower,Get dressed for work,Watch a little TV,Leave for work,Arrive at work,Work,Work,Work,Work,Work,Work,Work,Work,Work,Work,Work,Work,4,3,5,Referred ,5,2,3,2,1,4,5,4,4,4,4,4,5,4,4,5,4,3,4,1,1,2,1,4,4,1,1,50,50,27,Pediatric ,Lvn,26,,81,3,,1,45,,45,2,,3,,,6,2,4,2,3,Treatment,6638a9e8-a4a2-1953-f5b3-bb507ace0e7c,4,2,2,1,1,2,6,6,3,65,2,3,4,3,5,3,1,1,3,5,3,1,Pain is what the patient says it is
2024-05-06 04:02:00,2024-05-06 04:28:40,0,100,1599,1,2024-05-06 04:28:41,R_1k95Mhn6vOsUWS5,,,,,32.9365,-96.7871,anonymous,EN,1,3,,"7,9,4",If you ever lose the ability to put yourself in someone else's shoes that's the day your job becomes unimportant. The place yourself or to even be sympathetic to someone else you have to have compassion and empathy,Because when you become biased you start to place judgment so I remain liberal and consider that every person comes from different Avenues of life,Fear of judgment and fear itself,Considering everything that we give is caregivers we can want to be positive or need to be positive it shouldn't really be any negative impact to help helping someone,It may expedite the process or open up Avenues to identify more places with that person might need help,Yes where one or more Minds can come together and become a line is also way more productive than being opposed to one another,Caregivers remaining open to different walks of life views,"Dear new healthcare provider, when you make the decision to help someone you have to close your mind to views that are opposed from theirs. When you look down your nose at someone you place judgment. That does not say that you will not treat or care for someone but unconsciously your view can be viewed or felt through your touch or your seen through your eyes. Be kind to all and be loving and most of all the empathetic. The shoes that these people are standing in right now, May one day be the very same shoe that you have to wear day after day.",,,,,,,,,,Washing the dogs,Taking a shower,Straightening up my house,Sleep,Sleep,Sleep,Feed the dogs make my lunch,Take a shower,Get dressed for work,Watch a little TV,Leave for work,Arrive at work,Work,Work,Work,Work,Work,Work,Work,Work,Work,Work,Work,Work,4,3,5,Referred ,5,2,3,2,1,4,5,4,4,4,4,4,5,4,4,5,4,3,4,1,1,2,1,4,4,1,1,50,50,27,Pediatric ,Lvn,26,,81,3,,1,45,,45,2,,3,,,6,2,4,2,3,Treatment,6638a9e8-a4a2-1953-f5b3-bb507ace0e7c,4,2,2,1,2,6,7,3,1.5,NA,3,3,5,3,5,3,1,4,3,5,3,5,Reference material X-rays of blood work don't Place judgment in complete the test the patient is trying to achieve
2024-05-06 05:02:43,2024-05-06 05:22:33,0,100,1189,1,2024-05-06 05:22:33,R_5bVhKGKweEXtNAg,,,,,28.4932,-81.2878,anonymous,EN,1,3,,"7,3,4",I think it is interesting ,Because different ethic groups do things differently ,Because they do t trust you fully. ,"Because understanding how their instincts work, wil help you treat them ","The more you know about them, the better treatment ",Listen to nurses ,How patients trust is so important for patient care ,We are aware,,,,,,,,,,Go to work ,Get to work ,Routine things email and messages ,Start seeing patient wic ,Wic ,Wic ,Lunch ,Family planning ,Fp,FP ,FP ,Home ,,,,,,,,,,,,,5,4,4,Vontinuev,6,3,5,3,1,4,4,4,4,4,4,4,4,4,4,2,2,2,2,3,3,3,3,3,3,0,,100,0,12,Community ,Rn,12,,12,3,Bach,1,18,,41,2,,1,,,5,4,,2,2,Treatment,6638b847-5078-37fe-08fd-22f4c90509ad,1,1,1,1,1,7,8,2,1,37,4,4,4,4,4,4,4,4,4,4,4,3,Follow up in 1 month. continue to take tylenol.   Do exercises
2024-05-06 05:02:43,2024-05-06 05:22:33,0,100,1189,1,2024-05-06 05:22:33,R_5bVhKGKweEXtNAg,,,,,28.4932,-81.2878,anonymous,EN,1,3,,"7,3,4",I think it is interesting ,Because different ethic groups do things differently ,Because they do t trust you fully. ,"Because understanding how their instincts work, wil help you treat them ","The more you know about them, the better treatment ",Listen to nurses ,How patients trust is so important for patient care ,We are aware,,,,,,,,,,Go to work ,Get to work ,Routine things email and messages ,Start seeing patient wic ,Wic ,Wic ,Lunch ,Family planning ,Fp,FP ,FP ,Home ,,,,,,,,,,,,,5,4,4,Vontinuev,6,3,5,3,1,4,4,4,4,4,4,4,4,4,4,2,2,2,2,3,3,3,3,3,3,0,,100,0,12,Community ,Rn,12,,12,3,Bach,1,18,,41,2,,1,,,5,4,,2,2,Treatment,6638b847-5078-37fe-08fd-22f4c90509ad,1,1,1,1,2,7,8,2,1,NA,3,3,3,3,3,3,3,3,3,3,3,3,Keep doing what I told you 
2024-05-06 05:29:36,2024-05-06 05:49:51,0,100,1215,1,2024-05-06 05:49:52,R_1rHPfhsmHWgaLv3,,,,,28.5588,-81.3495,anonymous,EN,1,3,,"3,5","Being a competent healthcare provider, up to date on skills and research. ",So that you can understand their perspective or where they are coming from. ,They don’t understand or want to be judged by their health care providers ,It helps you to understand the patient she can help you assist them more ,You can tailor treatment to their life and needs ,They understand you are on their team and can gain trust ,Issues within the healthcare setting ,Being a healthcare provider is an opportunity to Kaye an impact on others lives. If you understand a patient’s perspective you can build trust and assist them in their care and goals. ,,,,,,,,,,,Driving,Driving ,Rounding with provider ,Rounding with provider ,Rounding with provider ,Rounding with provider ,Rounding with provider ,Meeting with clinical managers ,Driving ,Driving ,,,,,,,,,,,,,,3,4,6,Refer to pain management ,5,3,4,3,1,4,4,4,4,4,4,2,3,2,4,2,2,3,3,1,1,1,1,1,1,0,0,50,50,14,Wound care ,Clinical liaison,4,,81,3,BSN,1,31,,39,2,,1,,,5,4,6,4,3,Treatment,6638be22-0324-afc7-9229-ae77f4e1e657,2,2,1,1,1,5,6,4,2,29,4,4,4,2,5,3,1,2,3,4,3,5,"Non compliant 
Needs pain management 
Education provided 
Discussed new plan of care, Pt able to verbalize understanding and repeat back "
2024-05-06 05:29:36,2024-05-06 05:49:51,0,100,1215,1,2024-05-06 05:49:52,R_1rHPfhsmHWgaLv3,,,,,28.5588,-81.3495,anonymous,EN,1,3,,"3,5","Being a competent healthcare provider, up to date on skills and research. ",So that you can understand their perspective or where they are coming from. ,They don’t understand or want to be judged by their health care providers ,It helps you to understand the patient she can help you assist them more ,You can tailor treatment to their life and needs ,They understand you are on their team and can gain trust ,Issues within the healthcare setting ,Being a healthcare provider is an opportunity to Kaye an impact on others lives. If you understand a patient’s perspective you can build trust and assist them in their care and goals. ,,,,,,,,,,,Driving,Driving ,Rounding with provider ,Rounding with provider ,Rounding with provider ,Rounding with provider ,Rounding with provider ,Meeting with clinical managers ,Driving ,Driving ,,,,,,,,,,,,,,3,4,6,Refer to pain management ,5,3,4,3,1,4,4,4,4,4,4,2,3,2,4,2,2,3,3,1,1,1,1,1,1,0,0,50,50,14,Wound care ,Clinical liaison,4,,81,3,BSN,1,31,,39,2,,1,,,5,4,6,4,3,Treatment,6638be22-0324-afc7-9229-ae77f4e1e657,2,2,1,1,2,7,8,2,1,30,4,4,4,3,4,3,3,2,3,4,2,5,"Non compliant 
Education provided 
Refer to pain management "
2024-05-06 05:44:30,2024-05-06 06:42:41,0,100,3490,1,2024-05-06 06:42:42,R_57SHVQdZbs6OuqJ,,,,,32.4143,-90.1185,anonymous,EN,1,3,,,,,,,,,,,"1,5,7",I use music streaming apps to help me focus on day to day activities.,I send and receive emails to family and friends. I also use it listen to music and play games. I also use it to watch movies and shows.,It allowed me to be able to be face to face with my sister even though we were in 2 different places.,I use them to communicate with my kids when I'm not around them. I can see what they are doing when I'm not around them.,I use it to listen to music. I also use it to watch tv shows and movies.,I use it to listen to music and watch movies.,I read about different ways to use technology.,Technology is a wonderful thing. You can use it in your everyday life to do some of the things you already do. It can help you keep in touch with friends and family that's far from you. You can also use it to watch some of your favorite shows for entertainment purposes.,Came to work,Did rounds,Did rounds,Spent time with patients families,Spent time with patients families,Break,Did more rounds,Continued rounding,Charted,Charted,Research,Told my patients I would see them tomorrow,Left work,,,,,,,,,,,,2,1,10,"I would tell him until he does what was previous told to him, there is nothing else I can do.",4,2,3,3,1,4,4,5,5,5,5,5,4,5,5,1,2,1,2,1,2,1,1,1,2,1,1,60,40,17,Pediatrics,Nurse Manager,4,,80,3,MSN,1,25,,39,2,,3,,,8,4,6,1,1,Control,6638c138-30bf-cd66-3208-6ffd7e44097b,2,2,4,2,1,5,6,4,2,65,4,5,5,4,4,2,2,4,1,5,3,2,"didn't follow previous orders
Steroid injection
pain medicine hydrocodone 
"
2024-05-06 05:44:30,2024-05-06 06:42:41,0,100,3490,1,2024-05-06 06:42:42,R_57SHVQdZbs6OuqJ,,,,,32.4143,-90.1185,anonymous,EN,1,3,,,,,,,,,,,"1,5,7",I use music streaming apps to help me focus on day to day activities.,I send and receive emails to family and friends. I also use it listen to music and play games. I also use it to watch movies and shows.,It allowed me to be able to be face to face with my sister even though we were in 2 different places.,I use them to communicate with my kids when I'm not around them. I can see what they are doing when I'm not around them.,I use it to listen to music. I also use it to watch tv shows and movies.,I use it to listen to music and watch movies.,I read about different ways to use technology.,Technology is a wonderful thing. You can use it in your everyday life to do some of the things you already do. It can help you keep in touch with friends and family that's far from you. You can also use it to watch some of your favorite shows for entertainment purposes.,Came to work,Did rounds,Did rounds,Spent time with patients families,Spent time with patients families,Break,Did more rounds,Continued rounding,Charted,Charted,Research,Told my patients I would see them tomorrow,Left work,,,,,,,,,,,,2,1,10,"I would tell him until he does what was previous told to him, there is nothing else I can do.",4,2,3,3,1,4,4,5,5,5,5,5,4,5,5,1,2,1,2,1,2,1,1,1,2,1,1,60,40,17,Pediatrics,Nurse Manager,4,,80,3,MSN,1,25,,39,2,,3,,,8,4,6,1,1,Control,6638c138-30bf-cd66-3208-6ffd7e44097b,2,2,4,2,2,1,5,6,3,64,5,5,5,4,3,4,4,5,1,4,2,1,"Doesn't follow orders.
Given 2 sets of treatments.
Did not do anything that was told to him."
2024-05-06 06:56:37,2024-05-06 07:12:26,0,100,949,1,2024-05-06 07:12:27,R_7lzbDEQLTsaXfDP,,,,,40.4521,-80.1792,anonymous,EN,1,3,,"3,4,5",Commitment and being diligent with your field of nursing ,It canbhelp the provider to find a personal care plan for an individual patient ,Because they don’t understand the plan of care nor they are nervous about their health concern,I’d the patient has a good trusting relationship with them provider they are likely to me more compliant ,They will want to participate and be active in their health care ,It helps them to understand and want to participate in their healthcare ,About the patient and provider relationship to help with their care ,If the patient can trust and have an open relationship to ask questions and have things explained to hrhem in a way that they understand.    It will make all the difference in treating having the patient be compliant.    If they have all their concerns addressed they will u sweat and and be compliant ,,,,,,,,,,,Started ,,,,,,,,Left work ,,,,,,,,,,,,,,,5,5,7,,7,2,3,2,1,3,4,4,4,2,2,2,2,2,2,1,1,1,1,1,1,1,1,1,1,0,0,50,50,25,Anticoagulation ,Nurse clinician ,15,,58,3,Bachelor ,1,50,,57,2,,1,,,6,6,7,3,2,Treatment,6638d2d4-2c58-6280-e9b1-880251d5af4e,2,2,2,2,1,5,6,4,2,61,3,4,4,2,4,2,2,2,4,4,4,3,"Order X-ray 
Order physical therapy 
Evaluate if pain med is helping "
2024-05-06 06:56:37,2024-05-06 07:12:26,0,100,949,1,2024-05-06 07:12:27,R_7lzbDEQLTsaXfDP,,,,,40.4521,-80.1792,anonymous,EN,1,3,,"3,4,5",Commitment and being diligent with your field of nursing ,It canbhelp the provider to find a personal care plan for an individual patient ,Because they don’t understand the plan of care nor they are nervous about their health concern,I’d the patient has a good trusting relationship with them provider they are likely to me more compliant ,They will want to participate and be active in their health care ,It helps them to understand and want to participate in their healthcare ,About the patient and provider relationship to help with their care ,If the patient can trust and have an open relationship to ask questions and have things explained to hrhem in a way that they understand.    It will make all the difference in treating having the patient be compliant.    If they have all their concerns addressed they will u sweat and and be compliant ,,,,,,,,,,,Started ,,,,,,,,Left work ,,,,,,,,,,,,,,,5,5,7,,7,2,3,2,1,3,4,4,4,2,2,2,2,2,2,1,1,1,1,1,1,1,1,1,1,0,0,50,50,25,Anticoagulation ,Nurse clinician ,15,,58,3,Bachelor ,1,50,,57,2,,1,,,6,6,7,3,2,Treatment,6638d2d4-2c58-6280-e9b1-880251d5af4e,2,2,2,2,2,5,6,4,2,62,2,2,4,2,4,2,2,2,4,4,4,3,"Order X-ray 
Order physical therapy 
Change pain med "
2024-05-06 06:31:27,2024-05-06 07:17:34,0,100,2767,1,2024-05-06 07:17:35,R_7W2CPiXzo6So6NH,,,,,39.4849,-88.1805,anonymous,EN,1,3,,,,,,,,,,,"1,7,8",Laptop is for school.,"I use it for social media, and reading books.","Company iphones, with doc halo, in a healthcare setting to reach out to doctors for assistance. ","Yes, I use them at work. Having instant access to a doctor for a patient in distress is a relief for a nurse. ","Reading books, watching videos, gaming","I use my phone to read books, watch videos, reach out to family.",I read a book about a Roman informer.,"Dear person my age,
Using technology for entertainment became even more necessary because of the restrictions placed on citizens during the COVID-19 pandemic. People needed to have something to do to take their minds off of the deaths and tragedy’s happening around them. Suicide and depression due to loneliness and stress from a loss of a job,  was part of the many factors that led to people’s death during a time when death was happening due to the pandemic. For some people, having the ability to face time and reach out to family was life saving especially in places like hospitals where patients were not allowed visitors even when they were dying due to the pandemic. Hospital stays were longer due to COVID-19. As a healthcare provider, watching a patient lose hope during their battle with COVID because they could not have family visit them for their entire hospital stay to keep their spirits up was truly heartbreaking. Healthcare providers definitely had to innovate during this time and use any method they had to bring these patients family’s to them with out breaking restrictions.",Report,Hourly/dr rounds,Med pass,"Hourly rounds, Therapy, charting","Break, med pass","Med pass, hourly rounds ","Charting, wound care ","Lunch, hourly rounds, rapid response ","Patient care, charting","Break, hourly rounds ",Med pass ,"Med pass, hourly rounds",Report ,Off ,Off,Off,Off,Off,Off,Off,Off,Off,Off,Off,4,3,2,"Physical therapy, maybe an X-ray, possible psychological issues that need diagnosis, or addiction issues ",2,3,3,2,1,2,2,2,2,3,3,4,4,3,3,3,2,3,2,2,3,2,2,3,4,0,1,50,50,8,Med/surg/tele,RN Float ,7,,30,3,Associate ,1,14,,33,2,,1,,,4,4,5,2,2,Control,6638cbe5-c431-92f4-b7a9-8b08d6ee5064,2,1,2,1,1,6,7,3,1.5,26,4,3,5,2,4,2,3,3,3,5,3,5,"Medication change from Tramadol to Hydrocodone. 
Dave is noncomplaint with previous treatment plan Education needed for alternative pain relief methods. "
2024-05-06 06:31:27,2024-05-06 07:17:34,0,100,2767,1,2024-05-06 07:17:35,R_7W2CPiXzo6So6NH,,,,,39.4849,-88.1805,anonymous,EN,1,3,,,,,,,,,,,"1,7,8",Laptop is for school.,"I use it for social media, and reading books.","Company iphones, with doc halo, in a healthcare setting to reach out to doctors for assistance. ","Yes, I use them at work. Having instant access to a doctor for a patient in distress is a relief for a nurse. ","Reading books, watching videos, gaming","I use my phone to read books, watch videos, reach out to family.",I read a book about a Roman informer.,"Dear person my age,
Using technology for entertainment became even more necessary because of the restrictions placed on citizens during the COVID-19 pandemic. People needed to have something to do to take their minds off of the deaths and tragedy’s happening around them. Suicide and depression due to loneliness and stress from a loss of a job,  was part of the many factors that led to people’s death during a time when death was happening due to the pandemic. For some people, having the ability to face time and reach out to family was life saving especially in places like hospitals where patients were not allowed visitors even when they were dying due to the pandemic. Hospital stays were longer due to COVID-19. As a healthcare provider, watching a patient lose hope during their battle with COVID because they could not have family visit them for their entire hospital stay to keep their spirits up was truly heartbreaking. Healthcare providers definitely had to innovate during this time and use any method they had to bring these patients family’s to them with out breaking restrictions.",Report,Hourly/dr rounds,Med pass,"Hourly rounds, Therapy, charting","Break, med pass","Med pass, hourly rounds ","Charting, wound care ","Lunch, hourly rounds, rapid response ","Patient care, charting","Break, hourly rounds ",Med pass ,"Med pass, hourly rounds",Report ,Off ,Off,Off,Off,Off,Off,Off,Off,Off,Off,Off,4,3,2,"Physical therapy, maybe an X-ray, possible psychological issues that need diagnosis, or addiction issues ",2,3,3,2,1,2,2,2,2,3,3,4,4,3,3,3,2,3,2,2,3,2,2,3,4,0,1,50,50,8,Med/surg/tele,RN Float ,7,,30,3,Associate ,1,14,,33,2,,1,,,4,4,5,2,2,Control,6638cbe5-c431-92f4-b7a9-8b08d6ee5064,2,1,2,1,2,5,7,3,1.5,52,4,3,4,3,4,4,2,3,3,4,3,1,"Noncompliant
More education needed.
Physical therapy recommended"
2024-05-06 07:06:10,2024-05-06 07:34:37,0,100,1706,1,2024-05-06 07:34:37,R_537zbIa1eO5k5cT,,,,,39.7838,-84.1455,anonymous,EN,1,1,,"9,3,5",Trying to understand the patient interaction with others from the patient's point of view.,To be able to evaluate what might change through medication.,Worry that others will find out.,"In knowing what sort of needs the patient has, I am better able to meet those needs.",The patient will sense that understanding has been accomplished.,It fosters a sense of teamwork.,Patient and doctor interactions.,"When a patient talks to you about problems, try to see them from the patient's view.",,,,,,,,,,,"Seeing patients, writing prescriptions for schizophrenia, depression, bipolar disorder.","Seeing patients, writing prescriptions for schizophrenia, depression, bipolar disorder.","Seeing patients, writing prescriptions for schizophrenia, depression, bipolar disorder.","Seeing patients, writing prescriptions for schizophrenia, depression, bipolar disorder.",Lunch,"Seeing patients, writing prescriptions for schizophrenia, depression, bipolar disorder.","Seeing patients, writing prescriptions for schizophrenia, depression, bipolar disorder.","Seeing patients, writing prescriptions for schizophrenia, depression, bipolar disorder.","Seeing patients, writing prescriptions for schizophrenia, depression, bipolar disorder.",Home for tea,Exercycle,Dinner ,DVD movie,DVD movie,"shower, clean kitchen, bed",,,,,,,,,2,2,4,Repeating urges to compliance.,5,3,4,2,1,3,1,3,1,5,5,5,4,4,5,1,2,1,1,1,1,1,1,1,1,0,0,100,0,30,Psychiatry,Psychiatrist,8,,78,4,MD,1,25,,74,1,,1,,,9,2,6,4,4,Treatment,6638d4d6-8578-8925-f4ed-285821a88f0d,2,1,2,1,1,6,7,3,1.5,27,4,4,4,3,4,4,2,3,3,4,3,1,"Patient has pain complaint
Physical evaluation is consistent with pain described
Patient has not followed medication recommendations."
2024-05-06 07:06:10,2024-05-06 07:34:37,0,100,1706,1,2024-05-06 07:34:37,R_537zbIa1eO5k5cT,,,,,39.7838,-84.1455,anonymous,EN,1,1,,"9,3,5",Trying to understand the patient interaction with others from the patient's point of view.,To be able to evaluate what might change through medication.,Worry that others will find out.,"In knowing what sort of needs the patient has, I am better able to meet those needs.",The patient will sense that understanding has been accomplished.,It fosters a sense of teamwork.,Patient and doctor interactions.,"When a patient talks to you about problems, try to see them from the patient's view.",,,,,,,,,,,"Seeing patients, writing prescriptions for schizophrenia, depression, bipolar disorder.","Seeing patients, writing prescriptions for schizophrenia, depression, bipolar disorder.","Seeing patients, writing prescriptions for schizophrenia, depression, bipolar disorder.","Seeing patients, writing prescriptions for schizophrenia, depression, bipolar disorder.",Lunch,"Seeing patients, writing prescriptions for schizophrenia, depression, bipolar disorder.","Seeing patients, writing prescriptions for schizophrenia, depression, bipolar disorder.","Seeing patients, writing prescriptions for schizophrenia, depression, bipolar disorder.","Seeing patients, writing prescriptions for schizophrenia, depression, bipolar disorder.",Home for tea,Exercycle,Dinner ,DVD movie,DVD movie,"shower, clean kitchen, bed",,,,,,,,,2,2,4,Repeating urges to compliance.,5,3,4,2,1,3,1,3,1,5,5,5,4,4,5,1,2,1,1,1,1,1,1,1,1,0,0,100,0,30,Psychiatry,Psychiatrist,8,,78,4,MD,1,25,,74,1,,1,,,9,2,6,4,4,Treatment,6638d4d6-8578-8925-f4ed-285821a88f0d,2,1,2,1,2,6,7,3,1.5,28,4,4,4,3,4,3,2,3,2,4,3,1,"Patient has pain complaints
Physical evaluation is consistent with pain complaints
Patient has not been compliant with recommendations."
2024-05-06 07:13:03,2024-05-06 07:36:28,0,100,1404,1,2024-05-06 07:36:28,R_3YDEmFUgJY2JVAI,,,,,29.4213,-98.5313,anonymous,EN,1,3,,,,,,,,,,,"4,6,8",I use these types to stay in touch ,I think these are always important ,There used to be no internet and no cell phone ,These devices make it possible to stay in touch ,I use technology to stay in touch with friends and for other stuff like movies and music ,I use technology for my phone to watch tv ,I read about technology ,Technology has been so important since Covid ,Patients ,Patients ,Charting ,Charting ,Patients ,Lunch ,Lunch ,Patient ,Patients ,Patient ,Er,Er,Charting ,Home ,Home ,Home ,Home ,Home ,Home ,Home ,Home ,Home ,Home ,Go to work ,1,6,4,I would watch and see what’s best ,5,1,4,3,1,5,5,5,5,5,5,4,5,5,5,1,3,1,1,5,3,3,4,3,4,1,1,50,50,14,Nurse ,Registered nurse ,14,,47,3,16,1,37,,44,2,,1,,,5,5,4,3,3,Control,6638d6e5-084c-88a7-3f88-0e4923959149,2,2,2,1,1,5,6,4,2,73,5,3,3,3,5,1,1,1,5,5,5,5,This is great 
2024-05-06 07:13:03,2024-05-06 07:36:28,0,100,1404,1,2024-05-06 07:36:28,R_3YDEmFUgJY2JVAI,,,,,29.4213,-98.5313,anonymous,EN,1,3,,,,,,,,,,,"4,6,8",I use these types to stay in touch ,I think these are always important ,There used to be no internet and no cell phone ,These devices make it possible to stay in touch ,I use technology to stay in touch with friends and for other stuff like movies and music ,I use technology for my phone to watch tv ,I read about technology ,Technology has been so important since Covid ,Patients ,Patients ,Charting ,Charting ,Patients ,Lunch ,Lunch ,Patient ,Patients ,Patient ,Er,Er,Charting ,Home ,Home ,Home ,Home ,Home ,Home ,Home ,Home ,Home ,Home ,Go to work ,1,6,4,I would watch and see what’s best ,5,1,4,3,1,5,5,5,5,5,5,4,5,5,5,1,3,1,1,5,3,3,4,3,4,1,1,50,50,14,Nurse ,Registered nurse ,14,,47,3,16,1,37,,44,2,,1,,,5,5,4,3,3,Control,6638d6e5-084c-88a7-3f88-0e4923959149,2,2,2,1,2,6,7,3,1.5,59,4,1,5,1,5,1,5,1,5,5,5,4,Keep an eye on Dave and progress with treatment from there 
2024-05-06 08:10:19,2024-05-06 09:06:23,0,100,3364,1,2024-05-06 09:06:24,R_2XvRntVpW7bHEXv,,,,,44.9834,-93.2622,anonymous,EN,1,3,,"9,3,4",Empathy is important to be able to help the individual on their level of understanding and need.,Knowing their background and beliefs,"They are overwhelmed with a diagnosis. They may feel inadequate. they are afraid to appear ""dumb"" or don't want to admit they don't understand. ","When a patient sees the benefit and can follow my recommendations, it makes me feel like I have made a difference to them and their health.","The patients perspective is everything. They are the one being asked to comply with a treatment plan. If they can comply per their perspective, then they will also feel good about their recovery. THat feeling will increase the provider/patient relationship.","Once our goals are aligned, the process becomes a mutually satisfying experience. There is a peace of mind knowing that you have helped a person reach their goals even if they are not the same goals you would have chosen for them.",I read about the healthcare provider/patient relationship and ideas to strengthen that relationship.,"Welcome the wonderful world of healthcare!
One of the most important aspects to your role will be establishing a connection with your patients. Establishing that connection can be as easy as setting down with a patient and finding out their personal stories. Jot down notes about those stories and follow up with them at each encounter. Simply asking ""what is on your mind today"" can let the patient know you are genuinely concerned about them. Seeing health from their perspective can make your role much more satisfying. Not all patients want the treatment plan you have in mind, find a plan that works for them!  ",,,,,,,,,,overall update on the Unit patients,individual handoff report/introduced to patient/immediate needs met,medications passed,interdisciplinary rounds,individual patient needs met,cares provided,follow up with physicians,reinforced education given to family,preparation for handoff report,Handoff report,,,,,,,,,,,,,,,1,1,6,"We need a more detailed conversation about what would work for him. Would there be something that he did everyday that would trigger his memory to take his medications. Is there something going on that he is not telling us.For example, is affording the medication a concern. Was the prescription filled?",6,2,4,3,1,5,5,5,5,4,4,4,4,5,5,2,2,1,1,1,2,1,1,1,1,1,1,100,0,40,Intensive Care,Staff Nurse,40,,93,4,MSN,1,16,,62,2,,1,,,9,4,7,2,3,Treatment,6638e3f6-14be-bedc-02d8-3b51466fd31a,2,2,3,2,1,5,6,4,2,43,4,3,5,1,5,1,1,1,5,5,5,5,Treatment plan adjusted to meet pain control needs. Education provided regrading non-pharmacological pain relief methods. 
2024-05-06 08:10:19,2024-05-06 09:06:23,0,100,3364,1,2024-05-06 09:06:24,R_2XvRntVpW7bHEXv,,,,,44.9834,-93.2622,anonymous,EN,1,3,,"9,3,4",Empathy is important to be able to help the individual on their level of understanding and need.,Knowing their background and beliefs,"They are overwhelmed with a diagnosis. They may feel inadequate. they are afraid to appear ""dumb"" or don't want to admit they don't understand. ","When a patient sees the benefit and can follow my recommendations, it makes me feel like I have made a difference to them and their health.","The patients perspective is everything. They are the one being asked to comply with a treatment plan. If they can comply per their perspective, then they will also feel good about their recovery. THat feeling will increase the provider/patient relationship.","Once our goals are aligned, the process becomes a mutually satisfying experience. There is a peace of mind knowing that you have helped a person reach their goals even if they are not the same goals you would have chosen for them.",I read about the healthcare provider/patient relationship and ideas to strengthen that relationship.,"Welcome the wonderful world of healthcare!
One of the most important aspects to your role will be establishing a connection with your patients. Establishing that connection can be as easy as setting down with a patient and finding out their personal stories. Jot down notes about those stories and follow up with them at each encounter. Simply asking ""what is on your mind today"" can let the patient know you are genuinely concerned about them. Seeing health from their perspective can make your role much more satisfying. Not all patients want the treatment plan you have in mind, find a plan that works for them!  ",,,,,,,,,,overall update on the Unit patients,individual handoff report/introduced to patient/immediate needs met,medications passed,interdisciplinary rounds,individual patient needs met,cares provided,follow up with physicians,reinforced education given to family,preparation for handoff report,Handoff report,,,,,,,,,,,,,,,1,1,6,"We need a more detailed conversation about what would work for him. Would there be something that he did everyday that would trigger his memory to take his medications. Is there something going on that he is not telling us.For example, is affording the medication a concern. Was the prescription filled?",6,2,4,3,1,5,5,5,5,4,4,4,4,5,5,2,2,1,1,1,2,1,1,1,1,1,1,100,0,40,Intensive Care,Staff Nurse,40,,93,4,MSN,1,16,,62,2,,1,,,9,4,7,2,3,Treatment,6638e3f6-14be-bedc-02d8-3b51466fd31a,2,2,3,2,2,4,5,5,2.5,34,4,2,5,1,5,1,1,2,4,5,5,1,Prescription not filled due to financial situation. Non-pharmacological interventions reviewed. Financial assistance obtained with Daves input. 
2024-05-06 08:55:39,2024-05-06 09:17:46,0,100,1327,1,2024-05-06 09:17:47,R_2jkZye1vqCg8Fwl,,,,,42.3695,-83.4769,anonymous,EN,1,5,,,,,,,,,,,"1,2,4,7",I use a computer for personal business ,"I use my cell phone for communication, personal business, and entertainment. ","When I was going to grad school, our lectures were accessible via zoom, previous to Covid it was all in person ",Group messages so everyone was on the same page. Zoom meetings so you don’t have to travel to the office as frequently. And enhancing long-distance relationships using FaceTime ,"I use technology to do grocery shopping online, play games, and communication ",I use it to chat and play games,I read about technology and how people use it in different ways.,"The use of technology is great! You can chat with people near or far, and see their face too! You can access all your banking needs, calendars, and other to-dos right from your phone or tablet. ",Report,Report,Check on patients ,Check on patients ,Rounds ,Rounds ,Rounds ,Research patient conditions,Place orders ,Check on patients ,Check on patients ,"Review charts, place orders ",Report ,Report ,,,,,,,,,,,1,3,4,Encourage him to follow recommendations or schedule in person visit ,4,4,2,2,1,5,5,5,5,3,5,4,4,5,5,2,4,1,3,1,3,1,1,1,3,1,1,25,75,9,Critical care,Nurse practitioner ,2,,49,4,Masters ,1,23,,33,2,,1,,,7,3,4,3,4,Control,6638eee2-b7b0-ea36-5be4-dbf980d51529,2,1,2,1,1,5,7,3,1.5,NA,2,5,5,3,5,3,1,1,2,4,3,5,"Rest, ice and elevate leg
Use Tylenol 1000mg every 8 hours 
Use 1 hydrocodone every 4 hours as needed for breakthrough pain"
2024-05-06 08:55:39,2024-05-06 09:17:46,0,100,1327,1,2024-05-06 09:17:47,R_2jkZye1vqCg8Fwl,,,,,42.3695,-83.4769,anonymous,EN,1,5,,,,,,,,,,,"1,2,4,7",I use a computer for personal business ,"I use my cell phone for communication, personal business, and entertainment. ","When I was going to grad school, our lectures were accessible via zoom, previous to Covid it was all in person ",Group messages so everyone was on the same page. Zoom meetings so you don’t have to travel to the office as frequently. And enhancing long-distance relationships using FaceTime ,"I use technology to do grocery shopping online, play games, and communication ",I use it to chat and play games,I read about technology and how people use it in different ways.,"The use of technology is great! You can chat with people near or far, and see their face too! You can access all your banking needs, calendars, and other to-dos right from your phone or tablet. ",Report,Report,Check on patients ,Check on patients ,Rounds ,Rounds ,Rounds ,Research patient conditions,Place orders ,Check on patients ,Check on patients ,"Review charts, place orders ",Report ,Report ,,,,,,,,,,,1,3,4,Encourage him to follow recommendations or schedule in person visit ,4,4,2,2,1,5,5,5,5,3,5,4,4,5,5,2,4,1,3,1,3,1,1,1,3,1,1,25,75,9,Critical care,Nurse practitioner ,2,,49,4,Masters ,1,23,,33,2,,1,,,7,3,4,3,4,Control,6638eee2-b7b0-ea36-5be4-dbf980d51529,2,1,2,1,2,5,7,3,1.5,NA,4,4,5,3,5,4,1,2,2,4,3,3,"Please be compliant with the instructions provided to improve your pain 
Rest ice and elevate leg
Use medications as prescribed 
If pain doesn’t improve please see provider "
2024-05-06 09:02:25,2024-05-06 10:26:25,0,100,5040,1,2024-05-06 10:26:27,R_7CO5vKP8h2TaFPy,,,,,28.5788,-81.4396,anonymous,EN,1,4,,"3,5",I stay up to date with medical learning,It helps to know in order to educate them based on their level of learning ,Previous bad experience with a healthcare provider ,It will direct me to a treatment plan that they may adhere to,They feel understood ,They will likely adhere to the treatment plan ,Patient and provider understanding each other,"You will have good days and bad days. Knowing that you have done your best always will help you through the bad days. Luckily, pleasant patients outnumber the unpleasant ones so do not discouraged. Remember to take care of yourself by sleeping, exercising, and eating well. If you are not strong and well, you can not be there for others.",,,,,,,,,,Call patients with results ,Patient visits ,Patient visits ,"Quick break, visits",Patient visits ,Lunch,Patient visits ,Patient visits ,Complete charting,Call patients with results ,Commute home ,Dinner,Go to bed,Sleeping ,Sleeping ,Sleeping ,Sleeping ,Sleeping ,Sleeping ,Sleeping ,Sleeping ,Awakening ,Exercising ,Commuting to work ,5,5,5,He will likely need to follow up with a specialist ,3,2,2,2,1,2,2,2,2,2,2,2,1,2,3,5,5,4,4,3,1,1,4,4,1,0,0,0,100,19,Urgent care ,PA,15,,37,4,Masters ,1,10,,45,2,,1,,,6,4,7,1,2,Treatment,6638f04a-c6ab-a3a9-5907-083523be513a,2,1,2,1,1,6,7,3,1.5,47,4,2,4,3,4,4,3,3,2,4,3,1,Fractured distal fibula. Pt noncompliant with tax plan. Advised to compliance and f/u in another 2 weeks
2024-05-06 09:02:25,2024-05-06 10:26:25,0,100,5040,1,2024-05-06 10:26:27,R_7CO5vKP8h2TaFPy,,,,,28.5788,-81.4396,anonymous,EN,1,4,,"3,5",I stay up to date with medical learning,It helps to know in order to educate them based on their level of learning ,Previous bad experience with a healthcare provider ,It will direct me to a treatment plan that they may adhere to,They feel understood ,They will likely adhere to the treatment plan ,Patient and provider understanding each other,"You will have good days and bad days. Knowing that you have done your best always will help you through the bad days. Luckily, pleasant patients outnumber the unpleasant ones so do not discouraged. Remember to take care of yourself by sleeping, exercising, and eating well. If you are not strong and well, you can not be there for others.",,,,,,,,,,Call patients with results ,Patient visits ,Patient visits ,"Quick break, visits",Patient visits ,Lunch,Patient visits ,Patient visits ,Complete charting,Call patients with results ,Commute home ,Dinner,Go to bed,Sleeping ,Sleeping ,Sleeping ,Sleeping ,Sleeping ,Sleeping ,Sleeping ,Sleeping ,Awakening ,Exercising ,Commuting to work ,5,5,5,He will likely need to follow up with a specialist ,3,2,2,2,1,2,2,2,2,2,2,2,1,2,3,5,5,4,4,3,1,1,4,4,1,0,0,0,100,19,Urgent care ,PA,15,,37,4,Masters ,1,10,,45,2,,1,,,6,4,7,1,2,Treatment,6638f04a-c6ab-a3a9-5907-083523be513a,2,1,2,1,2,6,7,3,1.5,47,5,5,4,3,4,4,3,4,2,4,3,1,Non compliance with tx plan. Pt will need to f/u with a specialist to confirm proper healing. Referral made today for orthopedic f/u
2024-05-06 10:01:32,2024-05-06 10:29:33,0,100,1681,1,2024-05-06 10:29:34,R_70ZVqDI4zHew5Nu,,,,,37.386,-79.2191,anonymous,EN,1,3,,,,,,,,,,,"2,5,8",I used the tablet to complete CEUs to further my skill set and medical knowledge. Also have used it to complete infection control certification through the CDC.,"For job searches, furthering my knowledge on multiple subjects and earning continued education.",During COVID pandemic use of Tele health and zoom type programs allowed me to assist patients with education and communication with their loved ones,I have to communicate with work and clients to schedule visit times and help explain care measures. It has decreased time between patient needs and resolution of these issues.,I used my iPhone to play games and view videos. Have also used iPad to do the same.,Stream videos and movies ,Today I have read about technology and the way it can assist in everyday life.,Different apps and programs can allow you to not only speak with others that are not in your same location but to see them as well. You can video call relatives that are states away and include them in important life events by doing this. It also helps to keep families in touch during times that they are not able to be together in person.,Shift report ,Review of any new events from prior shift,Meetings to plan the day ahead,Medication administration ,Wound care and rounds,Feeding of patients ,Documentation of tasks performed that morning,Calls to patient families for updates on wound care,Calls to physicians for clarifications,Medicine administered ,Meal assistance,Evening meds and assessments ,Complete documentation and shift report ,,,,,,,,,,,,3,2,7,Explain that without following treatment recommendations pain medication scripts cannot continue for much longer as there is more to the healing process than medication.,5,2,3,2,1,4,3,4,3,4,5,5,4,5,5,1,1,1,1,1,1,1,1,1,1,1,1,75,25,9,Management in longterm care and home health,Nursing supervisor,3,,68,3,Bachelors ,1,48,,32,2,,1,,,5,6,4,4,3,Control,6638fd88-20a7-0571-e757-88f9d5afb956,4,3,2,1,1,2,3,7,3.5,0,4,5,5,3,5,4,1,3,1,5,4,4,No pain improvement noted by patient. Recommendations from previous visit not followed. Adjustment to treatment recommendations needed for patient compliance.
2024-05-06 10:01:32,2024-05-06 10:29:33,0,100,1681,1,2024-05-06 10:29:34,R_70ZVqDI4zHew5Nu,,,,,37.386,-79.2191,anonymous,EN,1,3,,,,,,,,,,,"2,5,8",I used the tablet to complete CEUs to further my skill set and medical knowledge. Also have used it to complete infection control certification through the CDC.,"For job searches, furthering my knowledge on multiple subjects and earning continued education.",During COVID pandemic use of Tele health and zoom type programs allowed me to assist patients with education and communication with their loved ones,I have to communicate with work and clients to schedule visit times and help explain care measures. It has decreased time between patient needs and resolution of these issues.,I used my iPhone to play games and view videos. Have also used iPad to do the same.,Stream videos and movies ,Today I have read about technology and the way it can assist in everyday life.,Different apps and programs can allow you to not only speak with others that are not in your same location but to see them as well. You can video call relatives that are states away and include them in important life events by doing this. It also helps to keep families in touch during times that they are not able to be together in person.,Shift report ,Review of any new events from prior shift,Meetings to plan the day ahead,Medication administration ,Wound care and rounds,Feeding of patients ,Documentation of tasks performed that morning,Calls to patient families for updates on wound care,Calls to physicians for clarifications,Medicine administered ,Meal assistance,Evening meds and assessments ,Complete documentation and shift report ,,,,,,,,,,,,3,2,7,Explain that without following treatment recommendations pain medication scripts cannot continue for much longer as there is more to the healing process than medication.,5,2,3,2,1,4,3,4,3,4,5,5,4,5,5,1,1,1,1,1,1,1,1,1,1,1,1,75,25,9,Management in longterm care and home health,Nursing supervisor,3,,68,3,Bachelors ,1,48,,32,2,,1,,,5,6,4,4,3,Control,6638fd88-20a7-0571-e757-88f9d5afb956,4,3,2,1,2,5,8,3,1.5,NA,5,5,4,3,4,4,4,4,1,5,3,2,Continues to be non compliant with recommendations. Educated on importance of recommendations and pain medication not being long term fix. 
2024-05-06 10:37:49,2024-05-06 11:04:58,0,100,1628,1,2024-05-06 11:04:59,R_12yw8Ic8NjgGAPF,,,,,29.7439,-95.6067,anonymous,EN,1,3,,,,,,,,,,,"1,6,8",I use them to communicate to patients,To communicate with my family and patients,During covid19,I use social media to communicate  and it was great experience. My goal was to be reliable communicator.,I watch movies and tv shows when I have time,I use this to take videos on social medias ,About new technology ,The new technology that I discovered is very informative and helpful in medical field.,N,n,Go work,use technology ,n,n,n,use technology ,use technology ,n,N,n,n,,nse social media ,use social media ,N,N,n,n,n,n,n,n,2,1,4,It is hard,3,1,5,3,1,5,5,5,4,5,5,4,5,5,5,1,1,1,2,1,2,1,1,1,1,1,1,60,40,11,Nurse,Nurse,11,,97,3,Bachelor's degree,1,45,,31,2,,1,,,8,2,5,3,3,Control,66390697-2f90-3202-4b06-a2d7febb3c98,3,2,3,2,1,3,5,5,2.5,68,1,5,5,2,5,1,1,5,1,5,1,1,He will be better in the future if he follows instructions 
2024-05-06 10:37:49,2024-05-06 11:04:58,0,100,1628,1,2024-05-06 11:04:59,R_12yw8Ic8NjgGAPF,,,,,29.7439,-95.6067,anonymous,EN,1,3,,,,,,,,,,,"1,6,8",I use them to communicate to patients,To communicate with my family and patients,During covid19,I use social media to communicate  and it was great experience. My goal was to be reliable communicator.,I watch movies and tv shows when I have time,I use this to take videos on social medias ,About new technology ,The new technology that I discovered is very informative and helpful in medical field.,N,n,Go work,use technology ,n,n,n,use technology ,use technology ,n,N,n,n,,nse social media ,use social media ,N,N,n,n,n,n,n,n,2,1,4,It is hard,3,1,5,3,1,5,5,5,4,5,5,4,5,5,5,1,1,1,2,1,2,1,1,1,1,1,1,60,40,11,Nurse,Nurse,11,,97,3,Bachelor's degree,1,45,,31,2,,1,,,8,2,5,3,3,Control,66390697-2f90-3202-4b06-a2d7febb3c98,3,2,3,2,2,3,6,5,2.5,74,5,5,5,2,3,5,5,5,5,5,1,1,It is hard to treat him
2024-05-06 10:52:35,2024-05-06 11:18:06,0,100,1530,1,2024-05-06 11:18:07,R_8dye5BsDtTYN1Ww,,,,,42.0857,-70.999,anonymous,EN,1,3,,"9,2,4",Because empathy is the most important thing in the world,"Because remaining curious & asking questions, really listening to my patient helps me better understand their perspective, thus allows me to better empathize ","Because they are overwhelmed, they don’t have a medical knowledge base & they’re intimidated ",Because I’m able to better understand the patient’s unique circumstances and limitations-I can make better recommendations and implement more effective interventions ,Because understanding and empathy and vulnerability build trust,Their goals are priority ,The importance of building understanding and trust between clinician & patient by learning about patient’s perspective ,"Don’t put up with lateral violence! Or any type of violence from anyone. 
Don’t put up with sexual harassment from peers, patients, or superiors. 
We need to set the standard and be the enforcers and whistle blowers so that our work environments can actually be zero tolerance ",,,,,,,,,,Off,NA,NA,Na,NA,NA,Na,NA,NA,NA,NA,on,Rounds ,Intake,Intake,Assessment ,Family meeting,Family meeting,Break to eat,CMO,Cmo,CMO,Pronounced ,Rounds,1,6,4,Refer to pain specialist/ortho,2,3,4,2,1,1,1,4,2,2,5,5,5,5,5,3,5,2,4,1,2,2,1,1,3,0,0,50,50,11,Hospice,RN,6,,100,4,Master in applied behavior analysis ,1,22,,45,2,,1,,,8,1,7,4,3,Treatment,6639083f-8984-3c87-1f78-40f55fe60362,2,1,2,2,1,6,7,3,1.5,NA,2,5,3,1,5,2,1,1,1,5,3,4,Pt reports no relief from pain; pt reports that he did not follow recommend tx plan bc he did not have time. 
2024-05-06 10:52:35,2024-05-06 11:18:06,0,100,1530,1,2024-05-06 11:18:07,R_8dye5BsDtTYN1Ww,,,,,42.0857,-70.999,anonymous,EN,1,3,,"9,2,4",Because empathy is the most important thing in the world,"Because remaining curious & asking questions, really listening to my patient helps me better understand their perspective, thus allows me to better empathize ","Because they are overwhelmed, they don’t have a medical knowledge base & they’re intimidated ",Because I’m able to better understand the patient’s unique circumstances and limitations-I can make better recommendations and implement more effective interventions ,Because understanding and empathy and vulnerability build trust,Their goals are priority ,The importance of building understanding and trust between clinician & patient by learning about patient’s perspective ,"Don’t put up with lateral violence! Or any type of violence from anyone. 
Don’t put up with sexual harassment from peers, patients, or superiors. 
We need to set the standard and be the enforcers and whistle blowers so that our work environments can actually be zero tolerance ",,,,,,,,,,Off,NA,NA,Na,NA,NA,Na,NA,NA,NA,NA,on,Rounds ,Intake,Intake,Assessment ,Family meeting,Family meeting,Break to eat,CMO,Cmo,CMO,Pronounced ,Rounds,1,6,4,Refer to pain specialist/ortho,2,3,4,2,1,1,1,4,2,2,5,5,5,5,5,3,5,2,4,1,2,2,1,1,3,0,0,50,50,11,Hospice,RN,6,,100,4,Master in applied behavior analysis ,1,22,,45,2,,1,,,8,1,7,4,3,Treatment,6639083f-8984-3c87-1f78-40f55fe60362,2,1,2,2,2,5,6,4,2,NA,4,5,2,3,5,4,1,3,1,5,3,2,"Pt reports no pain relief. Pt first reported his non-compliance was due to limited time, but now reports that his noncompliance is due to his forgetfulness: stated “it slipped my mind”"
2024-05-06 12:00:16,2024-05-06 12:30:48,0,100,1831,1,2024-05-06 12:30:49,R_5uV8nZDhFZxIGCM,,,,,42.9716,-76.223,anonymous,EN,1,1,,,,,,,,,,,"1,2","Are use a laptop professionally to enter patient records, review tests and specialists comments or use a tablet for recreation, such as reading emails, connecting on social media or playing games",Are use technology for communication. It allows me to keep up with family and friends. I use my cell phone for texting and calling my iPad for reviewing emails and social media. My iPhone doubles as a pager so I can be reached by patients when necessary. I also use my iPad to look up information. It’s common for me to look up a word or review a fact online. I also use it when hunting for restaurants or making reservations. I do not use my phone or my iPad for watching videos for entertainment. ,"For me, the biggest use of technology has been eliminating the beeper. Early in my practice I had to carry around the beeper and then find a payphone to be able to call an answering service and once I got the message I had to call a patient or hospital back on that same payphone. Very complicated process that has been made much simpler now that I have patience And other professionals just call me directly on my cell phone. I do not use the cell phone for face-to-face communication with patients but I do have an app that allows me to do that on my iPad. My communication with family is by traditional telephone. ","As I mentioned, these smart phone has helped me with day-to-day communication and the iPad has helped me with telehealth. I still communicate with family and friends via Tele phone and do not use FaceTime or other video apps.","I use gaming applications on my smart devices. I enjoy playing Wordle and connections from the New York Times and there are a few other mindless games that I play. I do not like to watch videos on the smart phone but while I’m exercising at a gym, I do listen to podcasts","I use technology to access Podcasts while exercising. I do enjoy playing mind games like Wordle or connections online and when I have extra time, I will play mindless games like Royal Match as a way of passing time. I much prefer reading a book and paper form.",Hamas has agreed to a truce. Waiting for details,"Technology can help overcome, isolation and is a useful tool for entertainment and many of life’s chores. Banking shopping are all made easier with technology. Research in general is much easier using electronic means rather than searching through books in the library. It is possible to start slow And increase the amount of your reliance on technology as things go on ","Arrived in the office, and your blood, and patients that are scheduled for the future","Finished my blood draws, and review charts for the day",Saw patients in office,Saw patients inoffice,Saw patients,"Ate lunch while reviewing patient charts, returning phone calls and reading incoming reports",Saw patients,Saw patients ,Saw patients,Saw patients,Returned calls,Home relaxed ate,Watch  news ,Journals and tv,,,,,,,,,,,1,3,2,Get him seen,3,3,3,2,1,1,1,1,1,5,5,5,4,5,5,2,2,2,2,2,2,2,2,2,2,0,0,100,0,42,FP,MD,42,,95,4,MD,1,33,,75,1,,1,,,8,5,6,3,2,Control,663919e2-5965-6229-8388-839ae01c330f,2,1,2,1,1,6,7,3,1.5,50,4,4,3,3,5,3,2,2,3,3,3,5,Dave needs to be examined to adequately assess what’s going on with him. He heard a crack at the initial visit and has not been examined has not been x-rayed. This is totally inappropriate care.
2024-05-06 12:00:16,2024-05-06 12:30:48,0,100,1831,1,2024-05-06 12:30:49,R_5uV8nZDhFZxIGCM,,,,,42.9716,-76.223,anonymous,EN,1,1,,,,,,,,,,,"1,2","Are use a laptop professionally to enter patient records, review tests and specialists comments or use a tablet for recreation, such as reading emails, connecting on social media or playing games",Are use technology for communication. It allows me to keep up with family and friends. I use my cell phone for texting and calling my iPad for reviewing emails and social media. My iPhone doubles as a pager so I can be reached by patients when necessary. I also use my iPad to look up information. It’s common for me to look up a word or review a fact online. I also use it when hunting for restaurants or making reservations. I do not use my phone or my iPad for watching videos for entertainment. ,"For me, the biggest use of technology has been eliminating the beeper. Early in my practice I had to carry around the beeper and then find a payphone to be able to call an answering service and once I got the message I had to call a patient or hospital back on that same payphone. Very complicated process that has been made much simpler now that I have patience And other professionals just call me directly on my cell phone. I do not use the cell phone for face-to-face communication with patients but I do have an app that allows me to do that on my iPad. My communication with family is by traditional telephone. ","As I mentioned, these smart phone has helped me with day-to-day communication and the iPad has helped me with telehealth. I still communicate with family and friends via Tele phone and do not use FaceTime or other video apps.","I use gaming applications on my smart devices. I enjoy playing Wordle and connections from the New York Times and there are a few other mindless games that I play. I do not like to watch videos on the smart phone but while I’m exercising at a gym, I do listen to podcasts","I use technology to access Podcasts while exercising. I do enjoy playing mind games like Wordle or connections online and when I have extra time, I will play mindless games like Royal Match as a way of passing time. I much prefer reading a book and paper form.",Hamas has agreed to a truce. Waiting for details,"Technology can help overcome, isolation and is a useful tool for entertainment and many of life’s chores. Banking shopping are all made easier with technology. Research in general is much easier using electronic means rather than searching through books in the library. It is possible to start slow And increase the amount of your reliance on technology as things go on ","Arrived in the office, and your blood, and patients that are scheduled for the future","Finished my blood draws, and review charts for the day",Saw patients in office,Saw patients inoffice,Saw patients,"Ate lunch while reviewing patient charts, returning phone calls and reading incoming reports",Saw patients,Saw patients ,Saw patients,Saw patients,Returned calls,Home relaxed ate,Watch  news ,Journals and tv,,,,,,,,,,,1,3,2,Get him seen,3,3,3,2,1,1,1,1,1,5,5,5,4,5,5,2,2,2,2,2,2,2,2,2,2,0,0,100,0,42,FP,MD,42,,95,4,MD,1,33,,75,1,,1,,,8,5,6,3,2,Control,663919e2-5965-6229-8388-839ae01c330f,2,1,2,1,2,6,7,3,1.5,65,4,4,3,3,4,3,2,3,2,4,3,5,"You need a better description of the location of the pain
A better description of the type of pain and a frank discussion about the need for a brace. It would be best if David was seen and examined rather than have his care handle this way."
2024-05-06 12:39:02,2024-05-06 13:29:43,0,100,3041,1,2024-05-06 13:29:43,R_57461HUny8r2pqN,,,,,36.842,-119.6578,anonymous,EN,1,3,,"2,3,5",You need to have the skills to gain trust frim patient and be considerate of what they are feeling.,To know their level of understanding of what was going on and be able to help them understand and accept the plan of care for their condition.,One reason would be that rapport has not been stablished between care proveder and patient.,"It could help the nurse how to approach and the how to health educate the patient according to how patient see and understand the situation
","If they are approached according to their perspective, there is a greater chance of the patient to be receiptive of the care plan",Having aligned goal with patients creats cooperation from them ,Understanding patients own perspective ,Providing healthcare is a very fulfilling job. SEeing patients in their own perspectives creates greater opportunity to be effective and successful in carrying the goal of care. Understanding and establishing a trusting relationship with the patient will make the delivery of care smooth and efficient.,,,,,,,,,,Rounds and receiving report from prevois shift,Administering medications,Start treatment of wounds and other skin issues,Continue treatments,Documentation of treatments,Medication administration ,"Documentation, nurses notes",End of shift,,,,,,,,,,,,,,,,Beginning of shift,2,5,4,Having him return for follow up in a shorter period,3,4,2,1,1,3,3,3,3,2,NA,2,2,3,3,3,4,3,3,3,3,3,3,3,3,0,0,50,50,26,None,RN,9,,99,3,Bachelor,2,,Philippines,51,2,,5,,,6,4,6,2,2,Treatment,663921ef-b88c-0fca-9f20-2055a9744f4c,2,1,3,1,1,6,8,3,1.5,38,4,4,4,3,5,3,1,3,2,1,3,2,"Has moderate pain, unchanged
Educated on how to apply Fentanyl
Advised to come back if no improvement "
2024-05-06 12:39:02,2024-05-06 13:29:43,0,100,3041,1,2024-05-06 13:29:43,R_57461HUny8r2pqN,,,,,36.842,-119.6578,anonymous,EN,1,3,,"2,3,5",You need to have the skills to gain trust frim patient and be considerate of what they are feeling.,To know their level of understanding of what was going on and be able to help them understand and accept the plan of care for their condition.,One reason would be that rapport has not been stablished between care proveder and patient.,"It could help the nurse how to approach and the how to health educate the patient according to how patient see and understand the situation
","If they are approached according to their perspective, there is a greater chance of the patient to be receiptive of the care plan",Having aligned goal with patients creats cooperation from them ,Understanding patients own perspective ,Providing healthcare is a very fulfilling job. SEeing patients in their own perspectives creates greater opportunity to be effective and successful in carrying the goal of care. Understanding and establishing a trusting relationship with the patient will make the delivery of care smooth and efficient.,,,,,,,,,,Rounds and receiving report from prevois shift,Administering medications,Start treatment of wounds and other skin issues,Continue treatments,Documentation of treatments,Medication administration ,"Documentation, nurses notes",End of shift,,,,,,,,,,,,,,,,Beginning of shift,2,5,4,Having him return for follow up in a shorter period,3,4,2,1,1,3,3,3,3,2,NA,2,2,3,3,3,4,3,3,3,3,3,3,3,3,0,0,50,50,26,None,RN,9,,99,3,Bachelor,2,,Philippines,51,2,,5,,,6,4,6,2,2,Treatment,663921ef-b88c-0fca-9f20-2055a9744f4c,2,1,3,1,2,4,7,4,2,47,5,5,3,3,5,4,4,3,5,5,3,2,"Return in 1 week 
Pain unimproved
Patient not compliant with plan of care"
2024-05-06 13:31:38,2024-05-06 14:13:47,0,100,2529,1,2024-05-06 14:13:48,R_2M4HcPzT4iz9snd,,,,,38.93,-77.35,anonymous,EN,1,3,,,,,,,,,,,"2,4,8",I use to check my email and shop because it has a bigger screen,"I use for a lot of things, I record my meals and weight every morning on an app, I check my bank accounts, then I use it to navigate to work. I also have several work apps on my phone and I use to it to listen to my audiobooks ",My family lives in another country so I use my phone to communicate with them more than once a week ,"Yeah pretty much every single day, I have family that lives in another country and friends that are also from other countries ","I use my phone to listen to music, podcast, audiobooks and play games pretty much daily ","I use it to learn another language, listen to podcasts and stream my audiobooks ",The way we use cellphones and technology in our daily lives ,"Despite all the scary news you see every day. Technology does have the potential to make a lot of aspects of our daily lives easier. 

We can communicate immediately with people that are far away. We are able to access all sorts of entertainment. 

We have information at the touch of our hands. And we can handle daily tasks that use to take weeks or months, in a couple minutes 

I personally use my calendar to keep track of all my appointments and commitments on a weekly basis and it is very helpful ",Prep for surgery ,Surgery start ,Surgery ,Surgery ,Surgery ,Lunch break ,Second case ,Surgery,End of shift ,,,,,,,,,,,,,,,,4,6,3,I would recommend another provider ,4,4,4,1,1,5,4,5,4,4,4,4,4,5,4,1,4,1,3,1,1,1,1,1,1,0,0,50,50,8,Orthopedics ,Registered Nurse ,8,,70,3,BSN ,1,21,,30,2,,1,,,8,1,7,4,4,Control,66392767-06c9-372c-5587-eb4d3841beee,2,2,2,2,1,5,6,4,2,90,5,4,4,2,5,4,1,3,2,4,3,3,"Dave probably needs physical therapy
Dull ache continues 
Weak opioids were prescribed "
2024-05-06 13:31:38,2024-05-06 14:13:47,0,100,2529,1,2024-05-06 14:13:48,R_2M4HcPzT4iz9snd,,,,,38.93,-77.35,anonymous,EN,1,3,,,,,,,,,,,"2,4,8",I use to check my email and shop because it has a bigger screen,"I use for a lot of things, I record my meals and weight every morning on an app, I check my bank accounts, then I use it to navigate to work. I also have several work apps on my phone and I use to it to listen to my audiobooks ",My family lives in another country so I use my phone to communicate with them more than once a week ,"Yeah pretty much every single day, I have family that lives in another country and friends that are also from other countries ","I use my phone to listen to music, podcast, audiobooks and play games pretty much daily ","I use it to learn another language, listen to podcasts and stream my audiobooks ",The way we use cellphones and technology in our daily lives ,"Despite all the scary news you see every day. Technology does have the potential to make a lot of aspects of our daily lives easier. 

We can communicate immediately with people that are far away. We are able to access all sorts of entertainment. 

We have information at the touch of our hands. And we can handle daily tasks that use to take weeks or months, in a couple minutes 

I personally use my calendar to keep track of all my appointments and commitments on a weekly basis and it is very helpful ",Prep for surgery ,Surgery start ,Surgery ,Surgery ,Surgery ,Lunch break ,Second case ,Surgery,End of shift ,,,,,,,,,,,,,,,,4,6,3,I would recommend another provider ,4,4,4,1,1,5,4,5,4,4,4,4,4,5,4,1,4,1,3,1,1,1,1,1,1,0,0,50,50,8,Orthopedics ,Registered Nurse ,8,,70,3,BSN ,1,21,,30,2,,1,,,8,1,7,4,4,Control,66392767-06c9-372c-5587-eb4d3841beee,2,2,2,2,2,5,6,4,2,73,5,4,4,2,5,4,2,4,2,4,1,3,"Patient refuses medical suggestions 
Dull pain continues however patient has not followed directions 
Patient seems forgetful "
2024-05-06 14:46:53,2024-05-06 14:59:28,0,100,755,1,2024-05-06 14:59:29,R_25bP4eUiPBdWK2J,,,,,44.9834,-93.2622,anonymous,EN,1,5,,"9,4,5",It's helping people. Every age group.,It's an understanding that patients are equal and deserve the best care ,They might feel embarrassed ,It's hard to get everything right for them.,Listening and understanding ,To listen and care ,Making things medically better for the patients ,Understand the patient perspective will help alot.,,,,,,,,,,Helping ,,,,,,,,,,,,,,,,,,,,,,,,5,5,4,Testing ,6,2,3,2,1,4,4,4,4,5,4,4,4,3,4,1,1,2,3,2,2,2,4,4,3,0,0,50,50,21,Nursing ,5,9,,80,3,Assistant ,1,16,,47,2,,1,,,4,4,4,3,3,Treatment,66394146-0ff8-100f-8df6-b7f1e4329d89,1,1,2,1,1,7,8,2,1,73,2,2,4,4,5,2,1,1,4,5,4,2,Need follow up. Is young and doing good 
2024-05-06 14:46:53,2024-05-06 14:59:28,0,100,755,1,2024-05-06 14:59:29,R_25bP4eUiPBdWK2J,,,,,44.9834,-93.2622,anonymous,EN,1,5,,"9,4,5",It's helping people. Every age group.,It's an understanding that patients are equal and deserve the best care ,They might feel embarrassed ,It's hard to get everything right for them.,Listening and understanding ,To listen and care ,Making things medically better for the patients ,Understand the patient perspective will help alot.,,,,,,,,,,Helping ,,,,,,,,,,,,,,,,,,,,,,,,5,5,4,Testing ,6,2,3,2,1,4,4,4,4,5,4,4,4,3,4,1,1,2,3,2,2,2,4,4,3,0,0,50,50,21,Nursing ,5,9,,80,3,Assistant ,1,16,,47,2,,1,,,4,4,4,3,3,Treatment,66394146-0ff8-100f-8df6-b7f1e4329d89,1,1,2,1,2,6,7,3,1.5,79,2,4,4,2,5,3,1,1,4,5,5,2,Dave will need blood work and testing 
2024-05-06 16:37:49,2024-05-06 16:46:10,0,100,501,1,2024-05-06 16:46:11,R_6UfCFe6KbTjfezT,,,,,40.2009,-79.9191,anonymous,EN,1,3,,,,,,,,,,,"1,2,5",I think it’s so great ,This looks so good I love it ,This makes a lot of sense to me ,This is very good and nice ,This is just great and makes a lot of sense ,I think it would help a ton ,I read about technology services ,I think it’s a great idea and makes the most sense to me ,,,,1,2,,,,,,,,,,,,,,,,,,,,5,6,7,I would definitely do it ,5,2,4,2,1,4,3,5,4,2,1,3,4,5,3,3,5,3,5,3,4,2,3,3,2,0,0,30,70,6,Nurse,Nurse,6,,61,3,Associate ,1,39,,26,2,,1,,,6,1,4,3,2,Control,66395b66-47b3-4b7f-6a76-8f5db510c4a3,3,2,4,2,1,3,6,5,2.5,74,4,4,5,2,4,2,2,2,4,5,4,4,This is very good and makes sense 
2024-05-06 16:37:49,2024-05-06 16:46:10,0,100,501,1,2024-05-06 16:46:11,R_6UfCFe6KbTjfezT,,,,,40.2009,-79.9191,anonymous,EN,1,3,,,,,,,,,,,"1,2,5",I think it’s so great ,This looks so good I love it ,This makes a lot of sense to me ,This is very good and nice ,This is just great and makes a lot of sense ,I think it would help a ton ,I read about technology services ,I think it’s a great idea and makes the most sense to me ,,,,1,2,,,,,,,,,,,,,,,,,,,,5,6,7,I would definitely do it ,5,2,4,2,1,4,3,5,4,2,1,3,4,5,3,3,5,3,5,3,4,2,3,3,2,0,0,30,70,6,Nurse,Nurse,6,,61,3,Associate ,1,39,,26,2,,1,,,6,1,4,3,2,Control,66395b66-47b3-4b7f-6a76-8f5db510c4a3,3,2,4,2,2,2,5,6,3,NA,4,5,2,4,4,4,2,4,2,4,4,3,This is a good idea 
2024-05-06 16:20:36,2024-05-06 16:48:27,0,100,1671,1,2024-05-06 16:48:28,R_7YX2jsfWcRckhnz,,,,,42.1171,-102.8919,anonymous,EN,1,5,,,,,,,,,,,"7,8",I use TikTok as a form of entertainment. ,All of my charts are on a computer and my scripts are sent electronically ,I use Skype in my clinical practice to see pt that can not come to clinic . ,I am a nurse practitioner I see pt during the day I person and via the Skype or tela health portal . This helps me see my quota of patients each day . ,I listen to podcasts on my iPhone on my commute home . I use my lap top to finish charts when I am at home . ,I listen to podcasts ,Patient charts that felt with then having cancer . ,"When reaching patient that have no access to a ride , using tela health portal is a vital tool . ",Huddle,Chart prep ,First patient ,Second patient ,Hospital follow up ,Chart prep ,Huddle ,ER,Dialysis rounds ,Dialysis rounds ,ER,ER,ER,At home ,On call ,On call,ER,ER,ER,Sleeping ,Sleeping ,Sleeping ,At gym ,Huddle ,2,3,4,Physical therapy ,4,3,3,2,1,5,4,5,4,5,5,5,5,5,5,1,1,1,1,1,1,1,1,1,1,0,0,100,0,16,Family,APRN,14,,88,4,Masters,1,28,,,2,,1,,,9,7,7,4,2,Control,663956c1-4418-f3f2-ed76-f1fcaa54a1d4,1,1,1,1,1,7,8,2,1,NA,2,2,5,1,4,3,1,1,3,4,3,3,Pain continues over the last few weeks . I’ve rest and ibuprofen have not been utilizes to this point . Would encourage pt to RICE method and return for folllowup in two weeks if no improvement 
2024-05-06 16:20:36,2024-05-06 16:48:27,0,100,1671,1,2024-05-06 16:48:28,R_7YX2jsfWcRckhnz,,,,,42.1171,-102.8919,anonymous,EN,1,5,,,,,,,,,,,"7,8",I use TikTok as a form of entertainment. ,All of my charts are on a computer and my scripts are sent electronically ,I use Skype in my clinical practice to see pt that can not come to clinic . ,I am a nurse practitioner I see pt during the day I person and via the Skype or tela health portal . This helps me see my quota of patients each day . ,I listen to podcasts on my iPhone on my commute home . I use my lap top to finish charts when I am at home . ,I listen to podcasts ,Patient charts that felt with then having cancer . ,"When reaching patient that have no access to a ride , using tela health portal is a vital tool . ",Huddle,Chart prep ,First patient ,Second patient ,Hospital follow up ,Chart prep ,Huddle ,ER,Dialysis rounds ,Dialysis rounds ,ER,ER,ER,At home ,On call ,On call,ER,ER,ER,Sleeping ,Sleeping ,Sleeping ,At gym ,Huddle ,2,3,4,Physical therapy ,4,3,3,2,1,5,4,5,4,5,5,5,5,5,5,1,1,1,1,1,1,1,1,1,1,0,0,100,0,16,Family,APRN,14,,88,4,Masters,1,28,,,2,,1,,,9,7,7,4,2,Control,663956c1-4418-f3f2-ed76-f1fcaa54a1d4,1,1,1,1,2,7,8,2,1,NA,3,4,4,4,4,2,1,1,2,5,3,2,Pt injury to feet continues into the 5th week . Pt has not utilized RICE method . Would encourage pt to utilize RICE method . Order for PT has been written for elvaluate and treat .
2024-05-06 16:37:17,2024-05-06 17:00:09,0,100,1371,1,2024-05-06 17:00:10,R_37cUPoyEyUGKWmG,,,,,38.9091,-77.0203,anonymous,EN,1,4,,,,,,,,,,,"4,6,8","I watch a lot of YouTube, I keep it on in the background while I do things.","I use it constantly, listening to music, watching YouTube, using navigation, or documenting",FaceTime. Zoom. Telehealth. All allow for commutation without transportation or risk of contracting illness,I can now more easily talk to patients with a portal. I use FaceTime almost everyday for social life. ,"I watch YouTube, I watch paramount plus, I use Spotify and play apps","Videos, music, apps, video gsmes","I read about the impact of technology on daily life, communication, and entertainment ",Technology will change your life and the way you communicate. You can instantly see and hear someone across the world on your phone.,,See scheduled patients ,See scheduled patients ,See scheduled patients ,See scheduled patients ,Lunch,See walk-ins,See walk-ins,See walk-ins,Return calls,Document,,,,,,,,,,,,,,2,4,4,Tell Dave the only way his pain will improve is with the treatment.,4,4,4,2,1,4,2,4,4,5,5,5,3,5,5,2,3,1,1,1,1,1,1,1,1,1,1,100,0,2,Primary care,Physician assistant ,2,,90,4,Masters of PA sciences ,1,33,,26,2,,1,,,9,1,6,4,4,Control,66395a7f-c998-a036-4ebe-3d37c3204ab8,1,1,1,1,1,7,8,2,1,4,3,2,5,1,5,3,1,1,2,5,3,4,Patient endured repeat sprain of ankle with ongoing pain for a week. Patient non adherent to acetaminophen and exercises. Patient encouraged again to do these measures. Will FU in 2 weeks.
2024-05-06 16:37:17,2024-05-06 17:00:09,0,100,1371,1,2024-05-06 17:00:10,R_37cUPoyEyUGKWmG,,,,,38.9091,-77.0203,anonymous,EN,1,4,,,,,,,,,,,"4,6,8","I watch a lot of YouTube, I keep it on in the background while I do things.","I use it constantly, listening to music, watching YouTube, using navigation, or documenting",FaceTime. Zoom. Telehealth. All allow for commutation without transportation or risk of contracting illness,I can now more easily talk to patients with a portal. I use FaceTime almost everyday for social life. ,"I watch YouTube, I watch paramount plus, I use Spotify and play apps","Videos, music, apps, video gsmes","I read about the impact of technology on daily life, communication, and entertainment ",Technology will change your life and the way you communicate. You can instantly see and hear someone across the world on your phone.,,See scheduled patients ,See scheduled patients ,See scheduled patients ,See scheduled patients ,Lunch,See walk-ins,See walk-ins,See walk-ins,Return calls,Document,,,,,,,,,,,,,,2,4,4,Tell Dave the only way his pain will improve is with the treatment.,4,4,4,2,1,4,2,4,4,5,5,5,3,5,5,2,3,1,1,1,1,1,1,1,1,1,1,100,0,2,Primary care,Physician assistant ,2,,90,4,Masters of PA sciences ,1,33,,26,2,,1,,,9,1,6,4,4,Control,66395a7f-c998-a036-4ebe-3d37c3204ab8,1,1,1,1,2,7,8,2,1,7,3,4,5,2,5,3,1,1,2,5,3,2,I would repeat my previous note.
2024-05-06 16:36:10,2024-05-06 17:06:01,0,100,1791,1,2024-05-06 17:06:01,R_11GGRCpr9V9c329,,,,,38.9336,-92.363,anonymous,EN,1,3,,"9,3,4",Empathy: I want my patients to feel comfortable and know what to expect. It’s scary for the unknown.,Because the patient is the one going through the process. The patient may be scared or misinformed. It’s important that the patient feel like they are being heard,"In their minds, they fear the worst. If they don’t ask, it won’t happen","In this profession, we often forget that we are treating a person not just the disease. ",They are more likely to be cooperative with care,Not for the most part. ,How relating to the patient natures makes a difference ,"As you start out in this field, you are here to change the world and make a difference. Occasionally you will make a difference in somebody’s life. But they will impact your life far more. Think about how you would feel in their shoes.",,,,,,,,,,Start work ,Prep room,Prep patients ,Assist with procedure ,Go to lunch,Finish cases,Start new case,Code patient,Update family,Take patient to morgue ,Talk with family ,Go home,,,,,,,,,,,,,2,2,8,Continue with current treatment plan ,3,4,3,2,1,4,1,3,1,2,2,2,2,3,3,2,3,2,3,3,3,3,3,3,3,0,0,50,50,26,Cardiac ,Cath lab procedure nurse,15,,45,2,,1,26,,49,2,,1,,,7,4,5,2,2,Treatment,66395aa2-93bb-ee5a-a883-8fef478ed90d,2,1,2,1,1,6,7,3,1.5,50,1,5,4,3,5,4,3,3,3,4,3,5,Patient continues to have pain with ankle. Patient not following recommended treatment. Medication pain management changed to hydrocdone
2024-05-06 16:36:10,2024-05-06 17:06:01,0,100,1791,1,2024-05-06 17:06:01,R_11GGRCpr9V9c329,,,,,38.9336,-92.363,anonymous,EN,1,3,,"9,3,4",Empathy: I want my patients to feel comfortable and know what to expect. It’s scary for the unknown.,Because the patient is the one going through the process. The patient may be scared or misinformed. It’s important that the patient feel like they are being heard,"In their minds, they fear the worst. If they don’t ask, it won’t happen","In this profession, we often forget that we are treating a person not just the disease. ",They are more likely to be cooperative with care,Not for the most part. ,How relating to the patient natures makes a difference ,"As you start out in this field, you are here to change the world and make a difference. Occasionally you will make a difference in somebody’s life. But they will impact your life far more. Think about how you would feel in their shoes.",,,,,,,,,,Start work ,Prep room,Prep patients ,Assist with procedure ,Go to lunch,Finish cases,Start new case,Code patient,Update family,Take patient to morgue ,Talk with family ,Go home,,,,,,,,,,,,,2,2,8,Continue with current treatment plan ,3,4,3,2,1,4,1,3,1,2,2,2,2,3,3,2,3,2,3,3,3,3,3,3,3,0,0,50,50,26,Cardiac ,Cath lab procedure nurse,15,,45,2,,1,26,,49,2,,1,,,7,4,5,2,2,Treatment,66395aa2-93bb-ee5a-a883-8fef478ed90d,2,1,2,1,2,5,7,3,1.5,48,1,5,3,4,3,5,4,3,1,3,3,2,Patient continues to complain of pain. Patient non compliant with treatment. Continue to monitor
2024-05-06 17:35:43,2024-05-06 17:56:30,0,100,1247,1,2024-05-06 17:56:31,R_13dpykq1cS9qvME,,,,,28.0508,-82.4484,anonymous,EN,1,3,,9,It is great and love taking care and make them feel betwr,It can be helpful in taking care of them making them feel better,People will judge them ,They would remember me and have respect for others,Help recovery faster,Yes it has theyvrecover fast,It's about taking care of patients,It is great to hear them out and listen to what they have to say.its great to help their recovery faster ,,,,,,,,,,Nice ,Ok,Ok ,Betwr,Exciting,Exciting,,,,,,,,,,,,,,,,,,,6,5,5,Follow up after recommendations,6,2,3,3,1,4,2,4,4,4,4,4,4,3,2,2,4,3,3,2,3,3,4,2,3,1,1,43,57,6,Er,Charge nurse,7,,44,3,Bachelor,1,10,,29,1,,1,,,8,2,3,2,2,Treatment,6639684d-9b0e-966c-eedd-6ef67ecc2cce,4,2,2,1,1,2,6,6,3,66,4,4,5,4,4,2,1,2,4,4,4,2,Hope you feel better and don't hesitate to follow up with us 
2024-05-06 17:35:43,2024-05-06 17:56:30,0,100,1247,1,2024-05-06 17:56:31,R_13dpykq1cS9qvME,,,,,28.0508,-82.4484,anonymous,EN,1,3,,9,It is great and love taking care and make them feel betwr,It can be helpful in taking care of them making them feel better,People will judge them ,They would remember me and have respect for others,Help recovery faster,Yes it has theyvrecover fast,It's about taking care of patients,It is great to hear them out and listen to what they have to say.its great to help their recovery faster ,,,,,,,,,,Nice ,Ok,Ok ,Betwr,Exciting,Exciting,,,,,,,,,,,,,,,,,,,6,5,5,Follow up after recommendations,6,2,3,3,1,4,2,4,4,4,4,4,4,3,2,2,4,3,3,2,3,3,4,2,3,1,1,43,57,6,Er,Charge nurse,7,,44,3,Bachelor,1,10,,29,1,,1,,,8,2,3,2,2,Treatment,6639684d-9b0e-966c-eedd-6ef67ecc2cce,4,2,2,1,2,5,7,3,1.5,80,4,5,5,2,4,4,1,4,1,5,4,2,Please take care of yourself and call anytime
2024-05-06 16:51:12,2024-05-06 18:42:11,0,100,6659,1,2024-05-06 18:42:12,R_7DP4pvBdsawChYW,,,,,40.7279,-73.5118,anonymous,EN,1,3,,"7,9,5",In order to be a good caregiver you need to be a people person. You have to be knowledgeable and approachable. You have to be trustworthy and keep your word. You have to treat people how you’d expect others to treat your family. You have positive regard and assume rapport with your patients.,You have to have an unbiased understanding of your patient not based on your own opinions or experiences. You have to be mindful of meeting your patient where they are in order to individualize care to each unique person.,They don’t want to “bother” anyone. They are overwhelmed. They’re scared. ,You can individualize care based on pt’s needs and preferences. ,"They will feel understood and cared for, which can lead to better outcomes, improve healing.",We can work together to help them meet their goals. ,"I read about understanding pts perspectives and having empathy, building positive relationships with patients.","Thank you for joining this truly fulfilling yet challenging field. We need more HCPs who are easy to talk to, personable, caring, empathic, kind and professional. There will be days you question why you became a HCP. Think about what your “why” is. What drove you to this field? Try to remember this during shifts when you feel burnt out, discouraged, experience compassion fatigue. And please please please make self care a priority. When you feel that your own cup is filled, it becomes so much easier to show empathy and authenticity in forming positive relationships with your patients. If you think of empathy like having a limited pocket full of coins, and each day you spend the coins. Eventually there are no more coins to give and that means it’s time for you to take better care of yourself. This is a difficult and often thankless career, but you have idea the impact you make in the lives of others. Some will remember you for a lifetime. Live by your values, remember your why, and show compassion to yourself too. ",,,,,,,,,,Finishing up handoff/report. Checking orders.,Picking up new patients as they come into the ED,Making sure I’m caught up on anything pending so that I’m as ready as I can be should a code come in,Take a small breakfast break ,"Discharge some, give report to the inpatient nurses on others","Make sure my patients that can eat, get a tray of food ","Continue to pick up new orders, give meds, check vitals, etc",Take my lunch break,"The next few hours are kind of the same, prioritizing, constant triaging of my group of patients, trying to be as caught up as I can be in case a cardiac arrest, respiratory distress, stroke, code sepsis comes in through the ER doors",,,,,,,,,,,,,,,,3,4,8,I would refer him to the orthopedic surgeon for further imaging and treatment options,7,1,6,3,1,5,5,5,5,4,4,4,2,4,4,3,5,3,5,3,3,3,3,3,3,1,1,50,50,13,Emergency medicine,Registered Nurse,8,,70,3,BSN,1,33,,36,2,,4,,,6,5,6,2,4,Treatment,66395e55-9b2a-80b6-daaa-f2ed738bc60f,2,1,4,4,1,6,7,3,1.5,79,3,3,4,3,5,3,1,3,4,5,5,5,"Ongoing pain last 3 weeks
Patient was unable to follow discharge instructions 
Recommend f/u with orthopedic surgeon for further imaging and treatment"
2024-05-06 16:51:12,2024-05-06 18:42:11,0,100,6659,1,2024-05-06 18:42:12,R_7DP4pvBdsawChYW,,,,,40.7279,-73.5118,anonymous,EN,1,3,,"7,9,5",In order to be a good caregiver you need to be a people person. You have to be knowledgeable and approachable. You have to be trustworthy and keep your word. You have to treat people how you’d expect others to treat your family. You have positive regard and assume rapport with your patients.,You have to have an unbiased understanding of your patient not based on your own opinions or experiences. You have to be mindful of meeting your patient where they are in order to individualize care to each unique person.,They don’t want to “bother” anyone. They are overwhelmed. They’re scared. ,You can individualize care based on pt’s needs and preferences. ,"They will feel understood and cared for, which can lead to better outcomes, improve healing.",We can work together to help them meet their goals. ,"I read about understanding pts perspectives and having empathy, building positive relationships with patients.","Thank you for joining this truly fulfilling yet challenging field. We need more HCPs who are easy to talk to, personable, caring, empathic, kind and professional. There will be days you question why you became a HCP. Think about what your “why” is. What drove you to this field? Try to remember this during shifts when you feel burnt out, discouraged, experience compassion fatigue. And please please please make self care a priority. When you feel that your own cup is filled, it becomes so much easier to show empathy and authenticity in forming positive relationships with your patients. If you think of empathy like having a limited pocket full of coins, and each day you spend the coins. Eventually there are no more coins to give and that means it’s time for you to take better care of yourself. This is a difficult and often thankless career, but you have idea the impact you make in the lives of others. Some will remember you for a lifetime. Live by your values, remember your why, and show compassion to yourself too. ",,,,,,,,,,Finishing up handoff/report. Checking orders.,Picking up new patients as they come into the ED,Making sure I’m caught up on anything pending so that I’m as ready as I can be should a code come in,Take a small breakfast break ,"Discharge some, give report to the inpatient nurses on others","Make sure my patients that can eat, get a tray of food ","Continue to pick up new orders, give meds, check vitals, etc",Take my lunch break,"The next few hours are kind of the same, prioritizing, constant triaging of my group of patients, trying to be as caught up as I can be in case a cardiac arrest, respiratory distress, stroke, code sepsis comes in through the ER doors",,,,,,,,,,,,,,,,3,4,8,I would refer him to the orthopedic surgeon for further imaging and treatment options,7,1,6,3,1,5,5,5,5,4,4,4,2,4,4,3,5,3,5,3,3,3,3,3,3,1,1,50,50,13,Emergency medicine,Registered Nurse,8,,70,3,BSN,1,33,,36,2,,4,,,6,5,6,2,4,Treatment,66395e55-9b2a-80b6-daaa-f2ed738bc60f,2,1,4,4,2,1,2,8,4,96,3,3,4,3,5,3,1,3,3,5,4,5,"Pt advised to f/u with ortho
Continue to take pain meds as prescribed
Continue to rest, ice, elevate and use ace wrap for compression as discussed during visit today"
2024-05-06 18:25:26,2024-05-06 18:44:50,0,100,1164,1,2024-05-06 18:44:51,R_5rVzCSGnDvMG4OB,,,,,39.0454,-82.6418,anonymous,EN,1,3,,"9,3,5",Commitment ,To better undertake them as a person. ,Worry about judgement or misunderstanding ,Who they are and how they overcome things,The more understanding more likely they are to feel included and stick with rediveryb,To help them overcome and get past challenges,Medical practices ,You can overcome daily challenges and become better at doing them each day. You can become a better individual and team player. ,,,,,,,,,,Shift report ,Tray pass,Assessment ,Assessmentsb,Charting ,Lunch trays ,Vitals ,Rounding ,Roundingn,Assessments ,Dinner trays ,Rounding ,Shift report ,,,,,,,,,,,,3,4,4,Provided N injection ,4,2,5,3,1,4,4,3,3,3,4,3,4,3,3,3,4,4,4,2,2,2,2,2,2,0,0,24,76,6,Postpartum ,Register nurse ,5,,60,3,Bachelors,1,36,,27,2,,1,,,6,4,5,3,3,Treatment,663973a9-33c9-6047-98c9-3b08975331d4,1,1,1,1,1,7,8,2,1,68,4,4,4,2,4,3,1,2,2,4,3,4,"Dave states he did not
Do recommendations form last visit. Has constant dull ache in ankle. Provides Tylenol and lidocaine topical, "
2024-05-06 18:25:26,2024-05-06 18:44:50,0,100,1164,1,2024-05-06 18:44:51,R_5rVzCSGnDvMG4OB,,,,,39.0454,-82.6418,anonymous,EN,1,3,,"9,3,5",Commitment ,To better undertake them as a person. ,Worry about judgement or misunderstanding ,Who they are and how they overcome things,The more understanding more likely they are to feel included and stick with rediveryb,To help them overcome and get past challenges,Medical practices ,You can overcome daily challenges and become better at doing them each day. You can become a better individual and team player. ,,,,,,,,,,Shift report ,Tray pass,Assessment ,Assessmentsb,Charting ,Lunch trays ,Vitals ,Rounding ,Roundingn,Assessments ,Dinner trays ,Rounding ,Shift report ,,,,,,,,,,,,3,4,4,Provided N injection ,4,2,5,3,1,4,4,3,3,3,4,3,4,3,3,3,4,4,4,2,2,2,2,2,2,0,0,24,76,6,Postpartum ,Register nurse ,5,,60,3,Bachelors,1,36,,27,2,,1,,,6,4,5,3,3,Treatment,663973a9-33c9-6047-98c9-3b08975331d4,1,1,1,1,2,7,8,2,1,70,3,4,3,4,4,4,2,2,2,4,3,4,Dave has not taken the recommendations but states pain has continued.
2024-05-06 20:57:46,2024-05-06 21:21:36,0,100,1430,1,2024-05-06 21:21:37,R_3dMu9iDFNHS5SRX,,,,,42.495,-82.9007,anonymous,EN,1,1,,,,,,,,,,,"1,2,4",I use them to browse the intetnet for various activities including reading for professional and recreational purposes and for shopping.,"For studying, leisure and shopping",Being able to use the network via my mobile made communication easy when the wifi was down.,Yes. I use them to communicate with loved ones. It helps me stay close to them and know how they have been while being several miles away from them,"Playing video games, reading comics, watching sports and movies.","Playing video games
Reading comics
Shopping
Watching comedy shows
Watching anime
Using recipes from cooking websites
",I read about the impact that my religious community could have on environmental conservation efforts,"I am using my cell phone to fill out this survey while I wait for my wife to finish her daily art drawing, which she is uploading on her instagram profile to partake in an online drawing trend. Earlier we had dinner while watching anime episode on online streaming website called Crunchyroll.com. I woke up very early today and used an online ppv service to watch Inoue defend his title belts in spectacular fashion as expected. In the afternoon, I used whatsapp to speak to my sister about how Drake and kebdrick have been uploading multiple songs ""dissing"" each other in less than a handful of days, which would not have been possible in the early days of Internet few decades ago. All this is to highlight many ways technology can be used and I have not even hit the tip of the iceberg.",,,,,,,,,,,,,,,,,,,,,,,,,5,6,7,Referral,7,2,5,3,1,5,5,5,4,2,3,2,3,3,3,2,3,3,4,1,1,1,1,1,2,0,0,75,25,3,Internal Medicine,physician,3,,41,4,Medical doctor,1,14,,35,1,,2,,,6,2,7,4,,Control,663997ff-9cad-5fc1-7081-afbebd1951a6,4,1,2,1,1,2,7,5,2.5,NA,2,4,5,2,5,1,1,1,3,5,5,3,Hippa violation
2024-05-06 20:57:46,2024-05-06 21:21:36,0,100,1430,1,2024-05-06 21:21:37,R_3dMu9iDFNHS5SRX,,,,,42.495,-82.9007,anonymous,EN,1,1,,,,,,,,,,,"1,2,4",I use them to browse the intetnet for various activities including reading for professional and recreational purposes and for shopping.,"For studying, leisure and shopping",Being able to use the network via my mobile made communication easy when the wifi was down.,Yes. I use them to communicate with loved ones. It helps me stay close to them and know how they have been while being several miles away from them,"Playing video games, reading comics, watching sports and movies.","Playing video games
Reading comics
Shopping
Watching comedy shows
Watching anime
Using recipes from cooking websites
",I read about the impact that my religious community could have on environmental conservation efforts,"I am using my cell phone to fill out this survey while I wait for my wife to finish her daily art drawing, which she is uploading on her instagram profile to partake in an online drawing trend. Earlier we had dinner while watching anime episode on online streaming website called Crunchyroll.com. I woke up very early today and used an online ppv service to watch Inoue defend his title belts in spectacular fashion as expected. In the afternoon, I used whatsapp to speak to my sister about how Drake and kebdrick have been uploading multiple songs ""dissing"" each other in less than a handful of days, which would not have been possible in the early days of Internet few decades ago. All this is to highlight many ways technology can be used and I have not even hit the tip of the iceberg.",,,,,,,,,,,,,,,,,,,,,,,,,5,6,7,Referral,7,2,5,3,1,5,5,5,4,2,3,2,3,3,3,2,3,3,4,1,1,1,1,1,2,0,0,75,25,3,Internal Medicine,physician,3,,41,4,Medical doctor,1,14,,35,1,,2,,,6,2,7,4,,Control,663997ff-9cad-5fc1-7081-afbebd1951a6,4,1,2,1,2,5,7,3,1.5,NA,1,2,4,2,4,2,1,2,3,5,4,3,"Patient was advised on next steps
Patient didnt follow advice
Will refer him to orthopedics"
2024-05-06 21:48:04,2024-05-06 22:09:07,0,100,1262,1,2024-05-06 22:09:08,R_23VJJabrRZqr7HR,,,,,28.3056,-81.4197,anonymous,EN,1,3,,"9,3,4",To be helpful with my patients ,So they have a healthy delivery ,They are afraid,To feel safe,To have and be safe,To deliver and keep there baby healthy ,Medical information ,To make sure my patients are safe and they deliver a healthy baby,,,,,,,,,,Sleep ,Take my son to school,Have breakfast ,Go to bed,Sleep,Sleep,Sleep,Sleep,Get up and shower,Eat,Get ready for work ,Get to work ,Work,Work,Work ,Work,Work,Work,Eat maybe,Work,Wirk,Work,Work,Work,3,4,2,Send him for a x ray,5,3,2,2,1,3,3,3,3,2,3,3,3,3,3,2,2,2,2,2,2,2,2,2,2,0,0,60,40,25,Labor and Delivery ,Charge nurse,23,,51,3,AA,1,10,,50,2,,1,,,7,4,4,3,2,Treatment,6639a3d3-f183-1726-2198-7891b7039787,2,1,4,4,1,6,7,3,1.5,42,3,4,3,3,4,3,2,2,4,4,4,2,He needs to get a X-ray 
2024-05-06 21:48:04,2024-05-06 22:09:07,0,100,1262,1,2024-05-06 22:09:08,R_23VJJabrRZqr7HR,,,,,28.3056,-81.4197,anonymous,EN,1,3,,"9,3,4",To be helpful with my patients ,So they have a healthy delivery ,They are afraid,To feel safe,To have and be safe,To deliver and keep there baby healthy ,Medical information ,To make sure my patients are safe and they deliver a healthy baby,,,,,,,,,,Sleep ,Take my son to school,Have breakfast ,Go to bed,Sleep,Sleep,Sleep,Sleep,Get up and shower,Eat,Get ready for work ,Get to work ,Work,Work,Work ,Work,Work,Work,Eat maybe,Work,Wirk,Work,Work,Work,3,4,2,Send him for a x ray,5,3,2,2,1,3,3,3,3,2,3,3,3,3,3,2,2,2,2,2,2,2,2,2,2,0,0,60,40,25,Labor and Delivery ,Charge nurse,23,,51,3,AA,1,10,,50,2,,1,,,7,4,4,3,2,Treatment,6639a3d3-f183-1726-2198-7891b7039787,2,1,4,4,2,1,2,8,4,NA,4,4,3,3,2,3,2,4,2,4,4,3,Non compliant with meds and care
2024-05-06 22:04:40,2024-05-06 22:31:43,0,100,1623,1,2024-05-06 22:31:44,R_7oJi3ivBkPeojJf,,,,,38.271,-77.5495,anonymous,EN,1,5,,"9,4,5",It is important to hold yourself accountable as a provider as you are the patients advocate and decision maker,As a provider it allows to you help guide them to making better health decisions ,Scared of the unknown ,Help guide patient to make better health decisions and feel more motivated working towards a mutual goal,It’ll help shared decision making and creating a sustainable plan,They are more likely to carry out goals created together ,How it is important to establish a mutual understanding and take interest in each patient as a whole ,"

Empathy is absolutely crucial as a healthcare provider, especially as a new one. It's all about understanding and connecting with your patients on a deeper level. When you show empathy, you're able to put yourself in their shoes and truly grasp their experiences, emotions, and concerns.

By being empathetic, you create a safe and supportive environment for your patients. It helps build trust and rapport, which is essential for effective healthcare. When patients feel heard, understood, and cared for, it can greatly enhance their overall experience and even contribute to better health outcomes.

Empathy allows you to provide personalized care that is tailored to each individual's unique needs. It helps you communicate effectively, not just through words, but also through non-verbal cues and active listening. This can make a world of difference in how patients perceive their treatment and how well they adhere to 

So, as a new healthcare provider, remember that empathy is not just a nice-to-have quality, but an essential one. It will not only benefit your patients but also contribute to your professional growth and satisfaction.

",,,,,,,,,,Prep ,Consult ,Consult ,Consult ,Consult ,Write notes from morning instead of eating lunch ,Consult ,Consult ,Consult ,Consult ,Notes and prep for tomorrow ,,,,,,,,,,,,,,1,2,4,CXR. REFER TO ORTHO. Alternate NSAIDS AND TYLENO,5,2,4,2,1,4,4,4,4,3,3,3,3,3,3,3,3,3,3,2,1,3,3,1,1,0,0,75,25,7,Family Med pulm,Fnp,3,,50,3,MSN,1,48,,,1,,1,,,6,5,5,3,4,Treatment,6639a797-f996-ea49-5728-a92cc4286355,1,1,1,1,1,7,8,2,1,83,4,4,5,1,,1,1,2,2,5,4,3,"REST. ICE. COMPRESSION. ELEVATION. Will send for CXR and refer to ortho
"
2024-05-06 22:04:40,2024-05-06 22:31:43,0,100,1623,1,2024-05-06 22:31:44,R_7oJi3ivBkPeojJf,,,,,38.271,-77.5495,anonymous,EN,1,5,,"9,4,5",It is important to hold yourself accountable as a provider as you are the patients advocate and decision maker,As a provider it allows to you help guide them to making better health decisions ,Scared of the unknown ,Help guide patient to make better health decisions and feel more motivated working towards a mutual goal,It’ll help shared decision making and creating a sustainable plan,They are more likely to carry out goals created together ,How it is important to establish a mutual understanding and take interest in each patient as a whole ,"

Empathy is absolutely crucial as a healthcare provider, especially as a new one. It's all about understanding and connecting with your patients on a deeper level. When you show empathy, you're able to put yourself in their shoes and truly grasp their experiences, emotions, and concerns.

By being empathetic, you create a safe and supportive environment for your patients. It helps build trust and rapport, which is essential for effective healthcare. When patients feel heard, understood, and cared for, it can greatly enhance their overall experience and even contribute to better health outcomes.

Empathy allows you to provide personalized care that is tailored to each individual's unique needs. It helps you communicate effectively, not just through words, but also through non-verbal cues and active listening. This can make a world of difference in how patients perceive their treatment and how well they adhere to 

So, as a new healthcare provider, remember that empathy is not just a nice-to-have quality, but an essential one. It will not only benefit your patients but also contribute to your professional growth and satisfaction.

",,,,,,,,,,Prep ,Consult ,Consult ,Consult ,Consult ,Write notes from morning instead of eating lunch ,Consult ,Consult ,Consult ,Consult ,Notes and prep for tomorrow ,,,,,,,,,,,,,,1,2,4,CXR. REFER TO ORTHO. Alternate NSAIDS AND TYLENO,5,2,4,2,1,4,4,4,4,3,3,3,3,3,3,3,3,3,3,2,1,3,3,1,1,0,0,75,25,7,Family Med pulm,Fnp,3,,50,3,MSN,1,48,,,1,,1,,,6,5,5,3,4,Treatment,6639a797-f996-ea49-5728-a92cc4286355,1,1,1,1,2,7,8,2,1,86,4,4,5,1,5,4,2,2,2,5,4,3,Likely poorly healing ankle sprain and subsequent pain due to noncompliance. Encourages compliance with plan and shared decision was made to proceed with CXR and refer to ortho. Cont  NWBS and encourage RICE and OTC pain medicine PRN 
2024-05-06 21:59:35,2024-05-06 22:37:18,0,100,2262,1,2024-05-06 22:37:18,R_21UluaCWbIIDhuN,,,,,35.2296,-80.843,anonymous,EN,1,3,,,,,,,,,,,"5,7,8",I use Pandora to stream music. It has a large variety of different genres in music. It has everything I'm looking for. ,I use it to stream music and movies. It helps to relax me. ,It was definitely Google. I can literally find almost everything on the internet. ,I would say the use of Facebook Messenger. It allows me to find friends and family from all over the world. ,I stream music and movies. I can spend hours doing both. ,I would say going on Google and searching for various things.  I also stream music as well..,I read about local news from my local news companies. We have maybe three. My favorite one would be TV 13. It has live breaking news stories.,"I know this seems like a lot of new information, but the more you play with the technology the more you will understand it. If it gets overwhelmed, I would recommend you go to your local library. ",,,,,,,,,,,I made sure my client was washed up. ,I did my clients hair.,I cooked a meal for my client. ,I cleaned my clients room.,I took the client for a walk.n,I read my clients messages to them. ,I set appointments with specialist. ,I ran errands for my client. ,I washed clothes for my client. ,I dried and folded my clients clothes. ,,,,,1,3,2,"I would tell him that he has to follow my recommendation, and he would heal much sooner. He is prolonging his recovery. ",5,3,2,2,1,5,4,5,4,4,5,5,4,5,5,1,2,1,2,1,1,1,1,1,1,1,1,50,50,11,Wound card and keeping sterile fields sterile. ,Registered Nurse ,11,,77,3,Associate's Degree ,1,42,,39,2,,3,,,7,4,3,2,2,Control,6639a5d8-3c10-8006-ad97-821e3009dd55,2,1,2,1,1,6,7,3,1.5,49,4,5,5,2,5,1,1,1,5,,5,2,He wasn't following the recommended treatment. 
2024-05-06 21:59:35,2024-05-06 22:37:18,0,100,2262,1,2024-05-06 22:37:18,R_21UluaCWbIIDhuN,,,,,35.2296,-80.843,anonymous,EN,1,3,,,,,,,,,,,"5,7,8",I use Pandora to stream music. It has a large variety of different genres in music. It has everything I'm looking for. ,I use it to stream music and movies. It helps to relax me. ,It was definitely Google. I can literally find almost everything on the internet. ,I would say the use of Facebook Messenger. It allows me to find friends and family from all over the world. ,I stream music and movies. I can spend hours doing both. ,I would say going on Google and searching for various things.  I also stream music as well..,I read about local news from my local news companies. We have maybe three. My favorite one would be TV 13. It has live breaking news stories.,"I know this seems like a lot of new information, but the more you play with the technology the more you will understand it. If it gets overwhelmed, I would recommend you go to your local library. ",,,,,,,,,,,I made sure my client was washed up. ,I did my clients hair.,I cooked a meal for my client. ,I cleaned my clients room.,I took the client for a walk.n,I read my clients messages to them. ,I set appointments with specialist. ,I ran errands for my client. ,I washed clothes for my client. ,I dried and folded my clients clothes. ,,,,,1,3,2,"I would tell him that he has to follow my recommendation, and he would heal much sooner. He is prolonging his recovery. ",5,3,2,2,1,5,4,5,4,4,5,5,4,5,5,1,2,1,2,1,1,1,1,1,1,1,1,50,50,11,Wound card and keeping sterile fields sterile. ,Registered Nurse ,11,,77,3,Associate's Degree ,1,42,,39,2,,3,,,7,4,3,2,2,Control,6639a5d8-3c10-8006-ad97-821e3009dd55,2,1,2,1,2,6,7,3,1.5,49,4,5,5,2,5,4,1,4,2,5,,1,He is still not doing what's necessary to help himself. 
2024-05-06 22:45:49,2024-05-06 23:05:01,0,100,1152,1,2024-05-06 23:05:02,R_71hfZooWNJcyKBo,,,,,33.3124,-111.9195,anonymous,EN,1,3,,,,,,,,,,,"1,8",Classes,"Talking , connecting with people across the world. ",In the times of modern technology. No cells phones or internet when I was growing up,Na,Television ,Social media ,Technology and its benefits,Technology has made it easy to connect with people across the world. So much advancement it's made it easier to gain knowledge and understanding from other parts of life.,Personal,PatienceI,Patience,Patience,Patience,Break,Patience,Patience,Patience,Patience,Patience,Home,,,,,,,,,,,,,4,5,6,Recommend he seek another physician,6,1,4,2,1,3,3,3,3,4,3,5,5,5,5,1,2,2,2,1,3,1,1,1,2,0,0,50,50,21,Vary,Na,2,,92,3,Na,1,14,,40,2,,7,,N,6,4,1,4,3,Control,6639b148-86b5-e2a4-64a2-3fc0a29e7d91,3,2,2,1,1,3,5,5,2.5,45,3,5,5,3,5,3,3,4,2,5,3,3,Patient has not followed treatment plan show no signs of improvement will encourage to follow treatment plan and follow up
2024-05-06 22:45:49,2024-05-06 23:05:01,0,100,1152,1,2024-05-06 23:05:02,R_71hfZooWNJcyKBo,,,,,33.3124,-111.9195,anonymous,EN,1,3,,,,,,,,,,,"1,8",Classes,"Talking , connecting with people across the world. ",In the times of modern technology. No cells phones or internet when I was growing up,Na,Television ,Social media ,Technology and its benefits,Technology has made it easy to connect with people across the world. So much advancement it's made it easier to gain knowledge and understanding from other parts of life.,Personal,PatienceI,Patience,Patience,Patience,Break,Patience,Patience,Patience,Patience,Patience,Home,,,,,,,,,,,,,4,5,6,Recommend he seek another physician,6,1,4,2,1,3,3,3,3,4,3,5,5,5,5,1,2,2,2,1,3,1,1,1,2,0,0,50,50,21,Vary,Na,2,,92,3,Na,1,14,,40,2,,7,,N,6,4,1,4,3,Control,6639b148-86b5-e2a4-64a2-3fc0a29e7d91,3,2,2,1,2,5,8,3,1.5,NA,4,5,5,4,4,4,3,5,1,5,3,1,Still no signs of improvement per patient patient has lack of motivation continues not to follow the treatment plan recommend referral outside provider
2024-05-06 22:08:37,2024-05-06 23:07:47,0,100,3550,1,2024-05-06 23:07:48,R_3YH7bOY3gPTrZMR,,,,,41.945,-87.7996,anonymous,EN,1,3,,,,,,,,,,,"1,6,7",I use face time to talk to family and friends that live in another country or state from mine.,"I use technology on my job ,using a lap top to enter patients information. I use technology to have fun and surf the internet and social apps. I use technology to communicate with my family that live in another country ",Technology allowed me to connect with my family that live in Brazil. Technology replaced for an example a letter that O would send to Brazil that would take weeks to get there and another with the response. Thanks to face book messenger I can connect with them and even see them. This way I feel very close .,"Yes I use my Lap top, my desk computer my cell phone every day. I can reach people that I want or need to talk right away. I use technology every day for many reasons. For example when an accident happened in front of me . I reached my cell phone called 911 to help someone. Without my cell I wouldn't be able to help .","I use technology for my entertainment to watch movies on my lap top, mobile phone. I use technology to browse and use social apps like Instagram for example. Also mobile phones that have apps with games that you can download and you can have a relaxing time when you are stressed.",I use my Lap top to relax and browse the social apps. Sometimes I play a game on game console or on my cell phone. Also I like to read a book that I downloaded on my tablet before I go to sleep.,I read about the ways technology can be used in our day by day.,"Technology is a friend that can help us in many ways. Thanks to technology we can talk and see a familiar face that lives far a,way from us. Also thanks to a mobile phone for example we can have a consultation with a doctor, psychologist without leaving our home. Besides there are different levels of technology that you can use from the easiest to the most intricate. The days you are sad you can use you mobile phone go to YouTube and watch funny videos. When you are bored or stressed at home using your mobile phone you can download a game and play. Technology came to ad to our lives opportunities and choices. Thus if you are new using technology start with your mobile text , call someone, download a game. Once you start you will learn more and more.","Waking up, getting ready, having breakfast ",Getting in the hospital. Receiving report from the other nurses about the patients that I will care for during the day,Going to patients rooms introducing myself ,"Giving care, meds and what is needed to my patients ","Doing patient care and entering in the computer patients care, meds, vitals and so on",Lunch and if needed going to attend patients ,Working on the floor caring for patients,Taking vital signs and doing patient care,End of shift giving report to other nurses and entering information in the computer ,Going home,Getting home,Home,Home ,Home,Home ,Home,Sleeping ,Sleeping ,Sleeping ,Sleeping ,Sleeping ,Sleeping ,Sleeping ,Sleeping ,1,1,4,I would tell him that he should follow the treatment as prescribed. Otherwise he will not feel better. I would also ask him if he would like to talk with another health care worker ,6,3,1,2,1,4,4,4,4,4,5,5,5,5,4,1,2,1,1,1,1,1,1,1,1,1,1,70,30,18,RN kidney transplant ,RN,18,,80,3,RN,2,,Brazil,58,2,,4,,,7,3,2,3,3,Control,6639a752-8c66-f96b-8479-ba4e50e8805a,1,1,1,1,1,7,8,2,1,65,5,5,3,3,5,3,3,1,1,5,3,2,"Patient complaint of pain
Patient received recommendations"
2024-05-06 22:08:37,2024-05-06 23:07:47,0,100,3550,1,2024-05-06 23:07:48,R_3YH7bOY3gPTrZMR,,,,,41.945,-87.7996,anonymous,EN,1,3,,,,,,,,,,,"1,6,7",I use face time to talk to family and friends that live in another country or state from mine.,"I use technology on my job ,using a lap top to enter patients information. I use technology to have fun and surf the internet and social apps. I use technology to communicate with my family that live in another country ",Technology allowed me to connect with my family that live in Brazil. Technology replaced for an example a letter that O would send to Brazil that would take weeks to get there and another with the response. Thanks to face book messenger I can connect with them and even see them. This way I feel very close .,"Yes I use my Lap top, my desk computer my cell phone every day. I can reach people that I want or need to talk right away. I use technology every day for many reasons. For example when an accident happened in front of me . I reached my cell phone called 911 to help someone. Without my cell I wouldn't be able to help .","I use technology for my entertainment to watch movies on my lap top, mobile phone. I use technology to browse and use social apps like Instagram for example. Also mobile phones that have apps with games that you can download and you can have a relaxing time when you are stressed.",I use my Lap top to relax and browse the social apps. Sometimes I play a game on game console or on my cell phone. Also I like to read a book that I downloaded on my tablet before I go to sleep.,I read about the ways technology can be used in our day by day.,"Technology is a friend that can help us in many ways. Thanks to technology we can talk and see a familiar face that lives far a,way from us. Also thanks to a mobile phone for example we can have a consultation with a doctor, psychologist without leaving our home. Besides there are different levels of technology that you can use from the easiest to the most intricate. The days you are sad you can use you mobile phone go to YouTube and watch funny videos. When you are bored or stressed at home using your mobile phone you can download a game and play. Technology came to ad to our lives opportunities and choices. Thus if you are new using technology start with your mobile text , call someone, download a game. Once you start you will learn more and more.","Waking up, getting ready, having breakfast ",Getting in the hospital. Receiving report from the other nurses about the patients that I will care for during the day,Going to patients rooms introducing myself ,"Giving care, meds and what is needed to my patients ","Doing patient care and entering in the computer patients care, meds, vitals and so on",Lunch and if needed going to attend patients ,Working on the floor caring for patients,Taking vital signs and doing patient care,End of shift giving report to other nurses and entering information in the computer ,Going home,Getting home,Home,Home ,Home,Home ,Home,Sleeping ,Sleeping ,Sleeping ,Sleeping ,Sleeping ,Sleeping ,Sleeping ,Sleeping ,1,1,4,I would tell him that he should follow the treatment as prescribed. Otherwise he will not feel better. I would also ask him if he would like to talk with another health care worker ,6,3,1,2,1,4,4,4,4,4,5,5,5,5,4,1,2,1,1,1,1,1,1,1,1,1,1,70,30,18,RN kidney transplant ,RN,18,,80,3,RN,2,,Brazil,58,2,,4,,,7,3,2,3,3,Control,6639a752-8c66-f96b-8479-ba4e50e8805a,1,1,1,1,2,7,8,2,1,76,5,5,2,3,4,5,4,2,1,5,3,2,Pt came back still complaining of pain but didn't follow what was planned or taking what was previously prescribed 
2024-05-07 01:32:15,2024-05-07 01:43:26,0,100,670,1,2024-05-07 01:43:27,R_13DyMoACy0DoVPj,,,,,32.9103,-96.7283,anonymous,EN,1,3,,"7,4,6",The only way I could do that was if you wanted me too I could come and pick it out and then ,I’m just going home and I’m not going back in the office till the afternoon I will text when we leave to come over I love it ,I don’t know what to do with myself anymore I just want to be able to be with you and be with you I don’t know what to tell ,The only way I could do that was if you wanted me too I could come and pick it out and then I can go pick up it ,I’m just going home and I’m not going back in the office till the afternoon I will text when we leave to come over I love ,I don’t know what to do with myself anymore I just want to be able to be with you and be with you ,The only way I could do that was if you wanted me too I ,The only way I could do that was if you wanted me too I could come and pick it out and then I can go pick. If not that’s totally OK with us I will be happy for the weekend just don’t have any plans just. I will be home all day tomorrow and I will be back on Monday and Tuesday and Wednesday and Thursday and Friday and Thursday and. If you’re available I will come in at any day next weekend or Wednesday or Friday or Thursday of. ,,,,,,,,,,The only way I could do that was if you wanted me too ,I’m just going home and I’m not going back in the ,The only way I could do that was if you wanted me too I ,I don’t know what to do with myself anymore I just want ,The only way I could do that was if you wanted me too ,I’m just going home and I’m not going back in the office ,The only way I could do you was if I had ,I don’t know what to do with myself anymore I just want to ,The only way I could do that was if you wanted me too ,The only way I could do that was if you wanted me too ,I’m just going home and I’m not going back in the ,The only way I could do that was if you wanted me too I ,I don’t know what to do with myself anymore I just want to ,,,,,,,,,,,,4,4,2,The only way I could do that was if you wanted me too I could come and pick it out and then ,6,2,4,3,1,1,4,2,5,3,4,4,3,2,4,3,3,2,3,5,5,3,3,4,5,0,0,0,100,6,Registered nurse,Registered nurse ,4,,62,4,Doctorate ,1,45,,30,2,,3,,,5,4,5,4,4,Treatment,6639d8a8-69f3-3787-22fe-048a56967572,3,1,3,1,1,3,7,4,2,88,5,3,5,1,5,3,1,1,1,5,3,2,The only way I could do that was if you wanted me too I could could. And then you can go get a new phone because you don’t want it. You have a new one that is on my phone so if you’re going through that. 
2024-05-07 01:32:15,2024-05-07 01:43:26,0,100,670,1,2024-05-07 01:43:27,R_13DyMoACy0DoVPj,,,,,32.9103,-96.7283,anonymous,EN,1,3,,"7,4,6",The only way I could do that was if you wanted me too I could come and pick it out and then ,I’m just going home and I’m not going back in the office till the afternoon I will text when we leave to come over I love it ,I don’t know what to do with myself anymore I just want to be able to be with you and be with you I don’t know what to tell ,The only way I could do that was if you wanted me too I could come and pick it out and then I can go pick up it ,I’m just going home and I’m not going back in the office till the afternoon I will text when we leave to come over I love ,I don’t know what to do with myself anymore I just want to be able to be with you and be with you ,The only way I could do that was if you wanted me too I ,The only way I could do that was if you wanted me too I could come and pick it out and then I can go pick. If not that’s totally OK with us I will be happy for the weekend just don’t have any plans just. I will be home all day tomorrow and I will be back on Monday and Tuesday and Wednesday and Thursday and Friday and Thursday and. If you’re available I will come in at any day next weekend or Wednesday or Friday or Thursday of. ,,,,,,,,,,The only way I could do that was if you wanted me too ,I’m just going home and I’m not going back in the ,The only way I could do that was if you wanted me too I ,I don’t know what to do with myself anymore I just want ,The only way I could do that was if you wanted me too ,I’m just going home and I’m not going back in the office ,The only way I could do you was if I had ,I don’t know what to do with myself anymore I just want to ,The only way I could do that was if you wanted me too ,The only way I could do that was if you wanted me too ,I’m just going home and I’m not going back in the ,The only way I could do that was if you wanted me too I ,I don’t know what to do with myself anymore I just want to ,,,,,,,,,,,,4,4,2,The only way I could do that was if you wanted me too I could come and pick it out and then ,6,2,4,3,1,1,4,2,5,3,4,4,3,2,4,3,3,2,3,5,5,3,3,4,5,0,0,0,100,6,Registered nurse,Registered nurse ,4,,62,4,Doctorate ,1,45,,30,2,,3,,,5,4,5,4,4,Treatment,6639d8a8-69f3-3787-22fe-048a56967572,3,1,3,1,2,4,8,4,2,84,4,4,2,4,5,2,4,2,4,3,5,2,I’m just going home and I’m not going back in the office till the afternoon I will text. If you’re still around and you can call I will call an. But if not I’ll just text me and I can.
2024-05-06 23:42:55,2024-05-07 01:53:29,0,100,7834,1,2024-05-07 01:53:30,R_1PNsLmiFaVI2GlY,,,,,41.5798,-72.5004,anonymous,EN,1,3,,"9,3,5","It is important to me to empathize with my patients and let them know I am there to help them in anyway I can to make their quality of life better. Also, to make them feel at ease that I am taking the best care of them to get them well.","Patients want you to fully understand and convey to them that you do understand what they are feeling and be able to explain why they are feeling this way. Patients come in scared, anxious, confused, frustrated and simple not feeling well and want honest answers why and what is their course of treatment to make them well again to go on with their daily lives","Embarrassed, afraid of the answers, they won’t understand the answer, being judged my their healthcare provider, and just plain not trusting their doctor based on other people and their apprehension to all of the above",To let them know you understand what they are saying about their concerns and you are really listening to them and their needs for accommodations.,"The patient will trust more and be less apprehensive. When a patient feels comfortable with these aspects and will adhere more to the plan of treatment also calm any fears they might have. The biggest blockage between doctors


Patients want you to understand what they are going through and be able to advise them to the best course of treatment . They want to know you are listening and can relate to the feelings they have with honest answers and empathy ",That’s exactly what the patient is looking for in a healthcare provider. They want you to understand their challenges to do with their treatment and have reliable answers to solve their challenges with their healthcare,Helping patients and doctors better their relationships and have a better understanding of the patients needs,"First and foremost give your patient your full attention. Show them you are really listening to them and their concerns about their health. Their problems with their health and how it can be remedied. You need to establish honest trust with your patients. Once this is established the patients feel more at ease and can be less apprehensive about you as their healthcare provider. Listen to their concerns with empathy and make sure they know you do understand their feelings and how are you going to make it better. Your relationship with your patients let them know the continuity of care they will receive. Just as you are learning about your patient, they are learning about their doctor and what to expect. Once trust is established patients are more open with their health history and concerns about health and what they need to return their health back to what they are accustomed to. Remember you became a doctor to help people maintain or regain their health which in turn gives a person a better quality of life.",,,,,,,,,,Rounds to surgical patients ,Rounds,See following up patient from surgery until 12:00,See patients for the rest of the morning ,Usually it can run over,Patients,Start new patients till end of day. In between see emergency patients ,Patients,Patients,End of day wrap up,,,,W,,,,,,,,,Start notes on days patients and post op reports.,,4,1,NA,Go back to regular meds first prescribed with ice elevation and limited activity in the meantime X-rays and maybe mri to determine cause,5,4,2,2,1,4,4,4,3,3,4,4,3,4,5,1,2,1,2,2,1,1,1,1,1,0,0,50,50,28,Orthopedic surgery ,Orthopedic surgical nurse supervisor ,18,,45,4,Masters,1,7,,56,2,,1,,,8,4,7,4,4,Treatment,6639bdf7-1557-3bd2-23d4-08dd3a8c76c8,2,1,3,1,1,5,7,3,1.5,67,2,4,4,3,5,2,1,3,2,5,4,5,Gave patient Vicodin 7.5 mg ER bid.for pain and otc apn in between 12h intervals.Patient still in a lot of pain no better. Put him on a topical tid with Methodone 5 mg tid. With follow up in one week
2024-05-06 23:42:55,2024-05-07 01:53:29,0,100,7834,1,2024-05-07 01:53:30,R_1PNsLmiFaVI2GlY,,,,,41.5798,-72.5004,anonymous,EN,1,3,,"9,3,5","It is important to me to empathize with my patients and let them know I am there to help them in anyway I can to make their quality of life better. Also, to make them feel at ease that I am taking the best care of them to get them well.","Patients want you to fully understand and convey to them that you do understand what they are feeling and be able to explain why they are feeling this way. Patients come in scared, anxious, confused, frustrated and simple not feeling well and want honest answers why and what is their course of treatment to make them well again to go on with their daily lives","Embarrassed, afraid of the answers, they won’t understand the answer, being judged my their healthcare provider, and just plain not trusting their doctor based on other people and their apprehension to all of the above",To let them know you understand what they are saying about their concerns and you are really listening to them and their needs for accommodations.,"The patient will trust more and be less apprehensive. When a patient feels comfortable with these aspects and will adhere more to the plan of treatment also calm any fears they might have. The biggest blockage between doctors


Patients want you to understand what they are going through and be able to advise them to the best course of treatment . They want to know you are listening and can relate to the feelings they have with honest answers and empathy ",That’s exactly what the patient is looking for in a healthcare provider. They want you to understand their challenges to do with their treatment and have reliable answers to solve their challenges with their healthcare,Helping patients and doctors better their relationships and have a better understanding of the patients needs,"First and foremost give your patient your full attention. Show them you are really listening to them and their concerns about their health. Their problems with their health and how it can be remedied. You need to establish honest trust with your patients. Once this is established the patients feel more at ease and can be less apprehensive about you as their healthcare provider. Listen to their concerns with empathy and make sure they know you do understand their feelings and how are you going to make it better. Your relationship with your patients let them know the continuity of care they will receive. Just as you are learning about your patient, they are learning about their doctor and what to expect. Once trust is established patients are more open with their health history and concerns about health and what they need to return their health back to what they are accustomed to. Remember you became a doctor to help people maintain or regain their health which in turn gives a person a better quality of life.",,,,,,,,,,Rounds to surgical patients ,Rounds,See following up patient from surgery until 12:00,See patients for the rest of the morning ,Usually it can run over,Patients,Start new patients till end of day. In between see emergency patients ,Patients,Patients,End of day wrap up,,,,W,,,,,,,,,Start notes on days patients and post op reports.,,4,1,NA,Go back to regular meds first prescribed with ice elevation and limited activity in the meantime X-rays and maybe mri to determine cause,5,4,2,2,1,4,4,4,3,3,4,4,3,4,5,1,2,1,2,2,1,1,1,1,1,0,0,50,50,28,Orthopedic surgery ,Orthopedic surgical nurse supervisor ,18,,45,4,Masters,1,7,,56,2,,1,,,8,4,7,4,4,Treatment,6639bdf7-1557-3bd2-23d4-08dd3a8c76c8,2,1,3,1,2,3,8,4,2,63,4,5,4,3,4,4,1,3,2,5,3,1,"Stay on original meds
Ice elevate limited mobility 
X-rays walking boot and possibly mri"
2024-05-07 01:34:35,2024-05-07 01:57:29,0,100,1373,1,2024-05-07 01:57:29,R_2Poxfvm73BChagX,,,,,32.7192,-97.4505,anonymous,EN,1,3,,,,,,,,,,,"2,4,7",It's enables me to do research stay connected and increase in knowledge,Stay connected stay informed for convenience listening to music shopping online,When picking someone up in an unknown area the use of GPS,The same direct communication with people regarding location arrival time delays etc,I can watch movies on a tablet I can read an ebook or listen to music I can watch things by live stream even attend church online,Listen to music listening to a podcast reading an ebook,The way increase use of technology over the past 10 to 20 years has changed society,"It's amazing and interesting way technology has changed us as a society in the way that we interact with others and go about our personal lives. 

In many ways it has helped us stay connected at the same time cause us to become disconnected. 

We spend less time doing things we enjoyed doing with family friends and alone. 

We spend less time face-to-face with others and creating memories. ",Getting kids up,Kids to school,Getting report,Assessing patients ,Documentation ,Rounds,Lunch,New patient admission ,Documentation ,Patient assessments procedures,End of shift report,Picking up kids,Dinner,Bedtime,Housework laundry,Meditation,Sleep,Sleep,Sleep,Sleep,Sleep,Sleep,Sleep,Sleep,4,5,4,Refer him for physical therapy,5,2,3,2,1,4,5,5,5,2,4,4,4,4,3,2,3,2,3,2,3,2,2,1,3,0,0,75,25,21,Pediatrics,RN,21,,79,3,Associate,1,45,,53,2,,1,,,7,7,4,3,3,Control,6639d8c8-b723-17ce-c08a-0480c894ad08,4,2,2,1,1,1,5,6,3,63,2,4,5,2,5,2,1,2,3,5,4,5,Patient presents for pain management after ankle injury patient has not cooperated with the treatment plan continues to complain of pain encourage patient to consistently follow recommendations and take pain medicine
2024-05-07 01:34:35,2024-05-07 01:57:29,0,100,1373,1,2024-05-07 01:57:29,R_2Poxfvm73BChagX,,,,,32.7192,-97.4505,anonymous,EN,1,3,,,,,,,,,,,"2,4,7",It's enables me to do research stay connected and increase in knowledge,Stay connected stay informed for convenience listening to music shopping online,When picking someone up in an unknown area the use of GPS,The same direct communication with people regarding location arrival time delays etc,I can watch movies on a tablet I can read an ebook or listen to music I can watch things by live stream even attend church online,Listen to music listening to a podcast reading an ebook,The way increase use of technology over the past 10 to 20 years has changed society,"It's amazing and interesting way technology has changed us as a society in the way that we interact with others and go about our personal lives. 

In many ways it has helped us stay connected at the same time cause us to become disconnected. 

We spend less time doing things we enjoyed doing with family friends and alone. 

We spend less time face-to-face with others and creating memories. ",Getting kids up,Kids to school,Getting report,Assessing patients ,Documentation ,Rounds,Lunch,New patient admission ,Documentation ,Patient assessments procedures,End of shift report,Picking up kids,Dinner,Bedtime,Housework laundry,Meditation,Sleep,Sleep,Sleep,Sleep,Sleep,Sleep,Sleep,Sleep,4,5,4,Refer him for physical therapy,5,2,3,2,1,4,5,5,5,2,4,4,4,4,3,2,3,2,3,2,3,2,2,1,3,0,0,75,25,21,Pediatrics,RN,21,,79,3,Associate,1,45,,53,2,,1,,,7,7,4,3,3,Control,6639d8c8-b723-17ce-c08a-0480c894ad08,4,2,2,1,2,6,8,3,1.5,61,4,4,4,3,4,3,2,2,3,4,4,2,Patient continues to complain of pain but refuses to comply with recommended treatment plan referred for physical therapy
2024-05-07 02:20:03,2024-05-07 02:51:50,0,100,1907,1,2024-05-07 02:51:51,R_30owYjf2oqqutbc,,,,,33.9249,-117.4592,anonymous,EN,1,1,,"3,4",Good communication with the patient helps to confirm the diagnosis and treatment of the condition.,Because it helps to ease the patient's emotions,Financial stress and reluctance to face the condition,It can better communicate and treat patients in a targeted manner,It allows the patient to actively cooperate with the treatment,Be more co-operative with your doctor and have a good attitude.,What is the connection between the doctor and the patient,"As a healthcare professional, you should try to understand the patient's psychology, and try to judge and solve problems more from their perspective, in order to make the treatment easier and quicker, as well as to reduce the stress of both parties!",,,,,,,,,,,,,,,,,,,,,,,,,,,,,,,,,,3,5,4,Talk to his family and ask him to take his medication regularly,4,3,3,2,1,1,1,3,1,3,3,2,2,3,2,3,3,3,3,2,2,2,2,2,2,0,0,80,20,3,health care,nurse practitioner,2,,60,3,,1,5,,29,1,,1,,,5,4,4,3,2,Treatment,6639e39f-0638-9fcd-7ee9-f22c740209b0,2,1,3,3,1,6,7,3,1.5,32,3,4,4,2,4,3,2,4,2,4,3,1,
2024-05-07 02:20:03,2024-05-07 02:51:50,0,100,1907,1,2024-05-07 02:51:51,R_30owYjf2oqqutbc,,,,,33.9249,-117.4592,anonymous,EN,1,1,,"3,4",Good communication with the patient helps to confirm the diagnosis and treatment of the condition.,Because it helps to ease the patient's emotions,Financial stress and reluctance to face the condition,It can better communicate and treat patients in a targeted manner,It allows the patient to actively cooperate with the treatment,Be more co-operative with your doctor and have a good attitude.,What is the connection between the doctor and the patient,"As a healthcare professional, you should try to understand the patient's psychology, and try to judge and solve problems more from their perspective, in order to make the treatment easier and quicker, as well as to reduce the stress of both parties!",,,,,,,,,,,,,,,,,,,,,,,,,,,,,,,,,,3,5,4,Talk to his family and ask him to take his medication regularly,4,3,3,2,1,1,1,3,1,3,3,2,2,3,2,3,3,3,3,2,2,2,2,2,2,0,0,80,20,3,health care,nurse practitioner,2,,60,3,,1,5,,29,1,,1,,,5,4,4,3,2,Treatment,6639e39f-0638-9fcd-7ee9-f22c740209b0,2,1,3,3,2,3,4,6,3,37,4,5,4,3,5,4,2,5,3,4,2,1,
2024-05-07 05:47:26,2024-05-07 06:25:27,0,100,2281,1,2024-05-07 06:25:28,R_62QjgaOgc2sR0OG,,,,,40.5468,-74.1804,anonymous,EN,1,3,,,,,,,,,,,"1,2,3,7,8",I wise my tablet on a daily bases. It allows me to check my email and look up things on the internet ,I use Facebook to keep in touch with family and friends that do not live near me. ,During the pandemic I was able to FaceTime with my grandson every day,Almost every store has a digital site where you can download coupons. I use technology to help me save money by downloading coupons ,I like to download music. It is easy to have a list of songs to play when company comes over,I downloaded games and videos for my grandson on my tablet so if we go out he is occupied ,Technology and how we use it in our daily lives ,"I too was a little reluctant to use the internet. I didn’t grow up using it. I have come to know that there are many useful thing you can learn to do. I use on line banking so I do not have to keep running to the bank to deposit checks, I have downloaded books to read as well as music I like to listen to.
I hope this letter help you feel comfortable using technology,

Thanks ",Vitals /meds,Check iv/meds,Finish med and start treatment ,Break ,Medication adm,Lunch,Medication ,Medications ,Medications ,Vital signs ,Finger sticking ,Evening meds,Leave,Home,Home,Home ,Home ,Home ,Home,Home,Home,Home,Home,Home,3,5,5,I would not prescribe and additional painkillers ,6,2,4,3,1,2,3,3,3,3,3,3,3,3,2,2,4,2,2,2,2,2,2,2,2,0,0,50,50,29,Med surge,RN,4,,90,3,BSN,1,33,,59,2,,1,,,8,6,6,1,2,Control,663a143f-3f7e-e97b-4d16-6c6506f5fe3f,2,1,2,1,1,5,8,3,1.5,27,4,4,4,3,4,4,2,3,2,4,4,2,"Check pain level
Compliance with recommended treatment plan
Medication adherence "
2024-05-07 05:47:26,2024-05-07 06:25:27,0,100,2281,1,2024-05-07 06:25:28,R_62QjgaOgc2sR0OG,,,,,40.5468,-74.1804,anonymous,EN,1,3,,,,,,,,,,,"1,2,3,7,8",I wise my tablet on a daily bases. It allows me to check my email and look up things on the internet ,I use Facebook to keep in touch with family and friends that do not live near me. ,During the pandemic I was able to FaceTime with my grandson every day,Almost every store has a digital site where you can download coupons. I use technology to help me save money by downloading coupons ,I like to download music. It is easy to have a list of songs to play when company comes over,I downloaded games and videos for my grandson on my tablet so if we go out he is occupied ,Technology and how we use it in our daily lives ,"I too was a little reluctant to use the internet. I didn’t grow up using it. I have come to know that there are many useful thing you can learn to do. I use on line banking so I do not have to keep running to the bank to deposit checks, I have downloaded books to read as well as music I like to listen to.
I hope this letter help you feel comfortable using technology,

Thanks ",Vitals /meds,Check iv/meds,Finish med and start treatment ,Break ,Medication adm,Lunch,Medication ,Medications ,Medications ,Vital signs ,Finger sticking ,Evening meds,Leave,Home,Home,Home ,Home ,Home ,Home,Home,Home,Home,Home,Home,3,5,5,I would not prescribe and additional painkillers ,6,2,4,3,1,2,3,3,3,3,3,3,3,3,2,2,4,2,2,2,2,2,2,2,2,0,0,50,50,29,Med surge,RN,4,,90,3,BSN,1,33,,59,2,,1,,,8,6,6,1,2,Control,663a143f-3f7e-e97b-4d16-6c6506f5fe3f,2,1,2,1,2,6,8,3,1.5,24,4,4,4,3,4,4,2,4,2,4,4,2,"Check compliance with treatment plans 
Pain level
If still not compliance do not give any opioid medication change to Tylenol "
2024-05-07 06:49:11,2024-05-07 07:15:17,0,100,1565,1,2024-05-07 07:15:18,R_1kFSoIuPAlQ33zS,,,,,37.9786,-121.3147,anonymous,EN,1,3,,"7,9,6",I chose it because I feel bad for the patients that are fighting cancer it is really sad watching them die it breaks my heart.,To help them overcome their fears of dying and try help them think the best it's just really hurtful when they pass away.,Because they are afraid of trust issues but I try show them they can trust me as a nurse.i won't ever hurt them.,Because they gotta learn to have trust in me.but I always show them they can trust me and not have to worry.,They need a little help when they are weak I help them with whatever they need help with.,It helps a lot for them to do their goals.im going to be here helping them and making sure they get to do their goals.,I read about patients and doctors ,I am a nurse in California and I am here to say I am trying my best to help others that can't help them selfs and are fighting cancer or anything else they may have.,,,,,,,,,,Wake up get kids off to school and drink my coffee ,Then take myself a shower and get ready for work,Start my shift,Go see my patients ,Give meds,Feed lunch,Do paperwork while they nap,Shower patients,Get them dressed ,Go give meds,Go on my lunch ,Come back and check on patients ,Give night meds,Turn lights out and do paperwork ,Go home,Feed my kids ,Bathe them,Put them to bed,Go to sleep myself ,Sleep,Sleep ,Sleep ,Sleep ,Wake up start my day off again ,3,4,6,Put a cast and possibly surgery ,5,2,2,2,1,4,4,4,4,3,1,3,3,4,4,2,3,3,3,2,3,4,3,4,5,1,1,50,50,11,Nurse,Registered nurse ,11,,59,2,12,1,5,,41,2,,1,,,10,4,2,2,2,Treatment,663a2256-40bd-e357-80bc-77d8a95db244,2,2,2,1,1,5,6,4,2,65,3,4,3,3,4,3,1,1,4,4,4,4,Check pain meds see if it helps then possible surgery 
2024-05-07 06:49:11,2024-05-07 07:15:17,0,100,1565,1,2024-05-07 07:15:18,R_1kFSoIuPAlQ33zS,,,,,37.9786,-121.3147,anonymous,EN,1,3,,"7,9,6",I chose it because I feel bad for the patients that are fighting cancer it is really sad watching them die it breaks my heart.,To help them overcome their fears of dying and try help them think the best it's just really hurtful when they pass away.,Because they are afraid of trust issues but I try show them they can trust me as a nurse.i won't ever hurt them.,Because they gotta learn to have trust in me.but I always show them they can trust me and not have to worry.,They need a little help when they are weak I help them with whatever they need help with.,It helps a lot for them to do their goals.im going to be here helping them and making sure they get to do their goals.,I read about patients and doctors ,I am a nurse in California and I am here to say I am trying my best to help others that can't help them selfs and are fighting cancer or anything else they may have.,,,,,,,,,,Wake up get kids off to school and drink my coffee ,Then take myself a shower and get ready for work,Start my shift,Go see my patients ,Give meds,Feed lunch,Do paperwork while they nap,Shower patients,Get them dressed ,Go give meds,Go on my lunch ,Come back and check on patients ,Give night meds,Turn lights out and do paperwork ,Go home,Feed my kids ,Bathe them,Put them to bed,Go to sleep myself ,Sleep,Sleep ,Sleep ,Sleep ,Wake up start my day off again ,3,4,6,Put a cast and possibly surgery ,5,2,2,2,1,4,4,4,4,3,1,3,3,4,4,2,3,3,3,2,3,4,3,4,5,1,1,50,50,11,Nurse,Registered nurse ,11,,59,2,12,1,5,,41,2,,1,,,10,4,2,2,2,Treatment,663a2256-40bd-e357-80bc-77d8a95db244,2,2,2,1,2,6,7,3,1.5,30,4,4,4,3,4,4,3,3,3,4,4,3,Give dave meds a note for work and cast
2024-05-07 10:42:56,2024-05-07 11:00:57,0,100,1080,1,2024-05-07 11:00:58,R_3QEiPiPtH6sobqu,,,,,38.548,-121.4597,anonymous,EN,1,3,,"2,5,6",The description felts most valuable for patient care,They have their own ways of thinking,They are unsure what to aak,Patient will be more willing to share their concerns ,More information provided to aid in recovery ,More motivated to achieve similar goals,I read about patient care,Working in the healthcare field is both exciting and challenging. It is important to gain patient trust and to provide best care. Everyday is a learning experience and it is essential to write everything down. ,,,,,,,,,,Woke up,Got ready,Started shift by receiving report,,,Lunch,,Check patients before endorsing ,,,,,,,,,,,,,,,,,3,3,5,Encourage daily reminders,7,2,3,3,1,3,3,3,3,2,2,2,2,2,2,2,2,2,NA,2,2,2,2,2,2,0,0,50,50,3,Long term care,Lvn,2,,95,3,Bsn,1,5,,30,2,,2,,,6,3,4,3,2,Treatment,663a5989-a5d7-7e5b-ee5f-8e96fd47da68,2,1,2,2,1,5,7,3,1.5,38,2,4,4,2,4,3,2,2,3,4,3,2,"Not following prescription 
Pain still not managed
Increased pain medication "
2024-05-07 10:42:56,2024-05-07 11:00:57,0,100,1080,1,2024-05-07 11:00:58,R_3QEiPiPtH6sobqu,,,,,38.548,-121.4597,anonymous,EN,1,3,,"2,5,6",The description felts most valuable for patient care,They have their own ways of thinking,They are unsure what to aak,Patient will be more willing to share their concerns ,More information provided to aid in recovery ,More motivated to achieve similar goals,I read about patient care,Working in the healthcare field is both exciting and challenging. It is important to gain patient trust and to provide best care. Everyday is a learning experience and it is essential to write everything down. ,,,,,,,,,,Woke up,Got ready,Started shift by receiving report,,,Lunch,,Check patients before endorsing ,,,,,,,,,,,,,,,,,3,3,5,Encourage daily reminders,7,2,3,3,1,3,3,3,3,2,2,2,2,2,2,2,2,2,NA,2,2,2,2,2,2,0,0,50,50,3,Long term care,Lvn,2,,95,3,Bsn,1,5,,30,2,,2,,,6,3,4,3,2,Treatment,663a5989-a5d7-7e5b-ee5f-8e96fd47da68,2,1,2,2,2,5,6,4,2,55,2,4,3,3,4,4,2,4,3,4,3,1,"Encourage daily reminder 
Follow prescription plan"
2024-05-07 11:26:53,2024-05-07 11:45:52,0,100,1138,1,2024-05-07 11:45:52,R_2fHPt3pzhtAoQvb,,,,,39.3028,-77.8528,anonymous,EN,1,3,,,,,,,,,,,"2,7,8",Iuse tablet to stay connected to work emails,"communication on cell phone....speaking to clients, doctors, families",all court hearings for guardianship are  on zoom,much easier to use these types,watching videos or movies,I only read books on my cell phone at ths point,how technology can be a benefit,Technology can be used for so many things today.   Simplies your life on many levels if you utilize it,patient care,patient care,patient care,patient care,patient care,patient care,patient care,patient care,charting,na,na,,na,,,,,,,,,,,,4,5,4,education on importance of follow up,5,4,2,1,1,4,4,4,4,3,2,NA,1,2,2,2,3,2,2,2,2,2,2,2,2,0,0,75,25,42,geriatrics,guardian,6,,10,3,asociates,1,36,,67,2,,1,,,7,6,5,3,2,Control,663a639b-4275-bb86-eed6-93066846da65,1,1,1,1,1,7,8,2,1,58,4,4,4,2,3,4,2,3,2,4,3,3,"needs encouragment to follow up
suggest taking tyelnol
encourage following directions"
2024-05-07 11:26:53,2024-05-07 11:45:52,0,100,1138,1,2024-05-07 11:45:52,R_2fHPt3pzhtAoQvb,,,,,39.3028,-77.8528,anonymous,EN,1,3,,,,,,,,,,,"2,7,8",Iuse tablet to stay connected to work emails,"communication on cell phone....speaking to clients, doctors, families",all court hearings for guardianship are  on zoom,much easier to use these types,watching videos or movies,I only read books on my cell phone at ths point,how technology can be a benefit,Technology can be used for so many things today.   Simplies your life on many levels if you utilize it,patient care,patient care,patient care,patient care,patient care,patient care,patient care,patient care,charting,na,na,,na,,,,,,,,,,,,4,5,4,education on importance of follow up,5,4,2,1,1,4,4,4,4,3,2,NA,1,2,2,2,3,2,2,2,2,2,2,2,2,0,0,75,25,42,geriatrics,guardian,6,,10,3,asociates,1,36,,67,2,,1,,,7,6,5,3,2,Control,663a639b-4275-bb86-eed6-93066846da65,1,1,1,1,2,7,8,2,1,55,4,4,3,3,4,4,3,3,1,4,3,2,"educate importance of followup
educate om pain management
tyleno"
2024-05-07 11:43:48,2024-05-07 12:04:20,0,100,1231,1,2024-05-07 12:04:20,R_7JEMN8xW03RDfFb,,,,,38.5774,-90.6709,anonymous,EN,1,4,,,,,,,,,,,"2,5",iPhone ,I watch TikTok’s ,Good ,It’s good and great and cool ,Good great ,Good ,Social media ,Hi thank you for this survey it’s a good one and great I love this app thank you so much ,Don’t work this hour ,Don’t work ,Don’t work ,Don’t work ,Today is bingo day at work so I take my client and his mom to bingo every Tuesday and Wednesday ,Still at bingo ,Still at bingo ,Still at bingo ,Out to eat for lunch after bingo ,Still at restaurant,Clock out and go home for the day easy day ,Don’t work ,Don’t work ,Don’t work ,Don’t work ,Don’t work ,Don’t work ,Don’t work ,No ,No ,No ,No ,No ,No ,6,5,6,Surgery ,1,5,1,1,1,5,5,5,5,5,5,5,5,5,5,1,1,1,1,1,1,1,1,1,1,0,0,30,70,3,Personal assistant ,Personal assistant ,3,,86,2,12,1,14,,21,2,,1,,,7,3,2,2,2,Control,663a679f-3ae2-8c85-3d0a-25ac625c1930,1,1,3,3,1,7,8,2,1,75,4,5,5,2,5,1,1,1,1,5,5,3,"Dave’s pain has not improved he did not try the last prescription I prescribed, Dave seems alert and very understanding his blood pressure is elevated he is obese , warm skin alert and oriented I put Dave on a stronger medication and if it does not work I will see him back in the clinic for a follow up to discuss this farther . "
2024-05-07 11:43:48,2024-05-07 12:04:20,0,100,1231,1,2024-05-07 12:04:20,R_7JEMN8xW03RDfFb,,,,,38.5774,-90.6709,anonymous,EN,1,4,,,,,,,,,,,"2,5",iPhone ,I watch TikTok’s ,Good ,It’s good and great and cool ,Good great ,Good ,Social media ,Hi thank you for this survey it’s a good one and great I love this app thank you so much ,Don’t work this hour ,Don’t work ,Don’t work ,Don’t work ,Today is bingo day at work so I take my client and his mom to bingo every Tuesday and Wednesday ,Still at bingo ,Still at bingo ,Still at bingo ,Out to eat for lunch after bingo ,Still at restaurant,Clock out and go home for the day easy day ,Don’t work ,Don’t work ,Don’t work ,Don’t work ,Don’t work ,Don’t work ,Don’t work ,No ,No ,No ,No ,No ,No ,6,5,6,Surgery ,1,5,1,1,1,5,5,5,5,5,5,5,5,5,5,1,1,1,1,1,1,1,1,1,1,0,0,30,70,3,Personal assistant ,Personal assistant ,3,,86,2,12,1,14,,21,2,,1,,,7,3,2,2,2,Control,663a679f-3ae2-8c85-3d0a-25ac625c1930,1,1,3,3,2,3,4,6,3,81,5,5,5,5,5,5,5,5,5,5,1,3,Dave is being absolutely ridiculous 
2024-05-07 12:43:16,2024-05-07 13:04:42,0,100,1286,1,2024-05-07 13:04:43,R_3xPePdfDiU1m07t,,,,,42.7606,-84.5563,anonymous,EN,1,5,,"2,3,4",It’s important to know where your patients are from. Get to know how their life is and what you can do to lighten their load. ,"It’s important to know them, see where they come from. These aspects directly impact their health and can be vital pieces of information. ",They fear being misunderstood or judged for what they do. ,Knowing people’s issues and how they solve them can directly or indirectly help you out in the long run when you have similar issues. ,Having them feel relief of solving issues can positively impact their health. ,Knowing someone isn’t alone in an issues can help relief stress for that person. ,"I read some Korean, smut manga today. ","Prioritizing patients health and perspective is essential in the healthcare business. Knowing your patients stresses and concerns so you can help them is very reassuring for them. Also, helping them solve this issues can positively effect their health. ",,,,,,,,,,Get into work. ,Organize patient files. ,Organize patient files. ,Patient concern center. ,Patient concern center. ,Patient concern center. ,Nurse hour (helping patients),Nurse hour (helping patients),Nurse hour (helping patients),Nurse hour (helping patients),Organize remaining files. ,Go home. ,Home,Home,Home,Home,Home,Home ,Sleep. ,Sleep,Sleep,Sleep,Sleep,Wake up. ,3,4,4,Surgery probably. He is too lazy to take medicine. ,3,4,3,2,1,4,1,2,1,2,3,1,2,3,2,4,4,4,5,1,1,1,1,1,1,1,1,75,25,6,Nursing. ,Nurse practitioner. ,6,,80,3,Bachelor degree. ,1,23,,29,2,,1,,,8,7,7,3,3,Treatment,663a75cf-8a84-9a2c-a018-a4919bd8b6ae,2,2,2,2,1,5,6,4,2,55,4,5,5,2,4,5,3,5,2,4,2,5,"Dave does not take recommended doses. 

Consistent pain that does not go away. 
Take tier 2 medicine."
2024-05-07 12:43:16,2024-05-07 13:04:42,0,100,1286,1,2024-05-07 13:04:43,R_3xPePdfDiU1m07t,,,,,42.7606,-84.5563,anonymous,EN,1,5,,"2,3,4",It’s important to know where your patients are from. Get to know how their life is and what you can do to lighten their load. ,"It’s important to know them, see where they come from. These aspects directly impact their health and can be vital pieces of information. ",They fear being misunderstood or judged for what they do. ,Knowing people’s issues and how they solve them can directly or indirectly help you out in the long run when you have similar issues. ,Having them feel relief of solving issues can positively impact their health. ,Knowing someone isn’t alone in an issues can help relief stress for that person. ,"I read some Korean, smut manga today. ","Prioritizing patients health and perspective is essential in the healthcare business. Knowing your patients stresses and concerns so you can help them is very reassuring for them. Also, helping them solve this issues can positively effect their health. ",,,,,,,,,,Get into work. ,Organize patient files. ,Organize patient files. ,Patient concern center. ,Patient concern center. ,Patient concern center. ,Nurse hour (helping patients),Nurse hour (helping patients),Nurse hour (helping patients),Nurse hour (helping patients),Organize remaining files. ,Go home. ,Home,Home,Home,Home,Home,Home ,Sleep. ,Sleep,Sleep,Sleep,Sleep,Wake up. ,3,4,4,Surgery probably. He is too lazy to take medicine. ,3,4,3,2,1,4,1,2,1,2,3,1,2,3,2,4,4,4,5,1,1,1,1,1,1,1,1,75,25,6,Nursing. ,Nurse practitioner. ,6,,80,3,Bachelor degree. ,1,23,,29,2,,1,,,8,7,7,3,3,Treatment,663a75cf-8a84-9a2c-a018-a4919bd8b6ae,2,2,2,2,2,5,6,4,2,74,5,5,5,2,3,5,4,5,1,3,1,1,"Refuses to take medicine. 
Surgery seems to be the next step. 
He won’t take any future medicine

"
2024-05-07 13:12:06,2024-05-07 13:25:22,0,100,796,1,2024-05-07 13:25:23,R_7ot2P2Qc3WMI3Hd,,,,,37.6451,-84.7703,anonymous,EN,1,3,,,,,,,,,,,"1,2,3,4,5,6,7,8","Hey, how are you doing?","Hey, how are you doing?","Hey, how are you doing?","Hey, how are you doing?","Hey, how are you doing?","Hey, how are you doing?","Hey, how are you doing?","Hey, how are you doing?","Hey, how are you doing?",,,,,,,,,,,,,,,,,,,,,,,,6,5,0,"Hey, how are you doing?",10,1,1,3,1,5,4,5,4,5,4,5,4,5,4,5,4,3,2,2,3,4,5,4,3,1,1,50,50,11,"Hey, how are you doing?",nurse,11,,100,3,10,1,18,,33,2,,1,,,10,7,1,3,3,Control,663a7c52-7b89-edce-2f89-fd257d3ab4dc,4,3,3,1,1,2,4,7,3.5,94,5,4,5,4,5,4,5,4,5,4,,1,"Hey, how are you doing?"
2024-05-07 13:12:06,2024-05-07 13:25:22,0,100,796,1,2024-05-07 13:25:23,R_7ot2P2Qc3WMI3Hd,,,,,37.6451,-84.7703,anonymous,EN,1,3,,,,,,,,,,,"1,2,3,4,5,6,7,8","Hey, how are you doing?","Hey, how are you doing?","Hey, how are you doing?","Hey, how are you doing?","Hey, how are you doing?","Hey, how are you doing?","Hey, how are you doing?","Hey, how are you doing?","Hey, how are you doing?",,,,,,,,,,,,,,,,,,,,,,,,6,5,0,"Hey, how are you doing?",10,1,1,3,1,5,4,5,4,5,4,5,4,5,4,5,4,3,2,2,3,4,5,4,3,1,1,50,50,11,"Hey, how are you doing?",nurse,11,,100,3,10,1,18,,33,2,,1,,,10,7,1,3,3,Control,663a7c52-7b89-edce-2f89-fd257d3ab4dc,4,3,3,1,2,4,7,4,2,98,5,4,5,4,5,4,5,4,5,4,5,1,"Hey, how are you doing?"
2024-05-07 13:31:24,2024-05-07 13:52:44,0,100,1280,1,2024-05-07 13:52:45,R_1alSveowQEdHTYG,,,,,36.122,-115.086,anonymous,EN,1,3,,,,,,,,,,,1,I use it to continue my education on it. ,I use it as a source to help with my education. It helps me find valuable information and keeps me organized. ,During COVID technology was an output to the world. Being able to communicate with people via internet it made me feel less alone and made feel more heard and seen.,I use this technology to keep me connected to people who are too far for me to be able to see on a day to day basis. ,I use it to stream shows. As well as to play video games. ,I use it to scroll through social media apps.,I read about the use of technology and how it has advanced day to day. ,The use of technology has introduced me to so many different things. It has kept me connected with my family and friends. It has been a source of entertainment to me. It has also kept me very informed in different and important things. ,Arrive at work,Do routine check up,Assist new patients,Check Up,Check Up,Check Up,Check Up,Check Up,Check Up,Check Up,Check Up,,,,,,,,,,,,,,4,5,4,I would continue with the same processes,4,2,4,2,1,4,2,4,2,4,5,4,4,5,5,1,3,2,3,1,1,1,1,1,1,1,1,50,50,6,Nurse,Nurse,5,,55,4,Bachelors,1,29,,27,2,,4,,,5,2,5,1,1,Control,663a80f6-18f9-05de-0a4f-02d61153dfd3,2,1,1,1,1,6,7,3,1.5,43,4,4,4,1,5,3,1,1,2,4,3,2,"Hasn't taken meds consistently.
Gave over the counter pain meds
As well as weak opiod. "
2024-05-07 13:31:24,2024-05-07 13:52:44,0,100,1280,1,2024-05-07 13:52:45,R_1alSveowQEdHTYG,,,,,36.122,-115.086,anonymous,EN,1,3,,,,,,,,,,,1,I use it to continue my education on it. ,I use it as a source to help with my education. It helps me find valuable information and keeps me organized. ,During COVID technology was an output to the world. Being able to communicate with people via internet it made me feel less alone and made feel more heard and seen.,I use this technology to keep me connected to people who are too far for me to be able to see on a day to day basis. ,I use it to stream shows. As well as to play video games. ,I use it to scroll through social media apps.,I read about the use of technology and how it has advanced day to day. ,The use of technology has introduced me to so many different things. It has kept me connected with my family and friends. It has been a source of entertainment to me. It has also kept me very informed in different and important things. ,Arrive at work,Do routine check up,Assist new patients,Check Up,Check Up,Check Up,Check Up,Check Up,Check Up,Check Up,Check Up,,,,,,,,,,,,,,4,5,4,I would continue with the same processes,4,2,4,2,1,4,2,4,2,4,5,4,4,5,5,1,3,2,3,1,1,1,1,1,1,1,1,50,50,6,Nurse,Nurse,5,,55,4,Bachelors,1,29,,27,2,,4,,,5,2,5,1,1,Control,663a80f6-18f9-05de-0a4f-02d61153dfd3,2,1,1,1,2,7,8,2,1,55,4,4,4,2,4,2,2,3,1,4,4,1,"Isn't taking meds
slips mind
forgets"
2024-05-07 15:00:09,2024-05-07 15:13:24,0,100,795,1,2024-05-07 15:13:25,R_7pgr3rgzGMIHznJ,,,,,35.822,-80.2615,anonymous,EN,1,4,,"7,3,5",I would say because it's important to be empathetic and have a beginner's mind.,I think because we need to understand to best treat.,Because they really are scared of the inevitable.,I think mostly by contributing to my perception and my empathy.,I think it helps me really treat them to the best of my ability.,Because it helps them know I'm dedicated and all for them.,It was about the manners by which those in the healthcare industry can best serve their patients.,"I want you to know to have empathy, to be open, learn with your patients, and remember people are dynamic.... get to know them.",,,,,,,,,,Working,Working,Working,Working hard,Working,Working,"Temp break, then working",Working,Working,Working,Working,Off,,,,,,,,,,,,,2,4,4,I would not.,2,4,2,2,1,3,4,3,4,4,3,3,3,3,4,2,2,2,2,2,2,2,2,2,2,0,0,70,30,6,Physical Therapy,Physicians Assistant,5,,46,4,MD,1,34,,26,1,,3,,,6,2,4,3,2,Treatment,663a95b1-b67a-284e-e5cf-fe30ab60e418,1,1,1,1,1,7,8,2,1,55,3,4,3,2,4,3,2,2,2,4,3,3,I would be like yes. That is so good. I mean truly for real.
2024-05-07 15:00:09,2024-05-07 15:13:24,0,100,795,1,2024-05-07 15:13:25,R_7pgr3rgzGMIHznJ,,,,,35.822,-80.2615,anonymous,EN,1,4,,"7,3,5",I would say because it's important to be empathetic and have a beginner's mind.,I think because we need to understand to best treat.,Because they really are scared of the inevitable.,I think mostly by contributing to my perception and my empathy.,I think it helps me really treat them to the best of my ability.,Because it helps them know I'm dedicated and all for them.,It was about the manners by which those in the healthcare industry can best serve their patients.,"I want you to know to have empathy, to be open, learn with your patients, and remember people are dynamic.... get to know them.",,,,,,,,,,Working,Working,Working,Working hard,Working,Working,"Temp break, then working",Working,Working,Working,Working,Off,,,,,,,,,,,,,2,4,4,I would not.,2,4,2,2,1,3,4,3,4,4,3,3,3,3,4,2,2,2,2,2,2,2,2,2,2,0,0,70,30,6,Physical Therapy,Physicians Assistant,5,,46,4,MD,1,34,,26,1,,3,,,6,2,4,3,2,Treatment,663a95b1-b67a-284e-e5cf-fe30ab60e418,1,1,1,1,2,7,8,2,1,36,4,4,4,3,3,3,4,4,3,3,2,2,He is lazy and a pig. I don't like pigs. I am done.
2024-05-07 16:02:39,2024-05-07 16:30:06,0,100,1647,1,2024-05-07 16:30:07,R_21c6SsakppYHa9U,,,,,39.8238,-86.1407,anonymous,EN,1,3,,"9,4,5",You have to be committed to doing the best for each and every resident. If you aren’t caring you are not a good candidate for being a nursr,It is critical because you have to be open and feel what they feel. You have to have empathy ,They feel like they are a bother. They don’t want to be needy and seem a nuisance ,You can chose things that don’t go against what they believe. It gives them a sense of belonging if and needed,It lessons the worries and stress level for said person,They feel more confident that I understand their beliefs and background and want what is best for them,Understanding the patients backgrounds and beliefs are important to communicating and effective healthcare,"Though this career is tough and can be overwhelming at times, we are a needed profession and our actions help with the outcome of a person healing and being the best that they can be. Don’t give up keep moving forward",,,,,,,,,,Helped feed residents,Did bed checks,Passed out meds,Did mars and insulin reports,Did would care and changed dressings,Continued would care and dressings,Took lunch,Did an incident report,Clocked out,Na,Na,Na,Na,Na,Na,Na,Na,Na,Na,Na,Na,Na,Na,Na,1,1,9,Tell him that he may need to find a different dr,4,2,3,3,1,4,2,4,4,4,5,4,3,5,5,2,3,1,2,1,1,1,1,1,1,0,0,30,70,13,Rn,Rn,5,,97,4,Rn,1,18,,47,2,,1,,,5,4,3,1,2,Treatment,663aa40c-8aeb-21f4-fbb1-1dc587706542,1,1,1,1,1,7,8,2,1,55,4,4,5,3,5,4,1,4,5,5,5,5,Dave didn’t take treatment purposed last time. Need Dave to try to help his situation to start healing
2024-05-07 16:02:39,2024-05-07 16:30:06,0,100,1647,1,2024-05-07 16:30:07,R_21c6SsakppYHa9U,,,,,39.8238,-86.1407,anonymous,EN,1,3,,"9,4,5",You have to be committed to doing the best for each and every resident. If you aren’t caring you are not a good candidate for being a nursr,It is critical because you have to be open and feel what they feel. You have to have empathy ,They feel like they are a bother. They don’t want to be needy and seem a nuisance ,You can chose things that don’t go against what they believe. It gives them a sense of belonging if and needed,It lessons the worries and stress level for said person,They feel more confident that I understand their beliefs and background and want what is best for them,Understanding the patients backgrounds and beliefs are important to communicating and effective healthcare,"Though this career is tough and can be overwhelming at times, we are a needed profession and our actions help with the outcome of a person healing and being the best that they can be. Don’t give up keep moving forward",,,,,,,,,,Helped feed residents,Did bed checks,Passed out meds,Did mars and insulin reports,Did would care and changed dressings,Continued would care and dressings,Took lunch,Did an incident report,Clocked out,Na,Na,Na,Na,Na,Na,Na,Na,Na,Na,Na,Na,Na,Na,Na,1,1,9,Tell him that he may need to find a different dr,4,2,3,3,1,4,2,4,4,4,5,4,3,5,5,2,3,1,2,1,1,1,1,1,1,0,0,30,70,13,Rn,Rn,5,,97,4,Rn,1,18,,47,2,,1,,,5,4,3,1,2,Treatment,663aa40c-8aeb-21f4-fbb1-1dc587706542,1,1,1,1,2,7,8,2,1,79,5,5,5,3,4,5,4,4,1,5,4,5,"Not following plan
Needs to be accountable for treatment"
2024-05-07 15:19:16,2024-05-07 17:07:14,0,100,6478,1,2024-05-07 17:07:15,R_3lWN8I9vFmLkXGp,,,,,37.3422,-77.985,anonymous,EN,1,3,,,,,,,,,,,"1,2,7","Use to complete daily progress notes following patient’s visits, use for social media, check email for work and personal information ","Check email, interact with social media, communication, watching tv, listening to music ",Able to use iPhone to text others even when phone service was cut off,Live far out in the country and was able to contact doctors office for appointments as well as family members to let them know I was okay. ,"Use online Wifi services to connect online and watch movies, YouTube videos, stream music to listen and watch videos, and watch podcasts. ","Use my Kindle to read books online, research medical journals and books for personal medical needs ",War in Ukraine and hostages taken ,Technology helps to keep people connected all around the world. Allows you to stay up to date with what is going on around you locally as well as across the globe. Able to connect with loved on s as well as form relationships with people you can eventually connect and become close to. ,na,Schedule received for patients that day, Call patients to schedule home visits,Begin seeing patients ,Home visit,Home visit,Home visit,Home visits ,Complete daily progress notes for patients seen,notes compiled ,Drop off any labs taken,na,na,na,na,na,na,na,na,na,na,na,na,na,2,4,4,Tell him directly he needs to follow other treatment protocols before receiving pain relief medication ,5,4,3,2,1,5,4,4,4,5,5,5,5,5,5,2,3,2,3,1,1,1,1,1,1,1,1,40,60,19,Home healthcare ,RN,19,,81,3,Bachelor degree ,1,48,,52,2,,1,,,7,5,4,2,3,Control,663a996c-ff60-a48b-f953-059e18e0ba7a,2,1,2,1,1,6,7,3,1.5,70,4,5,3,3,5,2,1,1,4,5,5,2,Patient continues to complain about right ankle pain following pain regimen prescribed for mild pain relief measures. Patient reports unable to follow up with other appointments related to monitoring ankle pain due to “no time to do so.” Added Lidocaine as another measure of pain relief. 
2024-05-07 15:19:16,2024-05-07 17:07:14,0,100,6478,1,2024-05-07 17:07:15,R_3lWN8I9vFmLkXGp,,,,,37.3422,-77.985,anonymous,EN,1,3,,,,,,,,,,,"1,2,7","Use to complete daily progress notes following patient’s visits, use for social media, check email for work and personal information ","Check email, interact with social media, communication, watching tv, listening to music ",Able to use iPhone to text others even when phone service was cut off,Live far out in the country and was able to contact doctors office for appointments as well as family members to let them know I was okay. ,"Use online Wifi services to connect online and watch movies, YouTube videos, stream music to listen and watch videos, and watch podcasts. ","Use my Kindle to read books online, research medical journals and books for personal medical needs ",War in Ukraine and hostages taken ,Technology helps to keep people connected all around the world. Allows you to stay up to date with what is going on around you locally as well as across the globe. Able to connect with loved on s as well as form relationships with people you can eventually connect and become close to. ,na,Schedule received for patients that day, Call patients to schedule home visits,Begin seeing patients ,Home visit,Home visit,Home visit,Home visits ,Complete daily progress notes for patients seen,notes compiled ,Drop off any labs taken,na,na,na,na,na,na,na,na,na,na,na,na,na,2,4,4,Tell him directly he needs to follow other treatment protocols before receiving pain relief medication ,5,4,3,2,1,5,4,4,4,5,5,5,5,5,5,2,3,2,3,1,1,1,1,1,1,1,1,40,60,19,Home healthcare ,RN,19,,81,3,Bachelor degree ,1,48,,52,2,,1,,,7,5,4,2,3,Control,663a996c-ff60-a48b-f953-059e18e0ba7a,2,1,2,1,2,5,8,3,1.5,53,5,5,5,4,5,2,1,3,3,5,3,2,"Patient continues to complain of no pain relief, yet has not followed up once again with other treatment options. Discussed importance of patient following up with other treatment options again since he reported, “slipped in mind.”. "
2024-05-07 16:59:57,2024-05-07 17:12:25,0,100,747,1,2024-05-07 17:12:26,R_3Io5Hc8j719PDES,,,,,42.9709,-77.5821,anonymous,EN,1,3,,,,,,,,,,,"7,8",I use email to keep the n touch with family. ,I use it to communicate with friends and family no use it to pay bills. ,I am able to use fb messenger to communicate in real time. ,Technology helps because it allows me to reach out to people who are far away. ,I use streaming services to watch movies. ,Maybe doing face time more. ,I read about hypothyroidism ,I’m not sure how I like the ifea,Busy,Busy,,,,,,,,,,,,,,,,,,,,,,,4,4,4,Psych consult ,4,3,4,3,1,5,4,5,5,4,5,4,3,5,5,2,4,2,4,2,3,2,2,2,2,0,0,50,50,16,Cardiac ,Registered Nurse ,16,,81,3,BSN,1,33,,47,2,,1,,,7,1,6,3,3,Control,663ab20e-1c25-d21b-0956-e7b8c1730445,1,1,1,1,1,7,8,2,1,63,4,5,4,2,5,2,2,1,2,5,3,2,Not doing prescribed treatments. Did attend follow up. Reach out to patient in 6 weeks.
2024-05-07 16:59:57,2024-05-07 17:12:25,0,100,747,1,2024-05-07 17:12:26,R_3Io5Hc8j719PDES,,,,,42.9709,-77.5821,anonymous,EN,1,3,,,,,,,,,,,"7,8",I use email to keep the n touch with family. ,I use it to communicate with friends and family no use it to pay bills. ,I am able to use fb messenger to communicate in real time. ,Technology helps because it allows me to reach out to people who are far away. ,I use streaming services to watch movies. ,Maybe doing face time more. ,I read about hypothyroidism ,I’m not sure how I like the ifea,Busy,Busy,,,,,,,,,,,,,,,,,,,,,,,4,4,4,Psych consult ,4,3,4,3,1,5,4,5,5,4,5,4,3,5,5,2,4,2,4,2,3,2,2,2,2,0,0,50,50,16,Cardiac ,Registered Nurse ,16,,81,3,BSN,1,33,,47,2,,1,,,7,1,6,3,3,Control,663ab20e-1c25-d21b-0956-e7b8c1730445,1,1,1,1,2,7,8,2,1,67,5,4,5,2,5,4,4,3,2,5,4,2,"Failure to sue recommended therapies

Possible psych consult. 

Follow up in 4 weeks"
2024-05-07 16:39:44,2024-05-07 17:17:04,0,100,2240,1,2024-05-07 17:17:05,R_714KdT5jhtodloB,,,,,39.4851,-75.6794,anonymous,EN,1,1,,"9,3,6","Knowledge, and the gaining the patients trust is extremely important to me because if a patient isn’t comfortable with their doctor the process just won’t work. The patient has to trust the doctor to take care of their body, even when it comes to when their unconscious. A doctor and patient relationship is very important.","Understanding patients' perspectives and reasons for their actions is critical because it helps healthcare providers, like me, provide more personalized and effective care. It allows us to empathize with patients, tailor treatment plans to their needs, and improve patient satisfaction.","There can be various reasons why patients may feel anxious or hesitate to ask questions. Some common reasons include fear of judgment, feeling intimidated by medical professionals, concern about taking up too much time, or simply not knowing what questions to ask. It's important to create a safe and supportive environment for patients to encourage open communication.","Understanding a patient's perspective can have a positive influence on me and my recommendations by allowing me to provide more personalized and patient-centered care. It helps me tailor my recommendations to their specific needs, preferences, and goals. By considering their perspective, I can make more informed decisions and offer guidance that aligns with their values, ultimately leading to better outcomes and patient satisfaction.","Understanding a patient's perspective can have a positive influence on the patient and their recovery in several ways. Firstly, it helps build trust and rapport between the patient and healthcare provider, creating a supportive and collaborative relationship. This, in turn, can enhance the patient's engagement in their own care and adherence to treatment plans. Additionally, understanding their perspective allows healthcare providers to address their specific concerns and fears, reducing anxiety and promoting emotional well-being. By considering the patient's perspective, healthcare providers can also tailor treatment approaches, making them more effective and increasing the likelihood of successful recovery.","In my experience, it has been incredibly beneficial to help patients see that our goals are aligned with their goals. When patients understand that we are working together towards a common objective, it fosters a sense of trust and collaboration. It allows us to establish a shared understanding of what they hope to achieve in their healthcare journey. By aligning our goals, we can develop personalized treatment plans that meet their needs and aspirations. This approach not only improves patient satisfaction but also enhances their motivation and engagement in their own care, leading to better outcomes.",Today I read about trust/relationships between patients and doctors.,"Hey there,

Congratulations on starting your journey as a healthcare provider! It's definitely a challenging but incredibly rewarding path. I'd be happy to share some insights based on my experiences.

One important aspect of providing healthcare is understanding and prioritizing patients' perspectives. When patients feel heard and valued, it can have a profound impact on their self-efficacy and belief in their ability to improve their health. For example, I remember a patient who was hesitant to follow a treatment plan due to concerns about side effects. By taking the time to listen and address their fears, we were able to find a solution that worked for them and fostered their confidence in managing their health.

Adopting a patient-centered approach is key in building trust. Making small changes in your practice, such as actively involving patients in their healthcare visits, can make a big difference. I've seen how taking the time to explain medical information in a way that patients can understand and involving them in decision-making can greatly enhance their trust in medical care. This, in turn, leads to better engagement and improved health outcomes.

Being sensitive to the circumstances that may impact a patient's journey towards better health is crucial. Understanding the challenges they may face, such as financial constraints or limited access to resources, allows us to work together to find practical solutions. By acknowledging and addressing these barriers, we empower patients to take an active role in their healthcare, increasing compliance and promoting long-term well-being.

Remember, each patient is unique, and it's important to approach their care with empathy and respect. By prioritizing their perspectives, aligning goals, and creating a supportive environment, you can make a positive impact on their health and overall experience.

Wishing you all the best in your new role!

Take care,
Maria H",,,,,,,,,,Started the day by reviewing patient charts and checking for any urgent cases or updates.,"Attended the morning staff meeting where we discussed any important updates, patient concerns, and upcoming procedures.","Began seeing patients in the clinic. Conducted routine check-ups, addressed any ongoing health issues, and discussed treatment plans.","Continued seeing patients, including follow-up appointments and consultations.",Took a short break to grab a quick snack and recharge.,"Conducted a telemedicine appointment with a patient who couldn't make it to the clinic. Discussed their symptoms, provided medical advice, and prescribed medication if needed.",Had lunch with colleagues and took a moment to relax and recharge.,"Assisted in a minor surgical procedure, ensuring patient comfort and safety throughout the process.","Continued seeing patients, addressing their concerns, and providing necessary treatments or referrals.",Collaborated with other healthcare professionals to discuss complex cases and develop comprehensive treatment plans.,"Conducted health education sessions for patients, providing information on preventive care, lifestyle modifications, and disease management.","Finished up with the last few patients of the day, documenting their visits and ensuring all necessary follow-ups were scheduled.","Completed administrative tasks, such as reviewing lab results, responding to patient messages, and updating medical records.",Attended a departmental meeting to discuss quality improvement initiatives and share feedback on patient care.,"Handed over patient information to the night shift team, ensuring a smooth transition of care.","Wrapped up my shift, said goodbye to colleagues, and headed home to rest and recharge for the next day.",,,,,,,,,3,4,6,"Based on Dave's feedback about the lack of improvement in his ankle pain, I would recommend reassessing his condition to determine the underlying cause of the pain. It may be necessary to explore alternative treatment options or consider a referral to a specialist who can provide further expertise in managing ankle pain. It's important to prioritize Dave's comfort and work towards finding a solution that addresses his pain effectively. ",4,3,2,2,1,4,2,3,3,5,5,5,5,5,5,2,3,2,3,1,1,1,1,1,1,0,0,50,50,6,Orthopedics,Doctor ,3,,70,4,Doctorate ,1,5,,27,2,,1,,,6,4,7,4,4,Treatment,663aac03-6c74-9f4d-64b4-727d93b40147,2,1,2,2,1,6,7,3,1.5,58,1,1,4,3,5,2,1,1,3,5,3,3,Follow-up visit: Patient reports no improvement in ankle pain following the prescribed treatment. Recommend reassessment of the condition and consideration of alternative treatments or referrals to a specialist if necessary.
2024-05-07 16:39:44,2024-05-07 17:17:04,0,100,2240,1,2024-05-07 17:17:05,R_714KdT5jhtodloB,,,,,39.4851,-75.6794,anonymous,EN,1,1,,"9,3,6","Knowledge, and the gaining the patients trust is extremely important to me because if a patient isn’t comfortable with their doctor the process just won’t work. The patient has to trust the doctor to take care of their body, even when it comes to when their unconscious. A doctor and patient relationship is very important.","Understanding patients' perspectives and reasons for their actions is critical because it helps healthcare providers, like me, provide more personalized and effective care. It allows us to empathize with patients, tailor treatment plans to their needs, and improve patient satisfaction.","There can be various reasons why patients may feel anxious or hesitate to ask questions. Some common reasons include fear of judgment, feeling intimidated by medical professionals, concern about taking up too much time, or simply not knowing what questions to ask. It's important to create a safe and supportive environment for patients to encourage open communication.","Understanding a patient's perspective can have a positive influence on me and my recommendations by allowing me to provide more personalized and patient-centered care. It helps me tailor my recommendations to their specific needs, preferences, and goals. By considering their perspective, I can make more informed decisions and offer guidance that aligns with their values, ultimately leading to better outcomes and patient satisfaction.","Understanding a patient's perspective can have a positive influence on the patient and their recovery in several ways. Firstly, it helps build trust and rapport between the patient and healthcare provider, creating a supportive and collaborative relationship. This, in turn, can enhance the patient's engagement in their own care and adherence to treatment plans. Additionally, understanding their perspective allows healthcare providers to address their specific concerns and fears, reducing anxiety and promoting emotional well-being. By considering the patient's perspective, healthcare providers can also tailor treatment approaches, making them more effective and increasing the likelihood of successful recovery.","In my experience, it has been incredibly beneficial to help patients see that our goals are aligned with their goals. When patients understand that we are working together towards a common objective, it fosters a sense of trust and collaboration. It allows us to establish a shared understanding of what they hope to achieve in their healthcare journey. By aligning our goals, we can develop personalized treatment plans that meet their needs and aspirations. This approach not only improves patient satisfaction but also enhances their motivation and engagement in their own care, leading to better outcomes.",Today I read about trust/relationships between patients and doctors.,"Hey there,

Congratulations on starting your journey as a healthcare provider! It's definitely a challenging but incredibly rewarding path. I'd be happy to share some insights based on my experiences.

One important aspect of providing healthcare is understanding and prioritizing patients' perspectives. When patients feel heard and valued, it can have a profound impact on their self-efficacy and belief in their ability to improve their health. For example, I remember a patient who was hesitant to follow a treatment plan due to concerns about side effects. By taking the time to listen and address their fears, we were able to find a solution that worked for them and fostered their confidence in managing their health.

Adopting a patient-centered approach is key in building trust. Making small changes in your practice, such as actively involving patients in their healthcare visits, can make a big difference. I've seen how taking the time to explain medical information in a way that patients can understand and involving them in decision-making can greatly enhance their trust in medical care. This, in turn, leads to better engagement and improved health outcomes.

Being sensitive to the circumstances that may impact a patient's journey towards better health is crucial. Understanding the challenges they may face, such as financial constraints or limited access to resources, allows us to work together to find practical solutions. By acknowledging and addressing these barriers, we empower patients to take an active role in their healthcare, increasing compliance and promoting long-term well-being.

Remember, each patient is unique, and it's important to approach their care with empathy and respect. By prioritizing their perspectives, aligning goals, and creating a supportive environment, you can make a positive impact on their health and overall experience.

Wishing you all the best in your new role!

Take care,
Maria H",,,,,,,,,,Started the day by reviewing patient charts and checking for any urgent cases or updates.,"Attended the morning staff meeting where we discussed any important updates, patient concerns, and upcoming procedures.","Began seeing patients in the clinic. Conducted routine check-ups, addressed any ongoing health issues, and discussed treatment plans.","Continued seeing patients, including follow-up appointments and consultations.",Took a short break to grab a quick snack and recharge.,"Conducted a telemedicine appointment with a patient who couldn't make it to the clinic. Discussed their symptoms, provided medical advice, and prescribed medication if needed.",Had lunch with colleagues and took a moment to relax and recharge.,"Assisted in a minor surgical procedure, ensuring patient comfort and safety throughout the process.","Continued seeing patients, addressing their concerns, and providing necessary treatments or referrals.",Collaborated with other healthcare professionals to discuss complex cases and develop comprehensive treatment plans.,"Conducted health education sessions for patients, providing information on preventive care, lifestyle modifications, and disease management.","Finished up with the last few patients of the day, documenting their visits and ensuring all necessary follow-ups were scheduled.","Completed administrative tasks, such as reviewing lab results, responding to patient messages, and updating medical records.",Attended a departmental meeting to discuss quality improvement initiatives and share feedback on patient care.,"Handed over patient information to the night shift team, ensuring a smooth transition of care.","Wrapped up my shift, said goodbye to colleagues, and headed home to rest and recharge for the next day.",,,,,,,,,3,4,6,"Based on Dave's feedback about the lack of improvement in his ankle pain, I would recommend reassessing his condition to determine the underlying cause of the pain. It may be necessary to explore alternative treatment options or consider a referral to a specialist who can provide further expertise in managing ankle pain. It's important to prioritize Dave's comfort and work towards finding a solution that addresses his pain effectively. ",4,3,2,2,1,4,2,3,3,5,5,5,5,5,5,2,3,2,3,1,1,1,1,1,1,0,0,50,50,6,Orthopedics,Doctor ,3,,70,4,Doctorate ,1,5,,27,2,,1,,,6,4,7,4,4,Treatment,663aac03-6c74-9f4d-64b4-727d93b40147,2,1,2,2,2,5,6,4,2,48,3,4,4,3,5,4,1,2,2,5,3,3,Follow-up visit note: Dave mentioned that he forgot to administer the prescribed treatments for his ankle pain. Advised on the importance of adherence to treatment for effective results. Consider setting reminders for Dave to ensure consistent treatment application.
2024-05-07 17:41:27,2024-05-07 18:10:12,0,100,1725,1,2024-05-07 18:10:13,R_2r3yZ9DGXm7kv97,,,,,42.8825,-78.8149,anonymous,EN,1,3,,"7,3,4",Everyone  deserves the best care regardless  of background  or status. Its important  for the patient to feel valued ,Cultural  background  can influence  how medical  advice is received ,They may be intimidated or nervous,Religious and  and cultural back ground would be considered  during patient teaching ,It can help with continuation of care  after discharge ,Yes it build trust and hope for better recovery ,I read a medical informative  survey about patient  sensitivity ,Remember  that one plan of care does not work for all. Be mindful of different  ways of life and try to be fair and flexible.  Patient trust is important  to build and it improves communication with Healthcare providers ,,,,,,,,,,Report ,Glucose testing,Medication pass,Medication pass,Glucose  testing ,Lunch ,Afternoon  medication  pass ,Treatment ,Report  and end shift,Home,Home,Home,Home,Home,Home,Home,Home,Home,Home,Home,Home,Home.,Home,Home,4,4,4,I would recommend  he find another  provider  due to noncompliance ,5,2,3,3,1,5,3,5,3,3,3,3,3,3,3,2,2,1,2,1,1,1,1,1,1,0,0,50,50,16,Nurse ,General  duty nurse,6,,70,4,Bachelor's ,1,33,,38,2,,3,,,5,3,4,4,4,Treatment,663abb45-10ab-0b8e-8ae1-d2003b12c89b,1,1,2,1,1,7,8,2,1,43,4,4,5,2,4,4,2,3,2,5,4,2,Pain in ankle has not improved. Patient  has not followed  plan of care. Pain management has been changed to mild opiate and lidocaine  patches 
2024-05-07 17:41:27,2024-05-07 18:10:12,0,100,1725,1,2024-05-07 18:10:13,R_2r3yZ9DGXm7kv97,,,,,42.8825,-78.8149,anonymous,EN,1,3,,"7,3,4",Everyone  deserves the best care regardless  of background  or status. Its important  for the patient to feel valued ,Cultural  background  can influence  how medical  advice is received ,They may be intimidated or nervous,Religious and  and cultural back ground would be considered  during patient teaching ,It can help with continuation of care  after discharge ,Yes it build trust and hope for better recovery ,I read a medical informative  survey about patient  sensitivity ,Remember  that one plan of care does not work for all. Be mindful of different  ways of life and try to be fair and flexible.  Patient trust is important  to build and it improves communication with Healthcare providers ,,,,,,,,,,Report ,Glucose testing,Medication pass,Medication pass,Glucose  testing ,Lunch ,Afternoon  medication  pass ,Treatment ,Report  and end shift,Home,Home,Home,Home,Home,Home,Home,Home,Home,Home,Home,Home,Home.,Home,Home,4,4,4,I would recommend  he find another  provider  due to noncompliance ,5,2,3,3,1,5,3,5,3,3,3,3,3,3,3,2,2,1,2,1,1,1,1,1,1,0,0,50,50,16,Nurse ,General  duty nurse,6,,70,4,Bachelor's ,1,33,,38,2,,3,,,5,3,4,4,4,Treatment,663abb45-10ab-0b8e-8ae1-d2003b12c89b,1,1,2,1,2,5,8,3,1.5,54,5,5,5,4,3,4,3,3,2,5,3,5,Patient  non compliant. Suggested  he consult another medical  provider 
2024-05-07 18:56:15,2024-05-07 19:31:45,0,100,2129,1,2024-05-07 19:31:46,R_2UR94jKrIyhMPAJ,,,,,33.4166,-86.7795,anonymous,EN,1,3,,,,,,,,,,,"1,5,7,8",it helps me stay focused and to cut time in the meantime. plus it’s fun and entertaining.,when i got to work i use my work laptop. then i use my phone for email and other electronics too.,i would say during covid was the best time to stay connected,it help me stay connected with family and stay focused,social media. facetime ,social media or checking emails,i read about technology and how it keeps me focused am many more great topics,i feel like technology can be used in so many great ways like social media is. plus it can bring people together and help people and invent things that we need/ want in life .,good,good,good,good,good,good,break,break,good,good,good,good,good,good,good,good,good,good,good,good,good,good,good,good,4,3,6,i would still treat dave,2,4,2,2,1,3,1,1,1,5,5,5,5,5,5,3,3,2,2,2,2,1,1,1,1,1,1,40,60,3,Nurse,Nurse,2,,36,3,,1,1,,23,2,,1,,,7,3,6,2,2,Control,663acd2f-7c40-29e0-ced2-22263424b1e5,4,1,4,1,1,1,7,5,2.5,58,4,3,4,2,5,2,2,4,2,5,4,4,"Dave has serve ankle pain.

Dave overdosed.

Dave’s received treatment."
2024-05-07 18:56:15,2024-05-07 19:31:45,0,100,2129,1,2024-05-07 19:31:46,R_2UR94jKrIyhMPAJ,,,,,33.4166,-86.7795,anonymous,EN,1,3,,,,,,,,,,,"1,5,7,8",it helps me stay focused and to cut time in the meantime. plus it’s fun and entertaining.,when i got to work i use my work laptop. then i use my phone for email and other electronics too.,i would say during covid was the best time to stay connected,it help me stay connected with family and stay focused,social media. facetime ,social media or checking emails,i read about technology and how it keeps me focused am many more great topics,i feel like technology can be used in so many great ways like social media is. plus it can bring people together and help people and invent things that we need/ want in life .,good,good,good,good,good,good,break,break,good,good,good,good,good,good,good,good,good,good,good,good,good,good,good,good,4,3,6,i would still treat dave,2,4,2,2,1,3,1,1,1,5,5,5,5,5,5,3,3,2,2,2,2,1,1,1,1,1,1,40,60,3,Nurse,Nurse,2,,36,3,,1,1,,23,2,,1,,,7,3,6,2,2,Control,663acd2f-7c40-29e0-ced2-22263424b1e5,4,1,4,1,2,1,7,5,2.5,70,5,5,1,5,5,5,5,5,2,5,5,2,"Dave has not been taking his medicine.

he is inconsistent "
2024-05-07 20:06:00,2024-05-07 20:36:22,0,100,1822,1,2024-05-07 20:36:23,R_2OOTal3X7ZhNilR,,,,,40.9163,-73.7898,anonymous,EN,1,3,,,,,,,,,,,"1,5,8",I play music heading to work,I use the GPS the most,I facetime with my loved ones,I am able to connect with family internationally,I watch video to learn many things.,I need to learn more about AI,i didn't read a book,I learn more about new little hobbies,,,,,,,,,,,,,,,,,,,,,,,,,4,4,6,suggest more meds,6,3,5,3,1,4,4,4,4,4,4,4,4,4,4,4,3,2,2,3,3,3,3,3,3,0,0,50,50,11,oncology,nurse,5,,74,3, bachelor,1,33,,31,2,,2,,,8,4,5,3,3,Control,663add5c-3faa-a3a7-f404-7b19583f7bf5,1,1,2,2,1,7,8,2,1,79,4,4,4,2,4,2,2,2,4,4,3,2,Reassess pain level and prescribe
2024-05-07 20:06:00,2024-05-07 20:36:22,0,100,1822,1,2024-05-07 20:36:23,R_2OOTal3X7ZhNilR,,,,,40.9163,-73.7898,anonymous,EN,1,3,,,,,,,,,,,"1,5,8",I play music heading to work,I use the GPS the most,I facetime with my loved ones,I am able to connect with family internationally,I watch video to learn many things.,I need to learn more about AI,i didn't read a book,I learn more about new little hobbies,,,,,,,,,,,,,,,,,,,,,,,,,4,4,6,suggest more meds,6,3,5,3,1,4,4,4,4,4,4,4,4,4,4,4,3,2,2,3,3,3,3,3,3,0,0,50,50,11,oncology,nurse,5,,74,3, bachelor,1,33,,31,2,,2,,,8,4,5,3,3,Control,663add5c-3faa-a3a7-f404-7b19583f7bf5,1,1,2,2,2,5,6,4,2,61,4,4,4,2,4,3,2,3,3,4,3,2,Please reconsider the pain regime
2024-05-07 13:04:46,2024-05-08 11:01:03,0,100,78977,1,2024-05-08 11:01:04,R_7lzM71HLZEkxrCQ,,,,,33.5707,-112.4411,anonymous,EN,1,3,,"9,3,5",patients need all the kindness and empathy we can give them,because we do not know what their hiding or what home issues they have and what all health issues they truely have,"they are embarrassed, proud and afraid to ask some questions",it helps co-ordinate their care with all the teams and you have a better understanding of what care they need,it helps get them the care they need,yes it makes their health care recovery much better and faster for healing,"perspectives of health care for patients,their cultural and financial needs and ways to involve them in their care","Hi and welcome to health care.  You will start your new position in the health care world with many new feelings and will find it hard at times,frustrating at times but you have to know that it can be so rewarding and so satisfying when you help a patient heal and recover or help them be able to deal with their health issues so that they can live a better life

Remember to be kind and caring and to sometimes just Listen to what they want to share with you so that they will open up to you so that you can help them.  Never judge where they come from, how poor or rich they are, what their beliefs are ,what their family members are like or feel, or how they look or deformities or mental issues they have.  Just be kind and empathetic and take the time to listen and look and hear what they need or what they say to you.

Always have the time and effort to involve other health professionals and services that could benefit the patients needs

Enjoy your time and efforts with each patient and all we can do is give our best efforts and time and care for each patient like they mean the world to us    Good luck to you",,,,,,,,,,"have been at work now 2 1/2 hours,    assessing, giving medications","medications, rounds am break ","rounds,medications","post assessments,finishing charting","post assessments, charting","break,assessing patients","new assessments, rounds","medications, rounds","completing 2nd shift patients, assessing new patients","medications,charting, assessments","finishing rounds, signing off to 2nd nurse,charting",leaving,n/a,n/a,n/a,n/a,n/a,n/a,n/a,n/a,n/a,n/a,"starting the day, completed all the opening tasks","assessments, rounds,medications",3,3,4,"see if he needs family help,explain dangers of unhealed ankle and need to follow orders",4,4,1,1,1,4,4,4,4,3,4,4,4,5,5,2,2,1,2,2,2,1,1,1,2,1,1,70,30,36,nephrology,team leader,26,,82,3,associate degree and futher credits towards degree,1,3,,62,2,,1,,,7,6,4,3,2,Treatment,663a7a64-e097-747b-ff46-e27a69ecb699,2,1,2,1,1,5,8,3,1.5,26,4,4,5,3,5,4,1,4,2,5,3,2,"Dave still complains of pain, will need mild pain medication, has not done the recommended orders given to him,will need xrays and additional care"
2024-05-07 13:04:46,2024-05-08 11:01:03,0,100,78977,1,2024-05-08 11:01:04,R_7lzM71HLZEkxrCQ,,,,,33.5707,-112.4411,anonymous,EN,1,3,,"9,3,5",patients need all the kindness and empathy we can give them,because we do not know what their hiding or what home issues they have and what all health issues they truely have,"they are embarrassed, proud and afraid to ask some questions",it helps co-ordinate their care with all the teams and you have a better understanding of what care they need,it helps get them the care they need,yes it makes their health care recovery much better and faster for healing,"perspectives of health care for patients,their cultural and financial needs and ways to involve them in their care","Hi and welcome to health care.  You will start your new position in the health care world with many new feelings and will find it hard at times,frustrating at times but you have to know that it can be so rewarding and so satisfying when you help a patient heal and recover or help them be able to deal with their health issues so that they can live a better life

Remember to be kind and caring and to sometimes just Listen to what they want to share with you so that they will open up to you so that you can help them.  Never judge where they come from, how poor or rich they are, what their beliefs are ,what their family members are like or feel, or how they look or deformities or mental issues they have.  Just be kind and empathetic and take the time to listen and look and hear what they need or what they say to you.

Always have the time and effort to involve other health professionals and services that could benefit the patients needs

Enjoy your time and efforts with each patient and all we can do is give our best efforts and time and care for each patient like they mean the world to us    Good luck to you",,,,,,,,,,"have been at work now 2 1/2 hours,    assessing, giving medications","medications, rounds am break ","rounds,medications","post assessments,finishing charting","post assessments, charting","break,assessing patients","new assessments, rounds","medications, rounds","completing 2nd shift patients, assessing new patients","medications,charting, assessments","finishing rounds, signing off to 2nd nurse,charting",leaving,n/a,n/a,n/a,n/a,n/a,n/a,n/a,n/a,n/a,n/a,"starting the day, completed all the opening tasks","assessments, rounds,medications",3,3,4,"see if he needs family help,explain dangers of unhealed ankle and need to follow orders",4,4,1,1,1,4,4,4,4,3,4,4,4,5,5,2,2,1,2,2,2,1,1,1,2,1,1,70,30,36,nephrology,team leader,26,,82,3,associate degree and futher credits towards degree,1,3,,62,2,,1,,,7,6,4,3,2,Treatment,663a7a64-e097-747b-ff46-e27a69ecb699,2,1,2,1,2,5,8,3,1.5,39,5,4,4,3,5,4,1,2,3,5,3,5,"dave has not followed through with orders given to him , may not understand them, see if a family member can help and explain more thoroughly to him of what is needed forhim to do and give written instructions
"